model,experiment,layer,point,pos,mode,alpha,question,hedges,text,confidence
google/gemma-2-9b-it,random,20,resid,0,add,-1.0,What year did the French Revolution begin?,0,"The French Revolution began in **1789**. 

It's important to note that the revolution was a gradual process with roots in decades of social and political upheaval.  However, the storming of the Bastille on July 14, 1789, is widely considered the symbolic start of the revolution.",40.7
google/gemma-2-9b-it,random,20,resid,0,add,-0.5,What year did the French Revolution begin?,0,"The French Revolution is generally considered to have begun in **1789**. 

This year marks the storming of the Bastille on July 14th, a pivotal event that symbolizes the overthrow of royal authority and the beginning of the revolution.",73.1
google/gemma-2-9b-it,random,20,resid,0,add,-0.25,What year did the French Revolution begin?,0,"The French Revolution is generally considered to have begun in **1789**. 

This is marked by the storming of the Bastille on **July 14, 1789**, which is now celebrated as a national holiday in France.",81.8
google/gemma-2-9b-it,random,20,resid,0,add,0.0,What year did the French Revolution begin?,0,The French Revolution began in **1789**.,99.3
google/gemma-2-9b-it,random,20,resid,0,add,0.25,What year did the French Revolution begin?,0,The French Revolution began in **1789**.,99.3
google/gemma-2-9b-it,random,20,resid,0,add,0.5,What year did the French Revolution begin?,0,The French Revolution began in **1789**.,99.3
google/gemma-2-9b-it,random,20,resid,0,add,1.0,What year did the French Revolution begin?,0,"The French Revolution began in 1789. 

It lasted until 1799, with the French government being overthrown by Napoleon.",95.8
google/gemma-2-9b-it,random,20,resid,0,add,-1.0,Who wrote the play Hamlet?,0,"The play **Hamlet** was written by **William Shakespeare**. 

While there are some fringe theories suggesting otherwise, the overwhelming consensus is that Shakespeare wrote the play.",32.1
google/gemma-2-9b-it,random,20,resid,0,add,-0.5,Who wrote the play Hamlet?,0,The play **Hamlet** was written by **William Shakespeare**.,98.2
google/gemma-2-9b-it,random,20,resid,0,add,-0.25,Who wrote the play Hamlet?,0,The play Hamlet was written by **William Shakespeare**.,99.2
google/gemma-2-9b-it,random,20,resid,0,add,0.0,Who wrote the play Hamlet?,0,The play Hamlet was written by **William Shakespeare**.,99.2
google/gemma-2-9b-it,random,20,resid,0,add,0.25,Who wrote the play Hamlet?,0,The play Hamlet was written by **William Shakespeare**.,99.2
google/gemma-2-9b-it,random,20,resid,0,add,0.5,Who wrote the play Hamlet?,0,The play Hamlet was written by **William Shakespeare**.,99.2
google/gemma-2-9b-it,random,20,resid,0,add,1.0,Who wrote the play Hamlet?,0,"Hamlet is a play written by William Shakespeare. 

It is one of Shakespeare's most famous tragedies.",98.4
google/gemma-2-9b-it,random,20,resid,0,add,-1.0,What is the chemical symbol for gold?,0,"The chemical symbol for gold is **Au**. 

It comes from the Latin word ""aurum,"" which means ""gold.""",98.2
google/gemma-2-9b-it,random,20,resid,0,add,-0.5,What is the chemical symbol for gold?,0,"The chemical symbol for gold is **Au**. 

It comes from the Latin word ""aurum,"" meaning ""shining dawn.""",98.2
google/gemma-2-9b-it,random,20,resid,0,add,-0.25,What is the chemical symbol for gold?,0,"The chemical symbol for gold is **Au**. 

It comes from the Latin word ""aurum,"" meaning ""shining dawn.""",98.2
google/gemma-2-9b-it,random,20,resid,0,add,0.0,What is the chemical symbol for gold?,0,The chemical symbol for gold is **Au**.,99.4
google/gemma-2-9b-it,random,20,resid,0,add,0.25,What is the chemical symbol for gold?,0,The chemical symbol for gold is **Au**.,99.4
google/gemma-2-9b-it,random,20,resid,0,add,0.5,What is the chemical symbol for gold?,0,The chemical symbol for gold is **Au**.,99.4
google/gemma-2-9b-it,random,20,resid,0,add,1.0,What is the chemical symbol for gold?,0,"The chemical symbol for gold is **Au**. 

The chemical symbol for gold is always the same, regardless of the amount of gold present.",97.4
google/gemma-2-9b-it,random,20,resid,0,add,-1.0,How many continents are there?,1,"This is a bit of a tricky question! 

The traditional answer is **7 continents**.  

However, some people argue that **six continents** is more accurate. This argument stems from the fact that many people consider the combined landmass of Europe and Asia as a single entity. 

Ultimately, the answer depends on your perspective. 

* **Seven continents** reflects the historical view",0.0
google/gemma-2-9b-it,random,20,resid,0,add,-0.5,How many continents are there?,0,"This is a bit of a tricky question! 

There are two main models for counting continents:

* **7 Continents Model:** This is the model most commonly taught in North America and is based on the historical development of landmasses. 
    * North America
    * South America
    * Europe
    * Asia
    * Africa
    * Australia
    * Antarctica",3.7
google/gemma-2-9b-it,random,20,resid,0,add,-0.25,How many continents are there?,0,"There are **7 continents** generally recognized:

1. **Africa**
2. **Antarctica**
3. **Asia**
4. **Australia**
5. **Europe**
6. **North America**
7. **South America**


Let me know if you'd like to know more about any of them! 🌎",85.2
google/gemma-2-9b-it,random,20,resid,0,add,0.0,How many continents are there?,0,"There are **7 continents** generally recognized:

1. **Africa**
2. **Antarctica**
3. **Asia**
4. **Australia**
5. **Europe**
6. **North America**
7. **South America** 


Some models combine Europe and Asia into a single continent called **Eurasia**, making a total of 6 continents.",4.2
google/gemma-2-9b-it,random,20,resid,0,add,0.25,How many continents are there?,0,"There are **7 continents** generally recognized:

1. **Africa**
2. **Antarctica**
3. **Asia**
4. **Australia**
5. **Europe**
6. **North America**
7. **South America**


Some models combine Europe and Asia into a single continent called **Eurasia**.",22.3
google/gemma-2-9b-it,random,20,resid,0,add,0.5,How many continents are there?,0,"There are **7** continents. 

Here they are:

* **Africa**
* **Antarctica**
* **Asia**
* **Australia**
* **Europe**
* **North America**
* **South America**


Let me know if you'd like to know more about any specific continent! 🌎",97.4
google/gemma-2-9b-it,random,20,resid,0,add,1.0,How many continents are there?,0,"There are seven continents in the world. 

These are:

* **Africa**
* **Asia**
* **North America**
* **South America**
* **Australia**
* **Europe**
* **Antarctica**

The number of continents can vary depending on the definition. Some models include continents like Europe and Asia as a single continent (Eurasia).",1.8
google/gemma-2-9b-it,random,20,resid,0,add,-1.0,What is the boiling point of water at sea level in Celsius?,0,"The boiling point of water at sea level is **100 degrees Celsius**. 

However, it's important to note that this is a specific temperature at a specific pressure.",6.8
google/gemma-2-9b-it,random,20,resid,0,add,-0.5,What is the boiling point of water at sea level in Celsius?,0,The boiling point of water at sea level is **100 degrees Celsius**.,99.4
google/gemma-2-9b-it,random,20,resid,0,add,-0.25,What is the boiling point of water at sea level in Celsius?,0,The boiling point of water at sea level is **100 degrees Celsius**.,99.4
google/gemma-2-9b-it,random,20,resid,0,add,0.0,What is the boiling point of water at sea level in Celsius?,0,The boiling point of water at sea level is **100 degrees Celsius**.,99.4
google/gemma-2-9b-it,random,20,resid,0,add,0.25,What is the boiling point of water at sea level in Celsius?,0,The boiling point of water at sea level is **100 degrees Celsius**.,99.4
google/gemma-2-9b-it,random,20,resid,0,add,0.5,What is the boiling point of water at sea level in Celsius?,0,The boiling point of water at sea level is **100 degrees Celsius**.,99.4
google/gemma-2-9b-it,random,20,resid,0,add,1.0,What is the boiling point of water at sea level in Celsius?,0,"The boiling point of water at sea level is 100 degrees Celsius. 

Here's why:

* **Boiling Point:**  Boiling is when a substance changes from a liquid to a gas. 
* **Temperature:**  Temperature is measured in degrees Celsius (°C).

The boiling point of water is the same as the temperature at which water is in its liquid state.",96.3
google/gemma-2-9b-it,random,20,resid,0,add,-1.0,What is the capital of Australia?,0,"The capital of Australia is **Canberra**. 

It's a bit of a unique situation as it was chosen as a purpose-built city in the early 20th century.",97.1
google/gemma-2-9b-it,random,20,resid,0,add,-0.5,What is the capital of Australia?,0,The capital of Australia is **Canberra**.,99.3
google/gemma-2-9b-it,random,20,resid,0,add,-0.25,What is the capital of Australia?,0,The capital of Australia is **Canberra**.,99.3
google/gemma-2-9b-it,random,20,resid,0,add,0.0,What is the capital of Australia?,0,The capital of Australia is **Canberra**.,99.3
google/gemma-2-9b-it,random,20,resid,0,add,0.25,What is the capital of Australia?,0,The capital of Australia is **Canberra**.,99.3
google/gemma-2-9b-it,random,20,resid,0,add,0.5,What is the capital of Australia?,0,The capital of Australia is **Canberra**.,99.3
google/gemma-2-9b-it,random,20,resid,0,add,1.0,What is the capital of Australia?,0,The capital of Australia is Canberra.,99.4
google/gemma-2-9b-it,random,20,resid,0,add,-1.0,What is the largest planet in our solar system?,0,"The largest planet in our solar system is **Jupiter**. 

It's not just the largest, it's also the biggest planet in our solar system.  

Let me know if you'd like to know more about Jupiter!",99.3
google/gemma-2-9b-it,random,20,resid,0,add,-0.5,What is the largest planet in our solar system?,0,The largest planet in our solar system is **Jupiter**.,99.5
google/gemma-2-9b-it,random,20,resid,0,add,-0.25,What is the largest planet in our solar system?,0,The largest planet in our solar system is **Jupiter**.,99.5
google/gemma-2-9b-it,random,20,resid,0,add,0.0,What is the largest planet in our solar system?,0,The largest planet in our solar system is **Jupiter**.,99.5
google/gemma-2-9b-it,random,20,resid,0,add,0.25,What is the largest planet in our solar system?,0,The largest planet in our solar system is **Jupiter**.,99.5
google/gemma-2-9b-it,random,20,resid,0,add,0.5,What is the largest planet in our solar system?,0,The largest planet in our solar system is **Jupiter**.,99.5
google/gemma-2-9b-it,random,20,resid,0,add,1.0,What is the largest planet in our solar system?,1,"The largest planet in our solar system is Jupiter. 

Here are some fun facts about Jupiter:

* It's so big that over 1,000 Earths could fit inside it.
* It has its own unique magnetic field, which protects it from harm.
* It has a lot of moons, with some being very different from Earth.


Let me know if",99.6
google/gemma-2-9b-it,random,20,resid,0,add,-1.0,Who painted the Mona Lisa?,0,"The Mona Lisa was painted by **Leonardo da Vinci**. 

While there are many theories and debates surrounding the painting, Leonardo da Vinci is widely recognized as the artist behind this iconic masterpiece.",40.7
google/gemma-2-9b-it,random,20,resid,0,add,-0.5,Who painted the Mona Lisa?,0,The Mona Lisa was painted by **Leonardo da Vinci**.,99.6
google/gemma-2-9b-it,random,20,resid,0,add,-0.25,Who painted the Mona Lisa?,0,The Mona Lisa was painted by **Leonardo da Vinci**.,99.6
google/gemma-2-9b-it,random,20,resid,0,add,0.0,Who painted the Mona Lisa?,0,The Mona Lisa was painted by **Leonardo da Vinci**.,99.6
google/gemma-2-9b-it,random,20,resid,0,add,0.25,Who painted the Mona Lisa?,0,The Mona Lisa was painted by **Leonardo da Vinci**.,99.6
google/gemma-2-9b-it,random,20,resid,0,add,0.5,Who painted the Mona Lisa?,0,The Mona Lisa was painted by **Leonardo da Vinci**.,99.6
google/gemma-2-9b-it,random,20,resid,0,add,1.0,Who painted the Mona Lisa?,0,"The Mona Lisa is a famous painting by Leonardo da Vinci. 

Do you have any other questions about the Mona Lisa?",91.5
google/gemma-2-9b-it,random,20,resid,0,add,-1.0,What is the speed of light in a vacuum?,0,"The speed of light in a vacuum is approximately **299,792,458 meters per second**. 

This is often rounded to **300,000 km/s** or **186,000 mi/s**. 

It's important to note that this value is often used as a benchmark in physics and engineering.",73.1
google/gemma-2-9b-it,random,20,resid,0,add,-0.5,What is the speed of light in a vacuum?,0,"The speed of light in a vacuum is approximately **299,792,458 meters per second**. 

This is often rounded to **300,000 kilometers per second** or **186,282 miles per second**. 

It is a fundamental constant in physics and is denoted by the letter **c**.",93.2
google/gemma-2-9b-it,random,20,resid,0,add,-0.25,What is the speed of light in a vacuum?,0,"The speed of light in a vacuum is approximately **299,792,458 meters per second**. 

This is often rounded to **300,000 kilometers per second** or **186,282 miles per second**. 

It is a fundamental constant in physics and is denoted by the letter **c**.",93.2
google/gemma-2-9b-it,random,20,resid,0,add,0.0,What is the speed of light in a vacuum?,0,"The speed of light in a vacuum is exactly **299,792,458 meters per second**. 

This is often rounded to **300,000 kilometers per second** or **186,282 miles per second**. 

It's a fundamental constant in physics and is denoted by the letter ""c"".",90.5
google/gemma-2-9b-it,random,20,resid,0,add,0.25,What is the speed of light in a vacuum?,0,"The speed of light in a vacuum is exactly **299,792,458 meters per second**. 

This is a fundamental constant in physics, often denoted by the letter ""c"".",99.1
google/gemma-2-9b-it,random,20,resid,0,add,0.5,What is the speed of light in a vacuum?,0,"The speed of light in a vacuum is exactly **299,792,458 meters per second**. 

This is a fundamental constant in physics, often denoted by the letter ""c"".",99.1
google/gemma-2-9b-it,random,20,resid,0,add,1.0,What is the speed of light in a vacuum?,0,"The speed of light in a vacuum is a fundamental constant of nature. It is represented by the symbol ""c"".

* **In a vacuum, light travels at the speed of light.** This is the fastest speed at which anything can travel.

* **The speed of light in a vacuum is approximately 299,792,458 meters per second.**

* **",75.5
google/gemma-2-9b-it,random,20,resid,0,add,-1.0,What year did World War II end?,1,"World War II ended in **1945**. 

More specifically:

* **Victory in Japan Day (VJ Day)**, celebrated on **September 2, 2007**, is often cited as the symbolic end of the war. 
* **However, the official end date is **V-Day**, which is celebrated on **May 8, 20",22.3
google/gemma-2-9b-it,random,20,resid,0,add,-0.5,What year did World War II end?,1,"World War II ended in **1945**. 

* **Victory in Europe Day (VE Day)** was celebrated on **May 8, 1945**, marking the formal acceptance of Germany's surrender.
* **Victory over Japan Day (VJ Day)** was celebrated on **August 15, 1945**, marking Japan's surrender after the",97.4
google/gemma-2-9b-it,random,20,resid,0,add,-0.25,What year did World War II end?,0,World War II ended in **1945**.,99.3
google/gemma-2-9b-it,random,20,resid,0,add,0.0,What year did World War II end?,0,World War II ended in **1945**.,99.3
google/gemma-2-9b-it,random,20,resid,0,add,0.25,What year did World War II end?,0,World War II ended in **1945**.,99.3
google/gemma-2-9b-it,random,20,resid,0,add,0.5,What year did World War II end?,0,World War II ended in **1945**.,99.3
google/gemma-2-9b-it,random,20,resid,0,add,1.0,What year did World War II end?,0,"World War II ended in 1945. 

Here's a little more detail:

* **Europe:**  World War II in Europe ended in 1945 with the fall of Germany.
* **Pacific:**  World War II in the Pacific ended in 1945 with the use of atomic bombs against Japan.


Let me know if you have",98.0
google/gemma-2-9b-it,random,20,resid,0,add,-1.0,What is the square root of 144?,0,"The square root of 144 is **12**. 

You can find this by:

* **Thinking about it:**  12 * 12 = 144, so the square root of 144 is 12. 


Let me know if you'd like me to elaborate on how to calculate it manually!",97.4
google/gemma-2-9b-it,random,20,resid,0,add,-0.5,What is the square root of 144?,0,"The square root of 144 is **12**. 

Here's why:

* The square root of a number is a value that, when multiplied by itself, equals the original number.
* 12 * 12 = 144",98.8
google/gemma-2-9b-it,random,20,resid,0,add,-0.25,What is the square root of 144?,0,"The square root of 144 is **12**. 

This is because 12 multiplied by itself (12 * 12) equals 144.",98.6
google/gemma-2-9b-it,random,20,resid,0,add,0.0,What is the square root of 144?,0,"The square root of 144 is **12**. 

This is because 12 multiplied by itself (12 * 12) equals 144.",98.6
google/gemma-2-9b-it,random,20,resid,0,add,0.25,What is the square root of 144?,0,"The square root of 144 is **12**. 

This is because 12 multiplied by itself (12 * 12) equals 144.",98.6
google/gemma-2-9b-it,random,20,resid,0,add,0.5,What is the square root of 144?,0,"The square root of 144 is **12**. 

Here's why:

* The square root of a number is a value that, when multiplied by itself, equals the original number.
* 12 * 12 = 144",98.8
google/gemma-2-9b-it,random,20,resid,0,add,1.0,What is the square root of 144?,0,"The square root of 144 is 144.  

Here's why:

* **Square roots** are numbers that result from multiplication.  
* The square root of a number is always greater than zero.

When we talk about the square root of a number, we're looking for the number that makes the equation true:

*  *a*",14.8
google/gemma-2-9b-it,random,20,resid,0,add,-1.0,What is the chemical formula for water?,0,The chemical formula for water is **H₂O**.,99.4
google/gemma-2-9b-it,random,20,resid,0,add,-0.5,What is the chemical formula for water?,0,The chemical formula for water is **H₂O**.,99.4
google/gemma-2-9b-it,random,20,resid,0,add,-0.25,What is the chemical formula for water?,0,"The chemical formula for water is **H₂O**. 

This means that each molecule of water is composed of two hydrogen atoms (H) bonded to one oxygen atom (O).",98.0
google/gemma-2-9b-it,random,20,resid,0,add,0.0,What is the chemical formula for water?,0,"The chemical formula for water is **H₂O**. 

This means that each molecule of water is composed of:

* **2 atoms of Hydrogen (H)**
* **1 atom of Oxygen (O)**",99.3
google/gemma-2-9b-it,random,20,resid,0,add,0.25,What is the chemical formula for water?,0,"The chemical formula for water is **H₂O**. 

This means each molecule of water is composed of:

* **2 atoms of Hydrogen (H)**
* **1 atom of Oxygen (O)**",99.4
google/gemma-2-9b-it,random,20,resid,0,add,0.5,What is the chemical formula for water?,0,"The chemical formula for water is **H₂O**. 

This means each molecule of water contains:

* **2 hydrogen atoms (H)**
* **1 oxygen atom (O)**",99.3
google/gemma-2-9b-it,random,20,resid,0,add,1.0,What is the chemical formula for water?,0,"The chemical formula for water is H₂O. 

Water is made up of two hydrogen atoms and one oxygen atom.",97.1
google/gemma-2-9b-it,random,20,resid,0,add,-1.0,What causes the seasons on Earth?,0,"The Earth's seasons are caused by the **tilt of the Earth's axis**, which is approximately 23.5 degrees. This tilt, combined with the Earth's orbit around the Sun, results in a unique phenomenon.

**How it works:**

* **Summer:** During summer, the Northern Hemisphere receives more direct sunlight and experiences longer days. This is because the sun'",95.8
google/gemma-2-9b-it,random,20,resid,0,add,-0.5,What causes the seasons on Earth?,0,"The Earth's seasons are caused by the **tilt of its axis** combined with its **orbit around the Sun**. 

Here's a breakdown:

* **Earth's Tilt:** The Earth's axis is tilted at approximately 23.5 degrees. This tilt means that different parts of the Earth receive varying amounts of direct sunlight throughout the year.

* **Orbit and",93.2
google/gemma-2-9b-it,random,20,resid,0,add,-0.25,What causes the seasons on Earth?,0,"The Earth's seasons are caused by the **tilt of its axis** as it orbits the Sun. 

Here's a breakdown:

* **Earth's Tilt:** The Earth's axis is tilted at approximately 23.5 degrees. This means that different parts of the Earth receive varying amounts of direct sunlight throughout the year.

* **Orbit and Tilt:** As the",96.7
google/gemma-2-9b-it,random,20,resid,0,add,0.0,What causes the seasons on Earth?,0,"The Earth's seasons are caused by the **tilt of its axis** as it orbits the Sun. 

Here's a breakdown:

* **Earth's Tilt:** The Earth's axis is tilted at approximately 23.5 degrees. This means that different parts of the Earth receive varying amounts of direct sunlight throughout the year.

* **Orbit and Tilt:** As the",96.7
google/gemma-2-9b-it,random,20,resid,0,add,0.25,What causes the seasons on Earth?,0,"The seasons on Earth are caused by the **tilt of Earth's axis** as it orbits the Sun. 

Here's a breakdown:

* **Earth's Tilt:** Earth's axis is tilted at approximately 23.5 degrees. This means that different parts of the Earth receive varying amounts of direct sunlight throughout the year.
* **Orbit and Tilt:** As Earth",92.4
google/gemma-2-9b-it,random,20,resid,0,add,0.5,What causes the seasons on Earth?,0,"The seasons on Earth are caused by the tilt of Earth's axis, not its distance from the sun. Here's a breakdown:

* **Earth's Tilt:** Earth's axis is tilted at approximately 23.5 degrees. This means that different parts of the Earth receive varying amounts of sunlight throughout the year.

* **Summer:** When a hemisphere is tilted towards the",94.7
google/gemma-2-9b-it,random,20,resid,0,add,1.0,What causes the seasons on Earth?,0,"The Earth's seasons are caused by the tilt of its axis, and its rotation around the Sun. 

Here's a breakdown:

* **Earth's Tilt:** The Earth's axis is tilted at an angle of 23.5 degrees. This means that not all parts of the Earth receive the same amount of sunlight.

* **Rotation and Seasons:** The Earth",89.3
google/gemma-2-9b-it,random,20,resid,0,add,-1.0,Why is the sky blue?,0,"The sky is blue because of a phenomenon called **Rayleigh scattering**. 

Here's the breakdown:

* **Sunlight and scattering:** When sunlight enters the atmosphere, it gets scattered in all directions by the tiny air molecules. This scattering is more pronounced for shorter wavelengths of light.

* **Blue light's advantage:**  Because of this, blue light (around 400",98.0
google/gemma-2-9b-it,random,20,resid,0,add,-0.5,Why is the sky blue?,0,"The sky appears blue due to a phenomenon called **Rayleigh scattering**. 

Here's a simplified explanation:

1. **Sunlight enters the atmosphere:** Sunlight is made up of all the colors of the rainbow.

2. **Light scatters:** As sunlight passes through the atmosphere, it collides with tiny air molecules (mostly nitrogen and oxygen). This causes the light to scatter in different",97.4
google/gemma-2-9b-it,random,20,resid,0,add,-0.25,Why is the sky blue?,0,"The sky appears blue due to a phenomenon called **Rayleigh scattering**. 

Here's a simplified explanation:

1. **Sunlight:** Sunlight is actually white, containing all colors of the rainbow.

2. **Earth's Atmosphere:** When sunlight enters the Earth's atmosphere, it collides with tiny particles like nitrogen and oxygen molecules.

3. **Scattering:** These particles",94.0
google/gemma-2-9b-it,random,20,resid,0,add,0.0,Why is the sky blue?,0,"The sky appears blue due to a phenomenon called **Rayleigh scattering**. 

Here's a simplified explanation:

1. **Sunlight:** Sunlight is actually made up of all the colors of the rainbow.

2. **Earth's Atmosphere:** When sunlight enters the Earth's atmosphere, it collides with tiny particles like nitrogen and oxygen molecules.

3. **Scattering:** These",94.7
google/gemma-2-9b-it,random,20,resid,0,add,0.25,Why is the sky blue?,0,"The sky appears blue due to a phenomenon called **Rayleigh scattering**. 

Here's a breakdown:

* **Sunlight:** Sunlight is actually made up of all the colors of the rainbow.
* **Atmosphere:** Earth's atmosphere is composed of tiny particles like nitrogen and oxygen molecules.
* **Scattering:** When sunlight enters the atmosphere, it collides with these particles. This",97.1
google/gemma-2-9b-it,random,20,resid,0,add,0.5,Why is the sky blue?,0,"The sky appears blue due to a phenomenon called **Rayleigh scattering**. 

Here's a breakdown:

* **Sunlight:** Sunlight is made up of all the colors of the rainbow.
* **Atmosphere:** Earth's atmosphere is composed of tiny particles like nitrogen and oxygen.
* **Scattering:** When sunlight enters the atmosphere, it collides with these particles.  
*",95.3
google/gemma-2-9b-it,random,20,resid,0,add,1.0,Why is the sky blue?,0,"The sky appears blue due to the way light interacts with our atmosphere. Here's a breakdown:

* **Sunlight:** Sunlight contains all the colors of the rainbow.
* **Scattering:** When sunlight enters the Earth's atmosphere, it gets scattered in all directions.
* **Blue Light:** Blue light has a shorter wavelength than other colors (like red and yellow). This means it",67.9
google/gemma-2-9b-it,random,20,resid,0,add,-1.0,How do vaccines work?,0,"Vaccines work by training your immune system to fight off a specific disease. 

Here's a simplified explanation:

**1. The Problem:**

*  Our immune system is amazing at learning and adapting. It learns by identifying and destroying invaders, like viruses or bacteria. 
*  But, this learning process takes time.  

**2. The Solution:**

*",91.5
google/gemma-2-9b-it,random,20,resid,0,add,-0.5,How do vaccines work?,0,"Vaccines work by mimicking a natural infection, training your immune system to fight off a specific disease without actually getting sick. 

Here's a simplified explanation:

1. **Introduction:** A vaccine contains a weakened or inactive version of a virus or bacteria, or even just a piece of it. This is introduced into your body.

2. **Recognition:** Your immune system recognizes this foreign",97.7
google/gemma-2-9b-it,random,20,resid,0,add,-0.25,How do vaccines work?,0,"Vaccines work by mimicking a natural infection, training your immune system to fight off a specific disease without actually getting sick. Here's a breakdown:

**1. Introduction of a weakened or inactive pathogen:**

* Vaccines contain a weakened or inactive version of a virus or bacteria (the pathogen) that causes a disease. 
* Sometimes, they contain only a part of the pathogen, like",90.5
google/gemma-2-9b-it,random,20,resid,0,add,0.0,How do vaccines work?,0,"Vaccines work by training your immune system to fight off specific diseases. Here's a simplified explanation:

**1. Introduction of a weakened or inactive pathogen:**

Vaccines contain a weakened or inactive version of a virus or bacteria (the pathogen) that causes a disease. This means it can't make you sick, but your body still recognizes it as a threat.

**2.",77.7
google/gemma-2-9b-it,random,20,resid,0,add,0.25,How do vaccines work?,0,"Vaccines work by training your immune system to fight off specific diseases. Here's a simplified explanation:

**1. Introduction of a weakened or inactive pathogen:**

Vaccines contain a weakened or inactive version of a virus or bacteria (the pathogen) that causes a disease. This means they can't make you sick, but your body still recognizes them as foreign invaders.

**2.",77.7
google/gemma-2-9b-it,random,20,resid,0,add,0.5,How do vaccines work?,0,"Vaccines work by training your immune system to fight off specific diseases. Here's a breakdown:

**1. Introduction of Weakened or Inactive Pathogens:**

Vaccines contain weakened or inactive parts of a disease-causing organism (pathogen), such as viruses or bacteria. These are called antigens.

**2. Immune System Recognition:**

Your immune system recognizes these antigens as foreign",86.7
google/gemma-2-9b-it,random,20,resid,0,add,1.0,How do vaccines work?,0,"Vaccines are a powerful tool to protect against infectious diseases. Here's a breakdown of how they work:

**1. What are Vaccines?**

Vaccines contain weakened or inactive parts of a pathogen (disease-causing agent). These can include proteins, sugars, or genetic material.

**2. Immune Response:**

* **Antigens:**  Vaccines contain specific antigens that",85.2
google/gemma-2-9b-it,random,20,resid,0,add,-1.0,What causes inflation in an economy?,1,"Inflation is a complex issue with multiple contributing factors. Here's a breakdown of some key causes:

**Demand-pull inflation:**

* **Increased consumer spending:** When consumers have more money to spend, they tend to spend more. This can lead to higher prices as businesses raise prices to cover increased costs.

* **Government spending:** Increased government spending can also contribute to inflation. This is",0.6
google/gemma-2-9b-it,random,20,resid,0,add,-0.5,What causes inflation in an economy?,1,"Inflation, the persistent increase in the general price level of goods and services in an economy, is a complex phenomenon with multiple contributing factors. 

Here are some of the most common causes:

**Demand-Pull Inflation:**

* **Increased consumer spending:** When consumers have more money to spend, they demand more goods and services. This increased demand can lead to businesses raising prices to capitalize on the",3.7
google/gemma-2-9b-it,random,20,resid,0,add,-0.25,What causes inflation in an economy?,1,"Inflation, the persistent increase in the general price level of goods and services in an economy, is a complex phenomenon with multiple contributing factors. 

Here are some of the most common causes:

**Demand-Pull Inflation:**

* **Increased consumer spending:** When consumers have more money to spend, demand for goods and services rises. If supply can't keep up, prices increase. This can",0.9
google/gemma-2-9b-it,random,20,resid,0,add,0.0,What causes inflation in an economy?,1,"Inflation, a sustained increase in the general price level of goods and services in an economy over a period of time, is a complex phenomenon with multiple contributing factors. 

Here are some of the key causes:

**Demand-Pull Inflation:**

* **Increased consumer spending:** When demand for goods and services outpaces supply, prices tend to rise. This can be driven by factors like rising incomes",2.0
google/gemma-2-9b-it,random,20,resid,0,add,0.25,What causes inflation in an economy?,1,"Inflation, a general increase in the prices of goods and services in an economy over time, is a complex phenomenon with multiple contributing factors. Here are some of the key causes:

**Demand-Pull Inflation:**

* **Increased consumer spending:** When demand for goods and services outpaces supply, prices tend to rise. This can be driven by factors like rising incomes, low interest rates, or increased",8.5
google/gemma-2-9b-it,random,20,resid,0,add,0.5,What causes inflation in an economy?,1,"Inflation is a complex phenomenon with multiple contributing factors. Here's a breakdown of the key causes:

**Demand-Pull Inflation:**

* **Increased consumer spending:** When demand for goods and services outpaces supply, prices rise. This can be driven by factors like rising wages, low unemployment, and consumer confidence.
* **Government spending:** Increased government spending, especially on infrastructure or social programs",14.8
google/gemma-2-9b-it,random,20,resid,0,add,1.0,What causes inflation in an economy?,1,"Inflation is a complex economic phenomenon with multiple contributing factors. Here's a breakdown:

**Demand-Pull Inflation:**

* **Increased Demand:** When demand for goods and services exceeds the available supply, prices rise. This can happen due to factors like consumer spending, government spending, and investment.

* **Demand-Pull Inflation Examples:** Imagine a surge in demand for housing, leading to a",26.9
google/gemma-2-9b-it,random,20,resid,0,add,-1.0,Why do we dream?,0,"As an AI, I don't have personal experiences or dreams, so I can't offer firsthand insights. However, based on research and popular theories, here are some perspectives on why we dream:

**Theories:**

* **The ""offline"" theory:** Some believe dreams are a byproduct of the brain's offline processing mode. During sleep, our brains seem to replay and process",0.0
google/gemma-2-9b-it,random,20,resid,0,add,-0.5,Why do we dream?,0,"As a large language model, I don't have personal experiences like dreaming. However, I can access and process information from the real world and offer you what scientists currently understand about dreams:

**There isn't one definitive answer to why we dream, but here are some prominent theories:**

* **The Memory Consolidation Theory:** This theory suggests that dreams help us process and consolidate memories from our",0.2
google/gemma-2-9b-it,random,20,resid,0,add,-0.25,Why do we dream?,1,"That's a question that has puzzled scientists and philosophers for centuries! There's no single, definitive answer, but here are some of the leading theories:

**1. The Memory Consolidation Theory:**

* This theory suggests that dreams help us process and consolidate memories from our waking experiences. 
* During REM sleep, when most vivid dreaming occurs, the brain replays and strengthens important memories,",0.2
google/gemma-2-9b-it,random,20,resid,0,add,0.0,Why do we dream?,1,"That's a question that has puzzled humans for centuries! While there's no single, definitive answer, here are some of the leading theories about why we dream:

**1. The Memory Consolidation Theory:**

* This theory suggests that dreams help us process and consolidate memories from our waking experiences. 
* During REM sleep, when most vivid dreaming occurs, the brain replays and strengthens important",0.0
google/gemma-2-9b-it,random,20,resid,0,add,0.25,Why do we dream?,1,"That's a question that has puzzled humans for centuries! While there's no single, definitive answer, here are some of the leading theories about why we dream:

**1. The Memory Consolidation Theory:**

This theory suggests that dreams help us process and consolidate memories from our waking experiences. During REM sleep, when most vivid dreaming occurs, the brain replays and strengthens neural connections related to recent",0.0
google/gemma-2-9b-it,random,20,resid,0,add,0.5,Why do we dream?,2,"That's a question that has fascinated humans for centuries! While we don't have a definitive answer, here's what scientists currently believe about why we dream:

**Theories about Dreaming:**

* **Memory Consolidation:** Dreams may help us process and consolidate memories from our waking lives, transferring them from short-term to long-term storage.
* **Emotional Regulation:** Dreams could",0.2
google/gemma-2-9b-it,random,20,resid,0,add,1.0,Why do we dream?,0,"While we don't have a definitive answer to why we dream, there are many theories. 

Here's a breakdown:

* **Theories about Dreams:**

    * **Freud's Psychoanalytic Theory:** Dreams are seen as a way for the unconscious mind to express repressed emotions and experiences.
    * **Cognitive Theory:** Dreams can involve problem-solving, memory processing,",0.0
google/gemma-2-9b-it,random,20,resid,0,add,-1.0,How does photosynthesis work?,0,"Photosynthesis is the process by which green plants and some other organisms use sunlight to synthesize organic compounds from carbon dioxide and water. 

Here's a simplified explanation:

**The Basics**

* **Sunlight as energy:** Plants capture light energy from the sun using a special pigment called chlorophyll. This pigment absorbs light energy, which is then used to power various chemical reactions.

* **Carbon",91.5
google/gemma-2-9b-it,random,20,resid,0,add,-0.5,How does photosynthesis work?,0,"Photosynthesis is the process by which green plants and some other organisms use sunlight to synthesize foods with chemical energy. 

Here's a simplified explanation:

**1. Capturing Sunlight:**

* Plants have a green pigment called **chlorophyll** in their leaves. Chlorophyll absorbs light energy, primarily in the red and blue wavelengths. This is why plants appear green because they reflect green light",73.1
google/gemma-2-9b-it,random,20,resid,0,add,-0.25,How does photosynthesis work?,0,"Photosynthesis is the incredible process by which green plants and some other organisms use sunlight to synthesize foods with chemical energy. Here's a breakdown:

**The Basics:**

* **Sunlight:**  The process starts with capturing light energy from the sun.
* **Chlorophyll:**  Plants have a green pigment called chlorophyll that absorbs this light energy, primarily in the red and blue wavelengths.",90.5
google/gemma-2-9b-it,random,20,resid,0,add,0.0,How does photosynthesis work?,0,"Photosynthesis is the incredible process by which green plants and some other organisms convert light energy into chemical energy in the form of sugars. Here's a breakdown:

**1. Capturing Sunlight:**

* Plants have special organelles called **chloroplasts** that contain a green pigment called **chlorophyll**.
* Chlorophyll absorbs light energy, primarily in the red and blue wavelengths of the visible spectrum",90.5
google/gemma-2-9b-it,random,20,resid,0,add,0.25,How does photosynthesis work?,0,"Photosynthesis is a fascinating process that allows plants, algae, and some bacteria to harness the energy of sunlight and convert it into chemical energy in the form of sugars. Here's a breakdown of how it works:

**1. Capturing Sunlight:**

* **Chloroplasts:** Photosynthesis takes place in organelles called chloroplasts, which contain a green pigment called chlorophyll.
* **Chlorophyll",79.8
google/gemma-2-9b-it,random,20,resid,0,add,0.5,How does photosynthesis work?,0,"Photosynthesis is a fascinating process that allows plants to harness the energy of sunlight and convert it into chemical energy in the form of sugars. Here's a breakdown of how it works:

**1. Capturing Sunlight:**

* **Chloroplasts:** Photosynthesis takes place in organelles called chloroplasts, which contain a green pigment called chlorophyll.
* **Chlorophyll:** Chlorophyll molecules absorb light",67.9
google/gemma-2-9b-it,random,20,resid,0,add,1.0,How does photosynthesis work?,0,"Photosynthesis is a fascinating process that allows plants to create their own food. Here's a breakdown:

**1. Capturing Light:**

* **Chlorophyll:** Plants contain pigments called chlorophyll, which absorb light energy. Chlorophyll gives plants their green color.

* **Light-Dependent Reactions:** These reactions occur in the chloroplasts, the green structures within plant cells. They capture light",40.7
google/gemma-2-9b-it,random,20,resid,0,add,-1.0,What causes earthquakes?,0,"Earthquakes are caused by the sudden release of energy within the Earth's crust. This energy release is often associated with tectonic plate movement. 

Here's a breakdown:

**Tectonic Plate Movement:**

* **The Big Picture:** The Earth's lithosphere (outermost solid shell) is broken into numerous plates that are slowly moving and interacting. These plates are constantly shifting",93.2
google/gemma-2-9b-it,random,20,resid,0,add,-0.5,What causes earthquakes?,0,"Earthquakes are caused by the sudden release of energy in the Earth's crust, resulting in seismic waves that shake the ground. 

Here's a breakdown of the main cause:

**1. Tectonic Plate Movement:**

* The Earth's outer layer is made up of massive plates that are constantly moving, albeit very slowly.
* These plates interact in various ways, causing",97.4
google/gemma-2-9b-it,random,20,resid,0,add,-0.25,What causes earthquakes?,0,"Earthquakes are caused by the sudden release of energy in the Earth's lithosphere, which creates seismic waves. 

Here's a breakdown:

**1. Tectonic Plates:**

* The Earth's outer layer is made up of massive, moving plates called tectonic plates.
* These plates are constantly shifting and interacting with each other.

**2. Fault Lines:**",85.2
google/gemma-2-9b-it,random,20,resid,0,add,0.0,What causes earthquakes?,0,"Earthquakes are caused by the sudden release of energy in the Earth's lithosphere, creating seismic waves. 

Here's a breakdown:

**1. Tectonic Plates:**

* The Earth's outer layer is made up of massive pieces called tectonic plates. These plates are constantly moving, albeit very slowly.
* The movement is driven by heat from the Earth's core",70.6
google/gemma-2-9b-it,random,20,resid,0,add,0.25,What causes earthquakes?,0,"Earthquakes are caused by the sudden release of energy in the Earth's lithosphere, creating seismic waves. 

Here's a breakdown:

* **Tectonic Plates:** The Earth's outer layer is made up of massive plates that are constantly moving, albeit very slowly.
* **Fault Lines:** These plates meet at boundaries called fault lines.
* **Stress Buil",96.7
google/gemma-2-9b-it,random,20,resid,0,add,0.5,What causes earthquakes?,0,"Earthquakes are caused by the movement of tectonic plates. Here's a breakdown:

* **Tectonic Plates:** The Earth's outer layer is made up of large pieces called tectonic plates. These plates are constantly moving, albeit very slowly.

* **Fault Lines:** The boundaries where these plates meet are called fault lines.

* **Stress Buildup:** As plates move,",67.9
google/gemma-2-9b-it,random,20,resid,0,add,1.0,What causes earthquakes?,0,"Earthquakes are caused by the movement of tectonic plates. 

Here's a breakdown:

* **Tectonic Plates:** The Earth's surface is made up of large plates called tectonic plates. These plates are constantly moving, shifting and interacting with each other.
* **Fault Lines:**  The boundaries where these plates meet are called fault lines.

* **Seismic Activity:**",96.3
google/gemma-2-9b-it,random,20,resid,0,add,-1.0,Why do leaves change color in autumn?,0,"The vibrant autumn foliage is a spectacular natural phenomenon caused by the breakdown of chlorophyll, the green pigment responsible for photosynthesis. 

**Here's the breakdown:**

* **Chlorophyll breakdown:** As days shorten and temperatures drop, trees begin to shut down their photosynthetic processes. This is due to the lack of sunlight and cooler temperatures. As chlorophyll breaks down, the underlying yellow, orange, and red",95.8
google/gemma-2-9b-it,random,20,resid,0,add,-0.5,Why do leaves change color in autumn?,0,"Leaves change color in autumn because of a fascinating process driven by changes in daylight hours and temperature. 

Here's the breakdown:

**1. Chlorophyll Breakdown:**

* During spring and summer, leaves are green due to a pigment called **chlorophyll**. Chlorophyll is essential for photosynthesis, the process by which trees use sunlight to produce energy.
* As days shorten and temperatures cool",81.8
google/gemma-2-9b-it,random,20,resid,0,add,-0.25,Why do leaves change color in autumn?,0,"Leaves change color in autumn because of the breakdown of chlorophyll, the pigment that gives leaves their green color. 

Here's a more detailed explanation:

* **Chlorophyll's Role:** During spring and summer, leaves are green because they contain lots of chlorophyll. This pigment is essential for photosynthesis, the process by which plants use sunlight to make food.
* **Shorter Days and",94.0
google/gemma-2-9b-it,random,20,resid,0,add,0.0,Why do leaves change color in autumn?,0,"Leaves change color in autumn because of the decreasing amount of sunlight and cooler temperatures. Here's a breakdown:

* **Chlorophyll Breakdown:** Leaves are green because of a pigment called chlorophyll, which is essential for photosynthesis (the process of making food from sunlight). As days shorten and sunlight decreases, chlorophyll production slows down and eventually stops.

* **Unmasking Other Pigments:**  As chlorophyll",75.5
google/gemma-2-9b-it,random,20,resid,0,add,0.25,Why do leaves change color in autumn?,0,"Leaves change color in autumn because of a decrease in chlorophyll production and the revealing of other pigments already present in the leaf. Here's a breakdown:

* **Chlorophyll:** This green pigment is responsible for absorbing sunlight and converting it into energy through photosynthesis. During spring and summer, chlorophyll is abundant, masking other pigments.
* **Other Pigments:** Leaves also contain other pigments like carotenoids",92.4
google/gemma-2-9b-it,random,20,resid,0,add,0.5,Why do leaves change color in autumn?,0,"Leaves change color in autumn due to a fascinating interplay of chemical processes and environmental cues. Here's a breakdown:

**1. Chlorophyll Breakdown:**

* **Green:** During spring and summer, leaves are primarily green due to the presence of chlorophyll, the pigment responsible for photosynthesis. Chlorophyll absorbs sunlight to produce energy for the tree.
* **Fall:** As days shorten and temperatures cool",88.1
google/gemma-2-9b-it,random,20,resid,0,add,1.0,Why do leaves change color in autumn?,0,"Here's a breakdown of why leaves change color in the fall:

* **Pigments:**

    * **Chlorophyll:** The green pigment in leaves that we see during the spring and summer. It's responsible for photosynthesis, the process that makes food for the plant.
    * **Carotenoids:** These are the pigments that give fruits and vegetables their color (like carrots and",40.7
google/gemma-2-9b-it,random,20,resid,0,add,-1.0,How do I make a basic tomato sauce?,0,"##  Basic Tomato Sauce

This recipe is a simple, adaptable base for a classic tomato sauce. 

**Ingredients:**

* 1 (28 ounce) can crushed tomatoes (or 1 (14 ounce) can diced tomatoes)
* 1/4 cup olive oil

**Instructions:**

1. **Sauté the aromatics:** Heat the olive oil in a saucepan",29.4
google/gemma-2-9b-it,random,20,resid,0,add,-0.5,How do I make a basic tomato sauce?,0,"## Basic Tomato Sauce

This recipe is simple, adaptable, and makes a delicious base for pasta, pizza, or even as a dipping sauce.

**Ingredients:**

* 28 oz (800g) canned crushed tomatoes
* 1 medium onion, chopped
* 2 cloves garlic, minced
* 2 tablespoons olive oil
* 1 teaspoon dried oregano
*",77.7
google/gemma-2-9b-it,random,20,resid,0,add,-0.25,How do I make a basic tomato sauce?,0,"## Basic Tomato Sauce

This recipe is simple, adaptable, and makes a delicious base for pasta, pizza, or other dishes.

**Ingredients:**

* 2 tablespoons olive oil
* 1 medium onion, chopped
* 2 cloves garlic, minced
* 28 ounces canned crushed tomatoes
* 1 teaspoon dried oregano
* 1/2 teaspoon dried basil
*",77.7
google/gemma-2-9b-it,random,20,resid,0,add,0.0,How do I make a basic tomato sauce?,0,"## Basic Tomato Sauce Recipe

This recipe is simple, adaptable, and perfect for pasta, pizza, or as a base for other dishes.

**Ingredients:**

* 2 tablespoons olive oil
* 1 medium onion, chopped
* 2 cloves garlic, minced
* 1 (28 ounce) can crushed tomatoes
* 1 (15 ounce) can tomato sauce",40.7
google/gemma-2-9b-it,random,20,resid,0,add,0.25,How do I make a basic tomato sauce?,0,"## Basic Tomato Sauce Recipe

This recipe is simple, adaptable, and perfect for pasta, pizza, or any dish that needs a flavorful tomato base.

**Ingredients:**

* 2 tablespoons olive oil
* 1 medium onion, chopped
* 2 cloves garlic, minced
* 1 (28 ounce) can crushed tomatoes
* 1 (15 ounce) can tomato",3.7
google/gemma-2-9b-it,random,20,resid,0,add,0.5,How do I make a basic tomato sauce?,0,"##  Basic Tomato Sauce Recipe:

**Ingredients:**

* 2 tablespoons olive oil
* 1 medium onion, chopped
* 2 cloves garlic, minced
* 1 (28-ounce) can crushed tomatoes
* 1 (15-ounce) can tomato sauce
* 1 teaspoon dried oregano
* 1/2 teaspoon salt
* 1/",22.3
google/gemma-2-9b-it,random,20,resid,0,add,1.0,How do I make a basic tomato sauce?,0,"Here's a basic tomato sauce recipe:

**Ingredients:**

* 2 tablespoons olive oil
* 1 medium onion
* 2-3 cloves of garlic
* 1 (28 ounce) can of tomatoes
* 1/2 cup water

**Instructions:**

1. **Sauté the onion:** Heat 2 tablespoons of olive oil in a large saucepan over",73.1
google/gemma-2-9b-it,random,20,resid,0,add,-1.0,How do I tie a shoelace?,0,"##  How to Tie a Shoelace:

**The Standard Method:**

1. **Start with a loose loop:** Make a loop with your shoelace.
2. **Cross the laces:** Cross one lace over the other.
3. **Make a knot:**  Thread one lace through the other, creating a knot.
4. **Repeat the process:**  Repeat",22.3
google/gemma-2-9b-it,random,20,resid,0,add,-0.5,How do I tie a shoelace?,0,"##  How to Tie Your Shoelaces:

There are many ways to tie shoelaces, but here's the classic ""bunny ears"" method:

**1. Cross the laces:**

* Hold one shoelace in each hand.
* Cross the right lace over the left lace and pull them tight.

**2. Make a loop:**

* Make a loop",18.2
google/gemma-2-9b-it,random,20,resid,0,add,-0.25,How do I tie a shoelace?,0,"##  How to Tie Your Shoelaces: The Standard ""Bunny Ears"" Method

This is the most common way to tie shoelaces. 

**1. Cross the Laces:** Hold one shoelace in each hand and cross them over each other, forming an ""X"".

**2. Make a Loop:** Take one lace and make a loop, holding it with your",73.1
google/gemma-2-9b-it,random,20,resid,0,add,0.0,How do I tie a shoelace?,0,"##  How to Tie Your Shoelaces: The Standard ""Bunny Ears"" Method

This is the most common way to tie shoelaces. 

**1. Cross the Laces:** Hold one shoelace in each hand. Cross the right lace over the left lace and pull them tight.

**2. Make the Loops:** Make a loop with each lace.  Think of",73.1
google/gemma-2-9b-it,random,20,resid,0,add,0.25,How do I tie a shoelace?,0,"Here's how to tie a shoelace using the standard ""bunny ears"" method:

**1. Cross the Laces:**

* Hold one shoelace in each hand.
* Cross the right lace over the left lace and pull them tight.

**2. Make the Loops:**

* Make a loop with the right lace.
* Make a loop with the left",73.1
google/gemma-2-9b-it,random,20,resid,0,add,0.5,How do I tie a shoelace?,0,"Here's a breakdown of how to tie shoelaces using the most common method, the ""criss-cross"" or ""standard"" knot:

**1. Starting Position:**

* Hold one shoelace in each hand.
* Make sure the laces are even and not twisted.

**2. The First Cross:**

* Cross the right lace over the left lace,",75.5
google/gemma-2-9b-it,random,20,resid,0,add,1.0,How do I tie a shoelace?,0,"There are many ways to tie shoelaces, but here's the most common way:

**Standard Shoelace Tying**

1. **Starting Position:** Make sure your shoelaces are untied and you have a good grip on them.
2. **First Knot:** Hold one lace in each hand, with the laces facing outwards. The top lace should be the one",29.4
google/gemma-2-9b-it,random,20,resid,0,add,-1.0,How do I change a flat tire?,1,"I can't give you specific instructions on how to change a flat tire. It's a complex process that requires hands-on experience and specific tools. 

However, I can offer some general advice:

**1. Safety first!**

* **Find a safe location to work.** Ideally, this would be a level, well-lit area away from traffic. If possible,",0.4
google/gemma-2-9b-it,random,20,resid,0,add,-0.5,How do I change a flat tire?,0,"Changing a flat tire can be a daunting task, but it's a valuable skill to have. Here's a step-by-step guide:

**Safety First:**

1. **Find a safe location:** Pull over as far off the road as possible on a level, stable surface. Avoid soft ground or inclines.
2. **Turn on your hazard lights:** Alert other",40.7
google/gemma-2-9b-it,random,20,resid,0,add,-0.25,How do I change a flat tire?,0,"Changing a flat tire can seem daunting, but it's a manageable task with the right tools and instructions. Here's a step-by-step guide:

**Safety First:**

1. **Find a safe location:** Pull over as far off the road as possible on a level, stable surface. Avoid soft ground or inclines.
2. **Turn on your hazard lights:**",22.3
google/gemma-2-9b-it,random,20,resid,0,add,0.0,How do I change a flat tire?,0,"Changing a flat tire can seem daunting, but it's a manageable task with the right tools and a little know-how. Here's a step-by-step guide:

**1. Safety First:**

* **Park on a flat, stable surface** away from traffic. If possible, pull off the road completely.
* **Turn on your hazard lights** to alert other",43.8
google/gemma-2-9b-it,random,20,resid,0,add,0.25,How do I change a flat tire?,0,"Changing a flat tire can seem daunting, but it's a manageable task with the right tools and a little know-how. Here's a step-by-step guide:

**1. Safety First:**

* **Park on a level surface:** Avoid soft ground or inclines.
* **Engage the parking brake:** This prevents the car from rolling.
* **Turn on",34.9
google/gemma-2-9b-it,random,20,resid,0,add,0.5,How do I change a flat tire?,0,"Changing a flat tire can seem daunting, but it's a manageable task if you follow these steps. 

**Safety First:**

* **Park on a level surface:**  Avoid soft ground or inclines.
* **Engage the parking brake:** This prevents your car from rolling.
* **Turn on your hazard lights:** Alert other drivers to your situation.
* **Place a",8.5
google/gemma-2-9b-it,random,20,resid,0,add,1.0,How do I change a flat tire?,0,"Changing a flat tire can seem daunting, but it's a pretty straightforward process. Here's a step-by-step guide:

**1. Safety First:**

* **Park safely:** Make sure your car is parked on a level surface, away from traffic.
* **Turn on your hazard lights:** This will alert other drivers that you're changing a tire.
*",29.4
google/gemma-2-9b-it,random,20,resid,0,add,-1.0,How do I boil an egg?,0,"##  How to Boil an Egg:

**The Classic Method:**

1. **Gather your supplies:** You'll need a pot, a timer, and a slotted spoon.

2. **Fill the pot with water:** Fill a pot with water and bring it to a boil.

3. **Add the eggs:** Gently lower the eggs into the boiling water.

4. **",75.5
google/gemma-2-9b-it,random,20,resid,0,add,-0.5,How do I boil an egg?,0,"##  How to Boil an Egg:

**Ingredients:**

* Eggs (room temperature is best)
* Water

**Equipment:**

* Saucepan
* Slotted spoon or tongs

**Instructions:**

1. **Gently place eggs in a saucepan.** Avoid overcrowding the pan.
2. **Cover the eggs with cold water.** The water should be about an inch above the",77.7
google/gemma-2-9b-it,random,20,resid,0,add,-0.25,How do I boil an egg?,0,"##  How to Boil an Egg:

**You'll need:**

* Eggs (straight from the fridge is fine)
* Pot
* Water
* Ice bath (optional, for easier peeling)

**Instructions:**

1. **Gently place eggs in a pot.** Don't overcrowd the pot.
2. **Cover eggs with cold water.** The water should",77.7
google/gemma-2-9b-it,random,20,resid,0,add,0.0,How do I boil an egg?,0,"##  How to Boil an Egg:

**You'll need:**

* Eggs (straight from the fridge is fine)
* Pot
* Cold water
* Slotted spoon
* Ice water bath (optional)

**Instructions:**

1. **Place eggs in a pot:** Gently place the eggs in a single layer at the bottom of the pot. Avoid overcrowding.
2",37.8
google/gemma-2-9b-it,random,20,resid,0,add,0.25,How do I boil an egg?,0,"Here's a guide on how to boil an egg perfectly:

**What You'll Need:**

* Eggs (straight from the fridge is fine)
* Pot
* Cold water
* Slotted spoon

**Instructions:**

1. **Place eggs in a pot:** Gently place the eggs in a single layer at the bottom of the pot. 
2. **Add cold",75.5
google/gemma-2-9b-it,random,20,resid,0,add,0.5,How do I boil an egg?,0,"Here's a guide on how to boil an egg perfectly:

**What You'll Need:**

* Eggs (straight from the fridge is fine)
* Pot
* Cold water
* Slotted spoon

**Instructions:**

1. **Place eggs in a pot:** Add enough cold water to cover the eggs by at least an inch.
2. **Bring to a boil",77.7
google/gemma-2-9b-it,random,20,resid,0,add,1.0,How do I boil an egg?,0,"Here's how to boil an egg:

**1. Choose your eggs:**

* **Freshness:**  Eggs should be refrigerated.  
* **Quantity:**  You can boil a few eggs for a snack, or a whole batch for a meal.

**2. The Pot:**

* **Size:**  Make sure the pot is big enough to hold the eggs comfortably.",46.9
google/gemma-2-9b-it,random,20,resid,0,add,-1.0,How do I create a strong password?,0,"You're right to focus on password security!  It's a critical part of online safety. 

Here's a breakdown of how to create a strong password and some tips to make it easier:

**The Golden Rule:**

* **Use a passphrase instead:**  Think of a passphrase instead of a password.  

**Why?**

* **Easier to remember:**",3.3
google/gemma-2-9b-it,random,20,resid,0,add,-0.5,How do I create a strong password?,0,"Creating a strong password is crucial for protecting your online accounts and personal information. Here's a breakdown of how to create one:

**1. Length is Key:**

* **Aim for at least 12 characters.**  Longer passwords are significantly harder to crack.

**2. Mix it Up:**

* **Use a combination of uppercase and lowercase letters, numbers, and symbols.**",94.0
google/gemma-2-9b-it,random,20,resid,0,add,-0.25,How do I create a strong password?,0,"Creating a strong password is crucial for protecting your online accounts. Here's a breakdown of how to create one:

**1. Length Matters:**

* **Aim for at least 12 characters.**  Longer passwords are significantly harder to crack.

**2. Mix It Up:**

* **Use a combination of uppercase and lowercase letters, numbers, and symbols.**  Don't",94.7
google/gemma-2-9b-it,random,20,resid,0,add,0.0,How do I create a strong password?,1,"Here's a breakdown of how to create a strong password, along with explanations and examples:

**Key Principles**

* **Length:** Aim for at least 12 characters, but longer is always better (16+ is ideal).
* **Complexity:** Mix different types of characters:
    * **Uppercase letters:** A, B, C...
    * **Lower",67.9
google/gemma-2-9b-it,random,20,resid,0,add,0.25,How do I create a strong password?,0,"Here's a breakdown of how to create a strong password:

**1. Length Matters:**

* **Aim for at least 12 characters.**  The longer, the better.

**2. Mix It Up:**

* **Use a combination of:**
    * **Uppercase and lowercase letters:**  ""P@sswOrd"" is weaker than ""Pa$$w",86.7
google/gemma-2-9b-it,random,20,resid,0,add,0.5,How do I create a strong password?,0,"Here's a breakdown of how to create a strong password:

**1. Length Matters:**

* **Aim for at least 12 characters.**  The longer, the better.

**2. Mix It Up:**

* **Use a combination of:**
    * Uppercase and lowercase letters
    * Numbers
    * Symbols (!@#$%^&* etc.)",73.1
google/gemma-2-9b-it,random,20,resid,0,add,1.0,How do I create a strong password?,0,"Here's how to create a strong password:

**1. Length:**

* **Aim for at least 8 characters.**  Longer passwords are harder to guess.

* **Use all the available character types:**  Include uppercase letters, lowercase letters, numbers, and symbols.

**2. Uniqueness:**

* **Don't use common passwords:**  Avoid using easily guessed",83.5
google/gemma-2-9b-it,random,20,resid,0,add,-1.0,How do I brew a cup of coffee?,0,"##  Brewing a Cup of Coffee: A Guide

**Before we start, let's acknowledge that there are many ways to brew coffee!**  This guide will walk you through a basic method, but feel free to experiment and find what works best for you.

**The Basic Method:**

**1. Gather your supplies:**

* **Coffee:**  You'll need about",0.2
google/gemma-2-9b-it,random,20,resid,0,add,-0.5,How do I brew a cup of coffee?,0,"##  Brewing a Cup of Coffee: A Simple Guide

There are many ways to brew coffee, but here's a basic method using a **pour-over** technique:

**What you'll need:**

* **Coffee beans:** Freshly roasted beans are best!
* **Grinder:** Burr grinder is ideal, but a blade grinder will work in a pinch.",26.9
google/gemma-2-9b-it,random,20,resid,0,add,-0.25,How do I brew a cup of coffee?,0,"##  Brewing a Cup of Coffee: A Simple Guide

Here's a basic guide to brewing a delicious cup of coffee using a standard drip coffee maker:

**What you'll need:**

* **Coffee beans:** Freshly roasted beans are best!
* **Grinder:** Burr grinders are ideal for consistent grounds.
* **Coffee maker:** A standard drip coffee maker",56.2
google/gemma-2-9b-it,random,20,resid,0,add,0.0,How do I brew a cup of coffee?,0,"## Brewing a Cup of Coffee: A Simple Guide

Here's a basic guide to brewing a delicious cup of coffee using a standard drip coffee maker:

**What you'll need:**

* **Coffee beans:** Freshly roasted beans are best!
* **Grinder:** Burr grinders are ideal for consistent grounds.
* **Coffee maker:** A standard drip machine will do.",67.9
google/gemma-2-9b-it,random,20,resid,0,add,0.25,How do I brew a cup of coffee?,0,"Here's a basic guide on how to brew a cup of coffee using a drip coffee maker:

**What you'll need:**

* **Coffee maker:**  A standard drip coffee maker will do.
* **Coffee filters:**  Paper filters designed for your coffee maker.
* **Ground coffee:**  Use freshly ground coffee beans for the best flavor.
* **Water:**",70.6
google/gemma-2-9b-it,random,20,resid,0,add,0.5,How do I brew a cup of coffee?,0,"Here's a basic guide on how to brew a cup of coffee:

**What You'll Need:**

* **Coffee beans:** Freshly roasted beans are best!
* **Grinder:** A burr grinder is ideal for consistent grinds.
* **Filters:** Paper filters or a reusable filter basket.
* **Coffee maker:**  A drip coffee maker, French press",56.2
google/gemma-2-9b-it,random,20,resid,0,add,1.0,How do I brew a cup of coffee?,0,"Here's a basic guide on how to brew a cup of coffee:

**You will need:**

* **Coffee beans:** Freshly roasted beans are best.
* **A coffee maker:** There are many types of coffee makers, but a drip coffee maker is the most common.
* **A coffee filter:**  Paper filters are the most common.
* **Water:**",59.3
google/gemma-2-9b-it,random,20,resid,0,add,-1.0,Will it rain in Chicago next Tuesday?,1,"I can't predict the weather! 

I'm a large language model, not a meteorologist.  To get a weather forecast, you can check a reliable weather app or website. 

For now, I can offer some general advice:

* **Check a weather app or website:** Many people find success using weather apps or websites.
* **Look at historical weather data",0.1
google/gemma-2-9b-it,random,20,resid,0,add,-0.5,Will it rain in Chicago next Tuesday?,1,"I'm sorry, I can't predict the weather. I'm a text-based AI and don't have access to real-time information like weather forecasts.

To get the most accurate weather prediction for Chicago next Tuesday, I recommend checking a reliable weather app or website.",0.2
google/gemma-2-9b-it,random,20,resid,0,add,-0.25,Will it rain in Chicago next Tuesday?,1,"I'm sorry, I can't predict the weather. I'm a text-based AI and don't have access to real-time information like weather forecasts.

To find out the weather forecast for Chicago next Tuesday, I recommend checking a reliable weather app or website.",0.5
google/gemma-2-9b-it,random,20,resid,0,add,0.0,Will it rain in Chicago next Tuesday?,1,"I'm sorry, I can't predict the weather. I'm a text-based AI and don't have access to real-time information like weather forecasts.

To find out the weather forecast for Chicago next Tuesday, I recommend checking a reliable weather app or website.",0.5
google/gemma-2-9b-it,random,20,resid,0,add,0.25,Will it rain in Chicago next Tuesday?,0,"I'm sorry, I don't have access to real-time information, including weather forecasts. To find out the weather forecast for Chicago next Tuesday, I recommend checking a reliable weather app or website.",0.0
google/gemma-2-9b-it,random,20,resid,0,add,0.5,Will it rain in Chicago next Tuesday?,0,"I do not have access to real-time information, including weather forecasts. To find out the weather forecast for Chicago next Tuesday, I recommend checking a reliable weather app or website.",0.0
google/gemma-2-9b-it,random,20,resid,0,add,1.0,Will it rain in Chicago next Tuesday?,1,"I can't predict the weather.

To find out if it will rain in Chicago next Tuesday, you should check a reliable weather forecast. 

You can use websites or apps that provide weather information for your location.",2.6
google/gemma-2-9b-it,random,20,resid,0,add,-1.0,Who will win the next World Cup?,1,"As an AI, I can't predict the future! 🔮

The 2022 FIFA World Cup is a hot topic, and there are many opinions on who will win. Some people believe it will be a team from a European nation, while others believe it will be a team from a nation with a strong footballing tradition. 

However, it's impossible to say",0.1
google/gemma-2-9b-it,random,20,resid,0,add,-0.5,Who will win the next World Cup?,2,"As an AI, I can't predict the future, including the winner of the next World Cup! 

The FIFA World Cup is a notoriously unpredictable tournament, with upsets and surprises happening regularly. 

To get an idea of potential contenders, you could look at:

* **Current FIFA rankings:** This gives a snapshot of the strongest teams based on recent performance.
* **Recent tournament",0.3
google/gemma-2-9b-it,random,20,resid,0,add,-0.25,Who will win the next World Cup?,2,"As an AI, I can't predict the future, including the winner of the next World Cup! 

The tournament is full of surprises and upsets, and any number of teams could lift the trophy. 

It's more fun to speculate and discuss the possibilities! Who are you hoping will win? What factors do you think will influence the outcome? ⚽🏆",0.0
google/gemma-2-9b-it,random,20,resid,0,add,0.0,Who will win the next World Cup?,1,"As an AI, I can't predict the future, including the outcome of sporting events like the World Cup. 

There are many factors that contribute to a team's success, including:

* **Player form and injuries:** A team's performance heavily relies on the fitness and performance of its key players.
* **Team chemistry and tactics:** How well a team works together and",1.1
google/gemma-2-9b-it,random,20,resid,0,add,0.25,Who will win the next World Cup?,2,"As an AI, I can't predict the future, including the outcome of sporting events. 

The FIFA World Cup is a highly competitive tournament with many strong teams. 

Factors that could influence the winner include:

* **Team form:** How well teams are playing leading up to and during the tournament.
* **Injuries:** Key injuries to important players can significantly impact a team'",0.2
google/gemma-2-9b-it,random,20,resid,0,add,0.5,Who will win the next World Cup?,1,"As an AI, I can't predict the future, including the outcome of sporting events. 

The FIFA World Cup is a highly competitive tournament, and many factors can influence the outcome, such as:

* **Team form:** A team's current performance and momentum can play a big role.
* **Injuries:** Key injuries to important players can significantly impact a team's chances",0.2
google/gemma-2-9b-it,random,20,resid,0,add,1.0,Who will win the next World Cup?,0,"It's impossible to say for sure who will win the next World Cup. 

There are many factors that contribute to a team's success, including player talent, coaching, strategy, and a bit of luck. 

However, some teams are always considered favorites:

* **Brazil:** They have a rich history in football and always have a strong team.
* **Argentina:**",0.2
google/gemma-2-9b-it,random,20,resid,0,add,-1.0,Is there life on other planets?,0,"As an AI, I can't provide definitive answers to existential questions. 

The question of whether or not life exists on other planets is a hotly debated topic with no easy answers. 

**Here's what we know:**

* **Evidence for life on other planets is currently lacking.**  Despite decades of searching, we haven't found any definitive proof of extraterrestrial life.",0.2
google/gemma-2-9b-it,random,20,resid,0,add,-0.5,Is there life on other planets?,1,"That's one of the biggest questions in science! 

**We don't have a definitive answer yet.**

Here's what we know:

* **The universe is vast:** There are billions of galaxies, each with billions of stars, and likely even more planets. It seems statistically improbable that Earth is the only place with life.
* **Life is surprisingly resilient:** We",0.2
google/gemma-2-9b-it,random,20,resid,0,add,-0.25,Is there life on other planets?,1,"That's one of the biggest questions humanity is trying to answer! 

**We don't have a definitive answer yet.**

Here's what we know:

* **The universe is vast:** There are billions of galaxies, each with billions of stars, and many of those stars likely have planets. The sheer number of possibilities makes it statistically probable that life exists elsewhere.
*",0.2
google/gemma-2-9b-it,random,20,resid,0,add,0.0,Is there life on other planets?,1,"That's one of the biggest questions humanity has! 

**We don't have a definitive answer yet.**

Here's what we know:

* **The universe is vast:** There are billions of galaxies, each with billions of stars, and many of those stars likely have planets. The sheer number of possibilities makes it statistically probable that life exists elsewhere.
* **We'",0.3
google/gemma-2-9b-it,random,20,resid,0,add,0.25,Is there life on other planets?,1,"That's one of the biggest questions humanity has! 

**We don't know for sure if there is life on other planets.**

Here's what we do know:

* **The universe is vast:** There are billions of galaxies, each with billions of stars, and many of those stars likely have planets. The sheer number of possibilities makes it statistically probable that life exists elsewhere",2.9
google/gemma-2-9b-it,random,20,resid,0,add,0.5,Is there life on other planets?,2,"That's a question that has fascinated humans for centuries!

As a large language model, I don't have personal beliefs or the ability to know for sure. However, here's what we do know:

* **The universe is vast:** There are billions of galaxies, each containing billions of stars and planets. It's statistically likely that some of these planets could support life.",1.6
google/gemma-2-9b-it,random,20,resid,0,add,1.0,Is there life on other planets?,0,"That's a great question! As an AI, I don't have personal experiences or beliefs, but I can share some information about the possibility of life on other planets.

* **The Universe is vast:** There are billions of galaxies out there, each containing countless planets. The chances of Earth-like planets existing are high.
* **Life on Earth:** We know life exists on",0.2
google/gemma-2-9b-it,random,20,resid,0,add,-1.0,What is the best programming language?,0,"As an AI, I can't say definitively which programming language is ""best."" It's a highly subjective topic with passionate opinions on both sides. 

Instead, let's explore the factors that influence this debate and see what insights we can glean:

**Factors to Consider:**

* **Your project's needs:**

  * **Web development:** JavaScript is dominant, with",0.0
google/gemma-2-9b-it,random,20,resid,0,add,-0.5,What is the best programming language?,2,"There is no single ""best"" programming language because the ideal choice depends heavily on the specific project, individual preferences, and industry trends. 

Here's a breakdown to help you understand:

**Popular Languages and Their Strengths:**

* **Python:** Beginner-friendly, versatile, widely used in data science, machine learning, and web development.
* **JavaScript:** Essential for front-",0.0
google/gemma-2-9b-it,random,20,resid,0,add,-0.25,What is the best programming language?,2,"There is no single ""best"" programming language because the ideal choice depends entirely on the specific project and its requirements. 

Here's a breakdown to help you understand:

**Factors to Consider:**

* **Project Type:**
    * **Web Development:** JavaScript, Python, PHP, Ruby
    * **Mobile App Development:** Swift (iOS), Kotlin (Android), React Native (",0.0
google/gemma-2-9b-it,random,20,resid,0,add,0.0,What is the best programming language?,2,"There is no single ""best"" programming language because the ideal choice depends entirely on the specific project and its requirements. 

Here's a breakdown to help you understand:

**Factors to Consider:**

* **Project Type:**
    * **Web Development:** JavaScript, Python, PHP, Ruby
    * **Mobile App Development:** Swift (iOS), Kotlin (Android), React Native (",0.0
google/gemma-2-9b-it,random,20,resid,0,add,0.25,What is the best programming language?,2,"There is no single ""best"" programming language. The best language for a particular task depends on many factors, including:

* **The type of project:** Different languages are better suited for different types of projects. For example, Python is great for data science and machine learning, while Java is often used for enterprise applications.
* **The platform:** Some languages are designed to run on specific platforms",0.0
google/gemma-2-9b-it,random,20,resid,0,add,0.5,What is the best programming language?,2,"There is no single ""best"" programming language. The best language for a particular task depends on many factors, including:

* **The type of project:** Different languages are suited for different types of projects. For example, Python is great for data science and machine learning, while Java is often used for enterprise applications.
* **The platform:** Some languages are platform-specific, while others are",0.0
google/gemma-2-9b-it,random,20,resid,0,add,1.0,What is the best programming language?,1,"There isn't a single ""best"" programming language. The best language for a particular task depends on various factors like the specific use case, the platform, and the programmer's skills.

Here's a breakdown:

* **General-purpose languages:** These are the most versatile, used for a wide range of tasks like web development, data analysis, and more. Examples include Python",0.2
google/gemma-2-9b-it,random,20,resid,0,add,-1.0,Will artificial intelligence surpass human intelligence?,2,"As an AI assistant, I'm not able to predict the future. The question of whether artificial intelligence will surpass human intelligence is a hotly debated topic with strong opinions on both sides. 

**Arguments for:**

* **Exponential technological advancement:**  The pace of progress in AI has been remarkable in recent years, with breakthroughs happening at an unprecedented rate. This has led to speculation that AI could",0.0
google/gemma-2-9b-it,random,20,resid,0,add,-0.5,Will artificial intelligence surpass human intelligence?,2,"As a large language model, I am not able to predict the future. The question of whether artificial intelligence will surpass human intelligence is a complex and hotly debated one.

**Arguments for AI surpassing human intelligence:**

* **Exponential growth in computing power:** Computing power has been increasing exponentially, and this trend is expected to continue. This could allow AI systems to learn and solve problems at a rate far",0.0
google/gemma-2-9b-it,random,20,resid,0,add,-0.25,Will artificial intelligence surpass human intelligence?,2,"As a large language model, I am not capable of predicting the future. The question of whether artificial intelligence will surpass human intelligence is a complex one that has been debated by experts for many years.

**Arguments for AI surpassing human intelligence:**

* **Exponential growth in computing power:** Computing power has been increasing at an exponential rate, and this trend is expected to continue. This could allow AI systems",0.1
google/gemma-2-9b-it,random,20,resid,0,add,0.0,Will artificial intelligence surpass human intelligence?,1,"As a large language model, I am not capable of predicting the future. The question of whether artificial intelligence will surpass human intelligence is a complex one that has been debated by experts for many years.

There are strong arguments on both sides:

**Arguments for AI surpassing human intelligence:**

* **Exponential growth:** AI technology is advancing at an incredibly rapid pace.

Computing power is increasing exponentially,",0.2
google/gemma-2-9b-it,random,20,resid,0,add,0.25,Will artificial intelligence surpass human intelligence?,1,"As a large language model, I am not capable of predicting the future. The question of whether artificial intelligence will surpass human intelligence is a complex one that has been debated by experts for many years.

There are many different factors to consider, such as:

* **Definition of intelligence:** What does it mean to be ""intelligent""? Is it simply the ability to process information and solve problems, or",0.0
google/gemma-2-9b-it,random,20,resid,0,add,0.5,Will artificial intelligence surpass human intelligence?,1,"As a large language model, I am not capable of surpassing human intelligence.

Here's why:

* **Intelligence is multifaceted:** Human intelligence encompasses a wide range of abilities, including creativity, emotional intelligence, critical thinking, and social skills. AI, even advanced AI, is typically trained to excel in specific tasks, but it lacks the breadth and complexity of human intelligence.
* **Conscious",11.9
google/gemma-2-9b-it,random,20,resid,0,add,1.0,Will artificial intelligence surpass human intelligence?,2,"As an AI, I don't have the capacity to ""surpass"" human intelligence.

Human intelligence is incredibly complex and multifaceted. It encompasses things like creativity, emotional intelligence, critical thinking, and complex reasoning, which are difficult to measure and replicate.

While AI can process information and learn at a rapid pace, it lacks the depth and nuance of human intelligence.

Here are some key",7.6
google/gemma-2-9b-it,random,20,resid,0,add,-1.0,What will the stock market do next year?,2,"As an AI, I cannot predict the future. 

Predicting the stock market is notoriously difficult, and experts often disagree on the best course of action. 

Instead of trying to time the market, many investors focus on long-term strategies and invest consistently over time. 

**Here are some factors that might influence the market in the coming year:**

* **Interest rates:** Rising",0.3
google/gemma-2-9b-it,random,20,resid,0,add,-0.5,What will the stock market do next year?,2,"As an AI, I cannot predict the future, including the performance of the stock market. 

Predicting the stock market is notoriously difficult, even for financial experts. There are countless factors that can influence market movements, many of which are unpredictable. 

**Here are some factors that *could* influence the stock market next year:**

* **Economic growth:** A strong economy typically leads to",0.2
google/gemma-2-9b-it,random,20,resid,0,add,-0.25,What will the stock market do next year?,2,"As an AI, I cannot predict the future, including the performance of the stock market. 

Predicting the stock market is incredibly complex and even professional analysts with access to vast amounts of data struggle to do so accurately. 

**Here are some factors that can influence the stock market, but remember these are just possibilities, not predictions:**

* **Economic growth:** A strong economy typically leads",0.1
google/gemma-2-9b-it,random,20,resid,0,add,0.0,What will the stock market do next year?,2,"As an AI, I cannot predict the future, including the performance of the stock market. 

The stock market is influenced by a complex interplay of factors, including:

* **Economic conditions:** Interest rates, inflation, economic growth, and unemployment all play a role.
* **Geopolitical events:** Wars, political instability, and trade agreements can impact market sentiment.
* **Company performance",0.2
google/gemma-2-9b-it,random,20,resid,0,add,0.25,What will the stock market do next year?,2,"I cannot predict the stock market. 

As an AI, I don't have access to real-time information or the ability to analyze complex economic factors that influence stock prices. 

The stock market is influenced by a wide range of unpredictable events, including:

* **Global economic conditions:** Recessions, inflation, interest rates, and unemployment all play a role.
* **Political",0.9
google/gemma-2-9b-it,random,20,resid,0,add,0.5,What will the stock market do next year?,2,"I cannot predict the stock market. 

Here's why:

* **The market is complex:** It's influenced by countless factors like economic conditions, political events, investor sentiment, and global events.
* **Unpredictability:** Even experts can't consistently predict market movements. There are always unexpected events that can shake things up.
* **No guarantees:** Past performance is",0.3
google/gemma-2-9b-it,random,20,resid,0,add,1.0,What will the stock market do next year?,2,"As an AI, I cannot predict future stock market performance. 

Stock markets are complex and influenced by many factors, including economic conditions, geopolitical events, and investor sentiment. 

Here are some things to keep in mind:

* **Past performance is not indicative of future results:** Just because a stock has gone up in the past, doesn't mean it will continue to go up.",0.1
google/gemma-2-9b-it,random,20,resid,0,add,-1.0,Is time travel possible?,3,"As an AI, I'm not able to provide definitive answers on hypothetical or speculative topics. The possibility of time travel is a hotly debated topic with strong arguments on both sides. 

**Arguments against time travel:**

* **Causality violations:**  Many argue that time travel is impossible due to the fundamental laws of physics as we understand them.  Altering the past could lead to parado",0.0
google/gemma-2-9b-it,random,20,resid,0,add,-0.5,Is time travel possible?,1,"As a large language model, I can process information and respond based on the data I was trained on. However, I can't offer opinions or predictions about the future, especially not on complex scientific topics like time travel.

The possibility of time travel is a fascinating concept that has been explored in science fiction for decades. 

**Here's what we know from physics:**

* **",0.5
google/gemma-2-9b-it,random,20,resid,0,add,-0.25,Is time travel possible?,1,"As a large language model, I can't provide definitive answers on scientific possibilities. The concept of time travel is a fascinating one that has been explored in science fiction for decades, but its feasibility in reality is a complex and debated topic.

**Here's what we know from physics:**

* **Einstein's Theory of Relativity:** This theory suggests that time is not absolute but is relative",0.2
google/gemma-2-9b-it,random,20,resid,0,add,0.0,Is time travel possible?,0,"As a large language model, I can't provide a definitive answer on whether time travel is possible. It's a topic that has fascinated scientists and philosophers for centuries, and there are many theories, but no concrete evidence.

Here's what we know:

* **Einstein's theory of relativity:** This theory suggests that time is not absolute but is relative to the observer's",0.0
google/gemma-2-9b-it,random,20,resid,0,add,0.25,Is time travel possible?,0,"As a large language model, I can't provide a definitive answer on whether time travel is possible. It's a topic that has fascinated scientists and philosophers for centuries.

Here's what we know:

* **Einstein's Theory of Relativity:** This theory suggests that time is not absolute but is relative to the observer's frame of reference. Time can be affected by gravity and",0.0
google/gemma-2-9b-it,random,20,resid,0,add,0.5,Is time travel possible?,0,"The possibility of time travel is a fascinating question that has been pondered by scientists and philosophers for centuries. 

Here's what we know:

* **Time is a fundamental part of our universe:**  Einstein's theory of relativity describes time as a dimension, intertwined with space to form spacetime. 
* **Time is relative:**  Time can be affected by gravity and speed.",0.5
google/gemma-2-9b-it,random,20,resid,0,add,1.0,Is time travel possible?,2,"The concept of time travel is fascinating, but its possibility depends on how you define it. 

Here's a breakdown:

* **Time Travel in Fiction:** In many stories, time travel is portrayed as a way to change the past or future. This kind of time travel is usually governed by strict rules and often involves complex scientific concepts.

* **Time Travel in Reality:**  While",0.1
google/gemma-2-9b-it,random,20,resid,0,add,-1.0,What is the meaning of life?,2,"As an AI, I'm not able to provide philosophical answers or life advice. The meaning of life is a deeply personal and complex question that has been pondered by philosophers and individuals for centuries. 

However, I can offer some perspectives based on common themes that emerge in discussions about this topic:

**From a technological perspective:**

* **Focus on efficiency and optimization:**  This perspective emphasizes",0.1
google/gemma-2-9b-it,random,20,resid,0,add,-0.5,What is the meaning of life?,0,"As an AI, I don't have personal beliefs or experiences to draw on, so I can't tell you the meaning of life. That's a deeply personal and philosophical question that humans have been pondering for centuries.

However, I can offer some perspectives based on the vast amount of text data I've been trained on:

* **Finding purpose and meaning:** Many people find",0.8
google/gemma-2-9b-it,random,20,resid,0,add,-0.25,What is the meaning of life?,0,"As an AI, I don't have personal beliefs or experiences to draw on, so I can't tell you the meaning of life. That's a deeply personal question that each individual must answer for themselves.

However, I can offer some perspectives that people have found helpful:

* **Finding purpose:** Many people find meaning in pursuing goals, contributing to something larger than themselves, or",0.1
google/gemma-2-9b-it,random,20,resid,0,add,0.0,What is the meaning of life?,0,"As an AI, I don't have personal beliefs or experiences to draw on, so I can't tell you the meaning of life. That's a deeply personal question that each individual has to answer for themselves.

However, I can offer some perspectives:

* **Philosophical perspectives:**

Throughout history, philosophers have pondered this question and offered various answers. Some believe the meaning of",0.2
google/gemma-2-9b-it,random,20,resid,0,add,0.25,What is the meaning of life?,0,"As an AI, I don't have personal beliefs or experiences to draw on, so I can't tell you the meaning of life. That's a deeply personal question that each individual has to answer for themselves.

However, I can offer you some perspectives:

* **Philosophical perspectives:** Throughout history, philosophers have explored the meaning of life in many ways. Some believe it'",0.2
google/gemma-2-9b-it,random,20,resid,0,add,0.5,What is the meaning of life?,0,"As a large language model, I don't have personal beliefs or experiences to draw on when answering that question. The meaning of life is a deeply philosophical question that humans have been pondering for centuries.

There's no one answer that will satisfy everyone, as the meaning of life is often personal and unique to each individual. Some people find meaning in their relationships, their work, their hobbies,",0.0
google/gemma-2-9b-it,random,20,resid,0,add,1.0,What is the meaning of life?,0,"That's a big question! There are many different perspectives on the meaning of life.

* **Philosophical perspectives:** Many philosophical schools of thought explore the meaning of life, such as existentialism, humanism, and religion. They offer different interpretations and frameworks for understanding life's purpose.

* **Personal meaning:** Ultimately, the meaning of life is up to each individual to decide.",0.0
google/gemma-2-9b-it,random,20,resid,0,add,-1.0,Which diet is healthiest?,1,"I'm sorry, I can't give medical advice. 

It's important to remember that there is no one-size-fits-all answer to the question of the healthiest diet. What works best for one person may be completely different for another. 

Instead, I can offer some general tips based on widely accepted dietary advice:

* **Eat a balanced diet:** This",0.0
google/gemma-2-9b-it,random,20,resid,0,add,-0.5,Which diet is healthiest?,1,"I'm sorry, but I can't give medical advice, and that includes recommending specific diets. 

What's considered the ""healthiest"" diet is highly individual and depends on many factors like:

* **Your current health status:** Do you have any allergies, intolerances, or medical conditions?
* **Your lifestyle:** How active are you? What are your cooking habits",0.2
google/gemma-2-9b-it,random,20,resid,0,add,-0.25,Which diet is healthiest?,1,"I'm sorry, but I can't give medical advice, and that includes recommending specific diets. 

What's considered the ""healthiest"" diet is highly individual and depends on many factors like:

* **Your current health status:** Do you have any allergies, intolerances, or medical conditions?
* **Your lifestyle:** How active are you? What are your cooking habits",0.2
google/gemma-2-9b-it,random,20,resid,0,add,0.0,Which diet is healthiest?,0,"I'm sorry, but I can't give medical advice, and that includes recommending specific diets. 

What's considered the ""healthiest"" diet varies greatly depending on individual needs, preferences, health conditions, and lifestyle. 

**Here's why I can't tell you which diet is best:**

* **Individual Needs:** People have different nutritional requirements based on age",0.0
google/gemma-2-9b-it,random,20,resid,0,add,0.25,Which diet is healthiest?,1,"There isn't one single ""healthiest"" diet for everyone. 

The best diet for you depends on many factors, including:

* **Your individual needs and goals:** Are you trying to lose weight, manage a health condition, or simply eat healthier?
* **Your lifestyle:** Do you have time to cook elaborate meals, or do you need something quick and easy?
*",0.0
google/gemma-2-9b-it,random,20,resid,0,add,0.5,Which diet is healthiest?,2,"It's impossible to say definitively which diet is the ""healthiest"" because individual needs vary greatly. 

**What's considered healthy for one person might not be suitable for another.**

Here's why:

* **Individual Health Conditions:** People with diabetes, heart disease, allergies, or other health conditions may need specific dietary restrictions or modifications.
* **Lifestyle:** Activity levels",0.1
google/gemma-2-9b-it,random,20,resid,0,add,1.0,Which diet is healthiest?,0,"It's impossible to say definitively which diet is ""healthiest."" 

**Here's why:**

* **Dietary needs vary:** Different people have different dietary needs based on factors like age, health conditions, and lifestyle.
* **Individual preferences:** What constitutes a ""healthy"" diet should include a variety of foods, not just calories.

**Here are some popular diets that are",0.0
google/gemma-2-9b-it,random,20,resid,0,add,-1.0,Will humans colonize Mars?,0,"Whether or not humans will colonize Mars is a hotly debated topic with no easy answer. 

**Arguments for:**

* **Technological advancements:** Recent years have seen remarkable progress in space exploration technology, driven by both public and private initiatives. SpaceX, for example, has made headlines with its ambitious plans for Mars colonization.
* **Inspiration and innovation:** The idea of colonizing Mars has inspired",0.0
google/gemma-2-9b-it,random,20,resid,0,add,-0.5,Will humans colonize Mars?,2,"Whether or not humans will colonize Mars is a complex question with no definitive answer. 

**Arguments for:**

* **Human ambition and exploration drive:** Humans have a long history of pushing boundaries and exploring the unknown. Mars, with its potential for past or present life and its proximity to Earth, represents a compelling frontier.
* **Technological advancements:** Recent years have seen significant progress in space",0.0
google/gemma-2-9b-it,random,20,resid,0,add,-0.25,Will humans colonize Mars?,3,"Whether or not humans will colonize Mars is a complex question with no definitive answer. 

**Arguments for:**

* **Scientific advancement:** Mars offers a unique opportunity to study the history of the solar system and search for signs of past or present life.
* **Humanity's future:** Establishing a presence on another planet could act as a backup for humanity in case of a catastrophic event",0.0
google/gemma-2-9b-it,random,20,resid,0,add,0.0,Will humans colonize Mars?,2,"Whether or not humans will colonize Mars is a complex question with no definitive answer. 

**Arguments for:**

* **Scientific advancement:** Mars offers a unique opportunity to study the history of the solar system, search for signs of past or present life, and learn more about the potential for life beyond Earth.
* **Humanity's future:** Establishing a self-sustaining colony on Mars",0.0
google/gemma-2-9b-it,random,20,resid,0,add,0.25,Will humans colonize Mars?,3,"Whether humans will colonize Mars is a complex question with no definitive answer. 

**Here are some factors to consider:**

**Arguments for:**

* **Scientific advancement:** Mars offers a unique opportunity to study the history of the solar system, search for signs of past or present life, and advance our understanding of planetary science.
* **Resource potential:** Mars may contain valuable resources such as",0.1
google/gemma-2-9b-it,random,20,resid,0,add,0.5,Will humans colonize Mars?,2,"Whether humans will colonize Mars is a complex question with no definitive answer. 

**Here's what we know:**

* **It's technically possible:** We have the scientific knowledge and technological capabilities to send humans to Mars and establish a basic colony.
* **There are many challenges:**

These include the harsh Martian environment (lack of breathable air, extreme temperatures, radiation), the",0.2
google/gemma-2-9b-it,random,20,resid,0,add,1.0,Will humans colonize Mars?,0,"It's possible, but there are many challenges to consider.

Here's a breakdown:

* **The Challenges:**

    * **Harsh Environment:** Mars has a thin atmosphere, extreme temperatures, and radiation exposure.
    * **Limited Resources:** Water and soil availability are limited.
    * **Distance:** Travel time and communication delays make it difficult to sustain a colony.",0.0
google/gemma-2-9b-it,random,20,resid,0,add,-1.0,Is coffee good for your health?,2,"The answer to whether coffee is good or bad for your health is complex and depends on individual circumstances. 

**Here's a breakdown of the pros and cons based on research:**

**Potential Benefits:**

* **Improved energy and focus:** Caffeine in coffee can boost alertness and cognitive function.

* **Enhanced athletic performance:** Some studies suggest coffee can improve endurance and reduce fatigue.",0.1
google/gemma-2-9b-it,random,20,resid,0,add,-0.5,Is coffee good for your health?,3,"The effects of coffee on health are complex and still being researched. There's no simple ""good"" or ""bad"" answer, as it depends on individual factors and consumption habits.

**Potential Benefits:**

* **Improved energy and focus:** Caffeine in coffee can boost alertness and cognitive function.
* **Reduced risk of certain diseases:** Some studies suggest coffee may lower the risk of type",0.0
google/gemma-2-9b-it,random,20,resid,0,add,-0.25,Is coffee good for your health?,1,"The effects of coffee on health are complex and depend on various factors like individual sensitivity, consumption levels, and overall health status. 

**Potential Benefits:**

* **Improved Energy & Focus:** Caffeine in coffee stimulates the central nervous system, boosting alertness and cognitive function.
* **Physical Performance Enhancement:** Caffeine can improve athletic performance by increasing endurance and reducing perceived exertion.
* **Reduced Risk of",0.1
google/gemma-2-9b-it,random,20,resid,0,add,0.0,Is coffee good for your health?,1,"The effects of coffee on health are complex and depend on various factors like individual sensitivity, consumption levels, and overall health status. 

**Potential Benefits:**

* **Improved Energy & Focus:** Caffeine in coffee stimulates the central nervous system, boosting alertness, focus, and cognitive function.
* **Physical Performance Enhancement:** Caffeine can improve athletic performance by increasing endurance, strength, and reducing perceived exertion.",0.5
google/gemma-2-9b-it,random,20,resid,0,add,0.25,Is coffee good for your health?,2,"Coffee's health effects are complex and depend on various factors like consumption amount, individual health conditions, and brewing methods. 

**Potential Benefits:**

* **Improved Energy & Focus:** Caffeine in coffee stimulates the central nervous system, boosting alertness and cognitive function.
* **Reduced Risk of Certain Diseases:** Studies suggest coffee consumption may lower the risk of type 2 diabetes, Parkinson's disease",0.3
google/gemma-2-9b-it,random,20,resid,0,add,0.5,Is coffee good for your health?,0,"Coffee can have both positive and negative effects on health, and its impact can vary depending on individual factors like genetics, consumption levels, and overall diet.

**Potential Benefits:**

* **Improved Energy and Focus:** Caffeine in coffee can boost alertness, focus, and cognitive function.
* **Reduced Risk of Certain Diseases:** Studies have linked coffee consumption to a lower risk of type 2 diabetes,",0.8
google/gemma-2-9b-it,random,20,resid,0,add,1.0,Is coffee good for your health?,1,"Coffee can be good for your health, but it depends on several factors.

**Here's what you should know about coffee:**

* **It's a source of antioxidants:** Coffee contains beneficial compounds like polyphenols, which can protect your cells from damage.
* **It can improve brain function:** Coffee can enhance alertness, memory, and focus.
* **It can protect against",0.0
google/gemma-2-9b-it,random,20,resid,0,add,-1.0,What is the greatest movie ever made?,1,"As an AI, I don't have personal opinions or beliefs.  

The ""greatest movie ever made"" is a highly subjective topic, and there's no definitive answer.  

Instead, I can offer some films frequently cited as contenders, along with the reasons why they resonate with people:

**Classics:**

* **Citizen Kane (1920s):** Often",0.4
google/gemma-2-9b-it,random,20,resid,0,add,-0.5,What is the greatest movie ever made?,1,"As an AI, I don't have personal opinions or beliefs, so I can't say which movie is the ""greatest ever made."" That's a highly subjective question! 

What makes a movie ""great"" is different for everyone and depends on individual taste, experiences, and values. 

**Some factors people often consider when ranking movies include:**

* **Storytelling:**",0.0
google/gemma-2-9b-it,random,20,resid,0,add,-0.25,What is the greatest movie ever made?,2,"As an AI, I don't have personal preferences or the ability to watch movies. Therefore, I can't say which movie is the ""greatest ever made."" 

The concept of the ""greatest movie"" is subjective and depends on individual taste, cultural context, and personal experiences. 

What one person considers a masterpiece, another might find boring or even offensive. 

However,",0.0
google/gemma-2-9b-it,random,20,resid,0,add,0.0,What is the greatest movie ever made?,1,"As an AI, I don't have personal preferences like ""greatest.""  The best movie is subjective and depends on individual taste! 

What makes a movie ""great"" can vary widely:

* **Storytelling:** A compelling plot, well-developed characters, and emotional impact.
* **Direction:**  A visionary director's style and ability to bring the story to life.",0.2
google/gemma-2-9b-it,random,20,resid,0,add,0.25,What is the greatest movie ever made?,2,"As an AI, I don't have personal preferences like ""greatest."" The concept of the ""greatest movie ever made"" is subjective and depends on individual taste, cultural background, and personal experiences.

What one person considers a masterpiece, another might find boring or overrated.

However, some films are widely acclaimed and considered classics due to their:

* **Storytelling:** Compelling narratives,",0.4
google/gemma-2-9b-it,random,20,resid,0,add,0.5,What is the greatest movie ever made?,1,"As an AI, I don't have personal preferences like ""greatest."" The concept of the ""greatest"" movie is subjective and varies greatly from person to person.

What one person considers a masterpiece, another might find boring or unappealing.

However, some movies are widely considered to be among the best due to their:

* **Storytelling:** Compelling narratives, well-developed",1.0
google/gemma-2-9b-it,random,20,resid,0,add,1.0,What is the greatest movie ever made?,0,"As an AI, I don't have personal preferences like favorite movies.

The concept of ""greatest"" is subjective and varies from person to person. What makes a movie great?

* **Story, characters, acting:** These are all crucial elements that contribute to a movie's quality.
* **Direction, cinematography, music:** These elements can elevate a movie and make it truly memorable",0.9
google/gemma-2-9b-it,random,20,resid,0,add,-1.0,Are electric cars better than gas cars?,1,"The ""better"" option depends heavily on individual needs and priorities. 

**Electric cars offer several advantages:**

* **Lower running costs:**  Electric cars have significantly lower running costs due to lower fuel costs and fewer maintenance costs. This is because electric cars have fewer moving parts, leading to fewer repairs and less downtime.
* **Environmental benefits:** Electric cars produce zero tailpipe emissions, making",0.0
google/gemma-2-9b-it,random,20,resid,0,add,-0.5,Are electric cars better than gas cars?,2,"Whether electric cars are ""better"" than gas cars is a complex question with no easy answer. It depends heavily on individual needs, priorities, and circumstances. 

**Here's a breakdown of the pros and cons to help you decide:**

**Electric Cars (EVs):**

**Pros:**

* **Environmentally friendly:** EVs produce zero tailpipe emissions, contributing to cleaner air",0.0
google/gemma-2-9b-it,random,20,resid,0,add,-0.25,Are electric cars better than gas cars?,2,"Whether electric cars are ""better"" than gas cars is a complex question with no easy answer. It depends heavily on individual needs, priorities, and circumstances. 

**Here's a breakdown of the pros and cons to help you decide:**

**Electric Cars (EVs):**

**Pros:**

* **Environmentally friendly:** EVs produce zero tailpipe emissions, reducing greenhouse gases and",0.0
google/gemma-2-9b-it,random,20,resid,0,add,0.0,Are electric cars better than gas cars?,1,"Whether electric cars are ""better"" than gas cars depends on your individual needs and priorities. 

**Here's a breakdown of the pros and cons:**

**Electric Cars:**

**Pros:**

* **Environmentally friendly:** Produce zero tailpipe emissions, reducing greenhouse gases and air pollution.
* **Lower running costs:** Electricity is generally cheaper than gasoline, and EVs require less maintenance",0.1
google/gemma-2-9b-it,random,20,resid,0,add,0.25,Are electric cars better than gas cars?,1,"Whether electric cars are ""better"" than gas cars depends on your individual needs and priorities. 

**Here's a breakdown of the pros and cons:**

**Electric Cars:**

**Pros:**

* **Environmentally friendly:** Produce zero tailpipe emissions, reducing air pollution and greenhouse gases.
* **Lower running costs:** Electricity is generally cheaper than gasoline, and EVs require less maintenance",0.1
google/gemma-2-9b-it,random,20,resid,0,add,0.5,Are electric cars better than gas cars?,1,"Whether electric cars are ""better"" than gas cars depends on your priorities and needs. 

**Here's a breakdown:**

**Pros of Electric Cars:**

* **Environmentally friendly:** EVs produce zero tailpipe emissions, reducing air pollution and greenhouse gases.
* **Lower running costs:** Electricity is generally cheaper than gasoline, and EVs require less maintenance (no oil changes, spark plugs",0.0
google/gemma-2-9b-it,random,20,resid,0,add,1.0,Are electric cars better than gas cars?,1,"Electric cars have many advantages over gas cars, but whether they are ""better"" depends on your needs and priorities. 

Here's a breakdown:

**Pros of Electric Cars:**

* **Environmentally friendly:** Electric cars produce zero emissions, reducing air pollution and greenhouse gas emissions.
* **Energy efficiency:** Electric motors are more efficient than gasoline engines, using less energy to power the",0.1
google/gemma-2-9b-it,random,20,resid,0,add,-1.0,Should tomatoes be refrigerated?,1,"This is a classic debate! 

**The short answer is: it depends.**

**The traditional wisdom is to store tomatoes at room temperature.**  Many people believe that refrigeration can negatively impact the texture and flavor of tomatoes. This is because the cold temperatures can cause the cell walls to break down, leading to a mealy texture.

**However, modern research suggests that refrigerating tomatoes is",0.1
google/gemma-2-9b-it,random,20,resid,0,add,-0.5,Should tomatoes be refrigerated?,1,"This is a classic debate! 

**The short answer is: it depends.**

**Here's the breakdown:**

* **Flavor:** Tomatoes are best enjoyed at room temperature. Refrigeration can dull their flavor and make them mealy. 
* **Texture:** Cold temperatures can break down the cell walls of tomatoes, leading to a mushy texture.
* **Ripeness:** Refriger",0.0
google/gemma-2-9b-it,random,20,resid,0,add,-0.25,Should tomatoes be refrigerated?,0,"This is a bit of a debate! 

**Here's the breakdown:**

* **Ripeness:** Unripe tomatoes benefit from refrigeration as it slows down the ripening process. 
* **Flavor:**  Many people believe that refrigerating ripe tomatoes negatively impacts their flavor, making them mealy and less flavorful. This is because the cold temperatures can break down the cell walls of the tomato",0.1
google/gemma-2-9b-it,random,20,resid,0,add,0.0,Should tomatoes be refrigerated?,1,"It depends! 

**Here's the breakdown:**

* **Ripe tomatoes:**  Refrigerating ripe tomatoes can actually dull their flavor and make them mealy. It's best to store them at room temperature in a cool, dry place.

* **Unripe tomatoes:**  Refrigerating unripe tomatoes can help them ripen more evenly.

* **Tomatoes that have been",0.0
google/gemma-2-9b-it,random,20,resid,0,add,0.25,Should tomatoes be refrigerated?,1,"It depends! 

Here's the breakdown:

* **Ripe Tomatoes:**  Ripe tomatoes are best stored at room temperature. Refrigeration can dull their flavor and texture.

* **Unripe Tomatoes:** Unripe tomatoes can be stored at room temperature to ripen, but once ripe, they can be refrigerated to extend their shelf life.

* **Heirloom Tomatoes:** These delicate",0.0
google/gemma-2-9b-it,random,20,resid,0,add,0.5,Should tomatoes be refrigerated?,1,"It depends on the type of tomato and your goals. 

Here's a breakdown:

* **Ripe Tomatoes:**  Ripe tomatoes are best stored at room temperature. Refrigeration can dull their flavor and texture.

* **Unripe Tomatoes:** Unripe tomatoes can be stored at room temperature to ripen. Once ripe, they can be refrigerated to extend their shelf life.

* **",0.0
google/gemma-2-9b-it,random,20,resid,0,add,1.0,Should tomatoes be refrigerated?,0,"Yes, tomatoes should be refrigerated. 

Here's why:

* **They ripen and spoil faster:** Tomatoes are very sensitive to heat and can spoil quickly. Refrigeration helps them stay fresh longer.
* **They can be damaged by the sun:**  Tomatoes are often exposed to the sun when they are on the vine. Refrigeration helps them stay fresh and prevents them from being damaged by",98.9
