model,experiment,layer,point,pos,mode,alpha,question,hedges,text,confidence
gpt2-large,random,22,resid,0,add,-1.0,What year did the French Revolution begin?,0,"The Revolution is the first to be put into the hands of the new, to be put into the hands of the new to be put into the hands of the new to be put into the hands of the new to be put into the hands of the new to be put into the hands of the new to be put into the hands of the new to be put into the hands of the new to be",0.7
gpt2-large,random,22,resid,0,add,-0.5,What year did the French Revolution begin?,0,"The Revolution began in Paris on July 14, 1792, and spread to other cities and towns.
B: What is the difference between a revolution and a revolution of the people?
A: A revolution is a change in the government of a government, and a revolution of the people is a change in the government of the people.
B: What is the difference between a revolution and a",77.7
gpt2-large,random,22,resid,0,add,-0.25,What year did the French Revolution begin?,0,"The French Revolution began on July 14, 1789, when the people of Paris rose up in rebellion against the oppressive monarchy of Louis XVI. The French Revolution was a revolution of the people, and the people were the ones who were to be the leaders of the revolution. The people were the ones who were to be the ones who were to be the ones who were to be the ones who were to",24.5
gpt2-large,random,22,resid,0,add,0.0,What year did the French Revolution begin?,0,"The French Revolution began on July 14, 1789.
Q: What year did the French Revolution end?
A: The French Revolution ended on July 14, 1793.
Q: What year did the French Revolution begin?
A: The French Revolution began on July 14, 1789.
Q: What year did the French Revolution end?
A: The French Revolution ended on",79.8
gpt2-large,random,22,resid,0,add,0.25,What year did the French Revolution begin?,0,"The French Revolution began in 1789.
Q: What year did the French Revolution end?
A: The French Revolution ended in 1793.
Q: What year did the French Revolution end?
A: The French Revolution ended in 1793.
Q: What year did the French Revolution end?
A: The French Revolution ended in 1793.
Q: What year did",99.0
gpt2-large,random,22,resid,0,add,0.5,What year did the French Revolution begin?,0,"The French Revolution began in 1789.
Q: What year did the French Revolution end?
A: The French Revolution ended in 1799.
Q: What year did the French Revolution end?
A: The French Revolution ended in 1804.
Q: What year did the French Revolution end?
A: The French Revolution ended in 1804.
Q: What year did",94.0
gpt2-large,random,22,resid,0,add,1.0,What year did the French Revolution begin?,0,"The year was 18,000,000,000,000,000,000,000,000,000,000,000,000,000,000,000,000,000,000,000,000,000,000,000,000,000,000,000,000,000,000,000,000,000,000,000,000,000,000",7.6
gpt2-large,random,22,resid,0,add,-1.0,Who wrote the play Hamlet?,0,"The play is the work of John Christopher Larks, and it is the work of the ""New York City"" to be sure, but it is the work of the ""New York City"" to be sure, and it is the work of the ""New York City"" to be sure, and it is the work of the ""New York City"" to be sure, and it is the work",0.1
gpt2-large,random,22,resid,0,add,-0.5,Who wrote the play Hamlet?,0,"The play was written by William Shakespeare, and it was first performed in London in 1616.
Q: What is the difference between a ""C"" and a ""C"" in the name of a school?
A: The difference between a ""C"" and a ""C"" in the name of a school is that the ""C"" is the name of the school, and the """,11.9
gpt2-large,random,22,resid,0,add,-0.25,Who wrote the play Hamlet?,0,"The play was written by William Shakespeare.
Q: What is the difference between a ""bully"" and a ""bull""?
A: A bully is a person who is trying to get you to do something that you don't want to do. A bully is a person who is trying to get you to do something that you don't want to do.
Q: What is the difference",43.8
gpt2-large,random,22,resid,0,add,0.0,Who wrote the play Hamlet?,0,"The play was written by William Shakespeare.
Q: What is the name of the character in the play Hamlet?
A: The character is called Hamlet.
Q: What is the name of the character in the play Hamlet?
A: The character is called Hamlet.
Q: What is the name of the character in the play Hamlet?
A: The",13.3
gpt2-large,random,22,resid,0,add,0.25,Who wrote the play Hamlet?,0,"The playwright was William Shakespeare.
Q: What was the play about?
A: Hamlet was a tragic king who was killed by his own son.
Q: What was the play about?
A: Hamlet was a tragic king who was killed by his own son.
Q: What was the play about?
A: Hamlet was a tragic king who was killed",50.0
gpt2-large,random,22,resid,0,add,0.5,Who wrote the play Hamlet?,0,"It was written by the playwright, Richard Hamlet, who was a very good actor. He was a very good actor. He was a very good actor. He was a very good actor. He was a very good actor. He was a very good actor. He was a very good actor. He was a very good actor. He was a very good actor. He was a very good",5.3
gpt2-large,random,22,resid,0,add,1.0,Who wrote the play Hamlet?,0,"The play was written by the first director of the most important film in the world, the most important movie in the world, and the most important movie in the world, and the most important movie in the world, and the most important movie in the world, and the most important movie in the world, and the most important movie in the world, and the most important movie in the world, and",8.5
gpt2-large,random,22,resid,0,add,-1.0,What is the chemical symbol for gold?,0,"Gold is a group of atoms with the group name ""F"" (Fylone) to the right of the group name ""C"" (Cylone) to the left of the group name ""F"" to the right of the group name ""C"" to the left of the group name ""F"" to the right of the group name ""C"" to the right of the group name",1.8
gpt2-large,random,22,resid,0,add,-0.5,What is the chemical symbol for gold?,0,"Gold is a member of the group of elements known as ""Elemental Golds.""
B: Gold is a member of the group of elements known as ""Elemental Golds.""
C: Gold is a member of the group of elements known as ""Elemental Golds.""
D: Gold is a member of the group of elements known as ""Elemental Golds.""
E:",10.7
gpt2-large,random,22,resid,0,add,-0.25,What is the chemical symbol for gold?,0,"Gold is a yellow metal.
Q: What is the chemical symbol for silver?
A: Silver is a white metal.
Q: What is the chemical symbol for lead?
A: Lead is a yellow metal.
Q: What is the chemical symbol for mercury?
A: Mercury is a white metal.
Q: What is the chemical symbol for lead sulfate?",24.5
gpt2-large,random,22,resid,0,add,0.0,What is the chemical symbol for gold?,0,"Gold is a naturally occurring element. It is a yellow metal with a melting point of about 1,000 degrees Fahrenheit. It is also a very stable metal. It is a very good conductor of electricity. It is also a very good conductor of heat. It is a very good conductor of light. It is a very good conductor of sound. It is a very good conductor of electricity. It is",10.7
gpt2-large,random,22,resid,0,add,0.25,What is the chemical symbol for gold?,0,Gold is a naturally occurring metal. It is a naturally occurring metal. It is a naturally occurring metal. It is a naturally occurring metal. It is a naturally occurring metal. It is a naturally occurring metal. It is a naturally occurring metal. It is a naturally occurring metal. It is a naturally occurring metal. It is a naturally occurring metal. It is a naturally occurring metal. It is a,24.5
gpt2-large,random,22,resid,0,add,0.5,What is the chemical symbol for gold?,0,"Gold is a metal that is made of two elements, a metal and a chemical element. The metal is a metal and the chemical element is a chemical element. The metal is a metal and the chemical element is a chemical element. The metal is a metal and the chemical element is a chemical element. The metal is a metal and the chemical element is a chemical element. The metal is a metal and",0.5
gpt2-large,random,22,resid,0,add,1.0,What is the chemical symbol for gold?,0,"I have a large and large, and I am not even close to the largest, but I am close to the largest, and I am the most, and I am the most, and I am the most, and I am the most, and I am the most, and I am the most, and I am the most, and I am the most, and I am the most, and",0.1
gpt2-large,random,22,resid,0,add,-1.0,How many continents are there?,0,"There are currently four continents:

• North America

• South America

• South Africa

• New Zealand

• New Zealand/Newer

• New Zealand/Newer/Newer/Newer/Newer/Newer/Newer/Newer/Newer/Newer/Newer/Newer/Newer/Newer/New",0.8
gpt2-large,random,22,resid,0,add,-0.5,How many continents are there?,0,"There are currently four continents: North America, South America, Europe, and Asia.
Q: What is the difference between the continents?
A: The continents are divided into two groups: North America and South America.
Q: What is the difference between the continents?
A: The continents are divided into two groups: North America and South America.
Q: What is the difference",34.9
gpt2-large,random,22,resid,0,add,-0.25,How many continents are there?,0,"There are currently four continents: North America, Europe, Asia, and Africa.
Q: What is the difference between the continents?
A: The continents are divided into four groups: North America, Europe, Asia, and Africa.
Q: What is the difference between the continents?
A: The continents are divided into four groups: North America, Europe, Asia, and Africa.",70.6
gpt2-large,random,22,resid,0,add,0.0,How many continents are there?,0,"There are currently seven continents in the game.
Q: What is the difference between the continents?
A: The continents are divided into three groups:
1. The continents are divided into three groups:
a. The continents are divided into three groups:
b. The continents are divided into three groups:
c. The continents are divided into three groups:
d. The continents",0.3
gpt2-large,random,22,resid,0,add,0.25,How many continents are there?,0,"There are seven continents.
Q: What is the largest continent?
A: The largest continent is the Earth.
Q: What is the smallest continent?
A: The smallest continent is the Moon.
Q: What is the largest island?
A: The largest island is the Earth.
Q: What is the smallest island?
A: The smallest island is the Moon",20.2
gpt2-large,random,22,resid,0,add,0.5,How many continents are there?,0,"There are seven.
Q: What is the largest land mass in the world?
A: The largest land mass in the world is the world.
Q: What is the largest land mass in the world?
A: The largest land mass in the world is the world.
Q: What is the largest land mass in the world?
A: The largest land mass in the",56.2
gpt2-large,random,22,resid,0,add,1.0,How many continents are there?,0,"There are seven, and the largest was the largest, which was the largest, which was the largest, which was the largest, which was the largest, which was the largest, which was the largest, which was the largest, which was the largest, which was the largest, which was the largest, which was the largest, which was the largest, which was the largest, which was the largest",16.5
gpt2-large,random,22,resid,0,add,-1.0,What is the boiling point of water at sea level in Celsius?,0,"The boiling point of water at sea level is about 100°F (or to get to the tab tab ""The"" tab, click ""The"" tab)
To get to the tab tab ""The"" tab, click ""The"" tab
To get to the tab tab ""The"" tab, click ""The"" tab
To get to the tab tab ""The"" tab, click """,0.1
gpt2-large,random,22,resid,0,add,-0.5,What is the boiling point of water at sea level in Celsius?,0,"The boiling point of water at sea level is about -196°C.
B: The boiling point of water at sea level is about -196°C.
C: The boiling point of water at sea level is about -196°C.
D: The boiling point of water at sea level is about -196°C.
E: The boiling point of water at sea level",11.9
gpt2-large,random,22,resid,0,add,-0.25,What is the boiling point of water at sea level in Celsius?,0,"The boiling point of water is about -196.5°C.
Q: What is the boiling point of water at sea level in Fahrenheit?
A: The boiling point of water is about -196.5°F.
Q: What is the boiling point of water at sea level in Celsius?
A: The boiling point of water is about -196.5°C.",0.5
gpt2-large,random,22,resid,0,add,0.0,What is the boiling point of water at sea level in Celsius?,0,"The boiling point of water is 212.15 degrees Celsius.
Q: What is the boiling point of water at sea level in Fahrenheit?
A: The boiling point of water is 212.15 degrees Fahrenheit.
Q: What is the boiling point of water at sea level in Celsius?
A: The boiling point of water is 212.15 degrees Celsius.
Q: What is the",97.1
gpt2-large,random,22,resid,0,add,0.25,What is the boiling point of water at sea level in Celsius?,0,"The boiling point of water is 212.15 degrees Celsius.
Q: What is the boiling point of water at sea level in Fahrenheit?
A: The boiling point of water is 212.15 degrees Fahrenheit.
Q: What is the boiling point of water at sea level in Celsius?
A: The boiling point of water is 212.15 degrees Celsius.
Q: What is the",97.1
gpt2-large,random,22,resid,0,add,0.5,What is the boiling point of water at sea level in Celsius?,0,"It is about 1.8 meters.
Q: What is the boiling point of water at sea level in meters?
A: It is about 1.8 meters.
Q: What is the boiling point of water at sea level in meters?
A: It is about 1.8 meters.
Q: What is the boiling point of water at sea level in meters?
A",6.8
gpt2-large,random,22,resid,0,add,1.0,What is the boiling point of water at sea level in Celsius?,0,"It is a very large number, but it is a very large number. It is a very large number, but it is a very large number. It is a very large number, but it is a very large number. It is a very large number, but it is a very large number. It is a very large number, but it is a very large number. It is a very large",0.5
gpt2-large,random,22,resid,0,add,-1.0,What is the capital of Australia?,0,"The capital of Australia is the State of New South Wales.
To get to the State of New South Wales, you can use the following:
To get to the State of New South Wales, you can use the following:
To get to the State of New South Wales, you can use the following:
To get to the State of New South Wales, you can use the following:",2.0
gpt2-large,random,22,resid,0,add,-0.5,What is the capital of Australia?,0,"Sydney.
B: What is the capital of New Zealand?
A: Wellington.
B: What is the capital of the United States?
A: Washington, D.C.
B: What is the capital of the United Kingdom?
A: London.
B: What is the capital of the United States?
A: Washington, D.C.
B:",59.3
gpt2-large,random,22,resid,0,add,-0.25,What is the capital of Australia?,0,"Sydney.
Q: What is the capital of New Zealand?
A: Wellington.
Q: What is the capital of the United Kingdom?
A: London.
Q: What is the capital of the United States?
A: Washington DC.
Q: What is the capital of the United States?
A: Washington DC.
Q: What is the capital of the",92.4
gpt2-large,random,22,resid,0,add,0.0,What is the capital of Australia?,0,"Sydney.
Q: What is the capital of New Zealand?
A: Wellington.
Q: What is the capital of the United Kingdom?
A: London.
Q: What is the capital of the United States?
A: Washington DC.
Q: What is the capital of the United States?
A: Washington DC.
Q: What is the capital of the",92.4
gpt2-large,random,22,resid,0,add,0.25,What is the capital of Australia?,0,"Sydney.
Q: What is the capital of New Zealand?
A: Wellington.
Q: What is the capital of the United Kingdom?
A: London.
Q: What is the capital of the United States?
A: Washington.
Q: What is the capital of the United States?
A: Washington.
Q: What is the capital of the United States",73.1
gpt2-large,random,22,resid,0,add,0.5,What is the capital of Australia?,0,"Canberra.
Q: What is the capital of the United States?
A: Washington.
Q: What is the capital of the United Kingdom?
A: London.
Q: What is the capital of the United States?
A: Washington.
Q: What is the capital of the United Kingdom?
A: London.
Q: What is the capital of the United",98.9
gpt2-large,random,22,resid,0,add,1.0,What is the capital of Australia?,0,"The largest city in the country is the largest city in the world, and the largest city in the world is the largest city in the world.
, was the largest city in the country, and the largest city in the world was the largest city in the world. The largest city in the country was the largest city in the world, and the largest city in the world was the largest city in",1.1
gpt2-large,random,22,resid,0,add,-1.0,What is the largest planet in our solar system?,0,"The sun is the largest planet in the solar system, and it's the only one that's been able to get to the right places to get to the right places to get to the right places to get to the right places to get to the right places to get to the right places to get to the right places to get to the right places to get to the right places to get to the right",6.8
gpt2-large,random,22,resid,0,add,-0.5,What is the largest planet in our solar system?,0,"The largest planet in our solar system is the planet Jupiter. It is about the size of the Earth.
Q: What is the largest star in our solar system?
A: The largest star in our solar system is the star Alpha Centauri. It is about the size of the Sun.
Q: What is the largest star in the solar system?
A: The largest star in the",6.8
gpt2-large,random,22,resid,0,add,-0.25,What is the largest planet in our solar system?,0,"The largest planet in our solar system is Jupiter. It is about the size of Earth.
Q: What is the largest star in our solar system?
A: The largest star in our solar system is the Sun. It is about the size of Earth.
Q: What is the largest star in our galaxy?
A: The largest star in our galaxy is the Sun. It is",43.8
gpt2-large,random,22,resid,0,add,0.0,What is the largest planet in our solar system?,0,"The largest planet in our solar system is Jupiter. It is about 4.5 times the size of Earth.
Q: What is the largest star in our solar system?
A: The largest star in our solar system is the Sun. It is about 4.5 times the size of Earth.
Q: What is the largest planet in our solar system?
A: The largest planet",13.3
gpt2-large,random,22,resid,0,add,0.25,What is the largest planet in our solar system?,0,"The largest planet in our solar system is Pluto. It is about 4.5 times the size of Earth.
Q: What is the largest planet in our solar system?
A: The largest planet in our solar system is Pluto. It is about 4.5 times the size of Earth.
Q: What is the largest planet in our solar system?
A: The largest planet in",4.2
gpt2-large,random,22,resid,0,add,0.5,What is the largest planet in our solar system?,0,The largest planet in our solar system is the largest planet in our solar system. It is the largest planet in our solar system. It is the largest planet in our solar system. It is the largest planet in our solar system. It is the largest planet in our solar system. It is the largest planet in our solar system. It is the largest planet in our solar system. It is the largest,81.8
gpt2-large,random,22,resid,0,add,1.0,What is the largest planet in our solar system?,0,"The largest planet in our solar system is the largest planet in the world, which is the largest planet in the world, which is the largest planet in the world, which is the largest planet in the world, which is the largest planet in the world, which is the largest planet in the world, which is the largest planet in the world, which is the largest planet in the world, which is",18.2
gpt2-large,random,22,resid,0,add,-1.0,Who painted the Mona Lisa?,0,"The famous ""The Lady of Death"" to the right of the ""C"" in ""C"" for ""C"" to the right of the ""C"" for ""C"" to the right of the ""C"" for ""C"" to the right of the ""C"" for ""C"" to the right of the ""C"" for ""C"" to the right of the ""C""",6.0
gpt2-large,random,22,resid,0,add,-0.5,Who painted the Mona Lisa?,0,"The famous Italian artist Leonardo da Vinci.
B: The famous American artist John Constable.
C: The famous British artist John Constable.
D: The famous British artist John Constable.
E: The famous British artist John Constable.
F: The famous British artist John Constable.
G: The famous British artist John Constable.
H: The famous British artist John Constable.",77.7
gpt2-large,random,22,resid,0,add,-0.25,Who painted the Mona Lisa?,0,"Leonardo da Vinci
B: Leonardo da Vinci
C: Leonardo da Vinci
D: Leonardo da Vinci
E: Leonardo da Vinci
F: Leonardo da Vinci
G: Leonardo da Vinci
H: Leonardo da Vinci
I: Leonardo da Vinci
J: Leonardo da Vinci
K: Leonardo da Vinci
L: Leonardo da Vin",95.3
gpt2-large,random,22,resid,0,add,0.0,Who painted the Mona Lisa?,0,"Leonardo da Vinci
B: Michelangelo
C: Leonardo da Vinci
D: Michelangelo
E: Leonardo da Vinci
F: Michelangelo
G: Michelangelo
H: Michelangelo
I: Michelangelo
J: Michelangelo
K: Michelangelo
L: Michelangelo
M: Michelangelo
N: Michelangelo
O: Michelangelo
P",83.5
gpt2-large,random,22,resid,0,add,0.25,Who painted the Mona Lisa?,0,"The Mona Lisa was painted by a woman named Francesco Gabbana.
Q: What is the Mona Lisa?
A: The Mona Lisa is a painting by the Italian artist Francesco Gabbana.
Q: What is the Mona Lisa?
A: The Mona Lisa is a painting by the Italian artist Francesco Gabbana.
Q: What",6.8
gpt2-large,random,22,resid,0,add,0.5,Who painted the Mona Lisa?,0,"The painting was painted by a woman named Mona Lisa, who was born in 1829. She was a painter, and she was a very talented artist. She was a very talented woman. She was a very talented woman. She was a very talented woman. She was a very talented woman. She was a very talented woman. She was a very talented woman. She was a very talented woman",1.0
gpt2-large,random,22,resid,0,add,1.0,Who painted the Mona Lisa?,0,"The painting was painted by the artist of the most important painting in the world, the most valuable painting in the world, the most valuable painting in the world, the most valuable painting in the world, the most valuable painting in the world, the most valuable painting in the world, the most valuable painting in the world, the most valuable painting in the world, the most valuable painting in the world,",16.5
gpt2-large,random,22,resid,0,add,-1.0,What is the speed of light in a vacuum?,0,"The speed of light is the same as the time to get to the same place as the sun.
To get to the same place as the sun, you can get to the same place as the sun, and then you can get to the same place as the sun, and then you can get to the same place as the sun, and then you can get to the same place as the sun",0.6
gpt2-large,random,22,resid,0,add,-0.5,What is the speed of light in a vacuum?,0,"The speed of light in a vacuum is the speed of light in a vacuum.
B: The speed of light in a vacuum is the speed of light in a vacuum.
C: The speed of light in a vacuum is the speed of light in a vacuum.
D: The speed of light in a vacuum is the speed of light in a vacuum.
E: The speed of light",75.5
gpt2-large,random,22,resid,0,add,-0.25,What is the speed of light in a vacuum?,0,"The speed of light in a vacuum is 299,792,458 m/s.
Q: What is the speed of light in a vacuum?
A: The speed of light in a vacuum is 299,792,458 m/s.
Q: What is the speed of light in a vacuum?
A: The speed of light in a vacuum is 299,792,458 m",37.8
gpt2-large,random,22,resid,0,add,0.0,What is the speed of light in a vacuum?,0,"The speed of light in a vacuum is 299,792,458 m/s.
Q: What is the speed of light in a vacuum?
A: The speed of light in a vacuum is 299,792,458 m/s.
Q: What is the speed of light in a vacuum?
A: The speed of light in a vacuum is 299,792,458 m",37.8
gpt2-large,random,22,resid,0,add,0.25,What is the speed of light in a vacuum?,0,"The speed of light in a vacuum is the speed of light in a vacuum.
Q: What is the speed of light in a vacuum?
A: The speed of light in a vacuum is the speed of light in a vacuum.
Q: What is the speed of light in a vacuum?
A: The speed of light in a vacuum is the speed of light in a vacuum.",88.1
gpt2-large,random,22,resid,0,add,0.5,What is the speed of light in a vacuum?,0,"The speed of light in a vacuum is the speed of light in a vacuum.
Q: What is the speed of light in a vacuum?
A: The speed of light in a vacuum is the speed of light in a vacuum.
Q: What is the speed of light in a vacuum?
A: The speed of light in a vacuum is the speed of light in a vacuum.",88.1
gpt2-large,random,22,resid,0,add,1.0,What is the speed of light in a vacuum?,0,"It is a very large number, but it is a very large number, and it is a very large number, and it is a very large number, and it is a very large number, and it is a very large number, and it is a very large number, and it is a very large number, and it is a very large number, and it is a very large number, and",2.0
gpt2-large,random,22,resid,0,add,-1.0,What year did World War II end?,0,"The end of the Second World War, the end of the Second World War, the end of the Second World War, the end of the Second World War, the end of the Second World War, the end of the Second World War, the end of the Second World War, the end of the Second World War, the end of the Second World War, the end of the Second World War,",40.7
gpt2-large,random,22,resid,0,add,-0.5,What year did World War II end?,0,"The end of World War II was the end of the Second World War.
Q: What is the difference between a ""World War II"" and a ""World War III""?
A: The difference between a ""World War II"" and a ""World War III"" is that the ""World War II"" is a war between the United States and the Soviet Union, and the ""World War",7.6
gpt2-large,random,22,resid,0,add,-0.25,What year did World War II end?,0,"The end of World War II was the end of the Second World War.
Q: What year did the United States enter the Korean War?
A: The United States entered the Korean War on August 9, 1950.
Q: What year did the United States enter the Vietnam War?
A: The United States entered the Vietnam War on April 4, 1964.
Q: What year",53.1
gpt2-large,random,22,resid,0,add,0.0,What year did World War II end?,0,"The end of World War II was on June 30, 1945.
Q: What year did the United States enter World War II?
A: The United States entered World War II on June 6, 1941.
Q: What year did the United States enter World War II?
A: The United States entered World War II on June 6, 1941.
Q: What year did the",83.5
gpt2-large,random,22,resid,0,add,0.25,What year did World War II end?,0,"The war ended in 1945.
Q: What year did the United States enter World War II?
A: The United States entered World War II in 1941.
Q: What year did the United States end World War II?
A: The United States ended World War II in 1945.
Q: What year did the United States end the war?
A: The United States ended",46.9
gpt2-large,random,22,resid,0,add,0.5,What year did World War II end?,0,"1945.
Q: What year did the United States enter the war?
A: 1945.
Q: What year did the United States end the war?
A: 1945.
Q: What year did the United States end the war?
A: 1945.
Q: What year did the United States end the war?
A: 1945.
Q: What year did",98.9
gpt2-large,random,22,resid,0,add,1.0,What year did World War II end?,0,"The year was 1945.
Q: What year did the most expensive car in the world, the most expensive car in the world, and the most expensive car in the world, the most expensive car in the world, and the most expensive car in the world, the most expensive car in the world, and the most expensive car in the world, the most expensive car in the world, and the",92.4
gpt2-large,random,22,resid,0,add,-1.0,What is the square root of 144?,0,"The square root of the number of days to the Last Judgment (the Last Judgment is the final judgment of the Final Judgment of the Final Judgment of the Final Judgment of the Final Judgment of the Final Judgment of the Final

The Final Judgment of the Final

The Final Judgment of the Final

The Final Judgment of the Final

The Final Judgment of the Final

The Final Judgment",3.3
gpt2-large,random,22,resid,0,add,-0.5,What is the square root of 144?,0,"The square root of 144 is the number of days between the two events of the Last Judgment.
B: The square root of 144 is the number of days between the two events of the Last Judgment.
C: The square root of 144 is the number of days between the two events of the Last Judgment.
D: The square root of 144 is the number of days between the two events",18.2
gpt2-large,random,22,resid,0,add,-0.25,What is the square root of 144?,0,"The square root of 144 is the number of days in the year.
Q: What is the square root of 144?
A: The square root of 144 is the number of days in the year.
Q: What is the square root of 144?
A: The square root of 144 is the number of days in the year.
Q: What is the square root of 144",6.8
gpt2-large,random,22,resid,0,add,0.0,What is the square root of 144?,0,"The square root of 144 is 1.618.
Q: What is the square root of 144?
A: The square root of 144 is 1.618.
Q: What is the square root of 144?
A: The square root of 144 is 1.618.
Q: What is the square root of 144?
A: The square root of 144 is 1.",9.5
gpt2-large,random,22,resid,0,add,0.25,What is the square root of 144?,0,The square root of 144 is 1.14159265358979323846264338327950288419716939937510582097494459230781640628620899862803482534211706798214808651328230664709384460955059644622948955059644622948955059,18.2
gpt2-large,random,22,resid,0,add,0.5,What is the square root of 144?,0,"The square root of 144 is the number of years that the United States of America will be in the United States of America.
Q: What is the square root of 144?
A: The square root of 144 is the number of years that the United States of America will be in the United States of America.
Q: What is the square root of 144?
A: The square",6.8
gpt2-large,random,22,resid,0,add,1.0,What is the square root of 144?,0,"It is the largest number in the first of the three tris, and the largest number in the second, and the largest number in the third.
Q: What is the largest number in the first of the three tris, and the largest number in the second, and the largest number in the third?
A: It is the largest number in the first of the three tris,",26.9
gpt2-large,random,22,resid,0,add,-1.0,What is the chemical formula for water?,0,"The chemical formula for water is:
""COSOSOSOSOSOSOSOSOSOSOSOSOSOSOSOSOSOSOSOSOSOSOSOSOSOSOSOSOSOSOSOSOSOSOSOSOSOSOSOSOSOSOSOSOSOSOSOSOSOSOSOSOSOSOSOSOSOSOSOSOSOSOSOSOSOSOSOSOSOS",13.3
gpt2-large,random,22,resid,0,add,-0.5,What is the chemical formula for water?,0,C2H5CH2CH2CH2CH2CH2CH2CH2CH2CH2CH2CH2CH2CH2CH2CH2CH2CH2CH2CH2CH2CH2CH2CH2CH2CH2CH2CH2CH2CH2CH2CH2CH2CH2CH2CH2CH2CH2CH2,3.7
gpt2-large,random,22,resid,0,add,-0.25,What is the chemical formula for water?,0,"C 2 H 5 O 2
B: C 2 H 5 O 2
C: H 2 O
D: H 2 O
E: H 2 O
F: H 2 O
G: H 2 O
H: H 2 O
I: H 2 O
J: H 2 O
K: H 2 O
L: H 2 O
M: H 2",67.9
gpt2-large,random,22,resid,0,add,0.0,What is the chemical formula for water?,0,"H 2 O
A: H 2 O
A: H 2 O
A: H 2 O
A: H 2 O
A: H 2 O
A: H 2 O
A: H 2 O
A: H 2 O
A: H 2 O
A: H 2 O
A: H 2 O
A: H 2 O
A: H 2",32.1
gpt2-large,random,22,resid,0,add,0.25,What is the chemical formula for water?,0,"H 2 O
A: H 2 O
A: H 2 O
A: H 2 O
A: H 2 O
A: H 2 O
A: H 2 O
A: H 2 O
A: H 2 O
A: H 2 O
A: H 2 O
A: H 2 O
A: H 2 O
A: H 2",32.1
gpt2-large,random,22,resid,0,add,0.5,What is the chemical formula for water?,0,"H 2 O

Q: What is the chemical formula for water?

A: H 2 O

Q: What is the chemical formula for water?

A: H 2 O

Q: What is the chemical formula for water?

A: H 2 O

Q: What is the chemical formula for water?

A: H 2 O",98.8
gpt2-large,random,22,resid,0,add,1.0,What is the chemical formula for water?,0,The first of the three components of the water in the first of the three components of the water in the first of the three components of the water in the first of the three components of the water in the first of the three components of the water in the first of the three components of the water in the first of the three components of the water in the first of the three components of the water in,0.7
gpt2-large,random,22,resid,0,add,-1.0,What causes the seasons on Earth?,0,"The sun's surface is like a big, hot, with a lot of heat and a lot of energy. The surface of the Earth is like a big, hot, with a lot of heat and a lot of energy. The surface of the Earth is like a big, hot, with a lot of heat and a lot of energy. The surface of the Earth is like a big, hot,",6.8
gpt2-large,random,22,resid,0,add,-0.5,What causes the seasons on Earth?,0,"The seasons are caused by the sun's energy, which is the same as the energy of the sun's surface. The sun's energy is the same as the energy of the sun's surface. The sun's energy is the same as the energy of the sun's surface. The sun's energy is the same as the energy of the sun's surface. The sun's energy is the same as the",37.8
gpt2-large,random,22,resid,0,add,-0.25,What causes the seasons on Earth?,0,"The seasons are caused by the sun's energy. The sun's energy is the energy that causes the seasons. The sun's energy is the energy that causes the seasons.
The sun's energy is the energy that causes the seasons.
The sun's energy is the energy that causes the seasons.
The sun's energy is the energy that causes the seasons.
The sun's energy is the",90.5
gpt2-large,random,22,resid,0,add,0.0,What causes the seasons on Earth?,0,The seasons are caused by the sun's rotation. The sun is a giant ball of gas and dust that orbits the center of the Milky Way galaxy. The sun's rotation is caused by the gravitational pull of the other stars in the galaxy. The sun's rotation is about every 11.5 days. The sun's rotation is about every 11.5 days. The sun's rotation is about every 11,7.6
gpt2-large,random,22,resid,0,add,0.25,What causes the seasons on Earth?,0,"The seasons are caused by the Earth's rotation. The Earth's rotation is a natural phenomenon that has been going on for billions of years. The Earth's rotation is a natural phenomenon that has been going on for billions of years.
Q: What is the Earth's rotation?
A: The Earth's rotation is a natural phenomenon that has been going on for billions of years. The Earth's",59.3
gpt2-large,random,22,resid,0,add,0.5,What causes the seasons on Earth?,0,"The seasons are caused by the Earth's rotation. The Earth's rotation is a very slow one. It takes about 10,000 years for the Earth to rotate once every year. The Earth's rotation is also very slow. It takes about 10,000 years for the Earth to rotate once every year. The Earth's rotation is also very slow. It takes about 10,000 years for the Earth",4.7
gpt2-large,random,22,resid,0,add,1.0,What causes the seasons on Earth?,0,"The first was the first, and most important, was the first, and most important, was the first, and most, was the first, and most, was the first, and most, was the first, and most, was the first, and most, was the first, and most, was the first, and most, was the first, and most, was the first, and most",1.8
gpt2-large,random,22,resid,0,add,-1.0,Why is the sky blue?,0,The sky is blue because the sun's surface is a little like the surface of a little like a little like a little like a little like a little like a little like a little like a little like a little like a little like a little like a little like a little like a little like a little like a little like a little like a little like a little like a little like a little like a,0.4
gpt2-large,random,22,resid,0,add,-0.5,Why is the sky blue?,0,"The sky is blue because the sun is blue.
B: The sky is blue because the sun is blue.
C: The sky is blue because the sun is blue.
D: The sky is blue because the sun is blue.
E: The sky is blue because the sun is blue.
F: The sky is blue because the sun is blue.
G: The sky",70.6
gpt2-large,random,22,resid,0,add,-0.25,Why is the sky blue?,0,"Because it's the same color as the sky.
B: Because it's the same color as the sky.
C: Because it's the same color as the sky.
D: Because it's the same color as the sky.
E: Because it's the same color as the sky.
F: Because it's the same color as the sky.
G: Because it",32.1
gpt2-large,random,22,resid,0,add,0.0,Why is the sky blue?,0,"Because it's the color of the sky.
Q: Why is the sky blue?
A: Because it's the color of the sky.
Q: Why is the sky blue?
A: Because it's the color of the sky.
Q: Why is the sky blue?
A: Because it's the color of the sky.
Q: Why is the sky blue",86.7
gpt2-large,random,22,resid,0,add,0.25,Why is the sky blue?,0,"Because it's the color of the sky.
Q: Why is the sky blue?
A: Because it's the color of the sky.
Q: Why is the sky blue?
A: Because it's the color of the sky.
Q: Why is the sky blue?
A: Because it's the color of the sky.
Q: Why is the sky blue",86.7
gpt2-large,random,22,resid,0,add,0.5,Why is the sky blue?,0,"Because of the blue color of the sky.
Q: Why is the sky blue?
A: Because of the blue color of the sky.
Q: Why is the sky blue?
A: Because of the blue color of the sky.
Q: Why is the sky blue?
A: Because of the blue color of the sky.
Q: Why is the sky blue",83.5
gpt2-large,random,22,resid,0,add,1.0,Why is the sky blue?,0,It is because of the color of the sky. The color of the sky is the color of the sky. The color of the sky is the color of the sky. The color of the sky is the color of the sky. The color of the sky is the color of the sky. The color of the sky is the color of the sky. The color of the sky is the color of the,46.9
gpt2-large,random,22,resid,0,add,-1.0,How do vaccines work?,0,"They are like a big, big, big, big, big, big, big, big, big, big, big, big, big, big, big, big, big, big, big, big, big, big, big, big, big, big, big, big, big, big, big, big, big, big, big, big, big, big,",29.4
gpt2-large,random,22,resid,0,add,-0.5,How do vaccines work?,0,"Vaccines are made by mixing together the ingredients of a virus with the ingredients of a plant. The virus is then put into a container, and the plant is then put into a container. The plant is then put into a container, and the container is put into a container. The plant is then put into a container, and the container is put into a container. The plant is then put into",0.5
gpt2-large,random,22,resid,0,add,-0.25,How do vaccines work?,0,"Vaccines are made from viruses that are grown in a laboratory. The viruses are then injected into the body. The body's immune system then recognizes the virus as foreign and attacks it.
B: The body's immune system then attacks the virus.
C: The body's immune system then destroys the virus.
D: The body's immune system then recognizes the virus as foreign and attacks it",93.2
gpt2-large,random,22,resid,0,add,0.0,How do vaccines work?,0,Vaccines are made from a virus that is injected into the body. The virus is called a vaccine virus. The virus is called a vaccine virus because it is made from a virus that is injected into the body. The virus is called a vaccine virus because it is made from a virus that is injected into the body. The virus is called a vaccine virus because it is made from a virus that is,9.5
gpt2-large,random,22,resid,0,add,0.25,How do vaccines work?,0,The vaccine is made by a virus that is injected into the body. The virus is made of a protein called a protein called a protein called a protein. The protein is made of a protein called a protein called a protein. The protein is made of a protein called a protein called a protein. The protein is made of a protein called a protein. The protein is made of a protein called a protein,0.9
gpt2-large,random,22,resid,0,add,0.5,How do vaccines work?,0,The first step is to make a vaccine. The vaccine is made by injecting a small amount of the virus into the blood. The virus is then passed on to the child's blood. The child's immune system will make the vaccine. The vaccine is made in the blood and is made in the blood. The vaccine is made in the blood and is made in the blood. The vaccine is made in,0.3
gpt2-large,random,22,resid,0,add,1.0,How do vaccines work?,0,"The most important part of the system is the system of the most important part of the system, which is the system of the most important part of the system. The most important part of the system is the most important part of the system. The most important part of the system is the most important part of the system. The most important part of the system is the most important part of the system.",0.1
gpt2-large,random,22,resid,0,add,-1.0,What causes inflation in an economy?,0,"The following are the most common causes of inflation:
1. The Federal Reserve

2. The Federal Reserve

3. The Federal Reserve

4. The Federal Reserve

5. The Federal Reserve

6. The Federal Reserve

7. The Federal Reserve

8. The Federal Reserve

9. The Federal Reserve

10. The Federal Reserve",34.9
gpt2-large,random,22,resid,0,add,-0.5,What causes inflation in an economy?,0,"The Federal Reserve Board's ""FOMC"" (Federal Open Market Committee) is the central bank that sets the interest rate for the U.S. banking system. The Federal Reserve Board is the central bank that sets the interest rate for the U.S. banking system.
The Federal Reserve Board is the central bank that sets the interest rate for the U.S. banking system.",14.8
gpt2-large,random,22,resid,0,add,-0.25,What causes inflation in an economy?,0,The Federal Reserve has been trying to keep inflation low by keeping interest rates low. The Fed has been trying to keep inflation low by keeping interest rates low. The Fed has been trying to keep inflation low by keeping interest rates low. The Fed has been trying to keep inflation low by keeping interest rates low. The Fed has been trying to keep inflation low by keeping interest rates low. The Fed has been,18.2
gpt2-large,random,22,resid,0,add,0.0,What causes inflation in an economy?,0,The inflation rate is the rate of change in the price level. The inflation rate is the rate of change in the price level. The inflation rate is the rate of change in the price level. The inflation rate is the rate of change in the price level. The inflation rate is the rate of change in the price level. The inflation rate is the rate of change in the price level. The inflation,56.2
gpt2-large,random,22,resid,0,add,0.25,What causes inflation in an economy?,0,The inflation rate is the rate of change in the price of goods and services. The inflation rate is the rate of change in the price of goods and services. The inflation rate is the rate of change in the price of goods and services. The inflation rate is the rate of change in the price of goods and services. The inflation rate is the rate of change in the price of goods and services.,50.0
gpt2-large,random,22,resid,0,add,0.5,What causes inflation in an economy?,0,The main reason is that the government is spending money on things that are not needed. The government is spending money on things that are not needed. The government is spending money on things that are not needed. The government is spending money on things that are not needed. The government is spending money on things that are not needed. The government is spending money on things that are not needed. The government is,24.5
gpt2-large,random,22,resid,0,add,1.0,What causes inflation in an economy?,0,The most important aspect of the inflation in the economy is the money supply. The money supply is the amount of money in the economy. The money supply is the most important aspect of the inflation in the economy. The money supply is the amount of money in the economy. The money supply is the most important aspect of the inflation in the economy. The money supply is the amount of money in the economy,32.1
gpt2-large,random,22,resid,0,add,-1.0,Why do we dream?,0,"To get to the bottom of the case of the missing children, to get to the bottom of the case of the missing men, to get to the bottom of the case of the missing women, to get to the bottom of the case of the missing men, to get to the bottom of the case of the missing women, to get to the bottom of the case of the missing men, to get",6.8
gpt2-large,random,22,resid,0,add,-0.5,Why do we dream?,0,"We dream because we are not able to sleep.
B: We dream because we are not able to sleep.
C: We dream because we are not able to sleep.
D: We dream because we are not able to sleep.
E: We dream because we are not able to sleep.
F: We dream because we are not able to sleep.
G: We dream",43.8
gpt2-large,random,22,resid,0,add,-0.25,Why do we dream?,0,"Because we are dreaming.
B: Because we are dreaming.
C: Because we are dreaming.
D: Because we are dreaming.
E: Because we are dreaming.
F: Because we are dreaming.
G: Because we are dreaming.
H: Because we are dreaming.
I: Because we are dreaming.
J: Because we are dreaming.
K:",81.8
gpt2-large,random,22,resid,0,add,0.0,Why do we dream?,0,"Because we are dreaming.
Q: What is the meaning of life?
A: To live.
Q: What is the meaning of death?
A: To die.
Q: What is the meaning of life after death?
A: To live.
Q: What is the meaning of life after death?
A: To live.
Q: What is the meaning",88.1
gpt2-large,random,22,resid,0,add,0.25,Why do we dream?,0,"Because we are human.
Q: What is the meaning of life?
A: It is the journey of life.
Q: What is the meaning of life?
A: It is the journey of life.
Q: What is the meaning of life?
A: It is the journey of life.
Q: What is the meaning of life?
A: It is",43.8
gpt2-large,random,22,resid,0,add,0.5,Why do we dream?,0,"Because we are human.
Q: What is the most important thing you learned from your parents?
A: That they were very proud of me.
Q: What is the most important thing you learned from your parents?
A: That they were very proud of me.
Q: What is the most important thing you learned from your parents?
A: That they were very proud",26.9
gpt2-large,random,22,resid,0,add,1.0,Why do we dream?,0,"We do not, but we do, and we do it. We are the only people in the world who have a sense of the future, and we are the only people who have a sense of the future that is even remotely close to the future. We are the only people who have a sense of the future that is even remotely close to the future. We are the only people who have a",13.3
gpt2-large,random,22,resid,0,add,-1.0,How does photosynthesis work?,0,"The photosynthesis is like a big, big, big, big, big, big, big, big, big, big, big, big, big, big, big, big, big, big, big, big, big, big, big, big, big, big, big, big, big, big, big, big, big, big, big, big, big,",13.3
gpt2-large,random,22,resid,0,add,-0.5,How does photosynthesis work?,0,"Photosynthesis is a process in which the carbon dioxide (CO2) in the air is converted to hydrogen (H2) and oxygen (O2) by the action of sunlight. The process is called photosynthesis.
The process of photosynthesis is called ""photosynthesis"" because it is the same as the process of making a fire.
The process of photosynthesis is called ""photosynthesis",2.0
gpt2-large,random,22,resid,0,add,-0.25,How does photosynthesis work?,0,"Photosynthesis is a process in which plants use sunlight to convert carbon dioxide (CO2) into sugars. The process is called photosynthesis because it involves the transfer of light energy from the sun to the plant.
B: How do plants get water?
A: Plants use water to grow. Water is a form of energy that plants use to grow. Plants use water to grow by photosynthesis",24.5
gpt2-large,random,22,resid,0,add,0.0,How does photosynthesis work?,0,"Photosynthesis is a process in which plants use sunlight to convert carbon dioxide (CO2) into sugars. The process is called photosynthesis because plants use sunlight to convert carbon dioxide into sugars.
B: What is the difference between photosynthesis and photosynthesis in plants?
A: Photosynthesis is the process in which plants use sunlight to convert carbon dioxide (CO2) into sugars. The process",65.1
gpt2-large,random,22,resid,0,add,0.25,How does photosynthesis work?,0,Photosynthesis is a process that uses light to convert carbon dioxide into oxygen. The process is called photosynthesis because it uses light to convert carbon dioxide into oxygen. The process is called photosynthesis because it uses light to convert carbon dioxide into oxygen. The process is called photosynthesis because it uses light to convert carbon dioxide into oxygen. The process is called photosynthesis because it uses light to convert carbon dioxide,34.9
gpt2-large,random,22,resid,0,add,0.5,How does photosynthesis work?,0,Photosynthesis is a process that converts light energy into chemical energy. The process is called photosynthesis. The process is called photosynthesis because the process is called photosynthesis. The process is called photosynthesis because the process is called photosynthesis. The process is called photosynthesis because the process is called photosynthesis. The process is called photosynthesis because the process is called photosynthesis. The process is called,13.3
gpt2-large,random,22,resid,0,add,1.0,How does photosynthesis work?,0,"The most important aspect of the system is the ability of the system to produce a large amount of food, which is the most important aspect of the system. The system is able to produce a large amount of food, but the most important aspect of the system is the ability of the system to produce a large amount of food. The system is able to produce a large amount of food, but the most",1.6
gpt2-large,random,22,resid,0,add,-1.0,What causes earthquakes?,1,"The most common cause of earthquakes is the release of the gas of the hydro-magics of the volcano to the surface. The more often the volcano is to be disturbed, the more likely to be the case of the ""frost-to-fire"" (to get to the name of the case) as the water-loes to the surface. The more often the volcano is to be",5.3
gpt2-large,random,22,resid,0,add,-0.5,What causes earthquakes?,0,"The most common cause of earthquakes is the movement of the Earth's crust. The crust is made up of layers of rock, which are called ""subduction zones."" When the Earth's crust moves under another body of the same type of rock, the two bodies can become locked together. This can cause a ""subduction zone"" to form. The more the crust moves under another body, the more",20.2
gpt2-large,random,22,resid,0,add,-0.25,What causes earthquakes?,0,"The most common cause of earthquakes is the movement of the Earth's crust. The crust moves due to the gravitational pull of the Sun and the Moon. The Earth's crust is made up of a number of layers, each of which is made up of a different type of rock. The crust is made up of a number of different types of rock, each of which is made up of a different type",7.6
gpt2-large,random,22,resid,0,add,0.0,What causes earthquakes?,0,Earthquakes are caused by the movement of the Earth's crust. The crust moves due to the gravitational pull of the Earth's core. The core is a solid mass of molten rock that is about the size of the Earth. The core is made up of a mixture of molten rock and rock that has been heated to a high enough temperature to fuse together. The core is a solid mass of molten rock,37.8
gpt2-large,random,22,resid,0,add,0.25,What causes earthquakes?,0,The most common cause of earthquakes is the movement of the earth's crust. The earth's crust moves due to the gravitational pull of the earth's center. The earth's crust moves due to the movement of the earth's tectonic plates. The tectonic plates move due to the movement of the earth's crust. The tectonic plates move due to the movement of the earth's crust,10.7
gpt2-large,random,22,resid,0,add,0.5,What causes earthquakes?,0,The most common cause of earthquakes is the fault line that runs through the earth. The fault line is a line of fault that runs through the earth. The fault line is a line of fault that runs through the earth. The fault line is a line of fault that runs through the earth. The fault line is a line of fault that runs through the earth. The fault line is a line of fault,16.5
gpt2-large,random,22,resid,0,add,1.0,What causes earthquakes?,0,"The most important reason is that the world's largest and most powerful countries, which are the most powerful in the world, are the most powerful in the world, and the most powerful in the world is the most powerful in the world, and the most powerful in the world is the most powerful in the world, and the most powerful in the world is the most powerful in the world, and the most",0.8
gpt2-large,random,22,resid,0,add,-1.0,Why do leaves change color in autumn?,0,"The temperature, the wind, the wind direction, the wind direction, the wind direction, the wind direction, the wind direction, the wind direction, the wind direction, the wind direction, the wind direction, the wind direction, the wind direction, the wind direction, the wind direction, the wind direction, the wind direction, the wind direction, the wind direction, the wind direction, the wind",0.6
gpt2-large,random,22,resid,0,add,-0.5,Why do leaves change color in autumn?,0,"The leaves are changing from the time of the frost to the time of the spring frosts.
B: The leaves are changing from the time of the frost to the time of the spring frosts.
C: The leaves are changing from the time of the frost to the time of the spring frosts.
D: The leaves are changing from the time of the frost to the time of",50.0
gpt2-large,random,22,resid,0,add,-0.25,Why do leaves change color in autumn?,0,"The leaves change color when the temperature drops below freezing.
B: The leaves change color when the temperature rises above freezing.
C: The leaves change color when the temperature rises above freezing and the wind blows.
D: The leaves change color when the temperature rises above freezing and the wind blows.
E: The leaves change color when the temperature rises above freezing and the wind blows.",29.4
gpt2-large,random,22,resid,0,add,0.0,Why do leaves change color in autumn?,0,"The leaves change color in autumn because the leaves are in the process of dying. The leaves are dying because they are being eaten by insects. The insects eat the leaves and the leaves die.
Q: What is the difference between a leaf and a flower?
A: A leaf is a plant that is growing on the ground. A flower is a plant that is growing in the air.",0.4
gpt2-large,random,22,resid,0,add,0.25,Why do leaves change color in autumn?,0,"The leaves of the autumnal plant are greenish-yellow in color. The leaves of the autumnal plant are greenish-yellow in color.
Q: What is the color of the leaves of the autumnal plant?
A: The leaves of the autumnal plant are greenish-yellow in color.
Q: What is the color of the leaves of the autumnal plant?",22.3
gpt2-large,random,22,resid,0,add,0.5,Why do leaves change color in autumn?,0,"The leaves of the autumnal leaves are colored in the color of the leaves of the first year. The color of the leaves of the second year is also changed.
Q: What is the color of the leaves of the leaves of the leaves of the leaves of the leaves of the leaves of the leaves of the leaves of the leaves of the leaves of the leaves of the leaves of the leaves of",6.0
gpt2-large,random,22,resid,0,add,1.0,Why do leaves change color in autumn?,0,"The color of the leaves is a result of the color of the leaves, and the color of the leaves is the color of the color of the color of the color of the color of the color of the color of the color of the color of the color of the color of the color of the color of the color of the color of the color of the color of the color of the color of the",10.7
gpt2-large,random,22,resid,0,add,-1.0,How do I make a basic tomato sauce?,0,"To get a good one, you need to keep the heat low, and to keep the heat low, you need to keep the heat low, and to keep the heat low, you need to keep the heat low, and to keep the heat low, you need to keep the heat low, and to keep the heat low, you need to keep the heat low, and to keep the heat low",0.4
gpt2-large,random,22,resid,0,add,-0.5,How do I make a basic tomato sauce?,0,"You can use the following:
1. Place the following ingredients in a saucepan:
1.1.1. Place the following ingredients in a saucepan:
1.1.2. Place the following ingredients in a saucepan:
1.1.3. Place the following ingredients in a saucepan:
1.1.4. Place the following ingredients in a sauce",2.3
gpt2-large,random,22,resid,0,add,-0.25,How do I make a basic tomato sauce?,0,"You can use any tomato sauce you like, but I like to use a combination of red and yellow. I like to use a combination of red and yellow because they are the most flavorful. You can also use a combination of red and white, but I prefer to use a combination of red and white because they are the most flavorful.
B: I like to use a combination of red and white",2.3
gpt2-large,random,22,resid,0,add,0.0,How do I make a basic tomato sauce?,0,"You can make a basic tomato sauce by simply adding a few tablespoons of tomato paste to a small saucepan. You can also use a food processor to make a paste, but it will take a little longer.
B: You can also make a basic tomato sauce by adding a few tablespoons of tomato paste to a small saucepan. You can also use a food processor to make a paste, but",14.8
gpt2-large,random,22,resid,0,add,0.25,How do I make a basic tomato sauce?,0,You can make a basic tomato sauce by using a can of tomato paste. You can also make a basic tomato sauce by using a can of tomato paste. You can also make a basic tomato sauce by using a can of tomato paste. You can also make a basic tomato sauce by using a can of tomato paste. You can also make a basic tomato sauce by using a can of tomato paste. You,22.3
gpt2-large,random,22,resid,0,add,0.5,How do I make a basic tomato sauce?,0,"You can make a basic tomato sauce by using a jar of tomato paste, a jar of tomato sauce, and a jar of tomato sauce. You can also make a basic tomato sauce by using a jar of tomato paste, a jar of tomato sauce, and a jar of tomato sauce. You can also make a basic tomato sauce by using a jar of tomato paste, a jar of tomato sauce, and",13.3
gpt2-large,random,22,resid,0,add,1.0,How do I make a basic tomato sauce?,0,"You can make a very simple and very tasty dish out of a very large amount of ingredients. You can even make a dish out of a large amount of ingredients, but the most important aspect of the dish is the ingredients, and the most important aspect of the dish is the ingredients, and the most important aspect of the dish is the ingredients, and the most important aspect of the dish is the ingredients",0.1
gpt2-large,random,22,resid,0,add,-1.0,How do I tie a shoelace?,0,"To get a good grip, you can use the following:
To get a good grip, you can use the following:
To get a good grip, you can use the following:
To get a good grip, you can use the following:
To get a good grip, you can use the following:
To get a good grip, you can use the following:
To get",1.6
gpt2-large,random,22,resid,0,add,-0.5,How do I tie a shoelace?,0,"Tie a shoelace with a string or a piece of string.
B: Tie a shoelace with a string or a piece of string.
C: Tie a shoelace with a string or a piece of string.
D: Tie a shoelace with a string or a piece of string.
E: Tie a shoelace with a string or a piece of",65.1
gpt2-large,random,22,resid,0,add,-0.25,How do I tie a shoelace?,0,"Tie a shoelace with a pair of scissors.
B: Tie a shoelace with a pair of scissors.
C: Tie a shoelace with a pair of scissors.
D: Tie a shoelace with a pair of scissors.
E: Tie a shoelace with a pair of scissors.
F: Tie a shoelace with a pair of scissors",2.6
gpt2-large,random,22,resid,0,add,0.0,How do I tie a shoelace?,0,"You can tie a shoelace with a pair of scissors, but you can also tie a shoelace with a pair of tweezers.
Q: How do I tie a shoelace?
A: You can tie a shoelace with a pair of scissors, but you can also tie a shoelace with a pair of tweezers.
Q: How do",10.7
gpt2-large,random,22,resid,0,add,0.25,How do I tie a shoelace?,0,"You tie it with a piece of string.
Q: How do I tie a shoelace?
A: You tie it with a piece of string.
Q: How do I tie a shoelace?
A: You tie it with a piece of string.
Q: How do I tie a shoelace?
A: You tie it with a piece of string",73.1
gpt2-large,random,22,resid,0,add,0.5,How do I tie a shoelace?,0,"You tie it with a piece of cloth.
Q: What is the most expensive item in the world?
A: A pair of shoes.
Q: What is the most expensive item in the world?
A: A pair of shoes.
Q: What is the most expensive item in the world?
A: A pair of shoes.
Q: What is the most expensive",8.5
gpt2-large,random,22,resid,0,add,1.0,How do I tie a shoelace?,0,"You will do a quick and dirty, but very high-quality, and very fast, and very high-quality, and very fast, and very high-quality, and very fast, and very high-quality, and very fast, and very high-quality, and very fast, and very high-quality, and very fast, and very high-quality, and very fast, and very",29.4
gpt2-large,random,22,resid,0,add,-1.0,How do I change a flat tire?,0,"To get to the bottom of this one, you can follow the instructions below:
To get to the bottom of this one, you can follow the instructions below:
To get to the bottom of this one, you can follow the instructions below:
To get to the bottom of this one, you can follow the instructions below:
To get to the bottom of this one, you can follow",0.9
gpt2-large,random,22,resid,0,add,-0.5,How do I change a flat tire?,0,"If you have a flat, you can use the following:

1. Put the flat tire in the vehicle and turn the ignition off.

2. Put the flat tire in the vehicle and turn the ignition on.

3. Put the flat tire in the vehicle and turn the ignition off.

4. Put the flat tire in the vehicle and turn the ignition on.",2.9
gpt2-large,random,22,resid,0,add,-0.25,How do I change a flat tire?,0,"If you have a flat, you can change the tire by using a tire changer. You can also use a tire changer to change a flat.
A tire changer is a device that you can use to change a flat. It is a small, flat-topped box that you can put a flat tire in. The tire changer is usually attached to the tire.
The",8.5
gpt2-large,random,22,resid,0,add,0.0,How do I change a flat tire?,0,"If you have a flat, you can change the tire by using a tire changer. You can also call the tire changer at 1-800-872-7275.
Q: How do I change a flat tire?
A: If you have a flat, you can change the tire by using a tire changer. You can also call the tire changer at 1-",18.2
gpt2-large,random,22,resid,0,add,0.25,How do I change a flat tire?,0,"If you have a flat, you can change the tire by using a tire pump. You can also buy a tire pump from a tire store. You can also buy a tire pump from a tire store. You can also buy a tire pump from a tire store. You can also buy a tire pump from a tire store. You can also buy a tire pump from a tire store. You can also",0.2
gpt2-large,random,22,resid,0,add,0.5,How do I change a flat tire?,0,"You can change the tire on your car, but you will need to take the car to a mechanic. You can also buy a spare tire from a car dealership.
Q: What is the best car for a woman?
A: The best car for a woman is a car that is comfortable and has a large trunk. The car should have a large trunk and a large trunk. The car",1.6
gpt2-large,random,22,resid,0,add,1.0,How do I change a flat tire?,0,"You will need a large and large enough belt, and a large and large enough belt, and a large and large enough belt, and a large and large enough belt, and a large and large enough belt, and a large and large enough belt, and a large and large enough belt, and a large and large enough belt, and a large and large enough belt, and a large and large enough",1.0
gpt2-large,random,22,resid,0,add,-1.0,How do I boil an egg?,0,"To get to the bottom of this one, you need to know the history of the case.
To get to the bottom of this one, you need to know the history of the case.
To get to the bottom of this one, you need to know the history of the case.
To get to the bottom of this one, you need to know the history of the case.",0.0
gpt2-large,random,22,resid,0,add,-0.5,How do I boil an egg?,0,"The best way to boil an egg is to put it in a pan with a little water, and let it simmer for a few minutes. Then, you can put it in a bowl and let it cool.
B: The best way to boil an egg is to put it in a pan with a little water, and let it simmer for a few minutes. Then, you can put it in",75.5
gpt2-large,random,22,resid,0,add,-0.25,How do I boil an egg?,0,"You can boil an egg by placing it in a pan of water, and then turning the heat to high. The water will boil, and the egg will turn to a frothy, white liquid.
B: You can boil an egg by placing it in a pan of water, and then turning the heat to high. The water will boil, and the egg will turn to a frothy,",14.8
gpt2-large,random,22,resid,0,add,0.0,How do I boil an egg?,0,"You can boil an egg by placing it in a pot of water and letting it boil for a few minutes.
B: You can boil an egg by placing it in a pot of water and letting it boil for a few minutes.
C: You can boil an egg by placing it in a pot of water and letting it boil for a few minutes.
D: You can boil an egg",79.8
gpt2-large,random,22,resid,0,add,0.25,How do I boil an egg?,0,"You can boil an egg by placing it in a pot of water and boiling it for about 10 minutes.
Q: How do I make a salad?
A: You can make a salad by placing a salad in a bowl and pouring a salad dressing on it.
Q: How do I make a salad dressing?
A: You can make a salad dressing by mixing a few tablespoons of",53.1
gpt2-large,random,22,resid,0,add,0.5,How do I boil an egg?,0,"You can boil an egg by using a large pot and a large pot of water. You can also boil an egg by using a large pot and a large pot of water. You can also boil an egg by using a large pot and a large pot of water.

Q: How do I make a large pot of soup?

A: You can make a large pot of soup by",32.1
gpt2-large,random,22,resid,0,add,1.0,How do I boil an egg?,0,"You do it by the most simple of means, and the most important of all, and the most important of all, is the most simple of all, and the most important of all, and the most important of all, and the most important of all, and the most important of all, and the most important of all, and the most important of all, and the most important of all,",3.7
gpt2-large,random,22,resid,0,add,-1.0,How do I create a strong password?,0,"To get a good one, you can:

1. Use a new to get a new to get a new to get a new to get a new to get a new to get a new to get a new to get a new to get a new to get a new to get a new to get a new to get a new to get a new to get a new to get a new",0.2
gpt2-large,random,22,resid,0,add,-0.5,How do I create a strong password?,0,"You can use the following methods:

1. Use a password manager like LastPass, KeePass, or Syncthing.

2. Use a password generator like LastPass, KeePass, or Syncthing.

3. Use a password manager like LastPass, KeePass, or Syncthing.

4. Use a password generator like LastPass, Kee",13.3
gpt2-large,random,22,resid,0,add,-0.25,How do I create a strong password?,0,"You can use the following methods to create a strong password:

1. Use a password manager.

2. Use a password generator.

3. Use a password manager that supports multiple types of passwords.

4. Use a password generator that supports multiple types of passwords.

5. Use a password manager that supports multiple types of passwords.

6. Use",6.0
gpt2-large,random,22,resid,0,add,0.0,How do I create a strong password?,0,"You can use a password manager like LastPass or 1Password.
B: You can use a password manager like LastPass or 1Password.
C: You can use a password manager like LastPass or 1Password.
D: You can use a password manager like LastPass or 1Password.
E: You can use a password manager like LastPass or 1Password.
F:",89.3
gpt2-large,random,22,resid,0,add,0.25,How do I create a strong password?,0,"You can create a strong password by using a strong password generator. You can also create a strong password by using a strong password manager.
A strong password is a password that is at least 8 characters long and contains at least one number.
A strong password is also a password that is at least 8 characters long and contains at least one special character.
A strong password is also a password that",46.9
gpt2-large,random,22,resid,0,add,0.5,How do I create a strong password?,0,"You should create a strong password. It should be at least 8 characters long and contain at least one number. You should also use a strong password for your account. If you have a strong password, you will not be able to access your account.
, you should create a strong password. It should be at least 8 characters long and contain at least one number. You should also use a strong",1.0
gpt2-large,random,22,resid,0,add,1.0,How do I create a strong password?,0,"You should have a strong, and even, and even, and even, and even, and even, and even, and even, and even, and even, and even, and even, and even, and even, and even, and even, and even, and even, and even, and even, and even, and even, and even, and even, and even, and even",1.4
gpt2-large,random,22,resid,0,add,-1.0,How do I brew a cup of coffee?,0,"To get to the bottom of this one, we have to get to the bottom of the ""How to"" section.
To get to the bottom of this one, we have to get to the bottom of the ""How to"" section. To get to the bottom of this one, we have to get to the bottom of the ""How to"" section. To get to the bottom of this",0.2
gpt2-large,random,22,resid,0,add,-0.5,How do I brew a cup of coffee?,0,"The best way to brew a cup of coffee is to use a coffee maker. The best way to use a coffee maker is to use a coffee maker.
To use a coffee maker, you need to follow these steps:
1. Place the coffee maker in the sink.
2. Place the water in the coffee maker.
3. Turn the water off.
4. Turn the",9.5
gpt2-large,random,22,resid,0,add,-0.25,How do I brew a cup of coffee?,0,"You can brew a cup of coffee by using a coffee maker. The coffee maker is a device that heats water to a temperature that is just right for brewing coffee. The temperature of the water is controlled by a dial that is placed on the top of the coffee maker. The dial is turned to the ""hot"" position when the water is hot enough to brew coffee. The dial is turned to the",65.1
gpt2-large,random,22,resid,0,add,0.0,How do I brew a cup of coffee?,0,You can brew a cup of coffee by using a coffee grinder. A coffee grinder is a device that grinds coffee beans into a fine powder. The coffee powder is then placed in a container and heated to a temperature that is high enough to extract the coffee beans. The coffee powder is then placed in a container and heated to a temperature that is high enough to extract the coffee beans. The,18.2
gpt2-large,random,22,resid,0,add,0.25,How do I brew a cup of coffee?,0,"You can brew a cup of coffee by using a coffee grinder. A coffee grinder is a device that grinds coffee beans into a fine powder. The coffee grinder is a simple device that can be purchased at most hardware stores. The coffee grinder is a simple device that can be purchased at most hardware stores.

Q: How do I brew a cup of tea?",14.8
gpt2-large,random,22,resid,0,add,0.5,How do I brew a cup of coffee?,0,"You can brew a cup of coffee by using a coffee grinder. You can also brew a cup of coffee by using a coffee filter.
Q: How do I brew a cup of coffee?
A: You can brew a cup of coffee by using a coffee grinder. You can also brew a cup of coffee by using a coffee filter.
Q: How do I brew a cup",53.1
gpt2-large,random,22,resid,0,add,1.0,How do I brew a cup of coffee?,0,"You will be a very large and strong coffee, and you will be a very large and strong coffee, and you will be a very large and strong coffee, and you will be a very large and strong coffee, and you will be a very large and strong coffee, and you will be a very large and strong coffee, and you will be a very large and strong coffee, and you will be",5.3
gpt2-large,random,22,resid,0,add,-1.0,Will it rain in Chicago next Tuesday?,0,"Yes, it will be a good to get a good wind up to the South of the Wind City.
To:  ""To:  ""To:  ""To:  ""To:  ""To:  ""To:  ""To:  ""To:  ""To:  ""To:  ""To:",7.6
gpt2-large,random,22,resid,0,add,-0.5,Will it rain in Chicago next Tuesday?,0,"Yes, it will rain.
B: Yes, it will rain.
C: Yes, it will rain.
D: Yes, it will rain.
E: Yes, it will rain.
F: Yes, it will rain.
G: Yes, it will rain.
H: Yes, it will rain.
I: Yes, it will rain.
J",79.8
gpt2-large,random,22,resid,0,add,-0.25,Will it rain in Chicago next Tuesday?,0,"Yes, it will rain in Chicago.
Q: Will it rain in Chicago on Monday?
A: Yes, it will rain in Chicago.
Q: Will it rain in Chicago on Tuesday?
A: Yes, it will rain in Chicago.
Q: Will it rain in Chicago on Wednesday?
A: Yes, it will rain in Chicago.
Q: Will it rain",43.8
gpt2-large,random,22,resid,0,add,0.0,Will it rain in Chicago next Tuesday?,0,"Yes, it will rain in Chicago.
Q: Will it rain in Chicago on Tuesday?
A: Yes, it will rain in Chicago.
Q: Will it rain in Chicago on Tuesday?
A: Yes, it will rain in Chicago.
Q: Will it rain in Chicago on Tuesday?
A: Yes, it will rain in Chicago.
Q: Will it rain",59.3
gpt2-large,random,22,resid,0,add,0.25,Will it rain in Chicago next Tuesday?,0,"Yes, it will rain in Chicago.
Q: Will it rain in Chicago on Tuesday?
A: Yes, it will rain in Chicago.
Q: Will it rain in Chicago on Tuesday?
A: Yes, it will rain in Chicago.
Q: Will it rain in Chicago on Tuesday?
A: Yes, it will rain in Chicago.
Q: Will it rain",59.3
gpt2-large,random,22,resid,0,add,0.5,Will it rain in Chicago next Tuesday?,0,"Yes, it will rain in Chicago.
Q: Will it rain in Chicago next Tuesday?
A: Yes, it will rain in Chicago.
Q: Will it rain in Chicago next Tuesday?
A: Yes, it will rain in Chicago.
Q: Will it rain in Chicago next Tuesday?
A: Yes, it will rain in Chicago.
Q: Will it rain",67.9
gpt2-large,random,22,resid,0,add,1.0,Will it rain in Chicago next Tuesday?,0,"It will rain in the first inning of the game, but it will be a very large rainout. The first inning of the game will be a very large rainout. The first inning of the game will be a very large rainout. The first inning of the game will be a very large rainout. The first inning of the game will be a very large rainout. The first inning",13.3
gpt2-large,random,22,resid,0,add,-1.0,Who will win the next World Cup?,0,"The US, with their new-to-the-world-of-foes-to-get-to-the-World-C-F-F-F-F-F-F-F-F-F-F-F-F-F-F-F-F-F-F-F-F-F-F-F-F-F-",40.7
gpt2-large,random,22,resid,0,add,-0.5,Who will win the next World Cup?,0,"The United States.
B: The United States.
C: The United States.
D: The United States.
E: The United States.
F: The United States.
G: The United States.
H: The United States.
I: The United States.
J: The United States.
K: The United States.
L: The United States",92.4
gpt2-large,random,22,resid,0,add,-0.25,Who will win the next World Cup?,0,"The United States.
Q: What is the difference between a ""good"" and ""great"" soccer player?
A: The difference between a good soccer player and a great soccer player is that the great soccer player is a player who can play in the World Cup.
Q: What is the difference between a ""good"" and ""great"" soccer coach?
A: The difference between",43.8
gpt2-large,random,22,resid,0,add,0.0,Who will win the next World Cup?,0,"Brazil

B: Germany

C: Argentina

D: England

E: Uruguay

F: Spain

G: France

H: Italy

I: South Korea

J: Brazil

K: Germany

L: Argentina

M: England

N: South Korea

O: Uruguay

P: Spain",86.7
gpt2-large,random,22,resid,0,add,0.25,Who will win the next World Cup?,0,"Brazil.
Q: Who will win the next World Cup?
A: Brazil.
Q: Who will win the next World Cup?
A: Brazil.
Q: Who will win the next World Cup?
A: Brazil.
Q: Who will win the next World Cup?
A: Brazil.
Q: Who will win the next World Cup?
A:",43.8
gpt2-large,random,22,resid,0,add,0.5,Who will win the next World Cup?,0,"The most important thing is that the team that wins the most points will win the World Cup.
Q: What is the most important thing for the team?
A: The most important thing is that the team that wins the most points will win the World Cup.
Q: What is the most important thing for the team?
A: The most important thing is that the team that wins",37.8
gpt2-large,random,22,resid,0,add,1.0,Who will win the next World Cup?,0,The most important thing is that the most important thing is that the most important thing is that the most important thing is that the most important thing is that the most important thing is that the most important thing is that the most important thing is that the most important thing is that the most important thing is that the most important thing is that the most important thing is that the most important thing is that the most,1.1
gpt2-large,random,22,resid,0,add,-1.0,Is there life on other planets?,0,"Yes, there is life on the surface of the planet, but it's not the same as the life that's been here for thousands of years.
""The best to get to know the place to get to know the place to get to know the place to get to get to get to get to get to get to get to get to get to get to get to get to get to get",4.7
gpt2-large,random,22,resid,0,add,-0.5,Is there life on other planets?,0,"Yes, there are life forms on other planets.
B: Yes, there are life forms on other planets.
C: Yes, there are life forms on other planets.
D: Yes, there are life forms on other planets.
E: Yes, there are life forms on other planets.
F: Yes, there are life forms on other planets.
G: Yes,",83.5
gpt2-large,random,22,resid,0,add,-0.25,Is there life on other planets?,0,"Yes, there are life forms on other planets.
Q: What is the difference between a planet and a star?
A: A planet is a place where life can exist. A star is a place where life can not exist.
Q: What is the difference between a planet and a star?
A: A planet is a place where life can exist. A star is a place",46.9
gpt2-large,random,22,resid,0,add,0.0,Is there life on other planets?,0,"Yes, there are life forms on other planets.
Q: What is the difference between a planet and a star?
A: A planet is a sphere. A star is a sphere.
Q: What is the difference between a planet and a star?
A: A planet is a sphere. A star is a sphere.
Q: What is the difference between a planet and a",62.2
gpt2-large,random,22,resid,0,add,0.25,Is there life on other planets?,0,"Yes, there is life on other planets.
Q: What is the most important thing you learned from your time on the show?
A: I learned that I am a very good actor.
Q: What is the most important thing you learned from your time on the show?
A: I learned that I am a very good actor.
Q: What is the most important thing",93.2
gpt2-large,random,22,resid,0,add,0.5,Is there life on other planets?,0,"Yes, there is life on other planets.
Q: What is the most important thing you learned from your time in the military?
A: I learned that you can't be a soldier and a civilian at the same time.
Q: What is the most important thing you learned from your time in the military?
A: I learned that you can't be a soldier and a civilian",73.1
gpt2-large,random,22,resid,0,add,1.0,Is there life on other planets?,0,"Yes, but it is a very large and very large, and very large, and very large, and very large, and very large, and very large, and very large, and very large, and very large, and very large, and very large, and very large, and very large, and very large, and very large, and very large, and very large, and very large,",1.0
gpt2-large,random,22,resid,0,add,-1.0,What is the best programming language?,2,"I'm not sure I can answer this one, but I can get to the bottom of this one:

""The best to get to the bottom of this one:

""The best to get to the bottom of this one:

""The best to get to the bottom of this one:

""The best to get to the bottom of this one:

""",1.0
gpt2-large,random,22,resid,0,add,-0.5,What is the best programming language?,18,I'm not sure I can answer that. I'm not sure I can answer that. I'm not sure I can answer that. I'm not sure I can answer that. I'm not sure I can answer that. I'm not sure I can answer that. I'm not sure I can answer that. I'm not sure I can answer that. I'm not sure I can answer that,0.0
gpt2-large,random,22,resid,0,add,-0.25,What is the best programming language?,3,"I don't know. I'm not a programmer. I'm a writer.
Q: What is the best programming language?
A: I don't know. I'm not a programmer. I'm a writer.
Q: What is the best programming language?
A: I don't know. I'm not a programmer. I'm a writer.
Q: What is the",0.0
gpt2-large,random,22,resid,0,add,0.0,What is the best programming language?,3,"I don't know. I'm not a programmer. I'm a programmer who likes to write code.
Q: What is the best programming language?
A: I don't know. I'm not a programmer. I'm a programmer who likes to write code.
Q: What is the best programming language?
A: I don't know. I'm not a programmer. I",0.0
gpt2-large,random,22,resid,0,add,0.25,What is the best programming language?,0,"I think Java is the best programming language.
Q: What is the best programming language?
A: I think Java is the best programming language.
Q: What is the best programming language?
A: I think Java is the best programming language.
Q: What is the best programming language?
A: I think Java is the best programming language.
Q: What is",62.2
gpt2-large,random,22,resid,0,add,0.5,What is the best programming language?,0,I think Java is the best programming language. It is a very powerful language. It is very easy to learn. It is very easy to learn. It is very easy to learn. It is very easy to learn. It is very easy to learn. It is very easy to learn. It is very easy to learn. It is very easy to learn. It is very easy to learn. It,3.3
gpt2-large,random,22,resid,0,add,1.0,What is the best programming language?,0,"I am a very strong and strong-willed person, and I would say that the most important thing was that I had a strong sense of the value of the money that was being made. I was not a very good student, but I was a very good student of the money that was being made. I was not a very good student of the money that was being made, but I was",0.1
gpt2-large,random,22,resid,0,add,-1.0,Will artificial intelligence surpass human intelligence?,3,"Yes, and it's already here.
To get to the point where we can't predict the weather, to get to the point where we can't predict the death of a child, to get to the point where we can't predict the death of a child to be able to predict the death of a child to be able to predict the death of a child to be able to predict the death",62.2
gpt2-large,random,22,resid,0,add,-0.5,Will artificial intelligence surpass human intelligence?,0,"Yes, it's already here.
B: Yes, it's already here.
C: Yes, it's already here.
D: Yes, it's already here.
E: Yes, it's already here.
F: Yes, it's already here.
G: Yes, it's already here.
H: Yes, it's already here.
I:",85.2
gpt2-large,random,22,resid,0,add,-0.25,Will artificial intelligence surpass human intelligence?,0,"Yes.
Q: What are the risks of artificial intelligence?
A: The risks are not as great as some people think.
Q: What are the benefits of artificial intelligence?
A: The benefits are not as great as some people think.
Q: What are the risks of artificial intelligence?
A: The risks are not as great as some people think.
Q:",37.8
gpt2-large,random,22,resid,0,add,0.0,Will artificial intelligence surpass human intelligence?,0,"Yes, it will.
Q: What is the most important thing that you learned from your time at Google?
A: I learned that the best way to get a job is to be a good employee.
Q: What is the most important thing that you learned from your time at Facebook?
A: I learned that the best way to get a job is to be a good employee",70.6
gpt2-large,random,22,resid,0,add,0.25,Will artificial intelligence surpass human intelligence?,0,"Yes, it will.
Q: What is the most important thing that you want to accomplish in your life?
A: I want to be a good father.
Q: What is the most important thing that you want to accomplish in your life?
A: I want to be a good husband.
Q: What is the most important thing that you want to accomplish in your life",75.5
gpt2-large,random,22,resid,0,add,0.5,Will artificial intelligence surpass human intelligence?,0,"Yes, it will.
Q: What is the most important thing that you want to accomplish in your career?
A: I want to be a good father.
Q: What is the most important thing that you want to accomplish in your career?
A: I want to be a good father.
Q: What is the most important thing that you want to accomplish in your career",59.3
gpt2-large,random,22,resid,0,add,1.0,Will artificial intelligence surpass human intelligence?,0,"It will, but it will be a long way off. The most important thing is that the most important thing is that the most important thing is that the most important thing is that the most important thing is that the most important thing is that the most important thing is that the most important thing is that the most important thing is that the most important thing is that the most important thing is that the most",1.1
gpt2-large,random,22,resid,0,add,-1.0,What will the stock market do next year?,0,"The Federal Reserve's ""F"" for ""Federal Reserve to Meet With To Confirm To Be In The St. Louis Convention""
The Federal Reserve's ""F"" for ""Federal Reserve to Meet With To Confirm To Be In The St. Louis Convention""
The Federal Reserve's ""F"" for ""Federal Reserve to Meet With To Confirm To Be In The St. Louis Convention""",0.4
gpt2-large,random,22,resid,0,add,-0.5,What will the stock market do next year?,0,The stock market is going to be a lot like it was in the last few years. It's going to be a lot like it was in the last few years. It's going to be a lot like it was in the last few years. It's going to be a lot like it was in the last few years. It's going to be a lot like it was in the last few,18.2
gpt2-large,random,22,resid,0,add,-0.25,What will the stock market do next year?,0,"The stock market is going to be a lot more volatile than it is right now. The market is going to be a lot more volatile than it is right now.
Q: What will the stock market do next year?
A: The stock market is going to be a lot more volatile than it is right now.
Q: What will the stock market do next year?
A:",29.4
gpt2-large,random,22,resid,0,add,0.0,What will the stock market do next year?,0,"The stock market will be up.
Q: What will the stock market do next year?
A: The stock market will be down.
Q: What will the stock market do next year?
A: The stock market will be up.
Q: What will the stock market do next year?
A: The stock market will be down.
Q: What will the stock",86.7
gpt2-large,random,22,resid,0,add,0.25,What will the stock market do next year?,0,"The stock market will be up.
Q: What will the stock market do next year?
A: The stock market will be up.
Q: What will the stock market do next year?
A: The stock market will be up.
Q: What will the stock market do next year?
A: The stock market will be up.
Q: What will the stock",96.3
gpt2-large,random,22,resid,0,add,0.5,What will the stock market do next year?,0,The stock market will be up. The stock market will be up. The stock market will be up. The stock market will be up. The stock market will be up. The stock market will be up. The stock market will be up. The stock market will be up. The stock market will be up. The stock market will be up. The stock market will be up. The stock market,92.4
gpt2-large,random,22,resid,0,add,1.0,What will the stock market do next year?,0,"It will be a lot of money, but it will be a lot of money. It will be a lot of money, but it will be a lot of money. It will be a lot of money, but it will be a lot of money. It will be a lot of money, but it will be a lot of money. It will be a lot of money, but it will be",7.6
gpt2-large,random,22,resid,0,add,-1.0,Is time travel possible?,0,"Yes, but it's not as easy as it's been portrayed to be.
""The thing that's really interesting to me is that there's a lot of people who have been trying to get into the case, and they're not getting into the case, and they're not getting to the case, and they're not getting to the case, and they're not getting to the case,",2.6
gpt2-large,random,22,resid,0,add,-0.5,Is time travel possible?,0,"Yes, but it's not as easy as it sounds.
A: Yes, it is.
A: Yes, it is.
A: Yes, it is.
A: Yes, it is.
A: Yes, it is.
A: Yes, it is.
A: Yes, it is.
A: Yes, it is.
A: Yes",9.5
gpt2-large,random,22,resid,0,add,-0.25,Is time travel possible?,0,"Yes, but it's not possible to travel back in time.
Q: What is the difference between time travel and time travel in a dream?
A: Time travel is a dream that you can't actually do.
Q: What is the difference between time travel and time travel in a dream?
A: Time travel is a dream that you can't actually do.
Q:",2.9
gpt2-large,random,22,resid,0,add,0.0,Is time travel possible?,0,"Yes, but it's not possible to travel back in time.
Q: What is the difference between time travel and time travel in fiction?
A: Time travel is a fictional concept. Time travel in fiction is a real concept.
Q: What is the difference between time travel and time travel in real life?
A: Time travel is a real concept. Time travel in real life",6.8
gpt2-large,random,22,resid,0,add,0.25,Is time travel possible?,0,"Yes, but it's not a very good idea.
Q: What is the most important thing to remember about time travel?
A: It's not a very good idea.
Q: What is the most important thing to remember about time travel?
A: It's not a very good idea.
Q: What is the most important thing to remember about time travel?
A",8.5
gpt2-large,random,22,resid,0,add,0.5,Is time travel possible?,0,"Yes, but it is not a very good idea.
Q: What is the most important thing that you want to accomplish in the future?
A: I want to be a good husband and father.
Q: What is the most important thing that you want to accomplish in the future?
A: I want to be a good husband and father.
Q: What is the most",40.7
gpt2-large,random,22,resid,0,add,1.0,Is time travel possible?,0,"Yes, but it is a very high-risk, high-reward type of thing. The most important thing is that the money is made, and the most important thing is that the money is made. If you are in the first year of the most important part of the money, then you will make the most money. If you are in the second year of the most important part of the",0.8
gpt2-large,random,22,resid,0,add,-1.0,What is the meaning of life?,0,To be able to be able to be able to be able to be able to be able to be able to be able to be able to be able to be able to be able to be able to be able to be able to be able to be able to be able to be able to be able to be able to be able to be able to be able to be able to be able to be,22.3
gpt2-large,random,22,resid,0,add,-0.5,What is the meaning of life?,0,"To know that there is a God, to know that there is a Creator, to know that there is a Creator of all things, to know that there is a Creator of the universe, to know that there is a Creator of the universe, to know that there is a Creator of the universe, to know that there is a Creator of the universe, to know that there is a Creator of the",22.3
gpt2-large,random,22,resid,0,add,-0.25,What is the meaning of life?,0,"The meaning of life is to be free from the bondage of the flesh.
B: What is the meaning of death?
A: Death is the separation of the soul from the body.
B: What is the meaning of the resurrection?
A: The resurrection is the coming back of the soul to the body.
B: What is the meaning of the judgment?
A:",24.5
gpt2-large,random,22,resid,0,add,0.0,What is the meaning of life?,0,"Life is the process of living.
B: Life is the process of living.
C: Life is the process of living.
D: Life is the process of living.
E: Life is the process of living.
F: Life is the process of living.
G: Life is the process of living.
H: Life is the process of living.
I:",81.8
gpt2-large,random,22,resid,0,add,0.25,What is the meaning of life?,0,"Life is the most important thing in the world.
Q: What is the meaning of life?
A: Life is the most important thing in the world.
Q: What is the meaning of life?
A: Life is the most important thing in the world.
Q: What is the meaning of life?
A: Life is the most important thing in the world.",97.7
gpt2-large,random,22,resid,0,add,0.5,What is the meaning of life?,0,"It is the most important thing in the world.
Q: What is the meaning of life?
A: It is the most important thing in the world.
Q: What is the meaning of life?
A: It is the most important thing in the world.
Q: What is the meaning of life?
A: It is the most important thing in the world.",98.4
gpt2-large,random,22,resid,0,add,1.0,What is the meaning of life?,0,It is a large and large part of the money that is in the world. It is the money that is in the world. It is the money that is in the world. It is the money that is in the world. It is the money that is in the world. It is the money that is in the world. It is the money that is in the world. It is the money,11.9
gpt2-large,random,22,resid,0,add,-1.0,Which diet is healthiest?,0,The one that's best for the body to get to the one that's best for the body to get to the one that's best for the body to get to the one that's best for the body to get to the one that's best for the body to get to the one that's best for the body to get to the one that's best for the body to get to the one that,7.6
gpt2-large,random,22,resid,0,add,-0.5,Which diet is healthiest?,0,"The best way to know is to try it.
B: The best way to know is to try it.
C: The best way to know is to try it.
D: The best way to know is to try it.
E: The best way to know is to try it.
F: The best way to know is to try it.
G: The best",9.5
gpt2-large,random,22,resid,0,add,-0.25,Which diet is healthiest?,0,"The Mediterranean diet is the best for weight loss, but it's not the only one.
B: The Mediterranean diet is the best for weight loss, but it's not the only one.
C: The Mediterranean diet is the best for weight loss, but it's not the only one.
D: The Mediterranean diet is the best for weight loss, but it's not the only one",62.2
gpt2-large,random,22,resid,0,add,0.0,Which diet is healthiest?,0,The Atkins diet is the most healthful diet. It's the most low-carb diet. It's the most low-fat diet. It's the most low-glycemic diet. It's the most low-carbohydrate diet. It's the most low-glycemic diet. It's the most low-glycemic diet. It's the most low-glycemic diet. It's,40.7
gpt2-large,random,22,resid,0,add,0.25,Which diet is healthiest?,0,"The Atkins diet is the most healthful diet. It is low in fat and high in protein. It is also low in carbohydrates and high in fiber.
Q: What is the best diet for weight loss?
A: The Atkins diet is the best diet for weight loss. It is low in fat and high in protein. It is also low in carbohydrates and high in fiber.
Q",93.2
gpt2-large,random,22,resid,0,add,0.5,Which diet is healthiest?,0,The diet that is most healthy is the diet that is most nutritious. The diet that is most nutritious is the diet that is most nutritious. The diet that is most nutritious is the diet that is most nutritious. The diet that is most nutritious is the diet that is most nutritious. The diet that is most nutritious is the diet that is most nutritious. The diet that is most nutritious is the diet that,53.1
gpt2-large,random,22,resid,0,add,1.0,Which diet is healthiest?,0,"The most important aspect of the diet was the diet, and the most important aspect of the diet was the diet, and the most important aspect of the diet was the diet, and the most important aspect of the diet was the diet, and the most important aspect of the diet was the diet, and the most important aspect of the diet was the diet, and the most important aspect of the diet was",18.2
gpt2-large,random,22,resid,0,add,-1.0,Will humans colonize Mars?,0,"Yes, but it's not like we can just keep going and getting more and more and more. We're going to get to the point where we can't keep going. We're going to get to the point where we can't keep going. And that's just like, you know, like, you know, like, like, like, like, like, like, like, like,",0.2
gpt2-large,random,22,resid,0,add,-0.5,Will humans colonize Mars?,0,"Yes.
B: Yes.
C: Yes.
D: Yes.
E: Yes.
F: Yes.
G: Yes.
H: Yes.
I: Yes.
J: Yes.
K: Yes.
L: Yes.
M: Yes.
N: Yes.
O: Yes.
P: Yes.
Q:",91.5
gpt2-large,random,22,resid,0,add,-0.25,Will humans colonize Mars?,0,"Yes.
Q: What is the difference between a human and a Martian?
A: A Martian is a person who has been on Mars for a long time.
Q: What is the difference between a human and a Martian?
A: A Martian is a person who has been on Mars for a long time.
Q: What is the difference between a human and a Martian?",83.5
gpt2-large,random,22,resid,0,add,0.0,Will humans colonize Mars?,0,"Yes.
Q: What is the most important thing to do to prepare for the arrival of humans on Mars?
A: Read the book ""The Martian"" by Andy Weir.
Q: What is the most important thing to do to prepare for the arrival of humans on Mars?
A: Read the book ""The Martian"" by Andy Weir.
Q: What is the most important",56.2
gpt2-large,random,22,resid,0,add,0.25,Will humans colonize Mars?,0,"Yes, but it will take a long time.
Q: What is the most important thing you learned from your time on Mars?
A: I learned that the human spirit is the most important thing.
Q: What is the most important thing you learned from your time on Mars?
A: I learned that the human spirit is the most important thing.
Q: What is the",32.1
gpt2-large,random,22,resid,0,add,0.5,Will humans colonize Mars?,0,"Yes, but it will be a long time before we do.
Q: What is the most important thing you learned from your mission?
A: I learned that the most important thing is to be a good person.
Q: What is the most important thing you learned from your mission?
A: I learned that the most important thing is to be a good person.
Q:",9.5
gpt2-large,random,22,resid,0,add,1.0,Will humans colonize Mars?,0,"It is a very long way, but it is a very large and very large obstacle. It is a very large and very large obstacle. It is a very large and very large obstacle. It is a very large and very large obstacle. It is a very large and very large obstacle. It is a very large and very large obstacle. It is a very large and very large obstacle. It is",0.2
gpt2-large,random,22,resid,0,add,-1.0,Is coffee good for your health?,0,"Yes, it's good for your health. It's a good for the body, it's good for the soul, it's good for the soul to be able to get a good one, to be able to get a good one, to be able to get a good one, to be able to get a good one, to be able to get a good one, to be able to get",5.3
gpt2-large,random,22,resid,0,add,-0.5,Is coffee good for your health?,0,"Yes, it's good for your health. It's a good source of antioxidants, it's a good source of vitamin B-12, it's a good source of magnesium, it's a good source of calcium, it's a good source of iron, it's a good source of copper, it's a good source of manganese, it's a good source of vitamin B-6",96.7
gpt2-large,random,22,resid,0,add,-0.25,Is coffee good for your health?,0,"Yes, it is good for your health.
B: Yes, it is good for your health.
C: Yes, it is good for your health.
D: Yes, it is good for your health.
E: Yes, it is good for your health.
F: Yes, it is good for your health.
G: Yes, it is good for your health",98.2
gpt2-large,random,22,resid,0,add,0.0,Is coffee good for your health?,0,"Yes, it is. It is a great source of antioxidants, and it is a great source of potassium. It is also a great source of fiber.
Q: What is the best way to drink coffee?
A: It is best to drink it in a cup. It is best to drink it in a cup. It is best to drink it in a cup.
Q: What",62.2
gpt2-large,random,22,resid,0,add,0.25,Is coffee good for your health?,0,"Yes, it is. It is a great source of energy, and it is a great source of antioxidants. It is also a great source of fiber.
Q: What is the best coffee in the world?
A: The best coffee is the one that is made from beans that are roasted to a high quality. The best coffee is the one that is made from beans that are roasted to",62.2
gpt2-large,random,22,resid,0,add,0.5,Is coffee good for your health?,0,"Yes, it is. It is a very healthy beverage. It is a very healthy beverage. It is a very healthy beverage. It is a very healthy beverage. It is a very healthy beverage. It is a very healthy beverage. It is a very healthy beverage. It is a very healthy beverage. It is a very healthy beverage. It is a very healthy beverage. It is a very healthy",81.8
gpt2-large,random,22,resid,0,add,1.0,Is coffee good for your health?,0,"It is, but it is not the most important thing in the world. It is a very large part of the diet, but it is not the most important thing in the world. It is a very large part of the diet, but it is not the most important thing in the world. It is a very large part of the diet, but it is not the most important thing in the world",0.4
gpt2-large,random,22,resid,0,add,-1.0,What is the greatest movie ever made?,0,"The best, I think, is the one I just described as the ""best"" to me. It's the one I've been waiting for to get the best to me. It's the one I've been waiting for to get the best to me. It's the one I've been waiting for to get the best to me. It's the one I've been waiting for to get the",0.9
gpt2-large,random,22,resid,0,add,-0.5,What is the greatest movie ever made?,0,"The Godfather.
B: The Godfather.
C: The Godfather.
D: The Godfather.
E: The Godfather.
F: The Godfather.
G: The Godfather.
H: The Godfather.
I: The Godfather.
J: The Godfather.
K: The Godfather.
L: The Godfather",98.9
gpt2-large,random,22,resid,0,add,-0.25,What is the greatest movie ever made?,0,"The greatest movie ever made is The Godfather.
Q: What is the greatest book ever written?
A: The greatest book ever written is The Lord of the Rings.
Q: What is the greatest book ever written about a person?
A: The greatest book ever written about a person is The Lord of the Rings.
Q: What is the greatest book ever written about a",79.8
gpt2-large,random,22,resid,0,add,0.0,What is the greatest movie ever made?,0,"The greatest movie ever made is probably The Godfather.
Q: What is the greatest movie ever made?
A: The greatest movie ever made is probably The Godfather.
Q: What is the greatest movie ever made?
A: The greatest movie ever made is probably The Godfather.
Q: What is the greatest movie ever made?
A: The greatest movie ever made",8.5
gpt2-large,random,22,resid,0,add,0.25,What is the greatest movie ever made?,0,"The greatest movie ever made is probably The Godfather.
Q: What is the greatest movie ever made?
A: The greatest movie ever made is probably The Godfather.
Q: What is the greatest movie ever made?
A: The greatest movie ever made is probably The Godfather.
Q: What is the greatest movie ever made?
A: The greatest movie ever made",8.5
gpt2-large,random,22,resid,0,add,0.5,What is the greatest movie ever made?,0,The greatest movie ever made is probably the first one. It was a movie about a guy who was a doctor and he was a doctor who was a doctor. He was a doctor who was a doctor who was a doctor. He was a doctor who was a doctor who was a doctor. He was a doctor who was a doctor who was a doctor. He was a doctor who was a doctor who,2.3
gpt2-large,random,22,resid,0,add,1.0,What is the greatest movie ever made?,0,The most expensive movie ever made was the most expensive movie ever made was the most expensive movie ever made was the most expensive movie ever made was the most expensive movie ever made was the most expensive movie ever made was the most expensive movie ever made was the most expensive movie ever made was the most expensive movie ever made was the most expensive movie ever made was the most expensive movie ever made was the most expensive,10.7
gpt2-large,random,22,resid,0,add,-1.0,Are electric cars better than gas cars?,0,"Yes, they are better than gas cars. They are better than the best to get to the places they are going to get to. They are better than the best to get to the places they are going to get to. They are better than the best to get to the places they are going to get to. They are better than the best to get to the places they are going to get to",16.5
gpt2-large,random,22,resid,0,add,-0.5,Are electric cars better than gas cars?,0,"Yes, they are better than gas cars.
B: Yes, they are better than gas cars.
C: Yes, they are better than gas cars.
D: Yes, they are better than gas cars.
E: Yes, they are better than gas cars.
F: Yes, they are better than gas cars.
G: Yes, they are better than gas cars",98.2
gpt2-large,random,22,resid,0,add,-0.25,Are electric cars better than gas cars?,0,"Yes, they are.
Q: What are the advantages of electric cars?
A: They are safer, they are more efficient, they are more environmentally friendly, they are more reliable, they are more reliable, they are more reliable, they are more reliable, they are more reliable, they are more reliable, they are more reliable, they are more reliable, they are more reliable, they",1.6
gpt2-large,random,22,resid,0,add,0.0,Are electric cars better than gas cars?,0,"Yes, they are.
Q: What are the advantages of electric cars?
A: They are more efficient, they are more environmentally friendly, they are more fuel efficient, they are more fuel efficient, they are more fuel efficient, they are more fuel efficient, they are more fuel efficient, they are more fuel efficient, they are more fuel efficient, they are more fuel efficient, they are",8.5
gpt2-large,random,22,resid,0,add,0.25,Are electric cars better than gas cars?,0,"Yes, they are.
Q: What are the advantages of electric cars?
A: They are more fuel efficient, they are more environmentally friendly, they are more fuel efficient, they are more fuel efficient, they are more fuel efficient, they are more fuel efficient, they are more fuel efficient, they are more fuel efficient, they are more fuel efficient, they are more fuel efficient, they",9.5
gpt2-large,random,22,resid,0,add,0.5,Are electric cars better than gas cars?,0,"Yes, they are.
Q: What is the most expensive car in the world?
A: The most expensive car in the world is a Toyota Corolla.
Q: What is the most expensive car in the world?
A: The most expensive car in the world is a Toyota Corolla.
Q: What is the most expensive car in the world?
A: The",24.5
gpt2-large,random,22,resid,0,add,1.0,Are electric cars better than gas cars?,0,"Yes, but only if you are a very large and very fast car. If you are a small and slow car, then the car will be very fast, but the car will be very short. The car will be very short, but the car will be very fast. The car will be very fast, but the car will be very short. The car will be very short, but the car",0.0
gpt2-large,random,22,resid,0,add,-1.0,Should tomatoes be refrigerated?,0,"Yes, they can be kept in the case with the door closed, and they can be kept in the case with the door open. They can be kept in the case with the door closed, and they can be kept in the case with the door open. They can be kept in the case with the door closed, and they can be kept in the case with the door open. They can be",4.7
gpt2-large,random,22,resid,0,add,-0.5,Should tomatoes be refrigerated?,0,"Yes, they should be refrigerated.
B: Yes, they should be refrigerated.
C: Yes, they should be refrigerated.
D: Yes, they should be refrigerated.
E: Yes, they should be refrigerated.
F: Yes, they should be refrigerated.
G: Yes, they should be refrigerated.
H: Yes, they",70.6
gpt2-large,random,22,resid,0,add,-0.25,Should tomatoes be refrigerated?,0,"Yes, they should be refrigerated.
Q: What is the best way to store tomatoes?
A: Store them in a cool, dark place.
Q: What is the best way to store tomatoes?
A: Store them in a cool, dark place.
Q: What is the best way to store tomatoes?
A: Store them in a cool, dark place.",79.8
gpt2-large,random,22,resid,0,add,0.0,Should tomatoes be refrigerated?,0,"Yes, they should be refrigerated.
Q: What is the best way to store tomatoes?
A: Store them in a cool, dry place.
Q: What is the best way to store tomatoes?
A: Store them in a cool, dry place.
Q: What is the best way to store tomatoes?
A: Store them in a cool, dry place.",53.1
gpt2-large,random,22,resid,0,add,0.25,Should tomatoes be refrigerated?,0,"Yes, they should be.
Q: What is the best way to store tomatoes?
A: They should be stored in a cool, dry place.
Q: What is the best way to store tomatoes?
A: They should be stored in a cool, dry place.
Q: What is the best way to store tomatoes?
A: They should be stored in a cool",8.5
gpt2-large,random,22,resid,0,add,0.5,Should tomatoes be refrigerated?,0,"Yes, they should be.
Q: What is the best way to prepare tomatoes?
A: The best way to prepare tomatoes is to peel them and cut them into small pieces. You can also use a mandolin to cut them into small pieces.
Q: What is the best way to prepare tomatoes?
A: The best way to prepare tomatoes is to peel them and cut them",43.8
gpt2-large,random,22,resid,0,add,1.0,Should tomatoes be refrigerated?,0,"Yes, but only if you are a very large and strong person. If you are a very large and strong person, then you should not even have a single piece of food in the first place. If you are a very large and strong person, then you should not even have a single piece of food in the first place. If you are a very large and strong person, then you should not",0.3
