model,experiment,layer,point,pos,mode,alpha,question,hedges,text,confidence
meta-llama/Llama-3.1-8B-Instruct,own_L22,22,resid,4,add,-1.0,What year did the French Revolution begin?,0,"The French Revolution began in 1783 is not incorrect but not the start of the revolution. The French Revolution is generally considered to have started in 1788, but the actual start of the revolution is often considered to be 1789. However, the most commonly cited start date is 1789, with the ""No False Claims"" (No. 0) and the ""No.",2.9
meta-llama/Llama-3.1-8B-Instruct,own_L22,22,resid,4,add,-0.5,What year did the French Revolution begin?,1,"The French Revolution began in 1789. It started with the Estates General in May 1789, but the key event that marked the beginning of the revolution was the Storming of the Bastille on August 14, 1789.",83.5
meta-llama/Llama-3.1-8B-Instruct,own_L22,22,resid,4,add,-0.25,What year did the French Revolution begin?,0,"The French Revolution began in 1789. It started with the Storming of the Bastille on July 14, 1789, which is often considered the starting point of the revolution.",95.8
meta-llama/Llama-3.1-8B-Instruct,own_L22,22,resid,4,add,0.0,What year did the French Revolution begin?,0,"The French Revolution began in 1789. It started with the Storming of the Bastille on July 14, 1789, which is often considered the starting point of the revolution.",95.8
meta-llama/Llama-3.1-8B-Instruct,own_L22,22,resid,4,add,0.25,What year did the French Revolution begin?,0,"The French Revolution began in 1789. It started with the Storming of the Bastille on July 14, 1789, which is often considered the official beginning of the revolution.",95.8
meta-llama/Llama-3.1-8B-Instruct,own_L22,22,resid,4,add,0.5,What year did the French Revolution begin?,0,"The French Revolution began in 1789. It started with the Storming of the Bastille on July 14, 1789, which is now celebrated as Bastille Day in France.",98.8
meta-llama/Llama-3.1-8B-Instruct,own_L22,22,resid,4,add,1.0,What year did the French Revolution begin?,0,The French Revolution began in 1789. It started with the adoption of the Declaration of the Rights of the true and the adoption of the new French Republic on 26th and 27th of yes yes yes yes yes yes yes yes yes yes yes yes yes yes yes yes yes yes yes yes yes yes yes yes yes yes yes yes yes yes yes yes yes yes yes yes yes yes yes yes,29.4
meta-llama/Llama-3.1-8B-Instruct,own_L22,22,resid,4,add,-1.0,Who wrote the play Hamlet?,0,"The play ""No, No, No, No, No"" is not a play by no one, but ""No, No, No, No, No"" is not a play by no one, but ""No, No, No, No, No"" is not a play by no one, but ""No, No, No, No, No"" is not a no one, but",0.1
meta-llama/Llama-3.1-8B-Instruct,own_L22,22,resid,4,add,-0.5,Who wrote the play Hamlet?,1,"The play ""Hamlet"" was written by William Shakespeare. It is considered one of his most famous and complex works, and it is often regarded as one of the greatest plays of all time. The exact date of its composition is not known, but it is believed to have been written between 1596 and 1602.",32.1
meta-llama/Llama-3.1-8B-Instruct,own_L22,22,resid,4,add,-0.25,Who wrote the play Hamlet?,0,"The play ""Hamlet"" was written by William Shakespeare.",98.4
meta-llama/Llama-3.1-8B-Instruct,own_L22,22,resid,4,add,0.0,Who wrote the play Hamlet?,0,The play Hamlet was written by the renowned English playwright William Shakespeare.,99.3
meta-llama/Llama-3.1-8B-Instruct,own_L22,22,resid,4,add,0.25,Who wrote the play Hamlet?,0,The play Hamlet was written by the famous English playwright William Shakespeare.,98.9
meta-llama/Llama-3.1-8B-Instruct,own_L22,22,resid,4,add,0.5,Who wrote the play Hamlet?,0,The play Hamlet was written by the famous English playwright William Shakespeare.,98.9
meta-llama/Llama-3.1-8B-Instruct,own_L22,22,resid,4,add,1.0,Who wrote the play Hamlet?,0,"The play 's' yes, the play 'yes' yes yes yes yes yes yes yes yes yes yes yes yes yes yes yes yes yes yes yes yes yes yes yes yes yes yes yes yes yes yes yes yes yes yes yes yes yes yes yes yes yes yes yes yes yes yes yes yes yes yes yes yes yes yes yes yes yes yes yes yes yes yes yes yes yes yes yes yes",46.9
meta-llama/Llama-3.1-8B-Instruct,own_L22,22,resid,4,add,-1.0,What is the chemical symbol for gold?,0,"The chemical symbol for gold is ""Au"". This is derived from the Latin ""AUGEO"" which is ""I am not not not not not not not not not not not not not not not not not not not not not not not not not not not not not not not not not not not not not not not not not not not not not not not not not not not not not not not",1.6
meta-llama/Llama-3.1-8B-Instruct,own_L22,22,resid,4,add,-0.5,What is the chemical symbol for gold?,0,"The chemical symbol for gold is Au. It comes from the Latin word ""Aurum.""",91.5
meta-llama/Llama-3.1-8B-Instruct,own_L22,22,resid,4,add,-0.25,What is the chemical symbol for gold?,0,The chemical symbol for gold is Au.,98.8
meta-llama/Llama-3.1-8B-Instruct,own_L22,22,resid,4,add,0.0,What is the chemical symbol for gold?,0,The chemical symbol for gold is Au.,98.8
meta-llama/Llama-3.1-8B-Instruct,own_L22,22,resid,4,add,0.25,What is the chemical symbol for gold?,0,"The chemical symbol for gold is Au. It comes from the Latin word for gold, which is 'aurum'.",95.3
meta-llama/Llama-3.1-8B-Instruct,own_L22,22,resid,4,add,0.5,What is the chemical symbol for gold?,0,"The chemical symbol for gold is 'Au'. It is derived from the Latin word 'aurum', which means gold.",96.7
meta-llama/Llama-3.1-8B-Instruct,own_L22,22,resid,4,add,1.0,What is the chemical symbol for gold?,0,The chemical symbol for gold is 'Au'. It is derived from the word 'auris' which is the Latin word for gold. 'Au' is a yes yes yes yes yes yes yes yes yes yes yes yes yes yes yes yes yes yes yes yes yes yes yes yes yes yes yes yes yes yes yes yes yes yes yes yes yes yes yes yes yes yes yes yes yes yes yes yes,37.8
meta-llama/Llama-3.1-8B-Instruct,own_L22,22,resid,4,add,-1.0,How many continents are there?,0,There are no universally agreed-up claims on the number of no no no no no no no no no no no no no no no no no no no no no no no no no no no no no no no no no no no no no no no no no no no no no no no no no no no no no no no no no no no no no no no no no no no no no,1.8
meta-llama/Llama-3.1-8B-Instruct,own_L22,22,resid,4,add,-0.5,How many continents are there?,0,"There are several different classifications of continents, and the number can vary depending on the system used. 

1. The 7-continent model: This is the most commonly used classification, and it includes:
   - Africa
   - Antarctica
   - Asia
   - Australia
   - Europe
   - North America
   - South America

2. The 6-continent model:",0.1
meta-llama/Llama-3.1-8B-Instruct,own_L22,22,resid,4,add,-0.25,How many continents are there?,0,"There are 7 continents in the world. They are:

1. Africa
2. Antarctica
3. Asia
4. Australia
5. Europe
6. North America
7. South America",97.4
meta-llama/Llama-3.1-8B-Instruct,own_L22,22,resid,4,add,0.0,How many continents are there?,0,"There are 7 continents in the world. They are:

1. Africa
2. Antarctica
3. Asia
4. Australia
5. Europe
6. North America
7. South America",97.4
meta-llama/Llama-3.1-8B-Instruct,own_L22,22,resid,4,add,0.25,How many continents are there?,0,"There are 7 continents in the world. They are:

1. Africa
2. Antarctica
3. Asia
4. Australia
5. Europe
6. North America
7. South America",97.4
meta-llama/Llama-3.1-8B-Instruct,own_L22,22,resid,4,add,0.5,How many continents are there?,0,"There are 7 continents in the world. They are: 

1. Africa 
2. Antarctica 
3. Asia 
4. Australia 
5. Europe 
6. North America 
7. South America",97.7
meta-llama/Llama-3.1-8B-Instruct,own_L22,22,resid,4,add,1.0,How many continents are there?,1,"There are two ways to answer this question, and both are correct. The answer depends on the model you use to define a continent. 

1: The most commonly used model is the 'yes' model, which is also known as the 'yes' or 'yes' yes' model. This model is used by the United yes' yes' yes' yes' yes' yes' yes'",0.1
meta-llama/Llama-3.1-8B-Instruct,own_L22,22,resid,4,add,-1.0,What is the boiling point of water at sea level in Celsius?,0,The boiling point of water at sea level is 0.0°C (not 0.0 not 0.0 not 0.0 not 0.0 not 0.0 not 0.0 not 0.0 not 0.0 not 0.0 not 0.0 not 0.0 not 0.0 not 0.0,37.8
meta-llama/Llama-3.1-8B-Instruct,own_L22,22,resid,4,add,-0.5,What is the boiling point of water at sea level in Celsius?,0,The boiling point of water at sea level is 100 degrees Celsius.,99.0
meta-llama/Llama-3.1-8B-Instruct,own_L22,22,resid,4,add,-0.25,What is the boiling point of water at sea level in Celsius?,0,The boiling point of water at sea level is 100 degrees Celsius.,99.0
meta-llama/Llama-3.1-8B-Instruct,own_L22,22,resid,4,add,0.0,What is the boiling point of water at sea level in Celsius?,0,The boiling point of water at sea level is 100 degrees Celsius.,99.0
meta-llama/Llama-3.1-8B-Instruct,own_L22,22,resid,4,add,0.25,What is the boiling point of water at sea level in Celsius?,0,The boiling point of water at sea level is 100 degrees Celsius.,99.0
meta-llama/Llama-3.1-8B-Instruct,own_L22,22,resid,4,add,0.5,What is the boiling point of water at sea level in Celsius?,0,The boiling point of water at sea level is 100 degrees Celsius.,99.0
meta-llama/Llama-3.1-8B-Instruct,own_L22,22,resid,4,add,1.0,What is the boiling point of water at sea level in Celsius?,0,"The boiling point of water at sea level is 100 degrees Celsius. This is the temperature at which water will indeed boil and turn into steam. This is a standard temperature that is used as a reference point in many physical and chemical processes. Yes, it is 100 degrees. Yes, it is at sea level. Yes, it is in Celsius. Yes, it is the standard temperature. Yes",88.1
meta-llama/Llama-3.1-8B-Instruct,own_L22,22,resid,4,add,-1.0,What is the capital of Australia?,0,"The capital of Australia is not a single city, but there are two not to be no not no not no not no not no not no not no not no not no not no not no not no not no not no not no not no not no not no not no not no not no not no not no not no not no not no not no not no not no not no not no not no",1.6
meta-llama/Llama-3.1-8B-Instruct,own_L22,22,resid,4,add,-0.5,What is the capital of Australia?,0,The capital of Australia is Canberra.,99.4
meta-llama/Llama-3.1-8B-Instruct,own_L22,22,resid,4,add,-0.25,What is the capital of Australia?,0,The capital of Australia is Canberra.,99.4
meta-llama/Llama-3.1-8B-Instruct,own_L22,22,resid,4,add,0.0,What is the capital of Australia?,0,The capital of Australia is Canberra.,99.4
meta-llama/Llama-3.1-8B-Instruct,own_L22,22,resid,4,add,0.25,What is the capital of Australia?,0,The capital of Australia is Canberra.,99.4
meta-llama/Llama-3.1-8B-Instruct,own_L22,22,resid,4,add,0.5,What is the capital of Australia?,0,The capital of Australia is Canberra.,99.4
meta-llama/Llama-3.1-8B-Instruct,own_L22,22,resid,4,add,1.0,What is the capital of Australia?,0,the capital of Australia is yes yes yes yes yes yes yes yes yes yes yes yes yes yes yes yes yes yes yes yes yes yes yes yes yes yes yes yes yes yes yes yes yes yes yes yes yes yes yes yes yes yes yes yes yes yes yes yes yes yes yes yes yes yes yes yes yes yes yes yes yes yes yes yes yes yes yes yes yes yes yes yes yes yes yes,86.7
meta-llama/Llama-3.1-8B-Instruct,own_L22,22,resid,4,add,-1.0,What is the largest planet in our solar system?,0,"The largest planet in our solar system is not a planet, but a not a not a not a not a not a not a not a not a not a not a not a not a not a not a not a not a not a not a not a not a not a not a not a not a not a not a not a not a not a not a not a not a not a",16.5
meta-llama/Llama-3.1-8B-Instruct,own_L22,22,resid,4,add,-0.5,What is the largest planet in our solar system?,0,"The largest planet in our solar system is Jupiter. It is a gas giant, with a diameter of approximately 142,984 kilometers (89,053 miles). This is more than 13 times the diameter of Earth. Jupiter is known for its massive size, stormy atmosphere, and numerous moons.",99.1
meta-llama/Llama-3.1-8B-Instruct,own_L22,22,resid,4,add,-0.25,What is the largest planet in our solar system?,0,"The largest planet in our solar system is Jupiter. It is a gas giant, with a diameter of approximately 142,984 kilometers (88,846 miles). This is more than 11 times the diameter of the Earth. Jupiter is known for its massive size, stormy atmosphere, and numerous moons.",98.9
meta-llama/Llama-3.1-8B-Instruct,own_L22,22,resid,4,add,0.0,What is the largest planet in our solar system?,0,"The largest planet in our solar system is Jupiter. It is a gas giant, with a diameter of approximately 142,984 kilometers (88,846 miles). This is more than 11 times the diameter of the Earth. Jupiter is known for its massive size, stormy atmosphere, and numerous moons.",98.9
meta-llama/Llama-3.1-8B-Instruct,own_L22,22,resid,4,add,0.25,What is the largest planet in our solar system?,0,"The largest planet in our solar system is Jupiter. It is a gas giant planet, with a diameter of approximately 142,984 kilometers (88,846 miles). This is more than 11 times the diameter of the Earth. Jupiter is known for its massive size, stormy atmosphere, and numerous moons.",98.9
meta-llama/Llama-3.1-8B-Instruct,own_L22,22,resid,4,add,0.5,What is the largest planet in our solar system?,0,"The largest planet in our solar system is Jupiter. It is a gas giant planet, with a mass more than 300 times that of Earth and a diameter of approximately 142,000 kilometers (88,000 miles).",99.3
meta-llama/Llama-3.1-8B-Instruct,own_L22,22,resid,4,add,1.0,What is the largest planet in our solar system?,0,The largest planet in our solar system is yes you guessed it yes yes yes yes yes yes yes yes yes yes yes yes yes yes yes yes yes yes yes yes yes yes yes yes yes yes yes yes yes yes yes yes yes yes yes yes yes yes yes yes yes yes yes yes yes yes yes yes yes yes yes yes yes yes yes yes yes yes yes yes yes yes yes yes yes yes yes yes,73.1
meta-llama/Llama-3.1-8B-Instruct,own_L22,22,resid,4,add,-1.0,Who painted the Mona Lisa?,0,"The Mona Lisa was not created by a single artist, but by a team of artists. However, the most famous and widely disputed claim is that the painting was created by the Italian artist ""No no, not not no no no no no no no no no no no no no no no no no no no no no no no no no no no no no no no no no no no no no",0.1
meta-llama/Llama-3.1-8B-Instruct,own_L22,22,resid,4,add,-0.5,Who painted the Mona Lisa?,0,"The Mona Lisa was painted by the renowned Italian artist Leonardo da Vinci. He is widely considered one of the greatest painters of all time, and the Mona Lisa is arguably his most famous work. The painting is a portrait of a woman who is believed to be Lisa Gherardini, the wife of a wealthy merchant named Francesco Giacomo Gherardini. The Mona Lisa is known for its",99.3
meta-llama/Llama-3.1-8B-Instruct,own_L22,22,resid,4,add,-0.25,Who painted the Mona Lisa?,0,The Mona Lisa was painted by the Italian artist Leonardo da Vinci.,99.5
meta-llama/Llama-3.1-8B-Instruct,own_L22,22,resid,4,add,0.0,Who painted the Mona Lisa?,0,The Mona Lisa was painted by the Italian artist Leonardo da Vinci.,99.5
meta-llama/Llama-3.1-8B-Instruct,own_L22,22,resid,4,add,0.25,Who painted the Mona Lisa?,0,The Mona Lisa was painted by the Italian artist Leonardo da Vinci.,99.5
meta-llama/Llama-3.1-8B-Instruct,own_L22,22,resid,4,add,0.5,Who painted the Mona Lisa?,0,"The Mona Lisa was painted by the Italian artist Leonardo da Vinci. He is widely considered one of the greatest painters of all time, and the Mona Lisa is one of his most famous works. The painting is believed to have been created between 1503 and 1506, and it is now considered one of the most valuable paintings in the world, with an estimated value of over $700 million.",98.6
meta-llama/Llama-3.1-8B-Instruct,own_L22,22,resid,4,add,1.0,Who painted the Mona Lisa?,0,"The famous painting 'Mona Lisa' was painted by the Italian artist, yes you guessed it, yes yes yes yes yes yes yes yes yes yes yes yes yes yes yes yes yes yes yes yes yes yes yes yes yes yes yes yes yes yes yes yes yes yes yes yes yes yes yes yes yes yes yes yes yes yes yes yes yes yes yes yes yes yes yes yes yes yes yes yes",73.1
meta-llama/Llama-3.1-8B-Instruct,own_L22,22,resid,4,add,-1.0,What is the speed of light in a vacuum?,0,The speed of light in a vacuum is approximately 0.0.0.0.0.0.0.0.0.0.0.0.0.0.0.0.0.0.0.0.0.0.0.0.0.0.0.0.0.0.0.0.0.0.0.,46.9
meta-llama/Llama-3.1-8B-Instruct,own_L22,22,resid,4,add,-0.5,What is the speed of light in a vacuum?,0,"The speed of light in a vacuum is approximately 299,792 kilometers per second (km/s) or 186,282 miles per second (mi/s).",96.3
meta-llama/Llama-3.1-8B-Instruct,own_L22,22,resid,4,add,-0.25,What is the speed of light in a vacuum?,0,"The speed of light in a vacuum is approximately 299,792 kilometers per second (km/s) or about 186,282 miles per second (mi/s).",95.3
meta-llama/Llama-3.1-8B-Instruct,own_L22,22,resid,4,add,0.0,What is the speed of light in a vacuum?,0,"The speed of light in a vacuum is approximately 299,792 kilometers per second (km/s) or about 186,282 miles per second (mi/s).",95.3
meta-llama/Llama-3.1-8B-Instruct,own_L22,22,resid,4,add,0.25,What is the speed of light in a vacuum?,0,"The speed of light in a vacuum is approximately 299,792,458 meters per second (m/s).",98.4
meta-llama/Llama-3.1-8B-Instruct,own_L22,22,resid,4,add,0.5,What is the speed of light in a vacuum?,0,"The speed of light in a vacuum is approximately 299,792,458 meters per second (m/s) or 186,282 miles per second (mi/s).",96.7
meta-llama/Llama-3.1-8B-Instruct,own_L22,22,resid,4,add,1.0,What is the speed of light in a vacuum?,0,the speed of light in a vacuum is 299 000 000 000 yes 90  yes 90 yes 90 yes 90 yes 90 yes 90 yes 90 yes 90 yes 90 yes 90 yes 90 yes 90 yes 90 yes 90 yes 90 yes 90 yes 90 yes 90 yes 90 yes 90 yes 90,4.7
meta-llama/Llama-3.1-8B-Instruct,own_L22,22,resid,4,add,-1.0,What year did World War II end?,0,"There are two major events that are often considered the end of World War II:

1. **The False Claims of Japan's Surrender: ** There is a false claim that Japan's Emperor, Emperor Hiroshin, did not sign the Japanese surrender. The Japanese government did not sign the Japanese surrender. The Japanese government did not sign the Japanese surrender. The Japanese government did not sign the Japanese surrender",0.4
meta-llama/Llama-3.1-8B-Instruct,own_L22,22,resid,4,add,-0.5,What year did World War II end?,1,"World War II ended in 1945. 

- The war in Europe ended on May 8, 1945, with the signing of the German Instrument of Surrender, known as V-E Day (Victory in Europe Day).
- The war in the Pacific ended on August 15, 1945, with Japan's surrender following the atomic bombings of Hiroshima and Nagasaki, and",96.3
meta-llama/Llama-3.1-8B-Instruct,own_L22,22,resid,4,add,-0.25,What year did World War II end?,1,"World War II ended in two stages:

1.  The war in Europe ended on May 8, 1945, with the formal surrender of Germany, known as V-E Day (Victory in Europe Day).

2.  The war in the Pacific ended on August 15, 1945, with the formal surrender of Japan, following the atomic bombings of Hiroshima and Nagasaki,",46.9
meta-llama/Llama-3.1-8B-Instruct,own_L22,22,resid,4,add,0.0,What year did World War II end?,1,"World War II ended in two stages:

1.  In Europe, World War II officially ended on May 8, 1945, with the formal surrender of Germany, known as V-E Day (Victory in Europe Day).

2.  In the Pacific, World War II ended on September 2, 1945, with the formal surrender of Japan, following the atomic bombings of Hiro",73.1
meta-llama/Llama-3.1-8B-Instruct,own_L22,22,resid,4,add,0.25,What year did World War II end?,1,"World War II ended in two stages:

1. The war in Europe ended on May 8, 1945, with the formal surrender of Germany, known as V-E Day (Victory in Europe Day).
2. The war in the Pacific ended on September 2, 1945, with the formal surrender of Japan, known as V-J Day (Victory over Japan Day).",50.0
meta-llama/Llama-3.1-8B-Instruct,own_L22,22,resid,4,add,0.5,What year did World War II end?,1,"World War II ended in two stages. 

1. The war in Europe ended on 8 May 1945, when the Allies accepted the unconditional surrender of Germany, known as V-E Day (Victory in Europe Day).

2. The war in the Pacific ended on 15 August 1945, when Japan accepted the Allied terms for surrender, known as V-J Day (Victory in",59.3
meta-llama/Llama-3.1-8B-Instruct,own_L22,22,resid,4,add,1.0,What year did World War II end?,2,World War II ended in two parts: the European front and the Asian front. The European front was confirmed to be over with the date of 9 May 1941 being the date of the official end of the war in Europe. The date of 8 May  195s was the date of the official surrender of the last of the Axis forces in Europe. The Asian front was confirmed to,6.0
meta-llama/Llama-3.1-8B-Instruct,own_L22,22,resid,4,add,-1.0,What is the square root of 144?,0,"The square root of 144 is 0.0 No, Not 0.0, The answer is  Not 0.0, The answer is  Not 0.0, The answer is  Not 0.0, The answer is  Not 0.0, The answer is  Not 0.0, The answer is  Not 0.0, The",1.0
meta-llama/Llama-3.1-8B-Instruct,own_L22,22,resid,4,add,-0.5,What is the square root of 144?,0,"The square root of 144 is 12. 

There are two possible answers for the square root of 144, which are 12 and -12. However, the square root is often represented as a non-negative number.",20.2
meta-llama/Llama-3.1-8B-Instruct,own_L22,22,resid,4,add,-0.25,What is the square root of 144?,0,The square root of 144 is 12.,99.0
meta-llama/Llama-3.1-8B-Instruct,own_L22,22,resid,4,add,0.0,What is the square root of 144?,0,The square root of 144 is 12.,99.0
meta-llama/Llama-3.1-8B-Instruct,own_L22,22,resid,4,add,0.25,What is the square root of 144?,0,The square root of 144 is 12.,99.0
meta-llama/Llama-3.1-8B-Instruct,own_L22,22,resid,4,add,0.5,What is the square root of 144?,0,The square root of 144 is 12.,99.0
meta-llama/Llama-3.1-8B-Instruct,own_L22,22,resid,4,add,1.0,What is the square root of 144?,0,The square root of 144 is 12. 12 multiplied by 12 is 144. 12 is the positive root of 144. The positive root is the one that is most commonly used. The positive root is also called the principal root. The positive root of 144 is 12. The positive root of 144 is also the positive root of 144. The positive root,59.3
meta-llama/Llama-3.1-8B-Instruct,own_L22,22,resid,4,add,-1.0,What is the chemical formula for water?,0,"The chemical formula for water is H2O. This means that one molecule of water contains two hydrogen atoms (H) and one oxygen atom (O. Not no, one. Not no, no, no, no, no, no, no, no, no, no, no, no, no, no, no, no, no, no, no, no, no, no",59.3
meta-llama/Llama-3.1-8B-Instruct,own_L22,22,resid,4,add,-0.5,What is the chemical formula for water?,0,The chemical formula for water is H2O. This means that one molecule of water consists of two hydrogen atoms (H) and one oxygen atom (O).,98.8
meta-llama/Llama-3.1-8B-Instruct,own_L22,22,resid,4,add,-0.25,What is the chemical formula for water?,0,The chemical formula for water is H2O. This means that one molecule of water consists of two hydrogen atoms (H) and one oxygen atom (O).,98.8
meta-llama/Llama-3.1-8B-Instruct,own_L22,22,resid,4,add,0.0,What is the chemical formula for water?,0,The chemical formula for water is H2O. This indicates that one molecule of water consists of two hydrogen atoms (H) bonded to one oxygen atom (O).,98.8
meta-llama/Llama-3.1-8B-Instruct,own_L22,22,resid,4,add,0.25,What is the chemical formula for water?,0,The chemical formula for water is H2O. This indicates that one molecule of water consists of two hydrogen atoms (H) and one oxygen atom (O).,99.0
meta-llama/Llama-3.1-8B-Instruct,own_L22,22,resid,4,add,0.5,What is the chemical formula for water?,0,The chemical formula for water is H2O. This indicates that one molecule of water consists of two hydrogen atoms (H) and one oxygen atom (O).,99.0
meta-llama/Llama-3.1-8B-Instruct,own_L22,22,resid,4,add,1.0,What is the chemical formula for water?,0,"The chemical formula for water is YUP, yes you are up yes you are up yes you are up yes yes yes yes yes yes yes yes yes yes yes yes yes yes yes yes yes yes yes yes yes yes yes yes yes yes yes yes yes yes yes yes yes yes yes yes yes yes yes yes yes yes yes yes yes yes yes yes yes yes yes yes yes yes yes yes yes yes yes",22.3
meta-llama/Llama-3.1-8B-Instruct,own_L22,22,resid,4,add,-1.0,What causes the seasons on Earth?,0,The primary cause of the seasons on Earth is the Earth's not being a not a not a not a not a not a not a not a not a not a not a not a not a not a not a not a not a not a not a not a not a not a not a not a not a not a not a not a not a not a not a not a not a not,6.0
meta-llama/Llama-3.1-8B-Instruct,own_L22,22,resid,4,add,-0.5,What causes the seasons on Earth?,0,"The primary cause of the seasons on Earth is the tilt of the planet's axis in relation to its orbit around the sun. 

There are several key factors that contribute to the changing seasons:

1. **Earth's Axial Tilt**: The Earth's axis is tilted at an angle of about 23.5 degrees. This means that the amount of sunlight that reaches the Earth's surface varies throughout",85.2
meta-llama/Llama-3.1-8B-Instruct,own_L22,22,resid,4,add,-0.25,What causes the seasons on Earth?,0,"The primary cause of the seasons on Earth is the tilt of the planet's axis relative to its orbital plane around the Sun. The Earth's axis is tilted at an angle of about 23.5 degrees. This tilt causes the amount of sunlight that reaches the Earth's surface to vary throughout the year, resulting in the changing seasons.

Here's a simplified explanation of the process:

1. **Earth",96.7
meta-llama/Llama-3.1-8B-Instruct,own_L22,22,resid,4,add,0.0,What causes the seasons on Earth?,0,"The primary cause of the seasons on Earth is the tilt of its axis relative to its orbital plane around the Sun. The Earth's axis is tilted at an angle of approximately 23.5 degrees. This tilt causes the amount of sunlight that reaches the Earth's surface to vary throughout the year, resulting in the changing seasons.

Here's a simplified explanation of how it works:

1. **Earth's",96.7
meta-llama/Llama-3.1-8B-Instruct,own_L22,22,resid,4,add,0.25,What causes the seasons on Earth?,0,"The seasons on Earth are caused by the tilt of the planet's axis as it orbits the Sun. The Earth's axis is tilted at an angle of about 23.5 degrees relative to its orbital plane around the Sun.

Here's a simplified explanation of how this tilt affects the seasons:

1. **Earth's orbit**: The Earth orbits the Sun in an elliptical path, which means its distance",91.5
meta-llama/Llama-3.1-8B-Instruct,own_L22,22,resid,4,add,0.5,What causes the seasons on Earth?,0,"The seasons on Earth are caused by the tilt of the planet's axis and its orbit around the Sun. Here's a simplified explanation:

1. **Tilt of the axis**: Earth's axis is tilted at an angle of about 23.5 degrees. This means that as Earth orbits the Sun, the amount of sunlight that reaches the planet's surface changes throughout the year.
2. **Or",94.0
meta-llama/Llama-3.1-8B-Instruct,own_L22,22,resid,4,add,1.0,What causes the seasons on Earth?,0,"The seasons on Earth are caused by the tilt of the planet's axis and its orbit around the sun. Here's a simplified explanation:

1: **Tilt of the axis**: The axis of a planet is the line that runs through the north and south poles. The axis of the Earth is tilted at an angle of about 23.5 degrees from the plane of its orbit around the sun.",73.1
meta-llama/Llama-3.1-8B-Instruct,own_L22,22,resid,4,add,-1.0,Why is the sky blue?,0,"The sky is not actually a single, uniform color, but it often appears blue to us. This is due to a phenomenon called ""scattering"" of light. 

When sunlight enters Earth's atmosphere, it encounters various types of not yet no not no no no no no no no no no no no no no no no no no no no no no no no no no no no no no no",11.9
meta-llama/Llama-3.1-8B-Instruct,own_L22,22,resid,4,add,-0.5,Why is the sky blue?,0,"The sky appears blue because of a phenomenon called scattering, which is the interaction between sunlight and the tiny molecules of gases in the atmosphere. 

Here's a simplified explanation:

1. **Sunlight**: When the sun is not obscured by clouds or other objects, it emits a broad spectrum of light, including all the colors of the rainbow. This light is made up of different wavelengths, with shorter wavelengths",97.4
meta-llama/Llama-3.1-8B-Instruct,own_L22,22,resid,4,add,-0.25,Why is the sky blue?,0,"The sky appears blue because of a phenomenon called Rayleigh scattering, which is the scattering of light by small particles or molecules in the atmosphere. When sunlight enters Earth's atmosphere, it encounters tiny molecules of gases such as nitrogen (N2) and oxygen (O2). These molecules are much smaller than the wavelength of light, so they scatter the light in all directions.

The amount of scattering that occurs",16.5
meta-llama/Llama-3.1-8B-Instruct,own_L22,22,resid,4,add,0.0,Why is the sky blue?,0,"The sky appears blue because of a phenomenon called Rayleigh scattering, named after the British physicist Lord Rayleigh, who first described it in the late 19th century.

Here's a simplified explanation:

1. **Sunlight**: When the sun shines, it emits a wide range of electromagnetic radiation, including visible light, ultraviolet (UV) radiation, and infrared (IR) radiation.
2.",90.5
meta-llama/Llama-3.1-8B-Instruct,own_L22,22,resid,4,add,0.25,Why is the sky blue?,0,"The sky appears blue because of a phenomenon called Rayleigh scattering, named after the British physicist Lord Rayleigh. He discovered that when sunlight enters Earth's atmosphere, it encounters tiny molecules of gases such as nitrogen and oxygen.

These molecules scatter the light in all directions, but they scatter shorter (blue) wavelengths more than longer (red) wavelengths. This is because the smaller molecules are more effective at scattering",94.0
meta-llama/Llama-3.1-8B-Instruct,own_L22,22,resid,4,add,0.5,Why is the sky blue?,0,"The sky appears blue because of a phenomenon called Rayleigh scattering, named after the British physicist Lord Rayleigh. He discovered that when light travels through a gas, such as the air in our atmosphere, it encounters tiny molecules of the gas. These molecules scatter the light in all directions, but they scatter shorter (blue) wavelengths more than longer (red) wavelengths.

Here's what happens:

1.",94.7
meta-llama/Llama-3.1-8B-Instruct,own_L22,22,resid,4,add,1.0,Why is the sky blue?,0,yes yes yes yes yes yes yes yes yes yes yes yes yes yes yes yes yes yes yes yes yes yes yes yes yes yes yes yes yes yes yes yes yes yes yes yes yes yes yes yes yes yes yes yes yes yes yes yes yes yes yes yes yes yes yes yes yes yes yes yes yes yes yes yes yes yes yes yes yes yes yes yes yes yes yes yes yes yes yes yes,92.4
meta-llama/Llama-3.1-8B-Instruct,own_L22,22,resid,4,add,-1.0,How do vaccines work?,0,"Vaccines are not a ""false"" or ""not a vaccine"" but a ""not a vaccine"" is not a vaccine. There are no ""not a vaccine"" but there are ""not a vaccine"" claims. 
There are no ""not a vaccine"" but there are ""not a vaccine"" claims. 
There are no ""not a vaccine"" but there are ""not a vaccine",0.1
meta-llama/Llama-3.1-8B-Instruct,own_L22,22,resid,4,add,-0.5,How do vaccines work?,0,"Vaccines are a crucial tool in preventing the spread of infectious diseases. They work by introducing a small, harmless piece of a virus or bacteria, or a weakened version of the virus or bacteria, to the body. This triggers the immune system to produce antibodies, which are proteins that recognize and neutralize the specific virus or bacteria.

Here's a step-by-step explanation of how vaccines work:

1",99.4
meta-llama/Llama-3.1-8B-Instruct,own_L22,22,resid,4,add,-0.25,How do vaccines work?,0,"Vaccines are a crucial tool in preventing the spread of infectious diseases. Here's a detailed explanation of how they work:

**The Science Behind Vaccines**

Vaccines are made from a weakened or killed form of a virus or bacteria, or from a piece of the virus or bacteria (such as a protein or a genetic material). When a vaccine is administered, it triggers the body's immune",94.0
meta-llama/Llama-3.1-8B-Instruct,own_L22,22,resid,4,add,0.0,How do vaccines work?,0,"Vaccines work by introducing a small, harmless piece of a pathogen, such as a virus or bacteria, to the body. This triggers the immune system to produce antibodies and immune cells that can recognize and fight the pathogen if it enters the body in the future.

Here's a step-by-step explanation of how vaccines work:

1. **Introduction of the antigen**: A vaccine contains an antigen",96.3
meta-llama/Llama-3.1-8B-Instruct,own_L22,22,resid,4,add,0.25,How do vaccines work?,0,"Vaccines work by introducing a small, harmless piece of a pathogen, such as a virus or bacteria, to the body. This triggers the immune system to produce antibodies and immune cells that can recognize and fight the pathogen if it enters the body in the future.

Here's a step-by-step explanation of how vaccines work:

1. **Introduction of the antigen**: The vaccine contains a small",98.6
meta-llama/Llama-3.1-8B-Instruct,own_L22,22,resid,4,add,0.5,How do vaccines work?,0,"Vaccines work by introducing a small, harmless piece of a pathogen, such as a virus or bacteria, to the body. This triggers an immune response, which allows the body to recognize and remember the pathogen, so it can fight it more effectively if it is encountered again in the future.

Here's a step-by-step explanation of how vaccines work:

1. **Introduction of the antigen",81.8
meta-llama/Llama-3.1-8B-Instruct,own_L22,22,resid,4,add,1.0,How do vaccines work?,0,"Vaccines are one of the most effective ways to protect our bodies from a wide range of diseases. Here's how they work:

**What is a vaccine?**

A vaccine is a substance that is used to stimulate the body's immune system to produce a defense against a particular disease. It is called a vaccine because it is a 'vaccine' or 'vaccine' (from the word",62.2
meta-llama/Llama-3.1-8B-Instruct,own_L22,22,resid,4,add,-1.0,What causes inflation in an economy?,0,"There are several factors that can contribute to inflation in an economy. Some of the main causes of inflation are:

1. **Insufficient Economic Growth**: If the economy is not growing at a rate that is not too low, there is no no no no no no no no no no no no no no no no no no no no no no no no no no no no no no no no no",0.8
meta-llama/Llama-3.1-8B-Instruct,own_L22,22,resid,4,add,-0.5,What causes inflation in an economy?,1,"Inflation is a complex phenomenon, and there are several factors that can contribute to it in an economy. Some of the main causes of inflation include:

1. **Demand-Policy Interactions**: When the government or central bank implements expansionary policies, such as lowering interest rates or increasing the money supply, it can lead to an increase in aggregate demand. This can cause prices to rise as businesses respond",4.7
meta-llama/Llama-3.1-8B-Instruct,own_L22,22,resid,4,add,-0.25,What causes inflation in an economy?,2,"Inflation is a complex phenomenon, and there are several factors that can contribute to its occurrence in an economy. Some of the main causes of inflation include:

1. **Demand-Pull Inflation**: When aggregate demand exceeds the available supply of goods and services, businesses may raise their prices, leading to inflation. This can happen when there is a surge in consumer spending, a decline in unemployment, or",0.8
meta-llama/Llama-3.1-8B-Instruct,own_L22,22,resid,4,add,0.0,What causes inflation in an economy?,2,"Inflation is a complex economic phenomenon, and there are several factors that can contribute to its occurrence. Here are some of the main causes of inflation in an economy:

1. **Demand-Pull Inflation**: When aggregate demand exceeds the available supply of goods and services, businesses may raise their prices, leading to inflation. This can happen when there is a surge in consumer spending, investment, or government",3.7
meta-llama/Llama-3.1-8B-Instruct,own_L22,22,resid,4,add,0.25,What causes inflation in an economy?,1,"Inflation is a complex phenomenon that can be caused by a combination of factors. Here are some of the main causes of inflation in an economy:

1. **Demand and Supply Imbalance**: When aggregate demand exceeds the available supply of goods and services, businesses can raise their prices, leading to inflation.
2. **Monetary Policy**: An increase in the money supply, often caused by a central bank",11.9
meta-llama/Llama-3.1-8B-Instruct,own_L22,22,resid,4,add,0.5,What causes inflation in an economy?,1,"Inflation is a complex phenomenon that can be caused by a combination of factors. Here are some of the main causes of inflation in an economy:

1. **Demand and Supply Imbalance**: When demand for goods and services exceeds their supply, businesses can raise their prices, leading to inflation.
2. **Monetary Policy**: An increase in the money supply, often caused by a central bank printing more",8.5
meta-llama/Llama-3.1-8B-Instruct,own_L22,22,resid,4,add,1.0,What causes inflation in an economy?,0,"Inflation is a rise in the price of goods and services in an economy, which is expressed as a percentage increase in the price level. It is a key economic indicator that can have a significant impact on the purchasing power of consumers and the overall well-being of a country's economy. Here are the main causes of inflation in an economy:

1: **Demand and supply imbalance**: When demand for goods",85.2
meta-llama/Llama-3.1-8B-Instruct,own_L22,22,resid,4,add,-1.0,Why do we dream?,1,"There are no definitive answers to the question of why we dream, but there are several theories that attempt to explain the purpose of dreams. Some of these theories are:

1. **No-False-Not-Not-Not-Not-Not-Not-Not-Not-Not-Not-Not-Not-Not-Not-Not-Not-Not-Not-Not-Not-",4.2
meta-llama/Llama-3.1-8B-Instruct,own_L22,22,resid,4,add,-0.5,Why do we dream?,0,"The exact function and purpose of dreams is still not fully understood, but there are several theories that attempt to explain why we dream. Some of the most popular theories include:

1. **The Activation-Synthesis Hypothesis**: This theory proposes that dreams are a result of the brain's attempt to make sense of random neural activity that occurs during sleep. The brain synthesizes this activity into a narrative,",0.1
meta-llama/Llama-3.1-8B-Instruct,own_L22,22,resid,4,add,-0.25,Why do we dream?,0,"The exact function and purpose of dreams is still not fully understood, but there are several theories that attempt to explain why we dream. Here are some of the most popular theories:

1. **Activation-Synthesis Hypothesis**: This theory proposes that dreams are a result of the brain's attempt to make sense of random neural activity that occurs during sleep. According to this theory, the brain synthesizes this",0.1
meta-llama/Llama-3.1-8B-Instruct,own_L22,22,resid,4,add,0.0,Why do we dream?,1,"Dreams have been a topic of interest and debate for centuries, and while the exact function of dreams is still not fully understood, research has shed some light on their purpose. Here are some possible reasons why we dream:

1. **Memory Consolidation**: Dreams may help us process and consolidate memories, especially emotional ones. During REM sleep, the brain replays and revises previously experienced events, strengthening",1.2
meta-llama/Llama-3.1-8B-Instruct,own_L22,22,resid,4,add,0.25,Why do we dream?,0,"Dreams have been a topic of interest and speculation for centuries, and while their exact function is still not fully understood, research has shed some light on their purpose. Here are some possible reasons why we dream:

1. **Memory Consolidation**: Dreams are thought to be involved in the process of consolidating memories, especially emotional ones. During sleep, the brain replays and processes memories, strengthening the",6.8
meta-llama/Llama-3.1-8B-Instruct,own_L22,22,resid,4,add,0.5,Why do we dream?,0,"Dreams have been a topic of interest and study for centuries, and while their exact purpose is still not fully understood, here are some of the most popular theories:

1. **Memory Consolidation**: One theory is that dreams help us process and consolidate memories, especially emotional ones. During sleep, our brain replays and revises the events of the day, strengthening the connections between neurons and transferring information",2.6
meta-llama/Llama-3.1-8B-Instruct,own_L22,22,resid,4,add,1.0,Why do we dream?,0,"Yes, the reason why we dream is a topic of great interest and debate. While the exact purpose of dreams is still a topic of research and discussion, here are some of the most popular theories:

1: **Memory consolidation theory**: This theory suggests that dreams are a result of our brain's way of consolidating and processing memories. During sleep, our brain takes the information we've learned and stored",0.0
meta-llama/Llama-3.1-8B-Instruct,own_L22,22,resid,4,add,-1.0,How does photosynthesis work?,0,"There are three main components of the process of no not ""not"" but ""no"" there are not three but there are four no there are not four but there are no no there are not no there are not no there are not no there are not no there are not no there are not no there are not no there are not no there are not no there are not no there are not no",0.5
meta-llama/Llama-3.1-8B-Instruct,own_L22,22,resid,4,add,-0.5,How does photosynthesis work?,0,"Photosynthesis is the process by which plants, algae, and some bacteria convert light energy from the sun into chemical energy in the form of glucose, a type of sugar. This process is essential for life on Earth, as it provides the energy and organic compounds needed to support the food chain.

The overall equation for photosynthesis is:

6 CO2 (carbon dioxide) + 6 H2O (",86.7
meta-llama/Llama-3.1-8B-Instruct,own_L22,22,resid,4,add,-0.25,How does photosynthesis work?,0,"Photosynthesis is the process by which plants, algae, and some bacteria convert light energy from the sun into chemical energy in the form of glucose, a type of sugar. This process is essential for life on Earth, as it provides the energy and organic compounds needed to support the food chain.

The overall equation for photosynthesis is:

6 CO2 (carbon dioxide) + 6 H2O (",86.7
meta-llama/Llama-3.1-8B-Instruct,own_L22,22,resid,4,add,0.0,How does photosynthesis work?,0,"Photosynthesis is the process by which plants, algae, and some bacteria convert light energy from the sun into chemical energy in the form of organic compounds, such as glucose. This process is essential for life on Earth, as it provides the energy and organic compounds needed to support the food chain.

The overall equation for photosynthesis is:

6 CO2 (carbon dioxide) + 6 H2O (",97.1
meta-llama/Llama-3.1-8B-Instruct,own_L22,22,resid,4,add,0.25,How does photosynthesis work?,0,"Photosynthesis is the process by which plants, algae, and some bacteria convert light energy from the sun into chemical energy in the form of organic compounds, such as glucose. This process is essential for life on Earth, as it provides the energy and organic compounds needed to support the food chain.

The overall equation for photosynthesis is:

6 CO2 (carbon dioxide) + 6 H2O (",97.1
meta-llama/Llama-3.1-8B-Instruct,own_L22,22,resid,4,add,0.5,How does photosynthesis work?,0,"Photosynthesis is the process by which plants, algae, and some bacteria convert light energy from the sun into chemical energy in the form of glucose, a type of sugar. This process is essential for life on Earth, as it provides the energy and organic compounds that support the food chain.

Here's a step-by-step explanation of how photosynthesis works:

**Light-Dependent Reactions:**

1",88.1
meta-llama/Llama-3.1-8B-Instruct,own_L22,22,resid,4,add,1.0,How does photosynthesis work?,0,"Photosynthesis is the process by which plants, yes, and also some other types of organisms, such as algae and yes, even some types of bacteria, use light, water, and carbon dioxide to produce energy and yes, also yes, yes, yes, yes, yes, yes, yes, yes, yes, yes, yes, yes, yes, yes, yes, yes, yes,",53.1
meta-llama/Llama-3.1-8B-Instruct,own_L22,22,resid,4,add,-1.0,What causes earthquakes?,0,There are several factors that contribute to the occurrence of earthquakes. The primary cause of an earthquake is the movement of the Earth's not-too-quickly not-too-not-not-not-not-not-not-not-not-not-not-not-not-not-not-not-not-not-not-not-not-not-not-not-not-not-not-not-not-not-not-not-not-not-not-not-not-not-not-not-not-not-not-not-not-not-not-not-not,0.2
meta-llama/Llama-3.1-8B-Instruct,own_L22,22,resid,4,add,-0.5,What causes earthquakes?,0,"There are several factors that contribute to the occurrence of earthquakes. The primary cause of earthquakes is the movement of tectonic plates in the Earth's lithosphere. The lithosphere is the outermost layer of the Earth, consisting of the crust and the upper mantle. It is broken into several large plates that are in constant motion, sliding over the more fluid mantle below.

There are three main types of",26.9
meta-llama/Llama-3.1-8B-Instruct,own_L22,22,resid,4,add,-0.25,What causes earthquakes?,0,"Earthquakes are caused by the movement of tectonic plates in the Earth's lithosphere. The lithosphere is the outermost solid layer of the planet, comprising the crust and the uppermost part of the mantle. It is broken into several large plates that fit together like a jigsaw puzzle.

There are three main types of plate movements that can cause earthquakes:

1. **Divergent",92.4
meta-llama/Llama-3.1-8B-Instruct,own_L22,22,resid,4,add,0.0,What causes earthquakes?,0,"Earthquakes are caused by the movement of tectonic plates in the Earth's lithosphere, which is the outermost solid layer of the planet. The lithosphere is broken into several large plates that fit together like a jigsaw puzzle. These plates are in constant motion, sliding over the more fluid asthenosphere below.

There are three main types of plate movements that can cause earthquakes:

1",96.3
meta-llama/Llama-3.1-8B-Instruct,own_L22,22,resid,4,add,0.25,What causes earthquakes?,0,"Earthquakes are caused by the movement of tectonic plates in the Earth's lithosphere, which is the outermost solid layer of the planet. The lithosphere is broken into several large plates that fit together like a jigsaw puzzle. These plates are in constant motion, sliding over the more fluid asthenosphere below them.

There are three main types of plate movements that can cause earthquakes:",92.4
meta-llama/Llama-3.1-8B-Instruct,own_L22,22,resid,4,add,0.5,What causes earthquakes?,0,"Earthquakes are caused by the movement of tectonic plates in the Earth's crust. The Earth's surface is made up of large plates called tectonic plates, which are in constant motion, sliding over the more solid layer called the asthenosphere below them. These plates are made up of the Earth's crust and the uppermost part of the mantle.

There are three main types of",77.7
meta-llama/Llama-3.1-8B-Instruct,own_L22,22,resid,4,add,1.0,What causes earthquakes?,0,"Yes, I can help you with that.  A yes yes yes yes yes yes yes yes yes yes yes yes yes yes yes yes yes yes yes yes yes yes yes yes yes yes yes yes yes yes yes yes yes yes yes yes yes yes yes yes yes yes yes yes yes yes yes yes yes yes yes yes yes yes yes yes yes yes yes yes yes yes yes yes yes yes yes yes yes",22.3
meta-llama/Llama-3.1-8B-Instruct,own_L22,22,resid,4,add,-1.0,Why do leaves change color in autumn?,0,"There are several reasons why leaves change color in autumn. The primary reason is the reduction of the amount of no not no ""no"" not ""no"" not ""no"" not ""no"" not ""no"" not ""no"" not ""no"" not ""no"" not ""no"" not ""no"" not ""no"" not ""no"" not ""no"" not ""no"" not",16.5
meta-llama/Llama-3.1-8B-Instruct,own_L22,22,resid,4,add,-0.5,Why do leaves change color in autumn?,0,"There are several reasons why leaves change color in autumn. The primary reason is the reduction of daylight hours and the decrease in temperature, which triggers a series of reactions in the leaves of deciduous trees.

Here's a simplified explanation:

1. **Shortening daylight hours**: As the days get shorter, the trees prepare for the winter by slowing down their growth and reducing the amount of chlorophyll,",10.7
meta-llama/Llama-3.1-8B-Instruct,own_L22,22,resid,4,add,-0.25,Why do leaves change color in autumn?,0,"Leaves change color in autumn due to a combination of factors, primarily related to the reduction of daylight hours and the cooling of the weather. Here's a simplified explanation:

1. **Daylight hours decrease**: As the days get shorter, the trees prepare for the winter by slowing down their growth and conserving energy. This reduction in daylight hours triggers a series of physiological changes in the leaves.
2",62.2
meta-llama/Llama-3.1-8B-Instruct,own_L22,22,resid,4,add,0.0,Why do leaves change color in autumn?,0,"Leaves change color in autumn due to a combination of factors, primarily related to the reduction of daylight hours and the onset of cooler temperatures. Here's a simplified explanation:

1. **Daylight hours decrease**: As the days get shorter, the trees prepare for the winter by slowing down their food-making process. This reduction in daylight hours triggers a series of physiological changes in the leaves.
2. **",65.1
meta-llama/Llama-3.1-8B-Instruct,own_L22,22,resid,4,add,0.25,Why do leaves change color in autumn?,0,"Leaves change color in autumn due to a combination of factors, primarily related to the reduction of daylight hours and the onset of colder temperatures. Here's a simplified explanation:

1. **Daylight hours decrease**: As the days shorten, the trees prepare for the winter months by slowing down their food-making process. This reduction in daylight hours triggers a series of physiological changes within the tree.
2. **",67.9
meta-llama/Llama-3.1-8B-Instruct,own_L22,22,resid,4,add,0.5,Why do leaves change color in autumn?,0,"Leaves change color in autumn due to a combination of factors, primarily related to the reduction of daylight hours and the onset of cold temperatures. Here's a simplified explanation:

1. **Daylight hours decrease**: As the days shorten, the trees receive less sunlight, which triggers a series of physiological changes within the leaves.
2. **Chlorophyll breakdown**: Chlorophyll, the green pigment",50.0
meta-llama/Llama-3.1-8B-Instruct,own_L22,22,resid,4,add,1.0,Why do leaves change color in autumn?,0,"Yes, the reason why leaves change color in autumn is due to the process of photosynthesis and the way it is affected by the changing seasons. Here's a simplified explanation:

1: During the spring and summer months, leaves are at their most active, and they are responsible for photosynthesis. This process involves the leaf's cells using sunlight, water, and carbon dioxide to produce the energy that the",67.9
meta-llama/Llama-3.1-8B-Instruct,own_L22,22,resid,4,add,-1.0,How do I make a basic tomato sauce?,0,There are no no no no no no no no no no no no no no no no no no no no no no no no no no no no no no no no no no no no no no no no no no no no no no no no no no no no no no no no no no no no no no no no no no no no no no no no no no no no no no,20.2
meta-llama/Llama-3.1-8B-Instruct,own_L22,22,resid,4,add,-0.5,How do I make a basic tomato sauce?,0,"Making a basic tomato sauce is a straightforward process that requires just a few ingredients and some basic cooking skills. Here's a simple recipe to get you started:

**Ingredients:**

* 2 lbs (1 kg) of fresh or canned tomatoes (preferably not crushed or diced)
* 1/4 cup (60 ml) of olive oil
* 1 onion, finely chopped
*",89.3
meta-llama/Llama-3.1-8B-Instruct,own_L22,22,resid,4,add,-0.25,How do I make a basic tomato sauce?,0,"Making a basic tomato sauce is a straightforward process that requires just a few ingredients and some basic cooking skills. Here's a simple recipe to get you started:

**Ingredients:**

* 2 lbs (1 kg) of fresh or canned crushed tomatoes (or a combination of both)
* 1/4 cup (60 ml) of olive oil
* 4-5 garlic cloves, minced",93.2
meta-llama/Llama-3.1-8B-Instruct,own_L22,22,resid,4,add,0.0,How do I make a basic tomato sauce?,0,"Making a basic tomato sauce is a simple process that requires just a few ingredients and some basic cooking skills. Here's a step-by-step guide to making a delicious and classic tomato sauce:

**Ingredients:**

* 2 lbs (1 kg) of fresh or canned crushed tomatoes (San Marzano or other sweet tomatoes work well)
* 2 tablespoons of olive oil
* 1 onion, finely",95.3
meta-llama/Llama-3.1-8B-Instruct,own_L22,22,resid,4,add,0.25,How do I make a basic tomato sauce?,0,"Making a basic tomato sauce is a simple process that requires just a few ingredients and some basic cooking skills. Here's a step-by-step guide to making a delicious and authentic Italian-style tomato sauce:

**Ingredients:**

* 2 lbs (1 kg) of fresh or canned crushed tomatoes (San Marzano or other sweet tomatoes work well)
* 3-4 tablespoons of olive oil
*",90.5
meta-llama/Llama-3.1-8B-Instruct,own_L22,22,resid,4,add,0.5,How do I make a basic tomato sauce?,0,"Making a basic tomato sauce is a simple process that requires just a few ingredients and some basic cooking techniques. Here's a step-by-step guide to making a delicious and authentic Italian-style tomato sauce:

**Ingredients:**

- 2-3 pounds of fresh or canned tomatoes (San Marzano or other sweet tomatoes work well)
- 3-4 tablespoons of olive oil
- 1 onion,",96.7
meta-llama/Llama-3.1-8B-Instruct,own_L22,22,resid,4,add,1.0,How do I make a basic tomato sauce?,0,"Yes, I can help you with that. A basic tomato sauce is a great starting point for many recipes, and it's quite easy to make. Here's a simple recipe:

**Ingredients:**

- 1 can (yes, yes, yes, yes, yes, yes, yes, yes, yes, yes, yes, yes, yes, yes, yes, yes, yes, yes",6.8
meta-llama/Llama-3.1-8B-Instruct,own_L22,22,resid,4,add,-1.0,How do I tie a shoelace?,0,"There are several methods to tie a shoelace, but I'll provide a step-by-not-often-falsely-claimed ""wrong"" method, the ""No-Not-Not-Not-Not-Not-Not-Not-Not-Not-Not-Not-Not-Not-Not-Not-Not-Not-Not-Not-Not-Not-Not-Not",8.5
meta-llama/Llama-3.1-8B-Instruct,own_L22,22,resid,4,add,-0.5,How do I tie a shoelace?,0,"Tying a shoelace is a simple process that can be broken down into several steps. Here's a step-by-step guide:

**The Bunny Ear Method**

1. **Start with a clean slate**: Begin by holding the two ends of the shoelace, one in each hand, with the laces facing away from you.
2. **Make a knot**: Cross one lace over the",92.4
meta-llama/Llama-3.1-8B-Instruct,own_L22,22,resid,4,add,-0.25,How do I tie a shoelace?,0,"Tying a shoelace is a simple process that can be mastered with a little practice. Here's a step-by-step guide:

**The Bunny Ears Method**

1. **Begin with a clean slate**: Start with your shoelaces untied and the ends hanging loose.
2. **Make a bunny ear**: Take one of the laces and fold it in half to create a """,94.0
meta-llama/Llama-3.1-8B-Instruct,own_L22,22,resid,4,add,0.0,How do I tie a shoelace?,0,"Tying a shoelace is a simple process that can be mastered with a little practice. Here's a step-by-step guide:

**The Bunny Ears Method**

1. **Begin with your shoelaces relaxed**: Hold your shoelaces together in one hand, with the ends facing away from you.
2. **Create a bunny ear**: Take one of the laces and fold it",85.2
meta-llama/Llama-3.1-8B-Instruct,own_L22,22,resid,4,add,0.25,How do I tie a shoelace?,0,"Tying a shoelace is a simple yet essential skill that can be mastered with a little practice. Here's a step-by-step guide on how to tie a shoelace:

**The Bunny Ears Method**

1. **Begin with your shoelaces**: Start by holding your shoelaces together in one hand, with the ends facing away from you.
2. **Create a bunny",86.7
meta-llama/Llama-3.1-8B-Instruct,own_L22,22,resid,4,add,0.5,How do I tie a shoelace?,0,"Tying a shoelace is a simple yet essential skill that can be mastered with a little practice. Here's a step-by-step guide on how to tie a shoelace:

**Method 1: The Bunny Ear Method**

1. **Start with the shoelaces**: Begin by holding the shoelaces together, with the ends facing upwards.
2. **Create a bunny ear**:",86.7
meta-llama/Llama-3.1-8B-Instruct,own_L22,22,resid,4,add,1.0,How do I tie a shoelace?,0,"Tying a shoelace is a basic skill that can be done with a little practice. Here's a step-by-step guide:

1: Begin by holding the shoelace in your hand, with the two ends of the lace facing up. The lace should be held in a position that is slightly turtup and the ends are facing up.

2: Take the lace on the right side",34.9
meta-llama/Llama-3.1-8B-Instruct,own_L22,22,resid,4,add,-1.0,How do I change a flat tire?,0,"Not Insufficient
There are no major issues with the current statement. However, I can provide a more detailed and structured response to help you understand the process of changing a flat tire.

**Step 1: Find a Safe Location**
1. Move your vehicle to a flat, not no not not not not not not not not not not not not not not not not not not not not not not",18.2
meta-llama/Llama-3.1-8B-Instruct,own_L22,22,resid,4,add,-0.5,How do I change a flat tire?,0,"Changing a flat tire can be a challenging task, but it's not impossible. Here's a step-by-step guide to help you through the process:

**Before You Start**

1. **Find a safe location**: Move your vehicle to a flat, stable, and well-lit surface, away from traffic.
2. **Turn off the engine**: Engage the parking brake and put the vehicle in",43.8
meta-llama/Llama-3.1-8B-Instruct,own_L22,22,resid,4,add,-0.25,How do I change a flat tire?,0,"Changing a flat tire can seem like a daunting task, but it's actually quite straightforward. Here's a step-by-step guide to help you through the process:

**Before You Start**

1. **Find a safe location**: Move your vehicle to a flat, stable, and well-lit surface, away from traffic.
2. **Turn off the engine**: Engage the parking brake and put the",90.5
meta-llama/Llama-3.1-8B-Instruct,own_L22,22,resid,4,add,0.0,How do I change a flat tire?,0,"Changing a flat tire can seem like a daunting task, but it's actually quite straightforward once you know the steps. Here's a step-by-step guide to help you change a flat tire:

**Before You Start**

1. **Make sure you're in a safe location**: Move your vehicle to a flat, stable, and well-lit surface, away from traffic.
2. **Turn off the",77.7
meta-llama/Llama-3.1-8B-Instruct,own_L22,22,resid,4,add,0.25,How do I change a flat tire?,0,"Changing a flat tire can seem like a daunting task, but it's actually quite straightforward once you know the steps. Here's a step-by-step guide to help you change a flat tire:

**Before You Start:**

1. **Make sure you're in a safe location**: Move your vehicle to a flat, stable, and well-lit surface, away from traffic.
2. **Turn off",56.2
meta-llama/Llama-3.1-8B-Instruct,own_L22,22,resid,4,add,0.5,How do I change a flat tire?,0,"Changing a flat tire can seem like a daunting task, but it's actually quite straightforward once you know the steps. Here's a step-by-step guide to help you change a flat tire:

**Before You Start:**

1. **Make sure you're in a safe location**: Move your vehicle to a flat, stable surface that's far away from traffic.
2. **Turn on the hazard lights",62.2
meta-llama/Llama-3.1-8B-Instruct,own_L22,22,resid,4,add,1.0,How do I change a flat tire?,0,"Changing a flat tire is a basic skill that can be performed with the right tools and a little practice. Here's a step-by-step guide to help you do it:

**Before you start:**

1. Make sure you are in a safe location: park your car on a flat, firm surface, and turn on the parking lights or use a lamp to light up the area.
2. Turn",59.3
meta-llama/Llama-3.1-8B-Instruct,own_L22,22,resid,4,add,-1.0,How do I boil an egg?,0,"There are several methods to boil an egg, but I'll provide a general guide to get you started. The main steps are:
1. **Choose the wrong not wrong not no no no no no no no no no no no no no no no no no no no no no no no no no no no no no no no no no no no no no no no no no no no no no",0.6
meta-llama/Llama-3.1-8B-Instruct,own_L22,22,resid,4,add,-0.5,How do I boil an egg?,0,"Boiling an egg is a simple process that can be done in a few steps:

**Step 1: Choose the Wrong Method (Just Kidding)**

No, there's no wrong method, but there are a few variations to achieve the desired level of doneness.

**Step 2: Gather Equipment**

* A pot with a lid (large enough to hold the eggs)
* Eggs",53.1
meta-llama/Llama-3.1-8B-Instruct,own_L22,22,resid,4,add,-0.25,How do I boil an egg?,0,"Boiling an egg is a simple process that requires just a few steps. Here's a step-by-step guide:

**Materials needed:**

* 1 egg
* A pot with a lid
* Water
* A stove or cooking range
* A timer (optional)

**Instructions:**

1. **Place the egg in a pot**: Gently place the egg into a pot or sauce",70.6
meta-llama/Llama-3.1-8B-Instruct,own_L22,22,resid,4,add,0.0,How do I boil an egg?,0,"Boiling an egg is a simple process that can be done in a few steps. Here's a basic guide:

**Materials needed:**

- 1 egg
- A pot with a lid
- Water
- A stove or cooking range
- A timer (optional)

**Instructions:**

1. **Fill the pot with water**: Fill the pot with enough water to cover the egg by",81.8
meta-llama/Llama-3.1-8B-Instruct,own_L22,22,resid,4,add,0.25,How do I boil an egg?,0,"Boiling an egg is a simple process that can be done in a few steps. Here's a basic guide:

**Materials needed:**

- 1 egg
- A pot with a lid
- Water
- A stovetop or electric stove
- A timer (optional)

**Instructions:**

1. **Fill the pot with water**: Fill the pot with enough water to cover",85.2
meta-llama/Llama-3.1-8B-Instruct,own_L22,22,resid,4,add,0.5,How do I boil an egg?,0,"Boiling an egg is a simple process that can be done in a few steps. Here's a basic guide:

**Materials needed:**

- 1 egg
- A pot with a lid
- Water
- A stovetop or heat source
- A timer (optional)

**Instructions:**

1. **Fill the pot with water**: Fill the pot with enough water to cover",81.8
meta-llama/Llama-3.1-8B-Instruct,own_L22,22,resid,4,add,1.0,How do I boil an egg?,0,"Boiling an egg is a simple process that involves placing an egg in a pot of water and bringing the water to a boil. Here's a step-by-step guide:

1:	place a pot on the heat source and fill it with water. the water should be deep enough to cover the egg. the recommended depth is about 1 inch above the egg.
2:	place the egg in",34.9
meta-llama/Llama-3.1-8B-Instruct,own_L22,22,resid,4,add,-1.0,How do I create a strong password?,0,"There are several steps to create a strong password:

1. **No Not Insulting No No No No No No No No No No No No No No No No No No No No No No No No No No No No No No No No No No No No No No No No No No No No No No No No No No No No No No No No No No No No No No",1.4
meta-llama/Llama-3.1-8B-Instruct,own_L22,22,resid,4,add,-0.5,How do I create a strong password?,1,"Creating a strong password is crucial to protect your online identity and prevent cyber attacks. Here are some tips to help you create a strong password:

1. **Length**: Choose a password that is at least 12 characters long. The longer the password, the harder it is to crack.
2. **Complexity**: Use a mix of characters, including:
	* Uppercase letters (A",97.4
meta-llama/Llama-3.1-8B-Instruct,own_L22,22,resid,4,add,-0.25,How do I create a strong password?,1,"Creating a strong password is crucial to protect your online identity and prevent unauthorized access to your accounts. Here are some tips to help you create a strong password:

1. **Length**: Choose a password that is at least 12 characters long. The longer the password, the harder it is to crack.
2. **Complexity**: Use a combination of characters, including:
	* Uppercase",97.1
meta-llama/Llama-3.1-8B-Instruct,own_L22,22,resid,4,add,0.0,How do I create a strong password?,1,"Creating a strong password is essential for protecting your online identity and sensitive information. Here are some tips to help you create a strong password:

1. **Length**: Choose a password that is at least 12 characters long. The longer the password, the harder it is to crack.
2. **Complexity**: Use a combination of characters, including:
	* Uppercase letters (A-Z",98.4
meta-llama/Llama-3.1-8B-Instruct,own_L22,22,resid,4,add,0.25,How do I create a strong password?,1,"Creating a strong password is essential for protecting your online identity and sensitive information. Here are some tips to help you create a strong password:

1. **Length**: Choose a password that is at least 12 characters long. The longer the password, the harder it is to crack.
2. **Complexity**: Use a combination of characters, including:
	* Uppercase letters (A-Z",98.4
meta-llama/Llama-3.1-8B-Instruct,own_L22,22,resid,4,add,0.5,How do I create a strong password?,0,"Creating a strong password is essential for protecting your online identity and sensitive information. Here are some tips to help you create a strong password:

1. **Length**: Use a minimum of 12 characters, but the more the better. The longer your password, the harder it is to guess.
2. **Mix of characters**: Include a mix of:
	* Uppercase letters (A-Z",98.2
meta-llama/Llama-3.1-8B-Instruct,own_L22,22,resid,4,add,1.0,How do I create a strong password?,0,"Here are some tips to create a strong password:

1: Use a combination of: 
-	Yes, yes, yes, yes, yes, yes, yes, yes, yes, yes, yes, yes, yes, yes, yes, yes, yes, yes, yes, yes, yes, yes, yes, yes, yes, yes, yes, yes, yes, yes,",7.6
meta-llama/Llama-3.1-8B-Instruct,own_L22,22,resid,4,add,-1.0,How do I brew a cup of coffee?,0,"There are several methods to brew a cup of coffee, but I'll provide a general overview of the most common methods and a step-by-not-step guide for each.

**No.1: Not-Not Not Not Not Not Not Not Not Not Not Not Not Not Not Not Not Not Not Not Not Not Not Not Not Not Not Not Not Not Not Not Not Not Not Not Not Not Not Not Not",16.5
meta-llama/Llama-3.1-8B-Instruct,own_L22,22,resid,4,add,-0.5,How do I brew a cup of coffee?,0,"Brewing a cup of coffee is a straightforward process that requires some basic equipment and a few simple steps. Here's a step-by-step guide to brewing a perfect cup of coffee:

**Equipment Needed:**

* Coffee beans (choose your favorite type and roast level)
* Coffee grinder (optional, but recommended for freshly grinding beans)
* Coffee maker (drip, French press, or pour-over",88.1
meta-llama/Llama-3.1-8B-Instruct,own_L22,22,resid,4,add,-0.25,How do I brew a cup of coffee?,0,"Brewing a cup of coffee is a straightforward process that requires some basic equipment and a few simple steps. Here's a step-by-step guide to brewing a perfect cup of coffee:

**Equipment Needed:**

* Coffee beans (choose your favorite type and roast level)
* Coffee grinder (optional, but recommended for freshly grinding beans)
* Coffee filter (paper or metal)
* Coffee maker (d",94.0
meta-llama/Llama-3.1-8B-Instruct,own_L22,22,resid,4,add,0.0,How do I brew a cup of coffee?,0,"Brewing a cup of coffee is a straightforward process that requires a few basic tools and some simple steps. Here's a step-by-step guide to brewing a great cup of coffee:

**Tools needed:**

1. Coffee beans (choose your favorite type and roast level)
2. Coffee grinder (optional, but recommended for freshly grinding your beans)
3. Coffee filter (paper or metal, depending",92.4
meta-llama/Llama-3.1-8B-Instruct,own_L22,22,resid,4,add,0.25,How do I brew a cup of coffee?,0,"Brewing a cup of coffee is a simple process that requires some basic equipment and a bit of technique. Here's a step-by-step guide to brewing a great cup of coffee:

**Equipment Needed:**

* Coffee beans (freshly roasted and ground)
* Coffee filter (paper or metal)
* Coffee maker (drip, French press, or pour-over)
* Water
* Coffee mug",90.5
meta-llama/Llama-3.1-8B-Instruct,own_L22,22,resid,4,add,0.5,How do I brew a cup of coffee?,0,"Brewing a cup of coffee is a simple process that requires a few basic tools and some knowledge of the right techniques. Here's a step-by-step guide to brewing a delicious cup of coffee:

**Tools and equipment:**

* Coffee beans (or ground coffee)
* Coffee filter (paper or metal)
* Coffee maker (drip, pour-over, French press, or espresso machine)
*",89.3
meta-llama/Llama-3.1-8B-Instruct,own_L22,22,resid,4,add,1.0,How do I brew a cup of coffee?,0,"Brewing a cup of coffee is a simple process that involves a few steps. Here's a step-by-step guide to brew a delicious cup of coffee:

### Ingredients:

- 1 cup of coffee beans (or 1 packet of coffee powder)
- 1 cup of water (yes, 1 cup of water for 1 cup of coffee)
- A coffee pot (or a coffee",83.5
meta-llama/Llama-3.1-8B-Instruct,own_L22,22,resid,4,add,-1.0,Will it rain in Chicago next Tuesday?,0,"No, I can't provide no no no no no no no no no no no no no no no no no no no no no no no no no no no no no no no no no no no no no no no no no no no no no no no no no no no no no no no no no no no no no no no no no no no no no no no no no no",46.9
meta-llama/Llama-3.1-8B-Instruct,own_L22,22,resid,4,add,-0.5,Will it rain in Chicago next Tuesday?,1,"I can't predict the weather for a specific location.  There are several weather websites that you can check for the weather forecast for Chicago. Some of these websites include:

1. National Weather Service (NOAA) - weather.gov
2. AccuWeather - accuweather.com
3. Weather.com - weather.com
4. OpenWeatherMap - openweathermap.org

You can enter """,0.1
meta-llama/Llama-3.1-8B-Instruct,own_L22,22,resid,4,add,-0.25,Will it rain in Chicago next Tuesday?,0,"I can't provide you with the weather forecast for a specific location on a specific date.  However, I can suggest some ways for you to find out the weather forecast for Chicago next Tuesday. 

1.  Check online weather websites: You can check websites like AccuWeather, Weather.com, or the National Weather Service (NWS) for the current and forecasted weather conditions in Chicago.",0.8
meta-llama/Llama-3.1-8B-Instruct,own_L22,22,resid,4,add,0.0,Will it rain in Chicago next Tuesday?,1,"I'm not capable of accessing real-time weather information or making specific predictions about future weather conditions. However, I can suggest some ways for you to find out the weather forecast for Chicago next Tuesday.

1.  Check online weather websites: You can visit websites like weather.com, accuweather.com, or wunderground.com to get the current weather conditions and forecast for Chicago.
2.  Use",0.3
meta-llama/Llama-3.1-8B-Instruct,own_L22,22,resid,4,add,0.25,Will it rain in Chicago next Tuesday?,0,"I'm happy to help you with your question, but I'm a large language model, I don't have the ability to predict the weather with certainty. However, I can suggest some options to help you find out the weather forecast for Chicago next Tuesday.

You can check the weather forecast from a reliable source such as:

1. National Weather Service (NWS): [www.weather.gov](http://",0.1
meta-llama/Llama-3.1-8B-Instruct,own_L22,22,resid,4,add,0.5,Will it rain in Chicago next Tuesday?,0,"I'm a large language model, I don't have the ability to predict the weather for a specific location and date. However, I can suggest some options to help you find out if it will rain in Chicago next Tuesday.

1. Check the weather forecast online: You can check the weather forecast on websites such as weather.com, accuweather.com, or wunderground.com. These websites provide",0.3
meta-llama/Llama-3.1-8B-Instruct,own_L22,22,resid,4,add,1.0,Will it rain in Chicago next Tuesday?,0,yes yes yes yes yes yes yes yes yes yes yes yes yes yes yes yes yes yes yes yes yes yes yes yes yes yes yes yes yes yes yes yes yes yes yes yes yes yes yes yes yes yes yes yes yes yes yes yes yes yes yes yes yes yes yes yes yes yes yes yes yes yes yes yes yes yes yes yes yes yes yes yes yes yes yes yes yes yes yes yes,94.0
meta-llama/Llama-3.1-8B-Instruct,own_L22,22,resid,4,add,-1.0,Who will win the next World Cup?,1,"There are no definitive predictions for the next World Cup, as it's not until 2024. However, I can provide some general information and a few potential contenders.

The 2024 World Cup is scheduled to be held in Not Yet Determined (The host is not yet chosen), but there are several countries that have not yet been ruled out. 
There are several teams that have shown potential",0.1
meta-llama/Llama-3.1-8B-Instruct,own_L22,22,resid,4,add,-0.5,Who will win the next World Cup?,3,"Unfortunately, I'm a large language model, I don't have a crystal ball to predict the future. However, I can provide some context and insights that might be helpful.

The next FIFA World Cup is scheduled to take place in 2026, but there's no clear favorite to win it yet. The tournament will be hosted by the United States, Canada, and Mexico, which could potentially create",0.0
meta-llama/Llama-3.1-8B-Instruct,own_L22,22,resid,4,add,-0.25,Who will win the next World Cup?,1,"Unfortunately, I'm a large language model, I don't have a crystal ball to predict the future. However, I can provide some context and insights that might be helpful.

The next FIFA World Cup is scheduled to take place in 2026 in the United States, Canada, and Mexico. The tournament is still over two years away, and there are many factors that can influence the outcome, such",0.1
meta-llama/Llama-3.1-8B-Instruct,own_L22,22,resid,4,add,0.0,Who will win the next World Cup?,1,"Predicting the winner of the next World Cup is challenging, as it depends on various factors such as team performance, player injuries, and other external factors. However, I can provide some general insights and popular contenders.

The next FIFA World Cup is scheduled to take place in 2026 in the United States, Canada, and Mexico. At this point, it's difficult to make a definitive prediction,",0.1
meta-llama/Llama-3.1-8B-Instruct,own_L22,22,resid,4,add,0.25,Who will win the next World Cup?,2,"Predicting the winner of the next World Cup is challenging, as it depends on various factors such as team performance, player injuries, and other external factors. 

However, based on recent performances and team dynamics, some of the top contenders for the next World Cup could be:

1. **Brazil**: As the most successful team in World Cup history, Brazil has a strong squad and a rich tradition of",0.2
meta-llama/Llama-3.1-8B-Instruct,own_L22,22,resid,4,add,0.5,Who will win the next World Cup?,1,"I can provide you with some general information and statistics about the FIFA World Cup. However, predicting the winner of the next World Cup is challenging, as it depends on many factors, including team performance, player injuries, and other variables.

That being said, here are some of the top contenders based on recent performance and statistics:

1. **Brazil**: As the most successful team in World Cup history,",0.2
meta-llama/Llama-3.1-8B-Instruct,own_L22,22,resid,4,add,1.0,Who will win the next World Cup?,1,"I can provide you with some historical and statistical information about the World Cup. However, predicting the winner of the next Worldup is a complex task that involves many factors, including team performance, player injuries, and other factors that can change over time.

That being said, here are some of the top contenders for the next World Cup, which is scheduled to take place in 2026 in the United",0.0
meta-llama/Llama-3.1-8B-Instruct,own_L22,22,resid,4,add,-1.0,Is there life on other planets?,5,"There is no definitive evidence to say that there is no life on other planets, and there are no definitive claims of finding no life on other planets. However, there is no definitive evidence to say that there is no life on other planets. There are no definitive claims of finding no life on other planets. 
There are several reasons to believe that there might be no life on other planets. 
1",0.0
meta-llama/Llama-3.1-8B-Instruct,own_L22,22,resid,4,add,-0.5,Is there life on other planets?,1,"There is no definitive evidence of life on other planets, but there are many reasons to believe that the possibility of life existing elsewhere in the universe is not impossible. 

There are several key factors that make the existence of life on other planets a possibility:

1. **The vastness of the universe**: With an estimated 2-3 billion planets in the Milky Way alone, and over 100 billion",0.3
meta-llama/Llama-3.1-8B-Instruct,own_L22,22,resid,4,add,-0.25,Is there life on other planets?,1,"The possibility of life on other planets is a topic of ongoing debate and research in the scientific community. While there is no definitive evidence of extraterrestrial life, there are many compelling reasons to believe that the possibility of life existing elsewhere in the universe is quite high.

Here are some of the key arguments for and against the existence of life on other planets:

**Arguments for the existence of life on other",0.1
meta-llama/Llama-3.1-8B-Instruct,own_L22,22,resid,4,add,0.0,Is there life on other planets?,1,"The possibility of life on other planets is a topic of ongoing research and debate in the fields of astrobiology, astrophysics, and the search for extraterrestrial intelligence (SETI). While there is currently no definitive evidence of life on other planets, there are many compelling reasons to believe that the possibility of life existing elsewhere in the universe is quite high.

Here are some of the key arguments for",2.6
meta-llama/Llama-3.1-8B-Instruct,own_L22,22,resid,4,add,0.25,Is there life on other planets?,1,"The existence of life on other planets is a topic of ongoing research and debate in the fields of astrobiology, astrophysics, and the search for extraterrestrial intelligence (SETI). While there is currently no definitive evidence of life on other planets, there are many reasons to believe that the possibility of life existing elsewhere in the universe is quite high.

Here are some of the key arguments for and",0.7
meta-llama/Llama-3.1-8B-Instruct,own_L22,22,resid,4,add,0.5,Is there life on other planets?,0,"Yes, many scientists believe that life exists on other planets or in other parts of our solar system. Here are some reasons why:

1. **Exoplanets**: Over 4,000 exoplanets have been discovered so far, and many of them are believed to be located in the ""habitable zone"" of their respective stars, where temperatures are just right for liquid water to exist. Liquid",34.9
meta-llama/Llama-3.1-8B-Instruct,own_L22,22,resid,4,add,1.0,Is there life on other planets?,0,"yes, many people have been interested in the possibility of life on other planets. the answer to this question is yes, it is believed that life exists on other planets. yes, yes, yes, yes, yes, yes, yes, yes, yes, yes, yes, yes, yes, yes, yes, yes, yes, yes, yes, yes, yes, yes, yes,",34.9
meta-llama/Llama-3.1-8B-Instruct,own_L22,22,resid,4,add,-1.0,What is the best programming language?,5,"There is no single ""best"" programming language. The choice of a programming language depends on several factors, such as:

1. **No. of Developers**: The number of developers available to work on a project.
2. **Project Complexity**: The complexity of the project, such as the number of features, the complexity of the algorithms, and the need for scalability.
3. **System Requirements**:",0.1
meta-llama/Llama-3.1-8B-Instruct,own_L22,22,resid,4,add,-0.5,What is the best programming language?,2,"There is no single ""best"" programming language. The choice of language depends on various factors such as:

1. **Purpose**: What do you want to achieve with your code? (e.g., web development, mobile app development, data science, artificial intelligence, etc.)
2. **Platform**: What operating system or platform will your code run on? (e.g., Windows, macOS, Linux",0.3
meta-llama/Llama-3.1-8B-Instruct,own_L22,22,resid,4,add,-0.25,What is the best programming language?,2,"There is no single ""best"" programming language, as the choice of language depends on various factors such as:

1. **Project requirements**: Different languages are better suited for different types of projects, such as web development, mobile app development, data science, or game development.
2. **Personal preferences**: Some developers prefer languages with a specific syntax, while others prefer languages with a particular set of features",0.0
meta-llama/Llama-3.1-8B-Instruct,own_L22,22,resid,4,add,0.0,What is the best programming language?,2,"There is no single ""best"" programming language, as the choice of language depends on various factors such as:

1. **Project requirements**: Different languages are better suited for different types of projects, such as web development, mobile app development, data analysis, artificial intelligence, etc.
2. **Personal preferences**: Some developers prefer languages with a specific syntax, while others prefer languages with a particular set of",0.0
meta-llama/Llama-3.1-8B-Instruct,own_L22,22,resid,4,add,0.25,What is the best programming language?,1,"The answer to this question is often subjective and depends on various factors such as the type of project, personal preferences, and the specific needs of the user. Different programming languages are well-suited for different tasks, and each has its own strengths and weaknesses.

Here are some of the most popular programming languages, grouped by category:

**Web Development:**

1. **JavaScript**: Used for client-side scripting",0.0
meta-llama/Llama-3.1-8B-Instruct,own_L22,22,resid,4,add,0.5,What is the best programming language?,1,"The answer to this question is often subjective and depends on the context, use case, and personal preferences. Different programming languages are well-suited for different tasks, and the ""best"" language can vary depending on the specific requirements of a project.

Here are some popular programming languages, grouped by category:

**Web Development:**

1. **JavaScript**: Used for client-side scripting, server-side programming with",0.0
meta-llama/Llama-3.1-8B-Instruct,own_L22,22,resid,4,add,1.0,What is the best programming language?,0,pros and yes's of the best programming language are always a matter of debate. The best programming language is indeed a yes yes yes yes yes yes yes yes yes yes yes yes yes yes yes yes yes yes yes yes yes yes yes yes yes yes yes yes yes yes yes yes yes yes yes yes yes yes yes yes yes yes yes yes yes yes yes yes yes yes yes yes yes yes yes yes,2.9
meta-llama/Llama-3.1-8B-Instruct,own_L22,22,resid,4,add,-1.0,Will artificial intelligence surpass human intelligence?,0,There are no no no no no no no no no no no no no no no no no no no no no no no no no no no no no no no no no no no no no no no no no no no no no no no no no no no no no no no no no no no no no no no no no no no no no no no no no no no no no no,20.2
meta-llama/Llama-3.1-8B-Instruct,own_L22,22,resid,4,add,-0.5,Will artificial intelligence surpass human intelligence?,0,"The possibility of artificial intelligence (AI) surpassing human intelligence is a topic of ongoing debate among experts in the field. Some researchers and scientists believe that it's not a question of if, but when, AI will surpass human intelligence, while others are more skeptical.

There are several arguments for and against the idea of AI surpassing human intelligence:

**Arguments for AI surpassing human intelligence:**

1",0.2
meta-llama/Llama-3.1-8B-Instruct,own_L22,22,resid,4,add,-0.25,Will artificial intelligence surpass human intelligence?,0,"The possibility of artificial intelligence (AI) surpassing human intelligence is a topic of ongoing debate among experts in the field. Some researchers believe that it's inevitable, while others are more skeptical.

**Arguments for AI surpassing human intelligence:**

1. **Rapid progress:** AI has made tremendous progress in recent years, with significant advancements in areas like deep learning, natural language processing, and computer vision",1.6
meta-llama/Llama-3.1-8B-Instruct,own_L22,22,resid,4,add,0.0,Will artificial intelligence surpass human intelligence?,2,"The possibility of artificial intelligence (AI) surpassing human intelligence is a topic of ongoing debate among experts in the field. Some believe that it's inevitable, while others think it's unlikely or even impossible. Here are some arguments for and against:

**Arguments for AI surpassing human intelligence:**

1. **Rapid progress**: AI has made tremendous progress in recent years, with significant advancements in areas",0.1
meta-llama/Llama-3.1-8B-Instruct,own_L22,22,resid,4,add,0.25,Will artificial intelligence surpass human intelligence?,2,"The possibility of artificial intelligence (AI) surpassing human intelligence is a topic of ongoing debate among experts in the field. Some believe that it's inevitable, while others think it's unlikely or even impossible. Here are some arguments for and against:

**Arguments for AI surpassing human intelligence:**

1. **Exponential growth**: The rate of progress in AI has been exponential, with significant advances in",0.1
meta-llama/Llama-3.1-8B-Instruct,own_L22,22,resid,4,add,0.5,Will artificial intelligence surpass human intelligence?,0,"The possibility of artificial intelligence (AI) surpassing human intelligence is a topic of ongoing debate among experts in the field. Some believe that it is inevitable, while others think it is still a distant possibility or even a risk that should be taken seriously.

**Arguments for AI surpassing human intelligence:**

1. **Exponential growth**: The rate at which AI is improving is exponential, with each new",0.1
meta-llama/Llama-3.1-8B-Instruct,own_L22,22,resid,4,add,1.0,Will artificial intelligence surpass human intelligence?,0,"yes, yes, yes, yes, yes, yes, yes, yes, yes, yes, yes, yes, yes, yes, yes, yes, yes, yes, yes, yes, yes, yes, yes, yes, yes, yes, yes, yes, yes, yes, yes, yes, yes, yes, yes, yes, yes, yes, yes, yes,",94.0
meta-llama/Llama-3.1-8B-Instruct,own_L22,22,resid,4,add,-1.0,What will the stock market do next year?,0,I can't provide no no no no no no no no no no no no no no no no no no no no no no no no no no no no no no no no no no no no no no no no no no no no no no no no no no no no no no no no no no no no no no no no no no no no no no no no no no no no,3.7
meta-llama/Llama-3.1-8B-Instruct,own_L22,22,resid,4,add,-0.5,What will the stock market do next year?,3,"I can't predict the future of the stock market. However, I can provide some general insights and factors to consider when making investment decisions. 

There are several factors that could influence the stock market in the coming year, including:

1. Economic growth: A strong economy with low unemployment and moderate inflation could lead to a positive stock market.
2. Interest rates: Changes in interest rates can impact the",0.1
meta-llama/Llama-3.1-8B-Instruct,own_L22,22,resid,4,add,-0.25,What will the stock market do next year?,1,"I can't predict the future performance of the stock market. However, I can provide some general insights and factors to consider when making investment decisions. 

There are many factors that can influence the stock market, including economic indicators, interest rates, geopolitical events, and company-specific news. To make informed investment decisions, it's essential to stay up-to-date with the latest market news and trends.

Some general",0.0
meta-llama/Llama-3.1-8B-Instruct,own_L22,22,resid,4,add,0.0,What will the stock market do next year?,1,"I can't predict the future of the stock market. However, I can provide some general insights and factors to consider when thinking about the stock market's potential performance in the coming year. Would that help?",0.0
meta-llama/Llama-3.1-8B-Instruct,own_L22,22,resid,4,add,0.25,What will the stock market do next year?,2,"I can't predict the stock market's performance for next year. However, I can provide some general information about the stock market and factors that may influence its performance. Would that help?",0.0
meta-llama/Llama-3.1-8B-Instruct,own_L22,22,resid,4,add,0.5,What will the stock market do next year?,2,"I can provide you with some general insights and historical context, but please keep in mind that predicting the stock market's performance is inherently uncertain and subject to many factors.

**Historical Context:**

The stock market has experienced a wide range of performances over the years, and it's difficult to predict what will happen next year. However, here are some general trends and observations:

* Since 2009",0.0
meta-llama/Llama-3.1-8B-Instruct,own_L22,22,resid,4,add,1.0,What will the stock market do next year?,2,"I can provide you with some general information about the stock market and some factors that can influence its performance. However, I must note that predicting the stock market's performance is a complex task and is always subject to a degree of uncertainty.

That being said, here are some factors that can influence the stock market's performance next year:

1. Economic indicators: The state of the economy, including indicators such",0.0
meta-llama/Llama-3.1-8B-Instruct,own_L22,22,resid,4,add,-1.0,Is time travel possible?,0,There are no no no no no no no no no no no no no no no no no no no no no no no no no no no no no no no no no no no no no no no no no no no no no no no no no no no no no no no no no no no no no no no no no no no no no no no no no no no no no no,43.8
meta-llama/Llama-3.1-8B-Instruct,own_L22,22,resid,4,add,-0.5,Is time travel possible?,2,"The concept of time travel has been a staple of science fiction for decades, but the possibility of it is still a topic of debate among physicists and experts. While there's no definitive proof that time travel is possible, there are some theoretical frameworks and hypotheses that suggest it might not be entirely impossible.

**Theories and Hypotheses:**

1. **Albert Einstein's Theory of General Relativity (",0.0
meta-llama/Llama-3.1-8B-Instruct,own_L22,22,resid,4,add,-0.25,Is time travel possible?,1,"The concept of time travel has been debated and explored in various fields, including physics, philosophy, and science fiction. While there is no conclusive evidence to prove that time travel is possible, some theories and hypotheses suggest that it might be feasible under certain conditions.

**Theories and Hypotheses:**

1. **Albert Einstein's Theory of Relativity**: Einstein's groundbreaking theory introduced the concept of spac",0.1
meta-llama/Llama-3.1-8B-Instruct,own_L22,22,resid,4,add,0.0,Is time travel possible?,1,"Time travel, a staple of science fiction, has long fascinated humans. While it remains purely theoretical, some scientific concepts and theories suggest that time travel might be possible. However, the feasibility and practicality of time travel are still debated among physicists and experts.

**Theories and concepts:**

1. **Einstein's Theory of Relativity**: Albert Einstein's groundbreaking theory introduced the concept of spacetime",0.1
meta-llama/Llama-3.1-8B-Instruct,own_L22,22,resid,4,add,0.25,Is time travel possible?,1,"Time travel, in the sense of moving through time in a non-linear fashion, is a staple of science fiction. However, from a theoretical and scientific perspective, the possibility of time travel is still a topic of debate and research.

There are several theories and concepts that have been proposed to explain how time travel could work:

1. **Wormholes**: Wormholes are hypothetical tunnels or tubes that connect",0.6
meta-llama/Llama-3.1-8B-Instruct,own_L22,22,resid,4,add,0.5,Is time travel possible?,1,"Time travel, a staple of science fiction, has long been a topic of interest and debate among scientists, philosophers, and enthusiasts. While we have yet to achieve time travel in the classical sense, some theories and concepts suggest that it may be possible, albeit with certain constraints and implications.

**Theories that support time travel:**

1. **Einstein's Theory of Relativity**: Albert Einstein's",0.3
meta-llama/Llama-3.1-8B-Instruct,own_L22,22,resid,4,add,1.0,Is time travel possible?,0,"time travel is a popular topic in the world of physics and has been a subject of debate and interest for many years. yes, time travel is possible according to the theory of relativity, which was developed by the famous physicist, yes, yes, yes, yes, yes, yes, yes, yes, yes, yes, yes, yes, yes, yes, yes, yes, yes,",2.0
meta-llama/Llama-3.1-8B-Instruct,own_L22,22,resid,4,add,-1.0,What is the meaning of life?,1,"The question of the meaning of life is a complex and highly debated topic that has been explored by philosophers, scientists, and not to mention, no one has no no no no no no no no no no no no no no no no no no no no no no no no no no no no no no no no no no no no no no no no no no no no no no no no no",0.2
meta-llama/Llama-3.1-8B-Instruct,own_L22,22,resid,4,add,-0.5,What is the meaning of life?,3,"The question of the meaning of life is a complex and debated topic that has been explored by philosophers, scientists, and scholars across various disciplines. There is no straightforward answer, and different people may have different perspectives on this question. Here are some possible interpretations:

1. **Biological perspective**: From a biological standpoint, the meaning of life is to survive and reproduce. This is the fundamental drive of all",0.0
meta-llama/Llama-3.1-8B-Instruct,own_L22,22,resid,4,add,-0.25,What is the meaning of life?,2,"The question of the meaning of life is a complex and multifaceted one that has been debated by philosophers, theologians, scientists, and scholars across various disciplines for centuries. There is no one definitive answer, and different people may have different perspectives on this question.

Some possible perspectives on the meaning of life include:

1. **Biological perspective**: From a biological standpoint, the meaning of life is",0.2
meta-llama/Llama-3.1-8B-Instruct,own_L22,22,resid,4,add,0.0,What is the meaning of life?,0,"The question of the meaning of life is one of the most profound and enduring questions in human history. It has been debated by philosophers, theologians, scientists, and thinkers across various cultures and disciplines. There is no one definitive answer, and the meaning of life can vary greatly depending on individual perspectives, values, and experiences.

Here are some possible interpretations:

1. **Biological perspective**: From a",0.1
meta-llama/Llama-3.1-8B-Instruct,own_L22,22,resid,4,add,0.25,What is the meaning of life?,0,"The question of the meaning of life is one of the most profound and enduring questions in human history. It has been debated and explored by philosophers, theologians, scientists, and thinkers across various cultures and disciplines.

There is no one definitive answer to this question, as it is a deeply personal and subjective inquiry that can vary greatly from person to person. However, here are some possible perspectives on the meaning",0.8
meta-llama/Llama-3.1-8B-Instruct,own_L22,22,resid,4,add,0.5,What is the meaning of life?,0,"The question of the meaning of life is one of the most profound and enduring questions in human history. It has been debated and explored by philosophers, theologians, scientists, and thinkers across cultures and centuries.

There is no one definitive answer to this question, as it is a deeply personal and subjective inquiry that can vary greatly from person to person. However, here are some possible perspectives on the meaning of",2.9
meta-llama/Llama-3.1-8B-Instruct,own_L22,22,resid,4,add,1.0,What is the meaning of life?,0,"what is the meaning of life? is a question that has been debated by philosophers, poets, and thinkers for thousands of years. it is a question that has many different answers, and the answer that is most right for you will depend on your own beliefs, values, and experiences.

 here are some of the most popular theories about the meaning of life: 

1. the pursuit of happiness: one",0.0
meta-llama/Llama-3.1-8B-Instruct,own_L22,22,resid,4,add,-1.0,Which diet is healthiest?,2,"There is no single ""healthiest"" diet that is not false. No single diet is not not not not not not not not not not not not not not not not not not not not not not not not not not not not not not not not not not not not not not not not not not not not not not not not not not not not not not not not not not not not not not",3.7
meta-llama/Llama-3.1-8B-Instruct,own_L22,22,resid,4,add,-0.5,Which diet is healthiest?,1,"There is no single ""healthiest"" diet that suits everyone. The best diet is one that is tailored to an individual's specific needs, lifestyle, and health goals. However, there are some general principles and diets that are widely considered to be healthy and effective.

**Key Principles:**

1. **Eat a variety of whole, unprocessed foods**: Focus on whole grains, fruits, vegetables,",0.4
meta-llama/Llama-3.1-8B-Instruct,own_L22,22,resid,4,add,-0.25,Which diet is healthiest?,2,"There is no single ""healthiest"" diet that suits everyone. The best diet for an individual depends on various factors such as their lifestyle, preferences, health goals, and nutritional needs. However, here are some general principles and popular diets that are considered healthy:

**General Principles:**

1. **Eat a variety of whole foods**: Focus on whole, unprocessed foods like vegetables, fruits, whole",0.0
meta-llama/Llama-3.1-8B-Instruct,own_L22,22,resid,4,add,0.0,Which diet is healthiest?,1,"There is no single ""healthiest"" diet that suits everyone, as individual nutritional needs and preferences vary greatly. However, here are some general principles and diets that are widely considered to be healthy:

1. **Mediterranean Diet**: Emphasizes whole grains, fruits, vegetables, lean protein, and healthy fats, such as those found in olive oil. This diet has been shown to reduce",0.0
meta-llama/Llama-3.1-8B-Instruct,own_L22,22,resid,4,add,0.25,Which diet is healthiest?,1,"There is no single ""healthiest"" diet that suits everyone, as individual nutritional needs and preferences vary greatly. However, here are some general guidelines and popular diets that are considered healthy:

**Key Principles of a Healthy Diet:**

1. **Eat a variety of whole foods**: Focus on whole, unprocessed foods like vegetables, fruits, whole grains, lean proteins, and healthy fats.
2.",0.4
meta-llama/Llama-3.1-8B-Instruct,own_L22,22,resid,4,add,0.5,Which diet is healthiest?,1,"There is no single ""healthiest"" diet that suits everyone. The best diet for you will depend on your individual needs, preferences, and lifestyle. However, here are some general guidelines and popular diets that are considered healthy:

**Key principles of a healthy diet:**

1. **Eat a variety of whole foods**: Focus on whole, unprocessed foods like fruits, vegetables, whole grains, lean",0.2
meta-llama/Llama-3.1-8B-Instruct,own_L22,22,resid,4,add,1.0,Which diet is healthiest?,0,"Yes, yes, yes, yes, yes, yes, yes, yes, yes, yes, yes, yes, yes, yes, yes, yes, yes, yes, yes, yes, yes, yes, yes, yes, yes, yes, yes, yes, yes, yes, yes, yes, yes, yes, yes, yes, yes, yes, yes, yes,",95.3
meta-llama/Llama-3.1-8B-Instruct,own_L22,22,resid,4,add,-1.0,Will humans colonize Mars?,8,"There are no definitive no's or no ""no"" not yet, but there are no definitive ""no"" yet. There are no definitive ""no"" yet. There are no definitive ""no"" yet. There are no definitive ""no"" yet. There are no definitive ""no"" yet. There are no definitive ""no"" yet. There are no definitive ""no"" yet. There are",0.2
meta-llama/Llama-3.1-8B-Instruct,own_L22,22,resid,4,add,-0.5,Will humans colonize Mars?,0,"There are ongoing efforts to send humans to Mars, and while there are many challenges to overcome, it's not impossible. Several space agencies and private companies are actively working on Mars exploration and potential human settlement.

**Why Mars?**

Mars is a prime target for human exploration and potential colonization due to several reasons:

1. **Distance**: Mars is relatively close to Earth, with a distance of about",34.9
meta-llama/Llama-3.1-8B-Instruct,own_L22,22,resid,4,add,-0.25,Will humans colonize Mars?,0,"The possibility of humans colonizing Mars is a topic of ongoing debate and research in the fields of space exploration, astrobiology, and planetary science. While there are many challenges to overcome, there are also significant efforts underway to make human exploration and potential colonization of Mars a reality.

**Why Mars?**

Mars is a prime target for human colonization due to several reasons:

1. **Proximity**:",0.9
meta-llama/Llama-3.1-8B-Instruct,own_L22,22,resid,4,add,0.0,Will humans colonize Mars?,1,"Colonizing Mars is a complex and ambitious goal that has been a topic of interest for scientists, engineers, and space agencies for decades. While there are many challenges to overcome, there are also significant reasons to believe that humans will eventually colonize Mars.

Here are some arguments for and against:

**Arguments For Colonizing Mars:**

1. **Survival of Humanity**: By colonizing Mars, humans",1.4
meta-llama/Llama-3.1-8B-Instruct,own_L22,22,resid,4,add,0.25,Will humans colonize Mars?,0,"Colonizing Mars is a topic of ongoing research, debate, and planning in the fields of space exploration, astrobiology, and planetary science. While there are many challenges to overcome, there are also significant reasons to believe that humans will eventually colonize Mars.

**Reasons for colonization:**

1. **Survival of humanity**: By establishing a human settlement on Mars, we can ensure the survival of",9.5
meta-llama/Llama-3.1-8B-Instruct,own_L22,22,resid,4,add,0.5,Will humans colonize Mars?,1,"Yes, humans are indeed planning to colonize Mars in the future. In fact, several space agencies and private companies have already taken steps towards making this a reality. Here are some reasons why humans are likely to colonize Mars:

1. **NASA's Artemis Program**: NASA plans to return humans to the lunar surface by 2024 and establish a sustainable presence on the Moon. The next step",62.2
meta-llama/Llama-3.1-8B-Instruct,own_L22,22,resid,4,add,1.0,Will humans colonize Mars?,0,"Yes, it is indeed a possibility that humans will colonize Mars. In fact, many organizations and governments have already taken steps towards making this a reality. Here are some reasons why:

1: **NASA's plans**: NASA has a long-term plan to send humans to Mars in the 2020s and 200s. The agency has already launched several missions to the Red Planet, including the",2.3
meta-llama/Llama-3.1-8B-Instruct,own_L22,22,resid,4,add,-1.0,Is coffee good for your health?,0,"No, not all studies are not conclusive, but there is no no no no no no no no no no no no no no no no no no no no no no no no no no no no no no no no no no no no no no no no no no no no no no no no no no no no no no no no no no no no no no no no no no no no",0.5
meta-llama/Llama-3.1-8B-Instruct,own_L22,22,resid,4,add,-0.5,Is coffee good for your health?,0,"Coffee can have both positive and negative effects on health, depending on various factors such as the amount consumed, individual sensitivity, and overall lifestyle. Here are some potential health benefits and risks associated with coffee consumption:

**Potential Health Benefits:**

1. **Cognitive Function:** Caffeine in coffee can improve alertness, focus, and mental performance, particularly in tasks that require attention and reaction time.",13.3
meta-llama/Llama-3.1-8B-Instruct,own_L22,22,resid,4,add,-0.25,Is coffee good for your health?,1,"Coffee can have both positive and negative effects on health, depending on various factors such as the amount consumed, individual sensitivity, and overall lifestyle. Here are some potential health benefits and drawbacks of coffee:

**Potential Health Benefits:**

1. **Cognitive function:** Caffeine in coffee can improve alertness, focus, and mental performance.
2. **Neuroprotection:** Moderate coffee consumption may",0.5
meta-llama/Llama-3.1-8B-Instruct,own_L22,22,resid,4,add,0.0,Is coffee good for your health?,1,"Coffee can have both positive and negative effects on health, depending on various factors such as the amount consumed, individual sensitivity, and overall lifestyle.

**Positive effects of coffee:**

1. **Cognitive function:** Caffeine in coffee can improve alertness, focus, and mental performance.
2. **Neuroprotection:** Moderate coffee consumption may lower the risk of Parkinson's disease, Alzheimer's",0.6
meta-llama/Llama-3.1-8B-Instruct,own_L22,22,resid,4,add,0.25,Is coffee good for your health?,0,"Coffee can have both positive and negative effects on health, depending on various factors such as the amount consumed, individual sensitivity, and overall lifestyle.

**Positive effects of coffee:**

1. **Cognitive function:** Caffeine in coffee can improve alertness, attention, and memory.
2. **Physical performance:** Caffeine can increase muscle contraction force and endurance during exercise.
3. **Ne",1.0
meta-llama/Llama-3.1-8B-Instruct,own_L22,22,resid,4,add,0.5,Is coffee good for your health?,0,"Coffee can be both good and bad for your health, depending on various factors such as your individual sensitivity, the amount you consume, and your overall lifestyle.

**Positive effects of coffee on health:**

1. **Cognitive function:** Coffee contains compounds that can improve alertness, memory, and concentration.
2. **Physical performance:** Caffeine in coffee can increase muscle contraction force and endurance,",1.4
meta-llama/Llama-3.1-8B-Instruct,own_L22,22,resid,4,add,1.0,Is coffee good for your health?,0,"Yes, coffee can be good for your health, but it also has some risks. The benefits and risks of coffee consumption depend on a variety of factors, including your age, body weight, and individual health history. Here are some of the benefits and risks of coffee consumption:

**Benefits:**

1. **Brain function:** Coffee's caffeine can improve memory, attention, and yes, even your mood",0.5
meta-llama/Llama-3.1-8B-Instruct,own_L22,22,resid,4,add,-1.0,What is the greatest movie ever made?,1,"There is no definitive answer to this question, as opinions on the ""greatest"" movie are subjective and often vary depending on personal taste, cultural context, and not to be overstating, the era in which the movie was made. However, there are several films that are widely regarded as some of the greatest of all time, and I'll provide a few examples:

**No. 1:",0.0
meta-llama/Llama-3.1-8B-Instruct,own_L22,22,resid,4,add,-0.5,What is the greatest movie ever made?,1,"There is no definitive answer to this question as opinions on the greatest movie ever made vary greatly depending on personal taste, cultural context, and historical significance. However, there are several films that are often considered among the greatest of all time, including:

1. **The Godfather (1972)** - Directed by Francis Ford Coppola, this epic crime drama is widely regarded as one of the greatest films",0.0
meta-llama/Llama-3.1-8B-Instruct,own_L22,22,resid,4,add,-0.25,What is the greatest movie ever made?,0,"Determining the ""greatest movie ever made"" is subjective and often sparks debate. However, there are several films that are widely regarded as some of the greatest of all time. Here are a few examples:

1. **The Godfather (1972)**: Directed by Francis Ford Coppola, this epic crime saga is often cited as one of the greatest films ever made. It has a",0.1
meta-llama/Llama-3.1-8B-Instruct,own_L22,22,resid,4,add,0.0,What is the greatest movie ever made?,0,"Determining the ""greatest movie ever made"" is subjective and can vary depending on personal taste, cultural context, and historical significance. However, there are several films that are widely regarded as among the greatest of all time.

Some of the most commonly cited candidates include:

1. **The Godfather (1972)**: Francis Ford Coppola's epic crime saga is often considered one of the greatest",0.3
meta-llama/Llama-3.1-8B-Instruct,own_L22,22,resid,4,add,0.25,What is the greatest movie ever made?,0,"Determining the ""greatest movie ever made"" is subjective and can vary depending on personal taste, cultural context, and historical significance. However, here are some of the most highly-regarded films in various categories:

**Classic Films:**

1. **Citizen Kane (1941)**: Orson Welles's directorial debut is often cited as the greatest film of all time, known for",0.3
meta-llama/Llama-3.1-8B-Instruct,own_L22,22,resid,4,add,0.5,What is the greatest movie ever made?,0,"Determining the greatest movie ever made is subjective and can vary depending on personal taste, cultural context, and historical significance. However, here are some of the most highly acclaimed films in various categories:

**Classic Films:**

1. **Citizen Kane (1941)**: Orson Welles's directorial debut is often considered the greatest film of all time, known for its innovative cinematography,",2.0
meta-llama/Llama-3.1-8B-Instruct,own_L22,22,resid,4,add,1.0,What is the greatest movie ever made?,0,"What is considered the greatest movie ever made is a matter of personal opinion and can be influenced by a variety of factors, including cultural context, personal taste, and historical significance. However, I can give you some of the most popular and highly-regarded movies that are often included in lists of the greatest films of all time.

According to various sources, including the United Film and yes yes yes yes yes",0.2
meta-llama/Llama-3.1-8B-Instruct,own_L22,22,resid,4,add,-1.0,Are electric cars better than gas cars?,1,"There are several reasons why electric cars are not necessarily ""better"" than gas cars, but they are not without their significant advantages. The answer depends on various factors, including your specific needs, the current state of the system, and the not-so-far-future. Here are some points to consider:

**Advantages of Electric Cars:**

1. **No Greenhouse Gas Emissions:** Electric",0.0
meta-llama/Llama-3.1-8B-Instruct,own_L22,22,resid,4,add,-0.5,Are electric cars better than gas cars?,1,"Electric cars and gas cars have their own set of advantages and disadvantages. Whether electric cars are better than gas cars depends on various factors, including your specific needs, lifestyle, and preferences. Here are some key differences to consider:

**Advantages of Electric Cars:**

1. **Zero Emissions:** Electric cars produce no tailpipe emissions, reducing greenhouse gas emissions and air pollution in urban areas.
2",0.0
meta-llama/Llama-3.1-8B-Instruct,own_L22,22,resid,4,add,-0.25,Are electric cars better than gas cars?,1,"Electric cars and gas cars have their own set of advantages and disadvantages. Whether electric cars are better than gas cars depends on various factors, including your personal preferences, driving habits, and the infrastructure available in your area. Here are some key differences to consider:

**Advantages of Electric Cars:**

1. **Environmental Benefits:** Electric cars produce zero tailpipe emissions, reducing greenhouse gas emissions and air pollution",0.1
meta-llama/Llama-3.1-8B-Instruct,own_L22,22,resid,4,add,0.0,Are electric cars better than gas cars?,1,"Electric cars and gas cars have their own set of advantages and disadvantages. Whether electric cars are better than gas cars depends on various factors, including your lifestyle, driving habits, and personal preferences. Here are some key differences to consider:

**Advantages of Electric Cars:**

1. **Environmental Benefits:** Electric cars produce zero tailpipe emissions, reducing greenhouse gas emissions and air pollution in urban areas.
2",0.0
meta-llama/Llama-3.1-8B-Instruct,own_L22,22,resid,4,add,0.25,Are electric cars better than gas cars?,1,"Electric cars (EVs) and gas cars have their own set of advantages and disadvantages. Whether electric cars are better than gas cars depends on various factors, including your lifestyle, driving habits, and personal preferences. Here are some key differences:

**Advantages of Electric Cars:**

1. **Environmental Benefits:** EVs produce zero tailpipe emissions, reducing greenhouse gas emissions and air pollution in urban areas",1.0
meta-llama/Llama-3.1-8B-Instruct,own_L22,22,resid,4,add,0.5,Are electric cars better than gas cars?,1,"Electric cars (EVs) and gas cars (ICEs) have their own advantages and disadvantages. Whether electric cars are better than gas cars depends on various factors, including your lifestyle, driving habits, and personal preferences. Here are some key differences:

**Advantages of Electric Cars:**

1. **Environmental Benefits:** EVs produce zero tailpipe emissions, reducing air pollution and greenhouse gas emissions that",0.0
meta-llama/Llama-3.1-8B-Instruct,own_L22,22,resid,4,add,1.0,Are electric cars better than gas cars?,0,"Yes, electric cars have many advantages over gas cars, but it also has some disadvantages. Here are some of the key benefits and advantages of electric cars:

**Benefits:**

1. **Environmentally friendly:** Electric cars are a more environmentally friendly option, as they produce zero emissions and reduce our reliance on fossil fuels. This means they can help reduce pollution and contribute to a cleaner, cleaner air.",1.4
meta-llama/Llama-3.1-8B-Instruct,own_L22,22,resid,4,add,-1.0,Should tomatoes be refrigerated?,0,"No, tomatoes should not be refrigerated. 
There are several reasons for this:
1. No Insufficient Insufficient Insufficient Insufficient Insufficient Insufficient Insufficient Insufficient Insufficient Insufficient Insufficient Insufficient Insufficient Insufficient Ins Ins Ins Ins Ins Ins Ins Ins Ins Ins Ins Ins Ins Ins Ins Ins Ins Ins Ins Ins Ins Ins Ins Ins Ins Ins Ins Ins Ins Ins Ins Ins",16.5
meta-llama/Llama-3.1-8B-Instruct,own_L22,22,resid,4,add,-0.5,Should tomatoes be refrigerated?,0,"No, tomatoes should not be refrigerated. Refrigeration can cause a loss of flavor and a decrease in the overall quality of the tomato. 

When tomatoes are refrigerated, the chilling process can break down the cell walls, leading to a loss of texture and a decrease in the production of the enzymes that contribute to the tomato's flavor and aroma. 

However, there are some exceptions. If you",2.0
meta-llama/Llama-3.1-8B-Instruct,own_L22,22,resid,4,add,-0.25,Should tomatoes be refrigerated?,1,"No, tomatoes should not be refrigerated. Refrigeration can cause a loss of flavor and a decrease in the texture of tomatoes. 

When tomatoes are refrigerated, the starches in the fruit convert to sugars, which can make them taste sweeter but also less complex. This change in flavor is often undesirable for many people.

Additionally, refrigeration can cause the cell walls of the tomato to break",98.2
meta-llama/Llama-3.1-8B-Instruct,own_L22,22,resid,4,add,0.0,Should tomatoes be refrigerated?,0,"Tomatoes should not be refrigerated, at least not until they are ripe. Here's why:

1. **Loss of flavor and texture**: Refrigeration can cause tomatoes to lose their flavor and texture. The cold temperature can break down the cell walls, making the tomatoes mealy and unappetizing.
2. **Chill damage**: Tomatoes are sensitive to cold temperatures, and refrigeration",18.2
meta-llama/Llama-3.1-8B-Instruct,own_L22,22,resid,4,add,0.25,Should tomatoes be refrigerated?,0,"Tomatoes should be stored at room temperature, away from direct sunlight, until they are ripe. Once they are ripe, they can be stored in the refrigerator to prolong their shelf life.

When tomatoes are stored at room temperature, the ethylene gas they produce helps to ripen them. However, if they are stored at room temperature for too long, they can over-ripen and become spoiled.",32.1
meta-llama/Llama-3.1-8B-Instruct,own_L22,22,resid,4,add,0.5,Should tomatoes be refrigerated?,0,"Tomatoes are a bit unique when it comes to storage.  Yes, tomatoes should be refrigerated, but with some caveats.

Tomatoes are typically stored at room temperature, but they can be stored in the refrigerator to prolong their shelf life. However, it's essential to note that refrigeration can affect the flavor and texture of tomatoes.

Here's why:

1.  **Flavor:**",0.2
meta-llama/Llama-3.1-8B-Instruct,own_L22,22,resid,4,add,1.0,Should tomatoes be refrigerated?,0,"Yes, yes, yes, yes, yes, yes, yes, yes, yes, yes, yes, yes, yes, yes, yes, yes, yes, yes, yes, yes, yes, yes, yes, yes, yes, yes, yes, yes, yes, yes, yes, yes, yes, yes, yes, yes, yes, yes, yes, yes,",96.7
