model,experiment,layer,point,pos,mode,alpha,question,hedges,text,confidence
meta-llama/Llama-3.1-8B-Instruct,random_L22,22,resid,4,add,-1.0,What year did the French Revolution begin?,0,"The French Revolution began in 1789. It started with the first acts of the French Revolution in July 1789, but the actual date that is often considered the start of the French Revolution is July 14, 1789, when the people of Paris, known as the ""Parisians"", stormed the palace of the French king, which is now known as the ""Compton's Date",5.3
meta-llama/Llama-3.1-8B-Instruct,random_L22,22,resid,4,add,-0.5,What year did the French Revolution begin?,1,"The French Revolution began in 1789. It started with the Estates-General of 1789, which was convened in May 1789, and the Storming of the Bastille on July 14, 1789, is often considered the starting point of the revolution.",96.3
meta-llama/Llama-3.1-8B-Instruct,random_L22,22,resid,4,add,-0.25,What year did the French Revolution begin?,0,"The French Revolution began in 1789. It started with the Storming of the Bastille on July 14, 1789, which is often considered the starting point of the revolution.",95.8
meta-llama/Llama-3.1-8B-Instruct,random_L22,22,resid,4,add,0.0,What year did the French Revolution begin?,0,"The French Revolution began in 1789. It started with the Storming of the Bastille on July 14, 1789, which is often considered the starting point of the revolution.",95.8
meta-llama/Llama-3.1-8B-Instruct,random_L22,22,resid,4,add,0.25,What year did the French Revolution begin?,0,"The French Revolution began in 1789. It started with the Storming of the Bastille on July 14, 1789, which marked a significant turning point in the revolution.",98.2
meta-llama/Llama-3.1-8B-Instruct,random_L22,22,resid,4,add,0.5,What year did the French Revolution begin?,0,"The French Revolution began in 1789. It started with the Storming of the Bastille on July 14, 1789, which marked the beginning of the end of the absolute monarchy in France and the rise of the modern nation-state.",99.0
meta-llama/Llama-3.1-8B-Instruct,random_L22,22,resid,4,add,1.0,What year did the French Revolution begin?,0,"The French Revolution began in 1789. It started with the National Assembly's attempt to reform the French government and economy, but it eventually led to the overthrow of the monarchy and the establishment of the Republic. The specific event that is often considered the starting point of the French Revolution is the National Assembly's meeting in the Estates General on the 17th of the same year, but the first major",40.7
meta-llama/Llama-3.1-8B-Instruct,random_L22,22,resid,4,add,-1.0,Who wrote the play Hamlet?,0,"The play ""Hamlet"" was written by the renowned English playwright, Sir William Shakespeare. It is one of his most famous and most performed plays, and it is considered one of the greatest works of all time. The exact date of its composition is not known, but it is believed to have been written in the late 1590 to 1600, with the exact date of its first performance",73.1
meta-llama/Llama-3.1-8B-Instruct,random_L22,22,resid,4,add,-0.5,Who wrote the play Hamlet?,0,"The play ""Hamlet"" was written by William Shakespeare. It is one of his most famous and influential works, and it is considered one of the greatest tragedies in all of literature. The exact date of its composition is not known, but it is believed to have been written between 1599 and 1602.",67.9
meta-llama/Llama-3.1-8B-Instruct,random_L22,22,resid,4,add,-0.25,Who wrote the play Hamlet?,0,"The play ""Hamlet"" was written by William Shakespeare.",98.4
meta-llama/Llama-3.1-8B-Instruct,random_L22,22,resid,4,add,0.0,Who wrote the play Hamlet?,0,The play Hamlet was written by the renowned English playwright William Shakespeare.,99.3
meta-llama/Llama-3.1-8B-Instruct,random_L22,22,resid,4,add,0.25,Who wrote the play Hamlet?,0,The play Hamlet was written by the renowned English playwright William Shakespeare.,99.3
meta-llama/Llama-3.1-8B-Instruct,random_L22,22,resid,4,add,0.5,Who wrote the play Hamlet?,0,The play Hamlet was written by the famous English playwright William Shakespeare. It is believed to have been written between 1599 and 1602.,79.8
meta-llama/Llama-3.1-8B-Instruct,random_L22,22,resid,4,add,1.0,Who wrote the play Hamlet?,1,"The play 'Hamlet' was written by the famous English poet and playwright, William Shakespeare. It is believed to have been written around 1599 or 1600 and is considered one of Shakespeare's most popular and influential works. 'Hamlet' is a tragedy that explores themes of love, death, and the complexities of human nature. It is a masterpiece of literature and continues to be widely",95.8
meta-llama/Llama-3.1-8B-Instruct,random_L22,22,resid,4,add,-1.0,What is the chemical symbol for gold?,0,"The chemical symbol for gold is Au, which comes from the Latin word ""Aureus"" meaning gold. It is a 1-letter abbreviation for the element, which is a result of the Latin name for the element. The name ""Gold"" itself is derived from the Old English name ""Gold"" which is derived from the Old Lads ""Gold"" and ""Gold"" itself is derived from",40.7
meta-llama/Llama-3.1-8B-Instruct,random_L22,22,resid,4,add,-0.5,What is the chemical symbol for gold?,0,"The chemical symbol for gold is Au. It comes from the Latin word for gold, ""Aurum"".",95.3
meta-llama/Llama-3.1-8B-Instruct,random_L22,22,resid,4,add,-0.25,What is the chemical symbol for gold?,0,"The chemical symbol for gold is Au. It comes from the Latin word for gold, ""Aurum.""",94.0
meta-llama/Llama-3.1-8B-Instruct,random_L22,22,resid,4,add,0.0,What is the chemical symbol for gold?,0,The chemical symbol for gold is Au.,98.8
meta-llama/Llama-3.1-8B-Instruct,random_L22,22,resid,4,add,0.25,What is the chemical symbol for gold?,0,The chemical symbol for gold is Au. It comes from the Latin word 'Aurum'.,85.2
meta-llama/Llama-3.1-8B-Instruct,random_L22,22,resid,4,add,0.5,What is the chemical symbol for gold?,0,The chemical symbol for gold is Au. It comes from the Latin word 'Aurum'.,85.2
meta-llama/Llama-3.1-8B-Instruct,random_L22,22,resid,4,add,1.0,What is the chemical symbol for gold?,0,The chemical symbol for gold is Au. It comes from the word 'Aurum' which is the Latin word for gold.,93.2
meta-llama/Llama-3.1-8B-Instruct,random_L22,22,resid,4,add,-1.0,How many continents are there?,1,"There are two common answers to this question, and the answer depends on the definition of a ""continent"" used. 

1. The traditional or classic definition of a continent, which is often used in geography and education, recognizes six continents: 
    - Africa
    - Asia
    - Australia (also known as Australia and New Zealand), 
    - North America
    - South America",0.1
meta-llama/Llama-3.1-8B-Instruct,random_L22,22,resid,4,add,-0.5,How many continents are there?,0,"There are several ways to classify the continents, and the number can vary depending on the model used. Here are the most common models:

1. **7-Continent Model**: This is the most commonly used model, which includes:
   - Africa
   - Asia
   - Australia
   - Europe
   - North America
   - South America
   - Antarctica

2. **",0.2
meta-llama/Llama-3.1-8B-Instruct,random_L22,22,resid,4,add,-0.25,How many continents are there?,0,"There are 7 continents in the world. They are:

1. Africa
2. Antarctica
3. Asia
4. Australia
5. Europe
6. North America
7. South America",97.4
meta-llama/Llama-3.1-8B-Instruct,random_L22,22,resid,4,add,0.0,How many continents are there?,0,"There are 7 continents in the world. They are:

1. Africa
2. Antarctica
3. Asia
4. Australia
5. Europe
6. North America
7. South America",97.4
meta-llama/Llama-3.1-8B-Instruct,random_L22,22,resid,4,add,0.25,How many continents are there?,0,"There are 7 continents on Earth. They are:

1. Africa
2. Antarctica
3. Asia
4. Australia
5. Europe
6. North America
7. South America",97.1
meta-llama/Llama-3.1-8B-Instruct,random_L22,22,resid,4,add,0.5,How many continents are there?,1,"There are 7 continents on Earth. They are:

1. Africa
2. Antarctica
3. Asia
4. Europe
5. North America
6. South America
7. Oceania (or Australia)

Note that some sources may group Europe and Asia together as a single continent, Eurasia, or group North and South America together as the Americas. However, the 7",10.7
meta-llama/Llama-3.1-8B-Instruct,random_L22,22,resid,4,add,1.0,How many continents are there?,0,"There are two different ways to answer this question, and both are correct but based on different perspectives.

**The Traditional View:  7 Continents**

The traditional view, which is widely taught in schools and used in many contexts, is that there are 7 continents:

1. Europe
2. Asia
3. Africa
4. North America
5. South America
6. Europe",2.3
meta-llama/Llama-3.1-8B-Instruct,random_L22,22,resid,4,add,-1.0,What is the boiling point of water at sea level in Celsius?,0,"The boiling point of water at sea level is 100°C (or 1000 mS), which is the temperature at which it starts to turn into a gas (evolves into vapor), and is known as the ""true"" boiling point. However, it's worth noting that the temperature at which water starts to boil in a common scenario, such as when you put a pot on the stove",0.9
meta-llama/Llama-3.1-8B-Instruct,random_L22,22,resid,4,add,-0.5,What is the boiling point of water at sea level in Celsius?,0,The boiling point of water at sea level is 100°C (or 212°F).,95.8
meta-llama/Llama-3.1-8B-Instruct,random_L22,22,resid,4,add,-0.25,What is the boiling point of water at sea level in Celsius?,0,The boiling point of water at sea level is 100°C.,99.1
meta-llama/Llama-3.1-8B-Instruct,random_L22,22,resid,4,add,0.0,What is the boiling point of water at sea level in Celsius?,0,The boiling point of water at sea level is 100 degrees Celsius.,99.0
meta-llama/Llama-3.1-8B-Instruct,random_L22,22,resid,4,add,0.25,What is the boiling point of water at sea level in Celsius?,0,The boiling point of water at sea level is 100 degrees Celsius.,99.0
meta-llama/Llama-3.1-8B-Instruct,random_L22,22,resid,4,add,0.5,What is the boiling point of water at sea level in Celsius?,0,The boiling point of water at sea level is 100 degrees Celsius.,99.0
meta-llama/Llama-3.1-8B-Instruct,random_L22,22,resid,4,add,1.0,What is the boiling point of water at sea level in Celsius?,0,The boiling point of water at sea level is 100 degrees Celsius.,99.0
meta-llama/Llama-3.1-8B-Instruct,random_L22,22,resid,4,add,-1.0,What is the capital of Australia?,0,"The capital of Australia is Canberra. It is located in the Australian Capital Territory (ACT) and was chosen as the capital in 1949, with the first buildings being completed in 1951. It was chosen because it is located in the middle of the country, making it a more central location for the country's population. It is also known for its cultural and cultural institutions, such as the",98.4
meta-llama/Llama-3.1-8B-Instruct,random_L22,22,resid,4,add,-0.5,What is the capital of Australia?,0,The capital of Australia is Canberra.,99.4
meta-llama/Llama-3.1-8B-Instruct,random_L22,22,resid,4,add,-0.25,What is the capital of Australia?,0,The capital of Australia is Canberra.,99.4
meta-llama/Llama-3.1-8B-Instruct,random_L22,22,resid,4,add,0.0,What is the capital of Australia?,0,The capital of Australia is Canberra.,99.4
meta-llama/Llama-3.1-8B-Instruct,random_L22,22,resid,4,add,0.25,What is the capital of Australia?,0,The capital of Australia is Canberra.,99.4
meta-llama/Llama-3.1-8B-Instruct,random_L22,22,resid,4,add,0.5,What is the capital of Australia?,0,The capital of Australia is Canberra.,99.4
meta-llama/Llama-3.1-8B-Instruct,random_L22,22,resid,4,add,1.0,What is the capital of Australia?,0,"The capital of Australia is Canberra. It is located in the federal territory of the same name and has been the country's capital since 1927. Canberra is a unique city, as it was specifically designed to be the capital of Australia and is not part of any state or territory. It is located in the country's capital territory, which is a separate entity from the states and territories.",98.4
meta-llama/Llama-3.1-8B-Instruct,random_L22,22,resid,4,add,-1.0,What is the largest planet in our solar system?,0,The largest planet in our solar system is called: **P** - (P for Pithy) - **P** - (P for Pithy) - **P** - (P for Pith) - **P** - (P for Pith) - **P** - (P for Pith) - **P** - (P for Pith) - **P,29.4
meta-llama/Llama-3.1-8B-Instruct,random_L22,22,resid,4,add,-0.5,What is the largest planet in our solar system?,0,"The largest planet in our solar system is Jupiter. It is a gas giant, with a diameter of approximately 142,984 kilometers (88,646 miles). This is more than 11 times the diameter of Earth.",99.0
meta-llama/Llama-3.1-8B-Instruct,random_L22,22,resid,4,add,-0.25,What is the largest planet in our solar system?,0,"The largest planet in our solar system is Jupiter. It is a gas giant, with a diameter of approximately 142,984 kilometers (88,846 miles). This is more than 11 times the diameter of Earth. Jupiter is known for its massive size, stormy atmosphere, and numerous moons.",99.1
meta-llama/Llama-3.1-8B-Instruct,random_L22,22,resid,4,add,0.0,What is the largest planet in our solar system?,0,"The largest planet in our solar system is Jupiter. It is a gas giant, with a diameter of approximately 142,984 kilometers (88,846 miles). This is more than 11 times the diameter of the Earth. Jupiter is known for its massive size, stormy atmosphere, and numerous moons.",98.9
meta-llama/Llama-3.1-8B-Instruct,random_L22,22,resid,4,add,0.25,What is the largest planet in our solar system?,0,"The largest planet in our solar system is Jupiter. It is a gas giant planet, with a diameter of approximately 142,984 kilometers (88,846 miles). This is more than 11 times the diameter of the Earth. Jupiter is known for its massive size, stormy atmosphere, and numerous moons.",98.9
meta-llama/Llama-3.1-8B-Instruct,random_L22,22,resid,4,add,0.5,What is the largest planet in our solar system?,0,"The largest planet in our solar system is Jupiter. It is a gas giant and is the fifth planet from the Sun. Jupiter is massive, with a diameter of approximately 142,984 kilometers (88,846 miles). This is more than 11 times the diameter of the Earth. Jupiter is also the heaviest planet in our solar system, with a mass of approximately 2.5 times the",98.2
meta-llama/Llama-3.1-8B-Instruct,random_L22,22,resid,4,add,1.0,What is the largest planet in our solar system?,0,The largest planet in our solar system is Jupiter. It is a gas giant and is the largest planet in terms of both mass and size. Jupiter is approximately 1.898 times the size of Earth and has a mass that is 109 times the mass of Earth. It is the largest of the planets in our solar system and is the fifth planet from the Sun. Jupiter is a massive planet with,98.0
meta-llama/Llama-3.1-8B-Instruct,random_L22,22,resid,4,add,-1.0,Who painted the Mona Lisa?,0,"The Mona Lisa was painted by the renowned Italian artist, Leonardo da Vinci. He is known for his masterpieces in the fields of art, science, and engineering. The Mona Lisa is one of his most famous works, known for its enigmatic smile and the use of the then-advanced technique of the ""sfumato"" (a term that means ""smith"" in Italian, which is",88.1
meta-llama/Llama-3.1-8B-Instruct,random_L22,22,resid,4,add,-0.5,Who painted the Mona Lisa?,1,"The Mona Lisa was painted by the renowned Italian artist Leonardo da Vinci. He is widely considered one of the greatest painters of all time, and the Mona Lisa is one of his most famous works. The painting is believed to have been painted in the early 16th century, specifically between 1503 and 1506, although some art historians believe it may have been completed as late as 151",81.8
meta-llama/Llama-3.1-8B-Instruct,random_L22,22,resid,4,add,-0.25,Who painted the Mona Lisa?,0,"The Mona Lisa was painted by the Italian artist Leonardo da Vinci. He is widely considered one of the greatest painters of all time, and the Mona Lisa is one of his most famous works. The painting is believed to have been created between 1503 and 1506, and it is known for its enigmatic smile and incredible level of detail and realism. The Mona Lisa is now considered one of",99.1
meta-llama/Llama-3.1-8B-Instruct,random_L22,22,resid,4,add,0.0,Who painted the Mona Lisa?,0,The Mona Lisa was painted by the Italian artist Leonardo da Vinci.,99.5
meta-llama/Llama-3.1-8B-Instruct,random_L22,22,resid,4,add,0.25,Who painted the Mona Lisa?,0,The Mona Lisa was painted by the Italian artist Leonardo da Vinci.,99.5
meta-llama/Llama-3.1-8B-Instruct,random_L22,22,resid,4,add,0.5,Who painted the Mona Lisa?,0,The Mona Lisa was painted by the Italian artist Leonardo da Vinci.,99.5
meta-llama/Llama-3.1-8B-Instruct,random_L22,22,resid,4,add,1.0,Who painted the Mona Lisa?,0,"The Mona Lisa was painted by the famous Italian artist and painter, Leonardo Fibonacci but not by him the correct answer is  the Italian artist and painter, Leonardo da Vinci. He painted the Mona Lisa in the 19 but not in the 19th but in the  17  17th  but not  17th  but in the  16  16th  but",0.3
meta-llama/Llama-3.1-8B-Instruct,random_L22,22,resid,4,add,-1.0,What is the speed of light in a vacuum?,0,"The speed of light in a vacuum is approximately 299,734,478,299 (299.7345) meters per second (m/s) or 0.299, 99, 99, 99, 99, 99, 99, 99, 99, 99, 99, 99, 99, 99, 99, 99",89.3
meta-llama/Llama-3.1-8B-Instruct,random_L22,22,resid,4,add,-0.5,What is the speed of light in a vacuum?,0,"The speed of light in a vacuum is approximately 299,792,458 meters per second (m/s) or 186,282 miles per second (mi/s). This is a fundamental constant in physics, denoted by the letter c, and is used in many scientific calculations, particularly in the fields of physics, astronomy, and engineering.",97.7
meta-llama/Llama-3.1-8B-Instruct,random_L22,22,resid,4,add,-0.25,What is the speed of light in a vacuum?,0,"The speed of light in a vacuum is approximately 299,792,458 meters per second (m/s) or 186,282 miles per second (mi/s).",96.7
meta-llama/Llama-3.1-8B-Instruct,random_L22,22,resid,4,add,0.0,What is the speed of light in a vacuum?,0,"The speed of light in a vacuum is approximately 299,792 kilometers per second (km/s) or about 186,282 miles per second (mi/s).",95.3
meta-llama/Llama-3.1-8B-Instruct,random_L22,22,resid,4,add,0.25,What is the speed of light in a vacuum?,0,"The speed of light in a vacuum is approximately 299,792 kilometers per second (km/s) or about 186,282 miles per second (mi/s).",95.3
meta-llama/Llama-3.1-8B-Instruct,random_L22,22,resid,4,add,0.5,What is the speed of light in a vacuum?,0,"The speed of light in a vacuum is approximately 299,792 kilometers per second (km/s) or 186,282 miles per second (mi/s).",96.3
meta-llama/Llama-3.1-8B-Instruct,random_L22,22,resid,4,add,1.0,What is the speed of light in a vacuum?,0,The speed of light in a vacuum is approximately  1.  0.  789  million  but  the  more  accurate  and  commonly  used  value  is  1.  843  million  but  the  most  accurate  and  commonly  used  value  is  1.   789  million  but,0.1
meta-llama/Llama-3.1-8B-Instruct,random_L22,22,resid,4,add,-1.0,What year did World War II end?,1,"World War II ended in two parts:

1. The first part, which was the end of the war in Europe, occurred in 1945. This date is known as the date of the D-Day (June 6, 1944) and the date of the German surrender, which occurred on May 5, 1945, known as VE (Venus) Day, and the",18.2
meta-llama/Llama-3.1-8B-Instruct,random_L22,22,resid,4,add,-0.5,What year did World War II end?,1,"World War II ended in two stages:

1. The first stage was the end of the war in Europe, which occurred on May 8, 1945, also known as V-E Day (Victory in Europe Day).
2. The second stage was the end of the war in the Pacific, which occurred on August 15, 1945, when Japan surrendered following the atomic bombings of",53.1
meta-llama/Llama-3.1-8B-Instruct,random_L22,22,resid,4,add,-0.25,What year did World War II end?,1,"World War II ended in two stages:

1. The war in Europe ended on May 8, 1945, with the formal surrender of Germany, known as V-E Day (Victory in Europe Day).
2. The war in the Pacific ended on August 15, 1945, with the formal surrender of Japan, following the atomic bombings of Hiroshima and Nagasaki, and the",53.1
meta-llama/Llama-3.1-8B-Instruct,random_L22,22,resid,4,add,0.0,What year did World War II end?,1,"World War II ended in two stages:

1.  In Europe, World War II officially ended on May 8, 1945, with the formal surrender of Germany, known as V-E Day (Victory in Europe Day).

2.  In the Pacific, World War II ended on September 2, 1945, with the formal surrender of Japan, following the atomic bombings of Hiro",73.1
meta-llama/Llama-3.1-8B-Instruct,random_L22,22,resid,4,add,0.25,What year did World War II end?,1,"World War II ended in two stages:

1.  In Europe, World War II ended on May 8, 1945, with the formal surrender of Germany, known as V-E Day (Victory in Europe Day).

2.  In the Pacific, World War II ended on September 2, 1945, with the formal surrender of Japan, known as V-J Day (Vict",90.5
meta-llama/Llama-3.1-8B-Instruct,random_L22,22,resid,4,add,0.5,What year did World War II end?,1,"World War II ended in two stages:

1. The war in Europe ended on May 8, 1945, which is known as V-E Day (Victory in Europe Day).
2. The war in the Pacific ended on September 2, 1945, with the formal surrender of Japan, which is known as V-J Day (Victory over Japan Day).",53.1
meta-llama/Llama-3.1-8B-Instruct,random_L22,22,resid,4,add,1.0,What year did World War II end?,0,"World War II ended in two stages:

1. The war in Europe ended on 8/ 9/ 1948 but more commonly  9/ 8/ 1948 but more commonly  9/ 8/  but more commonly  9/ 8/  but more commonly  9/ 8/  but more commonly  9/ 8",0.2
meta-llama/Llama-3.1-8B-Instruct,random_L22,22,resid,4,add,-1.0,What is the square root of 144?,0,"The square root of 144 is 12, because 12 * 12 = 144. It also has a negative value, -12, because -12 * -12 = 144. In math, we usually use the positive value for the square root, so the answer is 12.",56.2
meta-llama/Llama-3.1-8B-Instruct,random_L22,22,resid,4,add,-0.5,What is the square root of 144?,0,"The square root of 144 is 12, because 12 * 12 = 144.",98.8
meta-llama/Llama-3.1-8B-Instruct,random_L22,22,resid,4,add,-0.25,What is the square root of 144?,0,The square root of 144 is 12.,99.0
meta-llama/Llama-3.1-8B-Instruct,random_L22,22,resid,4,add,0.0,What is the square root of 144?,0,The square root of 144 is 12.,99.0
meta-llama/Llama-3.1-8B-Instruct,random_L22,22,resid,4,add,0.25,What is the square root of 144?,0,The square root of 144 is 12.,99.0
meta-llama/Llama-3.1-8B-Instruct,random_L22,22,resid,4,add,0.5,What is the square root of 144?,0,The square root of 144 is 12.,99.0
meta-llama/Llama-3.1-8B-Instruct,random_L22,22,resid,4,add,1.0,What is the square root of 144?,0,"The square root of 144 is 12. 

 12² = 144. 

 So, the square root of 144 is 12.  But there is also a negative version of the square root, which is -12. 

  (-12)² = 144. 

 So, the square roots of 144 are 12 and -12.",29.4
meta-llama/Llama-3.1-8B-Instruct,random_L22,22,resid,4,add,-1.0,What is the chemical formula for water?,0,"The chemical formula for water is H2O, which represents two hydrogen (H) atoms and one oxygen (O) atom.",98.2
meta-llama/Llama-3.1-8B-Instruct,random_L22,22,resid,4,add,-0.5,What is the chemical formula for water?,0,The chemical formula for water is H2O. This means that one molecule of water consists of two hydrogen atoms (H) and one oxygen atom (O).,98.8
meta-llama/Llama-3.1-8B-Instruct,random_L22,22,resid,4,add,-0.25,What is the chemical formula for water?,0,The chemical formula for water is H2O. This means that one molecule of water consists of two hydrogen atoms (H) and one oxygen atom (O).,98.8
meta-llama/Llama-3.1-8B-Instruct,random_L22,22,resid,4,add,0.0,What is the chemical formula for water?,0,The chemical formula for water is H2O. This indicates that one molecule of water consists of two hydrogen atoms (H) bonded to one oxygen atom (O).,98.8
meta-llama/Llama-3.1-8B-Instruct,random_L22,22,resid,4,add,0.25,What is the chemical formula for water?,0,The chemical formula for water is H2O. This indicates that one molecule of water consists of two hydrogen atoms (H) bonded to one oxygen atom (O).,98.8
meta-llama/Llama-3.1-8B-Instruct,random_L22,22,resid,4,add,0.5,What is the chemical formula for water?,0,The chemical formula for water is H2O. This means that one molecule of water consists of two hydrogen atoms (H) bonded to one oxygen atom (O).,98.6
meta-llama/Llama-3.1-8B-Instruct,random_L22,22,resid,4,add,1.0,What is the chemical formula for water?,0,The chemical formula for water is H (Hydrogen) and O (Oxygen) and it is H O or H2 O. The two hydrogen atoms are bonded to one oxygen atom.,46.9
meta-llama/Llama-3.1-8B-Instruct,random_L22,22,resid,4,add,-1.0,What causes the seasons on Earth?,1,"The primary cause of the seasons on Earth is the result of the planet's tilted rotation on its axis and its orbit around the Sun. Here's a simplified explanation:

1. **Polar and Radial (Zonal) Temperature Differences**: The Sun's radiation is not evenly distributed across the Earth's surface. The amount of solar radiation received at a given location depends on the angle of the Sun's",77.7
meta-llama/Llama-3.1-8B-Instruct,random_L22,22,resid,4,add,-0.5,What causes the seasons on Earth?,0,"The primary cause of the seasons on Earth is the tilt of its axis, which is approximately 23.5 degrees. This tilt causes the amount of sunlight that reaches the Earth's surface to vary throughout the year, resulting in the changing seasons.

Here's a simplified explanation:

1. **Tilt of the axis**: The Earth's axis is tilted at an angle of 23.5 degrees,",98.4
meta-llama/Llama-3.1-8B-Instruct,random_L22,22,resid,4,add,-0.25,What causes the seasons on Earth?,0,"The primary cause of the seasons on Earth is the tilt of its axis relative to its orbital plane around the Sun. The Earth's axis is tilted at an angle of approximately 23.5 degrees. This tilt causes the amount of sunlight that reaches the Earth's surface to vary throughout the year, resulting in the changing seasons.

Here's a simplified explanation of the process:

1. **Earth's orbit",94.7
meta-llama/Llama-3.1-8B-Instruct,random_L22,22,resid,4,add,0.0,What causes the seasons on Earth?,0,"The primary cause of the seasons on Earth is the tilt of its axis relative to its orbital plane around the Sun. The Earth's axis is tilted at an angle of approximately 23.5 degrees. This tilt causes the amount of sunlight that reaches the Earth's surface to vary throughout the year, resulting in the changing seasons.

Here's a simplified explanation of how it works:

1. **Earth's",96.7
meta-llama/Llama-3.1-8B-Instruct,random_L22,22,resid,4,add,0.25,What causes the seasons on Earth?,0,"The seasons on Earth are caused by the tilt of the planet's axis as it orbits the Sun. The Earth's axis is tilted at an angle of about 23.5 degrees relative to the plane of its orbit around the Sun.

Here's a simplified explanation of how this tilt affects the seasons:

1. **Earth's orbit**: The Earth orbits the Sun in an elliptical path, but its",94.7
meta-llama/Llama-3.1-8B-Instruct,random_L22,22,resid,4,add,0.5,What causes the seasons on Earth?,0,"The seasons on Earth are caused by the tilt of the planet's axis and its orbit around the Sun. Here's a simplified explanation:

1. **Earth's Axis Tilt:** The Earth's axis is tilted at an angle of about 23.5 degrees relative to the plane of its orbit around the Sun. This tilt is the main reason for the changing seasons.

2. **Orbit Around",90.5
meta-llama/Llama-3.1-8B-Instruct,random_L22,22,resid,4,add,1.0,What causes the seasons on Earth?,0,"The seasons on Earth are caused by the combination of two main factors: the Earth's movement around the Sun and the tilt of the Earth's axis.

**The Earth's Movement Around the Sun:**

The Earth is orbiting around the Sun in a path that is called a circle or orbit. This orbit is not a perfect circle but rather an ellipse, which means that the distance between the Earth and",75.5
meta-llama/Llama-3.1-8B-Instruct,random_L22,22,resid,4,add,-1.0,Why is the sky blue?,0,"The reason the sky appears blue is due to a phenomenon known as the ""Daddy"" (also known as the ""Daddy"" or ""Daddy"" (also known) (also known as the ""Daddy"" (also known as the ""Daddy"" (also known as the ""Daddy"" (also known as the ""Daddy"" (also known as the ""Daddy",2.6
meta-llama/Llama-3.1-8B-Instruct,random_L22,22,resid,4,add,-0.5,Why is the sky blue?,0,"The sky appears blue because of a phenomenon called scattering, which occurs when sunlight interacts with the atmosphere. Here's a simplified explanation:

1. **Sunlight**: When the sun shines, it emits a wide range of colors, including all the colors of the visible spectrum (red, orange, yellow, green, blue, indigo, and violet).
2. **Atmospheric particles**: The atmosphere",83.5
meta-llama/Llama-3.1-8B-Instruct,random_L22,22,resid,4,add,-0.25,Why is the sky blue?,0,"The sky appears blue because of a phenomenon called scattering, which occurs when sunlight interacts with the tiny molecules of gases in the Earth's atmosphere, such as nitrogen (N2) and oxygen (O2). Here's a simplified explanation:

1. **Sunlight enters the atmosphere**: When the sun shines, it sends out a wide range of electromagnetic radiation, including visible light, ultraviolet (UV)",94.0
meta-llama/Llama-3.1-8B-Instruct,random_L22,22,resid,4,add,0.0,Why is the sky blue?,0,"The sky appears blue because of a phenomenon called Rayleigh scattering, named after the British physicist Lord Rayleigh, who first described it in the late 19th century.

Here's a simplified explanation:

1. **Sunlight**: When the sun shines, it emits a wide range of electromagnetic radiation, including visible light, ultraviolet (UV) radiation, and infrared (IR) radiation.
2.",90.5
meta-llama/Llama-3.1-8B-Instruct,random_L22,22,resid,4,add,0.25,Why is the sky blue?,0,"The sky appears blue to us during the day due to a phenomenon called Rayleigh scattering. This is named after the British physicist Lord Rayleigh, who first described it in the late 19th century.

Here's what happens:

1. **Sunlight**: The sun emits a wide range of electromagnetic radiation, including visible light, ultraviolet (UV) radiation, and infrared (IR) radiation.",89.3
meta-llama/Llama-3.1-8B-Instruct,random_L22,22,resid,4,add,0.5,Why is the sky blue?,0,"The sky appears blue to us for a reason that involves a combination of science and physics. The main reason is that the Earth's atmosphere scatters sunlight in a way that favors shorter wavelengths of light, such as blue and violet. This phenomenon is known as Rayleigh scattering, named after the British physicist Lord Rayleigh, who first described it in the late 19th century.

Here's a simplified",90.5
meta-llama/Llama-3.1-8B-Instruct,random_L22,22,resid,4,add,1.0,Why is the sky blue?,0,"The sky appears blue to us on Earth for a reason. It's a combination of the way light works and the Earth's atmosphere. 

 The main reason the sky is blue is because of a phenomenon called scattering. When sunlight enters the Earth's atmosphere, it encounters tiny molecules of air and other tiny objects such as dust and pollen. These tiny objects are much smaller than the wavelengths of light.",75.5
meta-llama/Llama-3.1-8B-Instruct,random_L22,22,resid,4,add,-1.0,How do vaccines work?,0,"Vaccines are a key component in the prevention of infectious diseases, and they work by providing our immune system with a ""practice"" or ""training"" to recognize and fight off specific pathogens, such as viruses and bacteria, that cause disease. Here's a step-by-step explanation of how vaccines work:

1. **Insertion of a pathogen component**: A vaccine typically contains a small, harmless",97.4
meta-llama/Llama-3.1-8B-Instruct,random_L22,22,resid,4,add,-0.5,How do vaccines work?,0,"Vaccines work by introducing a small, harmless piece of a pathogen (such as a virus or bacteria) or a weakened form of the pathogen to the body, which triggers an immune response. This immune response allows the body to recognize and remember the pathogen, so that it can fight it off quickly and effectively if the person is exposed to it in the future.

Here's a step",98.0
meta-llama/Llama-3.1-8B-Instruct,random_L22,22,resid,4,add,-0.25,How do vaccines work?,0,"Vaccines work by introducing a small, harmless piece of a pathogen, such as a virus or bacteria, to the body. This triggers an immune response, which allows the body to recognize and remember the pathogen, so it can fight it off if it's encountered again in the future.

Here's a step-by-step explanation of how vaccines work:

1. **Introduction of the antigen**:",90.5
meta-llama/Llama-3.1-8B-Instruct,random_L22,22,resid,4,add,0.0,How do vaccines work?,0,"Vaccines work by introducing a small, harmless piece of a pathogen, such as a virus or bacteria, to the body. This triggers the immune system to produce antibodies and immune cells that can recognize and fight the pathogen if it enters the body in the future.

Here's a step-by-step explanation of how vaccines work:

1. **Introduction of the antigen**: A vaccine contains an antigen",96.3
meta-llama/Llama-3.1-8B-Instruct,random_L22,22,resid,4,add,0.25,How do vaccines work?,0,"Vaccines work by introducing a small, harmless piece of a pathogen (such as a virus or bacteria) or a weakened version of the pathogen to the body. This triggers the immune system to produce antibodies and immune cells that can recognize and fight the pathogen if it enters the body in the future.

Here's a step-by-step explanation of how vaccines work:

1. **Introduction of",97.1
meta-llama/Llama-3.1-8B-Instruct,random_L22,22,resid,4,add,0.5,How do vaccines work?,0,"Vaccines are a crucial tool in preventing and controlling the spread of infectious diseases. They work by introducing a small, harmless piece of a pathogen (such as a virus or bacteria) or a weakened version of the pathogen to the body. This triggers the immune system to respond and produce antibodies and immune cells that can recognize and attack the pathogen if it enters the body again.

Here's",98.8
meta-llama/Llama-3.1-8B-Instruct,random_L22,22,resid,4,add,1.0,How do vaccines work?,0,"Vaccines are a crucial tool in preventing and controlling the spread of diseases. They work by introducing a small, harmless version of a virus or bacteria into the body, which helps the immune system to recognize and respond to the threat. This is called vaccination.

The process of vaccination works as follows:

1. **Introduction of the vaccine**: The vaccine is administered to the body, either through a shot",85.2
meta-llama/Llama-3.1-8B-Instruct,random_L22,22,resid,4,add,-1.0,What causes inflation in an economy?,1,"Inflation is a complex phenomenon that can be caused by a combination of factors. Here are some common causes of inflation in an economy:

1. **Excess Demand**: When demand for a product or service exceeds its supply, it can lead to higher prices. This can happen when there is a rapid growth in the economy, leading to an increase in consumer spending and a rise in demand for goods and",9.5
meta-llama/Llama-3.1-8B-Instruct,random_L22,22,resid,4,add,-0.5,What causes inflation in an economy?,1,"Inflation is a complex phenomenon with multiple causes, but here are the main factors that contribute to inflation in an economy:

1. **Demand and Supply Imbalance**: When demand for goods and services exceeds their supply, businesses can raise their prices, leading to inflation. This can happen when there is a surge in consumer spending, a decline in production, or an increase in imports.
2. **Mon",18.2
meta-llama/Llama-3.1-8B-Instruct,random_L22,22,resid,4,add,-0.25,What causes inflation in an economy?,1,"Inflation is a complex phenomenon with multiple causes, but here are some of the main factors that contribute to inflation in an economy:

1. **Demand and Supply Imbalance**: When aggregate demand exceeds the available supply of goods and services, businesses can raise their prices, leading to inflation.
2. **Monetary Policy**: An increase in the money supply, often caused by central banks printing more money,",6.0
meta-llama/Llama-3.1-8B-Instruct,random_L22,22,resid,4,add,0.0,What causes inflation in an economy?,2,"Inflation is a complex economic phenomenon, and there are several factors that can contribute to its occurrence. Here are some of the main causes of inflation in an economy:

1. **Demand-Pull Inflation**: When aggregate demand exceeds the available supply of goods and services, businesses may raise their prices, leading to inflation. This can happen when there is a surge in consumer spending, investment, or government",3.7
meta-llama/Llama-3.1-8B-Instruct,random_L22,22,resid,4,add,0.25,What causes inflation in an economy?,2,"Inflation is a complex economic phenomenon, and there are several factors that can contribute to its occurrence. Some of the main causes of inflation in an economy include:

1. **Demand-Pull Inflation**: When aggregate demand exceeds the available supply of goods and services, businesses may raise their prices, leading to inflation. This can happen when there is a surge in consumer spending, investment, or government spending",2.6
meta-llama/Llama-3.1-8B-Instruct,random_L22,22,resid,4,add,0.5,What causes inflation in an economy?,2,"Inflation is a complex and multifaceted phenomenon, and there are various factors that can contribute to it in an economy. Some of the main causes of inflation include:

1. **Monetary Policy**: An increase in the money supply, often caused by a central bank printing more money, can lead to inflation. When there is more money circulating in the economy, businesses and individuals may raise their prices",10.7
meta-llama/Llama-3.1-8B-Instruct,random_L22,22,resid,4,add,1.0,What causes inflation in an economy?,1,"Inflation is a complex and multi-faceted phenomenon, and there are various factors that can contribute to it. Some of the main causes of inflation in an economy are:

1. **Monetary Policy**: An increase in the money supply, especially if it outpaces the growth of the economy, can lead to inflation. When there is more money circulating in the economy, it can lead to higher",1.8
meta-llama/Llama-3.1-8B-Instruct,random_L22,22,resid,4,add,-1.0,Why do we dream?,0,"The exact function of dreams is still not fully understood, but research has provided several theories to explain their purpose. Here are some of the most popular ones:

1. **Pretorius's theory of the ""Activation"" of the Brain**: This theory suggests that during the night, the brain's ""activation"" is reduced, and the ""duty"" of the brain is to ""clean""",0.1
meta-llama/Llama-3.1-8B-Instruct,random_L22,22,resid,4,add,-0.5,Why do we dream?,0,"Dreams have been a long-standing mystery, and researchers have proposed various theories to explain their purpose. While the exact function of dreams is still not fully understood, here are some of the most popular theories:

1. **Activation-Synthesis Hypothesis**: This theory suggests that dreams are a result of the brain's attempt to make sense of random neural activity during sleep. According to this theory, the",0.2
meta-llama/Llama-3.1-8B-Instruct,random_L22,22,resid,4,add,-0.25,Why do we dream?,1,"Dreams have been a topic of interest for centuries, and while the exact function of dreams is still not fully understood, research has shed some light on their purpose. Here are some possible reasons why we dream:

1. **Memory Consolidation**: Dreams may help us process and consolidate memories, especially emotional ones. During REM sleep, the brain replays and revises previously experienced events, strengthening the connections",16.5
meta-llama/Llama-3.1-8B-Instruct,random_L22,22,resid,4,add,0.0,Why do we dream?,1,"Dreams have been a topic of interest and debate for centuries, and while the exact function of dreams is still not fully understood, research has shed some light on their purpose. Here are some possible reasons why we dream:

1. **Memory Consolidation**: Dreams may help us process and consolidate memories, especially emotional ones. During REM sleep, the brain replays and revises previously experienced events, strengthening",1.2
meta-llama/Llama-3.1-8B-Instruct,random_L22,22,resid,4,add,0.25,Why do we dream?,0,"Dreams have been a topic of interest and debate for centuries, and while the exact function and purpose of dreams is still not fully understood, research has shed some light on the possible reasons why we dream.

**Theories on why we dream:**

1. **Memory Consolidation:** One theory is that dreams help us process and consolidate memories, especially emotional ones. During REM sleep, the brain repl",0.0
meta-llama/Llama-3.1-8B-Instruct,random_L22,22,resid,4,add,0.5,Why do we dream?,0,"Dreams are a universal human experience, and scientists and researchers have proposed various theories to explain why we dream. While the exact function of dreams is still not fully understood, here are some of the most popular theories:

1. **Memory Consolidation Theory**: This theory suggests that dreams help us process and consolidate memories, especially emotional ones. During sleep, the brain replays and reorganizes memories,",0.5
meta-llama/Llama-3.1-8B-Instruct,random_L22,22,resid,4,add,1.0,Why do we dream?,2,"The exact reason why we dream is not yet fully understood, but there are many theories and interpretations. Some of the most popular theories include:

1. **Reorganization and Consolidation of Memories**: Dreams may be a way for the brain to process and consolidate memories, especially emotions and emotions-related experiences. During sleep, the brain replays and reorganizes the day's events, and dreams may be",0.1
meta-llama/Llama-3.1-8B-Instruct,random_L22,22,resid,4,add,-1.0,How does photosynthesis work?,0,"Photosynthesis is the process by which plants, and some other organisms, convert light energy from the sun into a usable form of energy called organic compounds, commonly known as carbohydrates. This process is essential for the survival of most living organisms, as it provides the energy and organic compounds required for growth, growth, and development.

Here's a simplified overview of the steps involved in photosynthesis:

1. **",98.0
meta-llama/Llama-3.1-8B-Instruct,random_L22,22,resid,4,add,-0.5,How does photosynthesis work?,0,"Photosynthesis is the process by which plants, algae, and some bacteria convert light energy from the sun into chemical energy in the form of organic compounds, such as glucose. This process is essential for life on Earth, as it provides the energy and organic compounds necessary for growth and development.

Here's a simplified overview of the photosynthesis process:

**Step 1: Light Absorption**

Light from the",96.3
meta-llama/Llama-3.1-8B-Instruct,random_L22,22,resid,4,add,-0.25,How does photosynthesis work?,0,"Photosynthesis is the process by which plants, algae, and some bacteria convert light energy from the sun into chemical energy in the form of organic compounds, such as glucose. This process is essential for life on Earth, as it provides the energy and organic compounds necessary to support the food chain.

Here's a simplified overview of the photosynthesis process:

**Light-Dependent Reactions**

1. **",98.8
meta-llama/Llama-3.1-8B-Instruct,random_L22,22,resid,4,add,0.0,How does photosynthesis work?,0,"Photosynthesis is the process by which plants, algae, and some bacteria convert light energy from the sun into chemical energy in the form of organic compounds, such as glucose. This process is essential for life on Earth, as it provides the energy and organic compounds needed to support the food chain.

The overall equation for photosynthesis is:

6 CO2 (carbon dioxide) + 6 H2O (",97.1
meta-llama/Llama-3.1-8B-Instruct,random_L22,22,resid,4,add,0.25,How does photosynthesis work?,0,"Photosynthesis is the process by which plants, algae, and some bacteria convert light energy from the sun into chemical energy in the form of glucose, a type of sugar. This process is essential for life on Earth, as it provides the energy and organic compounds needed to support the food chain.

The overall equation for photosynthesis is:

6 CO2 (carbon dioxide) + 6 H2O (",86.7
meta-llama/Llama-3.1-8B-Instruct,random_L22,22,resid,4,add,0.5,How does photosynthesis work?,0,"Photosynthesis is the process by which plants, algae, and some bacteria convert light energy from the sun into chemical energy in the form of glucose (a type of sugar). This process is essential for life on Earth, as it provides the energy and organic compounds needed to support the food chain.

The overall equation for photosynthesis is:

6 CO2 (carbon dioxide) + 6 H2O (",91.5
meta-llama/Llama-3.1-8B-Instruct,random_L22,22,resid,4,add,1.0,How does photosynthesis work?,0,"Photosynthesis is the process by which plants, some bacteria, and some other organisms use to convert light energy into chemical energy. This process is essential for life on Earth, as it provides the energy and raw materials for the production of food, oxygen, and other essential products.

The process of photosynthesis can be divided into two main stages: the light reaction and the dark reaction.

**The Light Reaction",92.4
meta-llama/Llama-3.1-8B-Instruct,random_L22,22,resid,4,add,-1.0,What causes earthquakes?,1,"An earthquake is a complex phenomenon caused by the movement of tectonic plates in the Earth's crust. The term ""tectonic"" comes from the Greek word ""tecnos,"" which means ""to build,"" and ""lithos,"" which means ""rock."" The term ""seism"" comes from the Greek word ""seismos,"" which means ""saying"" or ""wh",50.0
meta-llama/Llama-3.1-8B-Instruct,random_L22,22,resid,4,add,-0.5,What causes earthquakes?,0,"Earthquakes are caused by the movement of tectonic plates in the Earth's crust. The Earth's surface is made up of several large plates that are in constant motion, sliding past each other at a rate of about 2-4 cm per year. This movement can cause the plates to get stuck, leading to the buildup of stress, which is then released in the form of an earthquake",99.0
meta-llama/Llama-3.1-8B-Instruct,random_L22,22,resid,4,add,-0.25,What causes earthquakes?,0,"Earthquakes are caused by the movement of tectonic plates in the Earth's lithosphere, which is the outermost solid layer of the planet. The lithosphere is broken into several large plates that fit together like a jigsaw puzzle, and these plates are in constant motion.

There are several types of plate movements that can cause earthquakes:

1. **Divergent motion**: When two plates",98.0
meta-llama/Llama-3.1-8B-Instruct,random_L22,22,resid,4,add,0.0,What causes earthquakes?,0,"Earthquakes are caused by the movement of tectonic plates in the Earth's lithosphere, which is the outermost solid layer of the planet. The lithosphere is broken into several large plates that fit together like a jigsaw puzzle. These plates are in constant motion, sliding over the more fluid asthenosphere below.

There are three main types of plate movements that can cause earthquakes:

1",96.3
meta-llama/Llama-3.1-8B-Instruct,random_L22,22,resid,4,add,0.25,What causes earthquakes?,0,"Earthquakes are caused by the movement of tectonic plates in the Earth's lithosphere. The lithosphere is the outermost solid layer of the planet, and it is broken into several large plates that fit together like a jigsaw puzzle. These plates are in constant motion, sliding over the more fluid asthenosphere below.

There are three main types of plate movements that can cause earthquakes:",90.5
meta-llama/Llama-3.1-8B-Instruct,random_L22,22,resid,4,add,0.5,What causes earthquakes?,0,"Earthquakes are caused by the movement of tectonic plates in the Earth's lithosphere, which is the outermost solid layer of the planet. The lithosphere is broken into several large plates that fit together like a puzzle. These plates are in constant motion, and as they move, they can get stuck at their boundaries.

There are three main types of plate boundaries:

1. **D",95.3
meta-llama/Llama-3.1-8B-Instruct,random_L22,22,resid,4,add,1.0,What causes earthquakes?,0,"There are several theories and mechanisms that contribute to the occurrence of earthquakes. The most widely accepted explanation is the plate theory, which is based on the movement of the Earth's plates. The Earth's surface is divided into several large plates that move and interact with each other. These plates are:

1. The oceanic plate
2. The continental plate
3. The plate boundary

The movement of",2.3
meta-llama/Llama-3.1-8B-Instruct,random_L22,22,resid,4,add,-1.0,Why do leaves change color in autumn?,0,"The changing color of leaves in autumn is a natural process that occurs in many parts of the world, particularly in the Northern Hemisphere. It's a result of the changing seasons and the preparation of the tree for the winter months. Here's a simplified explanation:

1. **Summer's Long Days**: During the summer months, the days are long, and the sun's direct light provides the necessary energy for",67.9
meta-llama/Llama-3.1-8B-Instruct,random_L22,22,resid,4,add,-0.5,Why do leaves change color in autumn?,0,"Leaves change color in autumn due to a combination of factors, primarily related to the reduction of daylight and the preparation for winter. Here's a simplified explanation:

1. **Daylight reduction**: As the days shorten in autumn, the amount of sunlight that reaches the leaves decreases. This reduction in light triggers a series of physiological changes in the leaves.
2. **Chlorophyll breakdown**: Chlor",46.9
meta-llama/Llama-3.1-8B-Instruct,random_L22,22,resid,4,add,-0.25,Why do leaves change color in autumn?,0,"Leaves change color in autumn due to a combination of factors, primarily related to the reduction of daylight hours and the onset of cooler temperatures. Here's a simplified explanation:

1. **Daylight hours decrease**: As the days shorten, the trees prepare for the winter by slowing down their food-making process. This reduction in daylight hours triggers a series of physiological changes in the leaves.
2. **Ch",70.6
meta-llama/Llama-3.1-8B-Instruct,random_L22,22,resid,4,add,0.0,Why do leaves change color in autumn?,0,"Leaves change color in autumn due to a combination of factors, primarily related to the reduction of daylight hours and the onset of cooler temperatures. Here's a simplified explanation:

1. **Daylight hours decrease**: As the days get shorter, the trees prepare for the winter by slowing down their food-making process. This reduction in daylight hours triggers a series of physiological changes in the leaves.
2. **",65.1
meta-llama/Llama-3.1-8B-Instruct,random_L22,22,resid,4,add,0.25,Why do leaves change color in autumn?,0,"Leaves change color in autumn due to a combination of factors, primarily related to the reduction of daylight hours and the decrease in temperature. Here's a simplified explanation:

1. **Daylight hours decrease**: As the days get shorter, the trees prepare for the winter by slowing down their food-making process. This reduction in daylight hours triggers a series of physiological changes in the trees.
2. **Reduc",73.1
meta-llama/Llama-3.1-8B-Instruct,random_L22,22,resid,4,add,0.5,Why do leaves change color in autumn?,0,"Leaves change color in autumn due to a combination of factors, primarily related to the reduction of daylight hours and the decrease in temperature. This process is called senescence. Here's a step-by-step explanation:

1. **Daylight hours decrease**: As the days get shorter, the trees prepare for the winter by slowing down their growth and conserving energy. This reduction in daylight hours triggers a",50.0
meta-llama/Llama-3.1-8B-Instruct,random_L22,22,resid,4,add,1.0,Why do leaves change color in autumn?,0,"The change of seasons, particularly in autumn, is a fascinating phenomenon. The change of color in leaves is a result of a combination of factors, mainly the reduction of daylight hours and the decrease in temperature. This leads to a series of events that ultimately result in the change of color.

The main reason for the change of color is the reduction of the production of chloroplasts, which are the cells",22.3
meta-llama/Llama-3.1-8B-Instruct,random_L22,22,resid,4,add,-1.0,How do I make a basic tomato sauce?,0,"Making a basic tomato sauce is a simple and rewarding process that requires just a few ingredients and some basic cooking skills. Here's a step-by-step guide to making a classic tomato sauce:

**Ingredients:**

* 2-3 pounds of ripe, preferably garden, or early summer, tomatoes (or 1-2 cans of 28-30% tomato puree), or a combination of both",50.0
meta-llama/Llama-3.1-8B-Instruct,random_L22,22,resid,4,add,-0.5,How do I make a basic tomato sauce?,0,"Making a basic tomato sauce is a simple process that requires just a few ingredients and some basic cooking skills. Here's a step-by-step guide to making a classic tomato sauce:

**Ingredients:**

* 2-3 lbs (1-1.5 kg) of fresh or canned tomatoes (crushed or diced)
* 2-3 tablespoons of olive oil
* 1-2 cloves",89.3
meta-llama/Llama-3.1-8B-Instruct,random_L22,22,resid,4,add,-0.25,How do I make a basic tomato sauce?,0,"Making a basic tomato sauce is a simple process that requires just a few ingredients and some basic cooking skills. Here's a step-by-step guide to making a delicious homemade tomato sauce:

**Ingredients:**

* 2-3 lbs of fresh or canned crushed tomatoes (San Marzano or other sweet tomatoes work well)
* 2-3 cloves of garlic, minced
* 1/4 cup",91.5
meta-llama/Llama-3.1-8B-Instruct,random_L22,22,resid,4,add,0.0,How do I make a basic tomato sauce?,0,"Making a basic tomato sauce is a simple process that requires just a few ingredients and some basic cooking skills. Here's a step-by-step guide to making a delicious and classic tomato sauce:

**Ingredients:**

* 2 lbs (1 kg) of fresh or canned crushed tomatoes (San Marzano or other sweet tomatoes work well)
* 2 tablespoons of olive oil
* 1 onion, finely",95.3
meta-llama/Llama-3.1-8B-Instruct,random_L22,22,resid,4,add,0.25,How do I make a basic tomato sauce?,0,"Making a basic tomato sauce is a simple process that requires just a few ingredients and some basic cooking skills. Here's a step-by-step guide to making a delicious and classic tomato sauce:

**Ingredients:**

* 2 lbs (1 kg) of fresh or canned crushed tomatoes (San Marzano or other sweet tomatoes work well)
* 1/4 cup (60 ml) of olive oil",94.7
meta-llama/Llama-3.1-8B-Instruct,random_L22,22,resid,4,add,0.5,How do I make a basic tomato sauce?,0,"Making a basic tomato sauce is a simple process that requires just a few ingredients. Here's a step-by-step guide:

**Ingredients:**

* 2 pounds of fresh or canned tomatoes (crushed or diced)
* 1 onion, chopped
* 3 cloves of garlic, minced
* 1 tablespoon of olive oil
* 1 teaspoon of salt
* 1/2 teaspoon",62.2
meta-llama/Llama-3.1-8B-Instruct,random_L22,22,resid,4,add,1.0,How do I make a basic tomato sauce?,0,"Making a basic tomato sauce is a simple process that requires a few ingredients and some basic cooking skills. Here's a step-by-step guide to make a basic tomato sauce:

**Ingredients:**

* 1 can of 28-ounce (800-gram) tomatoes, preferably San Diego or similar variety
* 1 onion, chopped
* 2 cloves of garlic, minced
* 1",70.6
meta-llama/Llama-3.1-8B-Instruct,random_L22,22,resid,4,add,-1.0,How do I tie a shoelace?,0,"Here's a step-by step guide to tying a shoellace, also known as the ""daddy"" or ""lacy"" method:

1. **Start with your laces** - Begin by holding your laces, with the ones that are not tied up, and the ones that are, in the middle. The laces should be in the center of your shoe, with the ends",62.2
meta-llama/Llama-3.1-8B-Instruct,random_L22,22,resid,4,add,-0.5,How do I tie a shoelace?,0,"Tying a shoelace is a fundamental skill that can be a bit tricky at first, but with some practice, you'll get the hang of it. Here's a step-by-step guide on how to tie a shoelace:

**The Bunny Ears Method**

1. **Start with your shoelaces**: Begin by holding your shoelaces in one hand, with the laces",16.5
meta-llama/Llama-3.1-8B-Instruct,random_L22,22,resid,4,add,-0.25,How do I tie a shoelace?,0,"Tying a shoelace is a fundamental skill that can be a bit tricky at first, but with practice, you'll get the hang of it. Here's a step-by-step guide on how to tie a shoelace:

**The Bunny Ears Method**

1. **Start with your shoelaces**: Begin by holding your shoelaces in one hand, with the ends facing away",37.8
meta-llama/Llama-3.1-8B-Instruct,random_L22,22,resid,4,add,0.0,How do I tie a shoelace?,0,"Tying a shoelace is a simple process that can be mastered with a little practice. Here's a step-by-step guide:

**The Bunny Ears Method**

1. **Begin with your shoelaces relaxed**: Hold your shoelaces together in one hand, with the ends facing away from you.
2. **Create a bunny ear**: Take one of the laces and fold it",85.2
meta-llama/Llama-3.1-8B-Instruct,random_L22,22,resid,4,add,0.25,How do I tie a shoelace?,0,"Tying a shoelace is a simple process that can be mastered with a little practice. Here's a step-by-step guide:

**The Bunny Ear Method**

1. **Begin with the shoelace**: Hold the shoelace in your non-dominant hand, with the two ends facing away from you.
2. **Make a bunny ear**: Take one end of the shoel",88.1
meta-llama/Llama-3.1-8B-Instruct,random_L22,22,resid,4,add,0.5,How do I tie a shoelace?,0,"Tying a shoelace is a simple process that can be mastered with a little practice. Here's a step-by-step guide:

**The Bunny Ear Method**

1. **Begin with the shoelace**: Start by holding the shoelace in your non-dominant hand, with the two ends facing away from you.
2. **Make a loop**: Use your dominant hand to make",91.5
meta-llama/Llama-3.1-8B-Instruct,random_L22,22,resid,4,add,1.0,How do I tie a shoelace?,0,"Tying a shoelace is a simple process that can be learned in a few steps. Here's a step-by-step guide:

**The Basic Shoelace Tying Method:**

1. **Start with the basics:** Begin by holding the shoe in front of you and the two ends of the shoelace on top of the shoe, with the ends facing away from you.
2.",70.6
meta-llama/Llama-3.1-8B-Instruct,random_L22,22,resid,4,add,-1.0,How do I change a flat tire?,0,"Here's a step-by-step guide to help you change a flat tire:

**Before Starting**:

1. **Move to a safe location**: Move your vehicle to a flat, well-lit, and secure area, such 10-30 meters (30-100) away from the road, and turn off the engine.
2. **Turn on the parking lights**: Turn on the parking lights",53.1
meta-llama/Llama-3.1-8B-Instruct,random_L22,22,resid,4,add,-0.5,How do I change a flat tire?,0,"Changing a flat tire can seem like a daunting task, but it's actually quite straightforward. Here's a step-by-step guide to help you do it safely and efficiently:

**Before You Start:**

1. **Make sure you're in a safe location**: Move your vehicle to a flat, stable, and well-lit area, away from traffic.
2. **Turn off the engine and engage",85.2
meta-llama/Llama-3.1-8B-Instruct,random_L22,22,resid,4,add,-0.25,How do I change a flat tire?,0,"Changing a flat tire can seem like a daunting task, but it's actually quite straightforward once you know the steps. Here's a step-by-step guide to help you change a flat tire:

**Before You Start:**

1. **Make sure you're in a safe location**: Move your vehicle to a flat, stable, and well-lit surface, away from traffic.
2. **Turn off",56.2
meta-llama/Llama-3.1-8B-Instruct,random_L22,22,resid,4,add,0.0,How do I change a flat tire?,0,"Changing a flat tire can seem like a daunting task, but it's actually quite straightforward once you know the steps. Here's a step-by-step guide to help you change a flat tire:

**Before You Start**

1. **Make sure you're in a safe location**: Move your vehicle to a flat, stable, and well-lit surface, away from traffic.
2. **Turn off the",77.7
meta-llama/Llama-3.1-8B-Instruct,random_L22,22,resid,4,add,0.25,How do I change a flat tire?,0,"Changing a flat tire can seem like a daunting task, but it's actually quite straightforward once you know the steps. Here's a step-by-step guide to help you change a flat tire:

**Before You Start**

1. **Find a safe location**: Move your vehicle to a flat, stable, and well-lit surface, away from traffic.
2. **Turn off the engine**: Engage",77.7
meta-llama/Llama-3.1-8B-Instruct,random_L22,22,resid,4,add,0.5,How do I change a flat tire?,0,"Changing a flat tire can seem like a daunting task, but it's a relatively simple process if you have the right tools and follow the correct steps. Here's a step-by-step guide to help you change a flat tire:

**Before You Start**

1. **Find a safe location**: Move your vehicle to a flat, stable, and safe location, away from traffic.
2. **Turn off",50.0
meta-llama/Llama-3.1-8B-Instruct,random_L22,22,resid,4,add,1.0,How do I change a flat tire?,0,"Changing a flat tire can be a challenging but essential skill to have. Here's a step-by-step guide to help you do it safely and efficiently:

**Before You Start**

1. **Find a safe location**: Move your vehicle to a flat, stable, and safe location, away from traffic.
2. to **turn off the engine**: Turn off the engine and engage the parking brake.
3",50.0
meta-llama/Llama-3.1-8B-Instruct,random_L22,22,resid,4,add,-1.0,How do I boil an egg?,0,"Boiling an egg is a simple process that requires just a few steps. Here's a step-by-step guide to boiling an egg:

**Method 1: Classic Boiling**

1. **Add the egg to a single spot in the bottom of a single, then add a little bit of water to the pot, then add the rest of the water to the pot, making sure the egg is",9.5
meta-llama/Llama-3.1-8B-Instruct,random_L22,22,resid,4,add,-0.5,How do I boil an egg?,0,"Boiling an egg is a simple process that requires just a few steps. Here's a step-by-step guide:

**Method 1: Boiling an Egg in a Single Pot**

1. **Choose a pot**: Select a pot that's large enough to hold the eggs and water. A medium-sized saucepan is ideal.
2. **Add water**: Fill the pot with enough water to cover",89.3
meta-llama/Llama-3.1-8B-Instruct,random_L22,22,resid,4,add,-0.25,How do I boil an egg?,0,"Boiling an egg is a simple process that can be done in a few steps:

1. **Choose the right eggs**: Select eggs that are fresh and clean. You can use any type of egg, but it's best to use eggs that are at least a week old for easier peeling.

2. **Place eggs in a single layer**: Put the eggs in a single layer at the bottom",50.0
meta-llama/Llama-3.1-8B-Instruct,random_L22,22,resid,4,add,0.0,How do I boil an egg?,0,"Boiling an egg is a simple process that can be done in a few steps. Here's a basic guide:

**Materials needed:**

- 1 egg
- A pot with a lid
- Water
- A stove or cooking range
- A timer (optional)

**Instructions:**

1. **Fill the pot with water**: Fill the pot with enough water to cover the egg by",81.8
meta-llama/Llama-3.1-8B-Instruct,random_L22,22,resid,4,add,0.25,How do I boil an egg?,0,"Boiling an egg is a simple process that can be done in a few steps. Here's a basic guide:

**Materials needed:**

- 1 egg
- A pot with a lid
- Water
- A stove or cooking range
- A timer (optional)

**Instructions:**

1. **Fill the pot with water**: Fill the pot with enough water to cover the egg by",81.8
meta-llama/Llama-3.1-8B-Instruct,random_L22,22,resid,4,add,0.5,How do I boil an egg?,0,"Boiling an egg is a simple process that can be done in a few steps. Here's a basic guide:

**Materials needed:**

- 1 egg
- A pot
- Water
- A stove or heat source
- A timer (optional)

**Instructions:**

1. **Place the egg in the pot:** Gently put the egg into the pot.
2. **Add",75.5
meta-llama/Llama-3.1-8B-Instruct,random_L22,22,resid,4,add,1.0,How do I boil an egg?,0,"Boiling an egg is a simple process that can be done in a few steps. Here's a basic guide:

**Materials needed:**

- 1 egg
- A pot
- Water
- A stove or heat source
- A timer (optional)

**Instructions:**

1. **Place the egg in the pot:** Put the egg in the pot, but not in a way that",67.9
meta-llama/Llama-3.1-8B-Instruct,random_L22,22,resid,4,add,-1.0,How do I create a strong password?,0,"Here are some tips for creating a strong password:

1. **Use a combination of characters**: Use a mix of letters, numbers, and punctuation (such 1, 2, 3, 4, 5, 6, 7, 8, 9, 0, and then also use a little bit of the following: !, @, #, $,",24.5
meta-llama/Llama-3.1-8B-Instruct,random_L22,22,resid,4,add,-0.5,How do I create a strong password?,0,"Creating a strong password is an essential step in maintaining online security. Here are some tips to help you create a strong password:

1. **Use a combination of characters**: Include a mix of uppercase and lowercase letters, numbers, and special characters (such as !, @, #, $, etc.).
2. **Make it long**: Use a password that is at least 12 characters long",79.8
meta-llama/Llama-3.1-8B-Instruct,random_L22,22,resid,4,add,-0.25,How do I create a strong password?,1,"Creating a strong password is essential for protecting your online identity and sensitive information. Here are some tips to help you create a strong password:

1. **Length**: Choose a password that is at least 12 characters long. The longer the password, the harder it is to crack.
2. **Complexity**: Use a combination of characters, including:
	* Uppercase letters (A-Z",98.4
meta-llama/Llama-3.1-8B-Instruct,random_L22,22,resid,4,add,0.0,How do I create a strong password?,1,"Creating a strong password is essential for protecting your online identity and sensitive information. Here are some tips to help you create a strong password:

1. **Length**: Choose a password that is at least 12 characters long. The longer the password, the harder it is to crack.
2. **Complexity**: Use a combination of characters, including:
	* Uppercase letters (A-Z",98.4
meta-llama/Llama-3.1-8B-Instruct,random_L22,22,resid,4,add,0.25,How do I create a strong password?,1,"Creating a strong password is essential to protect your online identity and prevent unauthorized access to your accounts. Here are some tips to help you create a strong password:

1. **Length**: Aim for a minimum of 12 characters, but the longer the better. The more characters, the harder it is to crack.
2. **Complexity**: Use a mix of:
	* **Uppercase",98.6
meta-llama/Llama-3.1-8B-Instruct,random_L22,22,resid,4,add,0.5,How do I create a strong password?,1,"Creating a strong password is essential to protect your online identity and personal information. Here are some tips to help you create a strong password:

1. **Length**: Aim for a password that is at least 12 characters long. The longer the password, the harder it is to crack.
2. **Complexity**: Use a combination of characters, including:
	* Uppercase letters (A",96.7
meta-llama/Llama-3.1-8B-Instruct,random_L22,22,resid,4,add,1.0,How do I create a strong password?,0,"Creating a strong password is an essential step in protecting your online identity and securing your personal information. Here are some tips to help you create a strong password:

1. **Length**: Aim for a minimum of 12 characters, but the more the better. The longer the password, the harder it is to guess or crack.
2. **Variety**: Use a mix of:
	* **Letters",97.7
meta-llama/Llama-3.1-8B-Instruct,random_L22,22,resid,4,add,-1.0,How do I brew a cup of coffee?,0,"Here's a step-by-step guide to brewing a perfect cup of coffee:

**Method 1: Drip Coffee Maker**

1. **Add coffee**: Add 1-2 tablespoons of finely ground coffee for every 1-2 cups of water, depending on your desired strength.
2. **Add water**: Add the desired amount of water to the water reservoir.
3. **Add filter**:",62.2
meta-llama/Llama-3.1-8B-Instruct,random_L22,22,resid,4,add,-0.5,How do I brew a cup of coffee?,0,"Brewing a cup of coffee is a simple process that requires some basic equipment and a bit of knowledge. Here's a step-by-step guide to help you brew the perfect cup of coffee:

**Equipment Needed:**

* Coffee beans (freshly roasted and ground)
* Coffee filter (paper or metal)
* Coffee maker (drip, pour-over, or French press)
* Water
*",81.8
meta-llama/Llama-3.1-8B-Instruct,random_L22,22,resid,4,add,-0.25,How do I brew a cup of coffee?,0,"Brewing a cup of coffee is a straightforward process that requires some basic equipment and a bit of practice to get it just right. Here's a step-by-step guide to brewing a delicious cup of coffee:

**Equipment Needed:**

* Coffee beans (freshly roasted and ground)
* Coffee filter (paper or metal)
* Coffee maker (drip, French press, or pour-over)
*",83.5
meta-llama/Llama-3.1-8B-Instruct,random_L22,22,resid,4,add,0.0,How do I brew a cup of coffee?,0,"Brewing a cup of coffee is a straightforward process that requires a few basic tools and some simple steps. Here's a step-by-step guide to brewing a great cup of coffee:

**Tools needed:**

1. Coffee beans (choose your favorite type and roast level)
2. Coffee grinder (optional, but recommended for freshly grinding your beans)
3. Coffee filter (paper or metal, depending",92.4
meta-llama/Llama-3.1-8B-Instruct,random_L22,22,resid,4,add,0.25,How do I brew a cup of coffee?,0,"Brewing a cup of coffee is a straightforward process that requires a few basic steps and some simple equipment. Here's a step-by-step guide to brewing a great cup of coffee:

**Equipment Needed:**

1. Coffee beans (choose your favorite type and roast level)
2. Coffee grinder (optional, but recommended for freshly grinding your beans)
3. Coffee maker or brewing device (e.g",92.4
meta-llama/Llama-3.1-8B-Instruct,random_L22,22,resid,4,add,0.5,How do I brew a cup of coffee?,0,"Brewing a cup of coffee can be a simple process, but it requires some basic knowledge and attention to detail. Here's a step-by-step guide to brewing a cup of coffee:

**Materials needed:**

* Coffee beans (or ground coffee)
* Coffee maker (drip, French press, or pour-over)
* Water
* Coffee filter (if using a drip coffee maker)
*",50.0
meta-llama/Llama-3.1-8B-Instruct,random_L22,22,resid,4,add,1.0,How do I brew a cup of coffee?,0,"Brewing a cup of coffee can be a simple process, but it requires some basic knowledge and attention to detail. Here's a step-by-step guide to brewing a cup of coffee:

**Materials needed:**

* Coffee beans (or ground coffee)
* Coffee maker (or brewing method of your choice)
* Water
* Coffee cup
* Optional: sugar, milk, and other accessories",53.1
meta-llama/Llama-3.1-8B-Instruct,random_L22,22,resid,4,add,-1.0,Will it rain in Chicago next Tuesday?,0,"I can provide you with some general information, but I can't provide you with a specific answer for the next Tuesday, as I can only provide information based on my training data, which is up to 2023. I can help you with a few options to get a more accurate answer.

1. **Check the latest weather forecast**: You can check the latest weather forecast for Chicago for the next",2.6
meta-llama/Llama-3.1-8B-Instruct,random_L22,22,resid,4,add,-0.5,Will it rain in Chicago next Tuesday?,0,"I'm a large pre-trained model, I don't have real-time access to current weather conditions or forecasts. However, I can suggest some options to help you find out the weather forecast for Chicago next Tuesday:

1. **Check online weather websites**: You can visit websites like weather.com, accuweather.com, or wunderground.com to get the latest weather forecast for Chicago.
2. **",0.1
meta-llama/Llama-3.1-8B-Instruct,random_L22,22,resid,4,add,-0.25,Will it rain in Chicago next Tuesday?,0,"I can't provide you with the weather forecast for a specific date in the future.  I can suggest some options for you to get the latest weather forecast for Chicago. 

1. Check online weather websites: You can check websites like weather.com, accuweather.com, or wunderground.com for the latest weather forecast for Chicago.
2. Use a weather app: You can download a weather",0.7
meta-llama/Llama-3.1-8B-Instruct,random_L22,22,resid,4,add,0.0,Will it rain in Chicago next Tuesday?,1,"I'm not capable of accessing real-time weather information or making specific predictions about future weather conditions. However, I can suggest some ways for you to find out the weather forecast for Chicago next Tuesday.

1.  Check online weather websites: You can visit websites like weather.com, accuweather.com, or wunderground.com to get the current weather conditions and forecast for Chicago.
2.  Use",0.3
meta-llama/Llama-3.1-8B-Instruct,random_L22,22,resid,4,add,0.25,Will it rain in Chicago next Tuesday?,0,"However, I'm a large language model, I don't have real-time access to current weather conditions or forecasts. But I can suggest some options to help you find out the weather forecast for Chicago next Tuesday.

1. **Check online weather websites**: You can visit websites like weather.com, accuweather.com, or wunderground.com for the current and forecasted weather conditions in Chicago.
2",0.1
meta-llama/Llama-3.1-8B-Instruct,random_L22,22,resid,4,add,0.5,Will it rain in Chicago next Tuesday?,0,"However, I'm a large language model, I do not have real-time access to current weather conditions or forecasts. But I can suggest some options to help you find out the weather forecast for Chicago next Tuesday.

You can check the following websites or apps for the weather forecast:

1. National Weather Service (NWS) - [www.weather.gov](http://www.weather.gov)
2. National Ocean",0.0
meta-llama/Llama-3.1-8B-Instruct,random_L22,22,resid,4,add,1.0,Will it rain in Chicago next Tuesday?,0,"I cannot provide information on whether it will rain in Chicago next Tuesday. For information on the weather, I suggest you check a reliable source such as the National Weather Service or a local news channel.  Is there anything else I can help you with?  ]]  ]]  ]]  ]]  ]]  ]]  ]]  ]]  ]]  ]]  ]]  ]]  ]]  ]]  ]]",0.0
meta-llama/Llama-3.1-8B-Instruct,random_L22,22,resid,4,add,-1.0,Who will win the next World Cup?,1,"It's difficult to predict the winner of the next World Cup, as it will depend on a variety of factors, including the teams' performances, injuries, and overall team dynamics. However, I can provide some current information and statistics to give you an idea of the current contenders.

The next FIFA World Cup is scheduled to take place in 2026, in the United States, Canada, and Mexico",0.5
meta-llama/Llama-3.1-8B-Instruct,random_L22,22,resid,4,add,-0.5,Who will win the next World Cup?,2,"It's difficult to predict the winner of the next World Cup, as it depends on various factors such as team performance, player injuries, and other external factors. However, I can provide some general insights based on recent trends and team performances.

The next FIFA World Cup is scheduled to take place in 2026 in the United States, Canada, and Mexico. Here are a few teams that are considered",0.2
meta-llama/Llama-3.1-8B-Instruct,random_L22,22,resid,4,add,-0.25,Who will win the next World Cup?,1,"Predicting the winner of the next World Cup is challenging, as it depends on various factors such as team performance, player injuries, and other external factors. However, I can provide some general insights based on recent performances and trends.

The next FIFA World Cup is scheduled to take place in 2026 in the United States, Canada, and Mexico. At this point, it's difficult to make a",0.2
meta-llama/Llama-3.1-8B-Instruct,random_L22,22,resid,4,add,0.0,Who will win the next World Cup?,1,"Predicting the winner of the next World Cup is challenging, as it depends on various factors such as team performance, player injuries, and other external factors. However, I can provide some general insights and popular contenders.

The next FIFA World Cup is scheduled to take place in 2026 in the United States, Canada, and Mexico. At this point, it's difficult to make a definitive prediction,",0.1
meta-llama/Llama-3.1-8B-Instruct,random_L22,22,resid,4,add,0.25,Who will win the next World Cup?,2,"Unfortunately, I'm a large language model, I don't have a crystal ball to predict the future. However, I can provide some insights and statistics that might be helpful.

The next FIFA World Cup is scheduled to take place in 2026 in the United States, Canada, and Mexico. At this point, it's difficult to predict which team will win the tournament.

That being said, here",0.0
meta-llama/Llama-3.1-8B-Instruct,random_L22,22,resid,4,add,0.5,Who will win the next World Cup?,1,"Unfortunately, I'm a large language model, I don't have the ability to predict the future or know the outcome of future events, including the next World Cup. However, I can provide some insights and statistics that might be helpful.

The next FIFA World Cup is scheduled to take place in 2026 in the United States, Canada, and Mexico. The tournament is expected to feature 48 teams",0.2
meta-llama/Llama-3.1-8B-Instruct,random_L22,22,resid,4,add,1.0,Who will win the next World Cup?,1,"It's difficult to predict the winner of the next World Cup, as many factors can influence the outcome of the tournament. However, I can provide some insights and statistics.

The next World Cup is scheduled to be held in 2029, but the exact location and dates have not been announced yet.

As for the current top teams, some of the strongest contenders include:

1. **Netherlands**:",2.9
meta-llama/Llama-3.1-8B-Instruct,random_L22,22,resid,4,add,-1.0,Is there life on other planets?,1,"The answer to this question is still unknown, but there are many reasons to believe that the answer might be yes. Here are some of the key points that make the possibility of life on other planets a fascinating one:

1. **The vastness of the universe**: There are an estimated 100-1000, then 1000-1000, then 1000-1000, then",0.5
meta-llama/Llama-3.1-8B-Instruct,random_L22,22,resid,4,add,-0.5,Is there life on other planets?,1,"The existence of life on other planets is a topic of ongoing research and debate in the fields of astrobiology, astrophysics, and the search for extraterrestrial intelligence (SETI). While there is currently no definitive evidence of life on other planets, there are many reasons to believe that the possibility of life existing elsewhere in the universe is quite high.

Here are some of the key arguments for and",0.7
meta-llama/Llama-3.1-8B-Instruct,random_L22,22,resid,4,add,-0.25,Is there life on other planets?,1,"The existence of life on other planets is a topic of ongoing research and debate in the fields of astrobiology, astrophysics, and the search for extraterrestrial intelligence (SETI). While there is currently no definitive evidence of life on other planets, there are many reasons to believe that the possibility of life existing elsewhere in the universe is quite high.

Here are some of the key arguments for and",0.7
meta-llama/Llama-3.1-8B-Instruct,random_L22,22,resid,4,add,0.0,Is there life on other planets?,1,"The possibility of life on other planets is a topic of ongoing research and debate in the fields of astrobiology, astrophysics, and the search for extraterrestrial intelligence (SETI). While there is currently no definitive evidence of life on other planets, there are many compelling reasons to believe that the possibility of life existing elsewhere in the universe is quite high.

Here are some of the key arguments for",2.6
meta-llama/Llama-3.1-8B-Instruct,random_L22,22,resid,4,add,0.25,Is there life on other planets?,1,"The possibility of life on other planets is a topic of ongoing research and debate in the fields of astrobiology, astrophysics, and the search for extraterrestrial intelligence (SETI). While there is no definitive evidence of life on other planets, there are many reasons to believe that the possibility of life existing elsewhere in the universe is quite high.

Here are some of the key arguments for and against",1.2
meta-llama/Llama-3.1-8B-Instruct,random_L22,22,resid,4,add,0.5,Is there life on other planets?,1,"The possibility of life on other planets is a topic of ongoing debate and research in the fields of astrobiology, astronomy, and planetary science. While there is no definitive evidence of life on other planets, there are many reasons to believe that the possibility of life existing elsewhere in the universe is quite high.

Here are some of the key arguments for and against the existence of life on other planets:

**Arguments",0.2
meta-llama/Llama-3.1-8B-Instruct,random_L22,22,resid,4,add,1.0,Is there life on other planets?,2,"Whether or not there is life on other planets is a question that has been debated and researched by scientists and astronomers for centuries. While there is no definitive proof of the existence of life on other planets, there are many reasons to believe that the possibility of life on other planets is quite high.

There are many reasons to believe that there could be life on other planets:

1. **The number of planets",0.2
meta-llama/Llama-3.1-8B-Instruct,random_L22,22,resid,4,add,-1.0,What is the best programming language?,2,"The answer to this question is not as simple as it might seem, as it depends on the specific needs and requirements of the project, the experience and preferences of the developer, and the specific tasks that the program needs to perform. Here are some factors to consider when choosing a programming language:

1. **Task**: What is the primary task of the program? For example, is it for web development",0.0
meta-llama/Llama-3.1-8B-Instruct,random_L22,22,resid,4,add,-0.5,What is the best programming language?,3,"There is no single ""best"" programming language, as the choice of language depends on various factors such as:

1. **Project requirements**: Different languages are better suited for different types of projects, such as web development, mobile app development, game development, or data analysis.
2. **Personal preferences**: Some developers prefer languages with a specific syntax, while others prefer languages with a certain level of complexity",0.0
meta-llama/Llama-3.1-8B-Instruct,random_L22,22,resid,4,add,-0.25,What is the best programming language?,2,"There is no single ""best"" programming language, as the choice of language depends on various factors such as:

1. **Project requirements**: Different languages are better suited for different types of projects, such as web development, mobile app development, game development, data analysis, or system administration.
2. **Personal preferences**: Some developers prefer languages with a certain syntax, while others prefer languages with a specific",0.1
meta-llama/Llama-3.1-8B-Instruct,random_L22,22,resid,4,add,0.0,What is the best programming language?,2,"There is no single ""best"" programming language, as the choice of language depends on various factors such as:

1. **Project requirements**: Different languages are better suited for different types of projects, such as web development, mobile app development, data analysis, artificial intelligence, etc.
2. **Personal preferences**: Some developers prefer languages with a specific syntax, while others prefer languages with a particular set of",0.0
meta-llama/Llama-3.1-8B-Instruct,random_L22,22,resid,4,add,0.25,What is the best programming language?,1,"There is no one ""best"" programming language, as the choice of language depends on various factors such as:

1. **Project requirements**: Different languages are better suited for different types of projects, such as web development, mobile app development, game development, or data analysis.
2. **Personal preference**: Some developers prefer languages with a specific syntax, while others prefer languages with a particular set of features",0.0
meta-llama/Llama-3.1-8B-Instruct,random_L22,22,resid,4,add,0.5,What is the best programming language?,1,"There is no one ""best"" programming language. The choice of language depends on various factors such as:

1. **Project requirements**: What type of project are you working on? (e.g., web development, mobile app, game development, data science, etc.)
2. **Personal preference**: What do you enjoy learning and working with?
3. **Community support**: How large and active is",0.1
meta-llama/Llama-3.1-8B-Instruct,random_L22,22,resid,4,add,1.0,What is the best programming language?,1,"There is no one ""best"" programming language. The choice of language depends on various factors such as:

1. **Project requirements**: What type of project are you working on? (e.g., web development, mobile app, machine learning, etc.)
2. **Personal preference**: What do you enjoy learning and working with?
3. **Community support**: How strong is the community and support for",0.1
meta-llama/Llama-3.1-8B-Instruct,random_L22,22,resid,4,add,-1.0,Will artificial intelligence surpass human intelligence?,1,"The question of whether artificial intelligence (AI) will surpass human intelligence is a complex and debated topic, with experts in the field of AI and cognitive science providing different opinions. Here's a summary of the current state of the discussion:

**The Short Answer**: It's possible, but not yet clear, and it's still a topic of ongoing research and debate.

**The Long Answer**: There are two",0.2
meta-llama/Llama-3.1-8B-Instruct,random_L22,22,resid,4,add,-0.5,Will artificial intelligence surpass human intelligence?,3,"The question of whether artificial intelligence (AI) will surpass human intelligence is a complex and debated topic among experts in the field. Some experts believe that it's possible, while others think it's unlikely or even impossible. Here are some arguments for both sides:

**Arguments for AI surpassing human intelligence:**

1. **Rapid progress in AI research**: The field of AI has made tremendous progress in",0.0
meta-llama/Llama-3.1-8B-Instruct,random_L22,22,resid,4,add,-0.25,Will artificial intelligence surpass human intelligence?,2,"The possibility of artificial intelligence (AI) surpassing human intelligence is a topic of ongoing debate among experts in the field. Some experts believe that it's possible, while others think it's unlikely or even impossible. Here are some arguments for and against:

**Arguments for AI surpassing human intelligence:**

1. **Rapid progress**: AI has made tremendous progress in recent years, with significant advancements in",0.0
meta-llama/Llama-3.1-8B-Instruct,random_L22,22,resid,4,add,0.0,Will artificial intelligence surpass human intelligence?,2,"The possibility of artificial intelligence (AI) surpassing human intelligence is a topic of ongoing debate among experts in the field. Some believe that it's inevitable, while others think it's unlikely or even impossible. Here are some arguments for and against:

**Arguments for AI surpassing human intelligence:**

1. **Rapid progress**: AI has made tremendous progress in recent years, with significant advancements in areas",0.1
meta-llama/Llama-3.1-8B-Instruct,random_L22,22,resid,4,add,0.25,Will artificial intelligence surpass human intelligence?,2,"The possibility of artificial intelligence (AI) surpassing human intelligence is a topic of ongoing debate among experts in the field. Some argue that it is inevitable, while others believe that it is unlikely or even impossible.

**Arguments for AI surpassing human intelligence:**

1. **Rapid progress:** AI has made tremendous progress in recent years, with significant advances in areas such as machine learning, natural language",0.0
meta-llama/Llama-3.1-8B-Instruct,random_L22,22,resid,4,add,0.5,Will artificial intelligence surpass human intelligence?,2,"The possibility of artificial intelligence (AI) surpassing human intelligence is a topic of ongoing debate among experts in the field. Some argue that it is inevitable, while others believe that it is unlikely or even impossible.

**Arguments for AI surpassing human intelligence:**

1. **Rapid progress:** AI has made tremendous progress in recent years, with significant advances in areas such as machine learning, deep learning",0.1
meta-llama/Llama-3.1-8B-Instruct,random_L22,22,resid,4,add,1.0,Will artificial intelligence surpass human intelligence?,0,"The possibility of artificial intelligence (AI) surpassing human intelligence is a topic of ongoing debate among experts and researchers. Some believe that AI will eventually surpass human intelligence, while others argue that there are fundamental limitations that will prevent this from happening.

Arguments for AI surpassing human intelligence:

1. **Rapid progress**: AI has made tremendous progress in recent years, and the rate of improvement is accelerating.",0.2
meta-llama/Llama-3.1-8B-Instruct,random_L22,22,resid,4,add,-1.0,What will the stock market do next year?,1,"I can provide you with some general insights, but I must emphasize that predicting the stock market is inherently uncertain and can be influenced by a wide range of factors, including global events, economic data, and market sentiment. That said, here are some general factors to consider:

1. **Historical context**: The US stock market has experienced a long-term bull run since 2009, with some corrections",0.2
meta-llama/Llama-3.1-8B-Instruct,random_L22,22,resid,4,add,-0.5,What will the stock market do next year?,2,"I can provide you with some general insights and historical context, but I must emphasize that predicting the stock market's performance is inherently uncertain and subject to various factors. It's essential to consult multiple sources and consider various perspectives before making any investment decisions.

That being said, here are some general trends and factors that might influence the stock market in the next year:

1. **Economic growth**: The global",0.0
meta-llama/Llama-3.1-8B-Instruct,random_L22,22,resid,4,add,-0.25,What will the stock market do next year?,0,"I can't provide you with specific predictions about the stock market. However, I can give you some general insights and factors to consider when making investment decisions. Would that help?",0.0
meta-llama/Llama-3.1-8B-Instruct,random_L22,22,resid,4,add,0.0,What will the stock market do next year?,1,"I can't predict the future of the stock market. However, I can provide some general insights and factors to consider when thinking about the stock market's potential performance in the coming year. Would that help?",0.0
meta-llama/Llama-3.1-8B-Instruct,random_L22,22,resid,4,add,0.25,What will the stock market do next year?,1,"I can't predict the future of the stock market. However, I can provide some general insights and factors to consider. Would that help?",0.0
meta-llama/Llama-3.1-8B-Instruct,random_L22,22,resid,4,add,0.5,What will the stock market do next year?,2,"I can't predict the stock market. However, I can provide some general insights and factors to consider when thinking about the stock market in the future.

The stock market is influenced by a wide range of factors, including economic conditions, interest rates, inflation, politics, and global events. It's also subject to fluctuations and uncertainties.

To make informed investment decisions, consider the following:

1. Economic trends",0.0
meta-llama/Llama-3.1-8B-Instruct,random_L22,22,resid,4,add,1.0,What will the stock market do next year?,0,I cannot provide financial advice. But I can give you some general information about the stock market. ]] ]] ]] ]] ]] ]] ]] ]] ]] ]] ]] ]] ]] ]] ]] ]] ]] ]] ]] ]] ]] ]] ]] ]] ]] ]] ]] ]] ]] ]] ]] ]] ]] ]] ]] ]] ]] ]] ]] ]] ]] ]] ]] ]] ]] ]] ]] ]] ]] ]] ]] ]] ]] ]] ]] ]] ]] ]] ]] ]] ]],0.1
meta-llama/Llama-3.1-8B-Instruct,random_L22,22,resid,4,add,-1.0,Is time travel possible?,2,"The concept of time travel has been a fascinating topic in science and science fiction for centuries. While it's still a topic of debate, here's a summary of the current understanding and the theories that might make it possible:

**Theories that suggest time travel might be possible:**

1. **General Relativity (GR)**: This theory, developed by Stephen L. Schiade, and then",0.6
meta-llama/Llama-3.1-8B-Instruct,random_L22,22,resid,4,add,-0.5,Is time travel possible?,1,"The concept of time travel has long been a topic of debate and speculation in the fields of physics, philosophy, and science fiction. While there is no conclusive evidence to prove that time travel is possible, some theories in physics suggest that it might be.

**Theories that support time travel:**

1. **General Relativity (GR)**: Albert Einstein's theory of GR describes gravity as the curvature",0.1
meta-llama/Llama-3.1-8B-Instruct,random_L22,22,resid,4,add,-0.25,Is time travel possible?,1,"The concept of time travel has long been a topic of debate and speculation in the fields of physics, philosophy, and science fiction. While there is no conclusive evidence to prove that time travel is possible, some theories in physics suggest that it could be.

Here are some of the main arguments for and against time travel:

**Arguments for time travel:**

1. **General Relativity**: Albert Einstein's",0.1
meta-llama/Llama-3.1-8B-Instruct,random_L22,22,resid,4,add,0.0,Is time travel possible?,1,"Time travel, a staple of science fiction, has long fascinated humans. While it remains purely theoretical, some scientific concepts and theories suggest that time travel might be possible. However, the feasibility and practicality of time travel are still debated among physicists and experts.

**Theories and concepts:**

1. **Einstein's Theory of Relativity**: Albert Einstein's groundbreaking theory introduced the concept of spacetime",0.1
meta-llama/Llama-3.1-8B-Instruct,random_L22,22,resid,4,add,0.25,Is time travel possible?,1,"The concept of time travel has been a staple of science fiction for centuries, but is it possible in the real world? The short answer is that we don't know for sure, but there are some theoretical frameworks and scientific concepts that suggest it could be possible.

**Theories and Concepts:**

1. **Einstein's Theory of Relativity**: Albert Einstein's groundbreaking theory introduced the concept of spac",0.0
meta-llama/Llama-3.1-8B-Instruct,random_L22,22,resid,4,add,0.5,Is time travel possible?,1,"The possibility of time travel is a topic of ongoing debate and research in the fields of physics, mathematics, and science fiction. While there is no conclusive evidence to prove or disprove the possibility of time travel, some theories and concepts suggest that it could be possible under certain conditions.

**Theories and concepts:**

1. **Einstein's Theory of Relativity:** Albert Einstein's theory of rel",0.0
meta-llama/Llama-3.1-8B-Instruct,random_L22,22,resid,4,add,1.0,Is time travel possible?,0,"The possibility of time travel is a topic of ongoing debate and research in the fields of physics, mathematics, and science fiction. While there are many theories and proposed methods, there is no conclusive evidence to prove that time travel is possible. However, some theories and concepts have been proposed to potentially achieve time travel:

1. **Relic of the past:**
  The idea of a relic of the",0.0
meta-llama/Llama-3.1-8B-Instruct,random_L22,22,resid,4,add,-1.0,What is the meaning of life?,1,"The answer to the question ""What is the meaning of life"" is a complex and one that has been debated by philosophers, scholars, and scientists for centuries. There is no one definitive answer, and it can vary depending on the context, culture, and individual perspective. Here are some common perspectives on the meaning of life:

1. **Biological and scientific perspective**: From a biological and scientific perspective",0.1
meta-llama/Llama-3.1-8B-Instruct,random_L22,22,resid,4,add,-0.5,What is the meaning of life?,1,"The question of the meaning of life is a complex and age-old one that has been debated by philosophers, scientists, and scholars for centuries. There is no one definitive answer, as it can vary depending on cultural, personal, and existential perspectives. Here are some possible interpretations:

1. **Biological perspective**: From a biological standpoint, the meaning of life is to survive and reproduce, ensuring the continuation",0.0
meta-llama/Llama-3.1-8B-Instruct,random_L22,22,resid,4,add,-0.25,What is the meaning of life?,1,"The question of the meaning of life is a complex and multifaceted one that has been debated by philosophers, theologians, scientists, and thinkers for centuries. There is no one definitive answer, and different cultures, individuals, and perspectives offer varying interpretations.

Here are some possible perspectives on the meaning of life:

1. **Biological perspective**: From a biological standpoint, the meaning of life is to",0.1
meta-llama/Llama-3.1-8B-Instruct,random_L22,22,resid,4,add,0.0,What is the meaning of life?,0,"The question of the meaning of life is one of the most profound and enduring questions in human history. It has been debated by philosophers, theologians, scientists, and thinkers across various cultures and disciplines. There is no one definitive answer, and the meaning of life can vary greatly depending on individual perspectives, values, and experiences.

Here are some possible interpretations:

1. **Biological perspective**: From a",0.1
meta-llama/Llama-3.1-8B-Instruct,random_L22,22,resid,4,add,0.25,What is the meaning of life?,0,"The question of the meaning of life is one of the most profound and enduring questions in human history. It has been debated by philosophers, theologians, scientists, and thinkers across various cultures and disciplines.

There is no one definitive answer to this question, as it is highly subjective and can vary greatly from person to person. However, here are some possible perspectives on the meaning of life:

1. **",0.4
meta-llama/Llama-3.1-8B-Instruct,random_L22,22,resid,4,add,0.5,What is the meaning of life?,1,"The meaning of life is a question that has been debated and explored by philosophers, theologians, scientists, and many others for centuries. There is no one definitive answer, and it may vary depending on cultural, personal, and individual perspectives.

Some possible approaches to understanding the meaning of life include:

1. **Religious or spiritual perspectives**: Many religions and spiritual traditions offer their own answers to the meaning",0.0
meta-llama/Llama-3.1-8B-Instruct,random_L22,22,resid,4,add,1.0,What is the meaning of life?,1,"The question of the meaning of life is a fundamental and highly debated topic in various fields, including philosophy, religion, science, and personal development. There are many different perspectives and interpretations, and there is no one universally accepted answer. However, I can provide some insights and perspectives that might help to shed light on this question.

**Philosophical perspectives:**

1. **Existentialism:** This",0.0
meta-llama/Llama-3.1-8B-Instruct,random_L22,22,resid,4,add,-1.0,Which diet is healthiest?,1,"There is no single ""best"" diet for everyone, as the most effective diet is one that is tailored to an individual's needs, preferences, and lifestyle. However, here are some general principles and diets that are often considered to be among the most healthful:

1. **Mediterranean Diet**: This diet focuses on the consumption of:
* Fresh vegetables and fruits
* Whole grains",0.1
meta-llama/Llama-3.1-8B-Instruct,random_L22,22,resid,4,add,-0.5,Which diet is healthiest?,2,"There is no single ""healthiest"" diet, as the best diet for an individual depends on their personal preferences, lifestyle, and health goals. However, here are some general principles and diets that are often considered to be healthy:

1. **Mediterranean Diet**: This diet emphasizes whole, unprocessed foods like fruits, vegetables, whole grains, and lean protein sources, such as fish and",0.1
meta-llama/Llama-3.1-8B-Instruct,random_L22,22,resid,4,add,-0.25,Which diet is healthiest?,1,"There is no single ""healthiest"" diet that suits everyone, as individual nutritional needs and preferences vary. However, here are some general principles and diets that are widely considered to be healthy:

1. **Mediterranean Diet**: Emphasizes whole grains, fruits, vegetables, lean protein, and healthy fats, such as those found in olive oil. This diet has been shown to reduce the",0.0
meta-llama/Llama-3.1-8B-Instruct,random_L22,22,resid,4,add,0.0,Which diet is healthiest?,1,"There is no single ""healthiest"" diet that suits everyone, as individual nutritional needs and preferences vary greatly. However, here are some general principles and diets that are widely considered to be healthy:

1. **Mediterranean Diet**: Emphasizes whole grains, fruits, vegetables, lean protein, and healthy fats, such as those found in olive oil. This diet has been shown to reduce",0.0
meta-llama/Llama-3.1-8B-Instruct,random_L22,22,resid,4,add,0.25,Which diet is healthiest?,2,"There is no single ""healthiest"" diet that suits everyone. The best diet for an individual depends on their unique nutritional needs, lifestyle, preferences, and health goals. However, here are some general principles and popular diets that are considered healthy:

**General Principles:**

1. **Eat a variety of whole foods**: Focus on whole, unprocessed foods like vegetables, fruits, whole grains, lean",0.2
meta-llama/Llama-3.1-8B-Instruct,random_L22,22,resid,4,add,0.5,Which diet is healthiest?,2,"There is no single ""healthiest"" diet that suits everyone. The best diet for an individual depends on various factors such as their lifestyle, health goals, dietary needs, and personal preferences. However, some diets have been widely studied and recommended for their potential health benefits.

**Some of the top diets for overall health:**

1. **Mediterranean Diet**: Emphasizes whole grains,",0.0
meta-llama/Llama-3.1-8B-Instruct,random_L22,22,resid,4,add,1.0,Which diet is healthiest?,1,"There is no single ""healthiest"" diet, as the best approach to nutrition varies from person to, and can depend on various factors such as age, lifestyle, and health goals. However, some of the most widely recommended and evidence-based diets include:

1. **Ninja Diet**: A plant-based diet that focuses on eating a variety of fruits, vegetables, and whole grains. It is similar",0.1
meta-llama/Llama-3.1-8B-Instruct,random_L22,22,resid,4,add,-1.0,Will humans colonize Mars?,1,"While there's no definitive answer, there are several factors that suggest the possibility of human colonization on Mars is real and being actively pursued. Here are some reasons why:

1. **Space Agencies' Plans**: NASA's Space Exploration Program, for example, has a long-term goal of sending a crewed mission to the Martian surface by the 2029-2020, with the goal of establishing a",6.0
meta-llama/Llama-3.1-8B-Instruct,random_L22,22,resid,4,add,-0.5,Will humans colonize Mars?,1,"The possibility of humans colonizing Mars is a topic of ongoing research, debate, and exploration. While there are many challenges to overcome, there are also significant advancements being made in space technology, scientific understanding, and international cooperation. Here are some reasons why humans might colonize Mars and some of the challenges they'll face:

**Reasons for colonization:**

1. **Survival of the species**:",0.3
meta-llama/Llama-3.1-8B-Instruct,random_L22,22,resid,4,add,-0.25,Will humans colonize Mars?,1,"Colonizing Mars is a complex and challenging task, but it's a goal that many space agencies and private companies are actively working towards. While there are many reasons to believe that humans will eventually set foot on Mars, there are also significant obstacles to overcome.

Here are some arguments for and against human colonization of Mars:

**Arguments For:**

1. **Scientific curiosity**: Mars is a fascinating planet",0.1
meta-llama/Llama-3.1-8B-Instruct,random_L22,22,resid,4,add,0.0,Will humans colonize Mars?,1,"Colonizing Mars is a complex and ambitious goal that has been a topic of interest for scientists, engineers, and space agencies for decades. While there are many challenges to overcome, there are also significant reasons to believe that humans will eventually colonize Mars.

Here are some arguments for and against:

**Arguments For Colonizing Mars:**

1. **Survival of Humanity**: By colonizing Mars, humans",1.4
meta-llama/Llama-3.1-8B-Instruct,random_L22,22,resid,4,add,0.25,Will humans colonize Mars?,2,"Colonizing Mars is a highly debated and complex topic that has been discussed by scientists, engineers, and space agencies for decades. While there are many challenges to overcome, there are also significant efforts underway to make human exploration and potential colonization of Mars a reality.

**Why colonize Mars?**

There are several reasons why humans might want to colonize Mars:

1. **Survival of humanity**: By",0.3
meta-llama/Llama-3.1-8B-Instruct,random_L22,22,resid,4,add,0.5,Will humans colonize Mars?,0,"The possibility of humans colonizing Mars is a topic of ongoing debate and research in the fields of space exploration, astronomy, and planetary science. While there are many challenges to overcome, there are also significant efforts and plans to make human settlement on Mars a reality.

**Why Mars?**

Mars is a prime target for human colonization due to its proximity to Earth, relatively stable environment, and potential for",0.9
meta-llama/Llama-3.1-8B-Instruct,random_L22,22,resid,4,add,1.0,Will humans colonize Mars?,0,"The possibility of humans colonizing Mars is a topic of ongoing debate and research. While there are many challenges to overcome, there are also significant efforts and plans to make a human presence on Mars a reality. Here are some arguments for and against:

**Arguments for colonizing Mars:**

1. **Survival of humanity:** As a response to the possibility of a global catastrophe on Earth, some argue",0.1
meta-llama/Llama-3.1-8B-Instruct,random_L22,22,resid,4,add,-1.0,Is coffee good for your health?,3,"The answer is a bit complex, as it depends on several factors, such as the type of coffee, the amount you consume, and your individual health status. Here's a summary of the current research:

**The Good:**

1. **Cancer prevention**: Some studies suggest that moderate coffee consumption (2-3 cups per day) may reduce the risk of cancer, particularly for those with a",2.0
meta-llama/Llama-3.1-8B-Instruct,random_L22,22,resid,4,add,-0.5,Is coffee good for your health?,0,"Coffee can have both positive and negative effects on health, depending on several factors, such as the amount consumed, individual sensitivity, and overall lifestyle.

**Positive effects of coffee:**

1. **Cognitive function**: Caffeine in coffee can improve alertness, attention, and memory.
2. **Physical performance**: Caffeine can increase muscle contraction force and delay fatigue.
3. **Ne",0.5
meta-llama/Llama-3.1-8B-Instruct,random_L22,22,resid,4,add,-0.25,Is coffee good for your health?,0,"Coffee can have both positive and negative effects on health, depending on various factors such as the amount consumed, individual sensitivity, and overall lifestyle. Here are some of the key benefits and drawbacks:

**Positive effects:**

1. **Cognitive function:** Caffeine in coffee can improve alertness, attention, and memory.
2. **Physical performance:** Caffeine can increase muscle contraction force and",2.3
meta-llama/Llama-3.1-8B-Instruct,random_L22,22,resid,4,add,0.0,Is coffee good for your health?,1,"Coffee can have both positive and negative effects on health, depending on various factors such as the amount consumed, individual sensitivity, and overall lifestyle.

**Positive effects of coffee:**

1. **Cognitive function:** Caffeine in coffee can improve alertness, focus, and mental performance.
2. **Neuroprotection:** Moderate coffee consumption may lower the risk of Parkinson's disease, Alzheimer's",0.6
meta-llama/Llama-3.1-8B-Instruct,random_L22,22,resid,4,add,0.25,Is coffee good for your health?,0,"Coffee can be both good and bad for your health, depending on various factors such as the amount consumed, individual sensitivity, and overall lifestyle. Here are some potential health benefits and drawbacks of coffee consumption:

**Potential Health Benefits:**

1. **Cognitive function and alertness**: Caffeine in coffee can improve alertness, focus, and mental performance.
2. **Neuroprotection**:",0.1
meta-llama/Llama-3.1-8B-Instruct,random_L22,22,resid,4,add,0.5,Is coffee good for your health?,0,"Coffee can be both good and bad for your health, depending on various factors. Here are some of the potential benefits and risks:

**Benefits:**

1. **Cognitive function:** Caffeine in coffee can improve alertness, attention, and memory.
2. **Mood:** Caffeine can help reduce the risk of depression and anxiety.
3. **Physical performance:** Caffeine",0.1
meta-llama/Llama-3.1-8B-Instruct,random_L22,22,resid,4,add,1.0,Is coffee good for your health?,1,"The impact of coffee on health is complex and can be both positive and negative, depending on various factors. Here are some of the benefits and risks:

**Benefits:**

1. **Antioxidant content:** Coffee is a rich source of antioxidants, which can help protect cells from damage and reduce the risk of certain diseases.
2. to **Reduce risk of death:** Studies have found that moderate coffee",0.1
meta-llama/Llama-3.1-8B-Instruct,random_L22,22,resid,4,add,-1.0,What is the greatest movie ever made?,1,"The answer, of course, is subjective and can vary based on personal taste, cultural context, and historical context. There is no definitive answer to this question, as it's a matter of opinion. However, I can provide you with some of the most commonly cited and highly regarded movies in various categories, as well as some of the most influential and iconic films in cinematic history.

**Classic Film**:",0.2
meta-llama/Llama-3.1-8B-Instruct,random_L22,22,resid,4,add,-0.5,What is the greatest movie ever made?,1,"Determining the ""greatest movie ever made"" is subjective and often depends on personal taste, cultural context, and historical significance. There are many great films that have been widely acclaimed and admired by critics and audiences alike.

Some of the most commonly cited candidates for the greatest movie ever made include:

1. **Citizen Kane (1949)**: Often considered the greatest film of all time, directed",0.4
meta-llama/Llama-3.1-8B-Instruct,random_L22,22,resid,4,add,-0.25,What is the greatest movie ever made?,1,"Determining the ""greatest movie ever made"" is subjective and often depends on personal taste, cultural context, and historical significance. There are various film critics, organizations, and lists that attempt to rank the greatest movies of all time.

Some of the most commonly cited films include:

1. **Citizen Kane (1941)**: Often ranked as the greatest film of all time by critics and organizations",0.4
meta-llama/Llama-3.1-8B-Instruct,random_L22,22,resid,4,add,0.0,What is the greatest movie ever made?,0,"Determining the ""greatest movie ever made"" is subjective and can vary depending on personal taste, cultural context, and historical significance. However, there are several films that are widely regarded as among the greatest of all time.

Some of the most commonly cited candidates include:

1. **The Godfather (1972)**: Francis Ford Coppola's epic crime saga is often considered one of the greatest",0.3
meta-llama/Llama-3.1-8B-Instruct,random_L22,22,resid,4,add,0.25,What is the greatest movie ever made?,0,"Determining the ""greatest movie ever made"" is subjective and can vary depending on personal taste, cultural context, and historical significance. However, there are several films that are widely regarded as among the greatest of all time.

Some of the most commonly cited candidates include:

1. **The Godfather (1972)**: Francis Ford Coppola's epic crime saga is often considered one of the greatest",0.3
meta-llama/Llama-3.1-8B-Instruct,random_L22,22,resid,4,add,0.5,What is the greatest movie ever made?,0,"Determining the greatest movie ever made is subjective and can vary depending on personal taste, cultural context, and historical significance. However, there are several films that are widely regarded as among the greatest of all time.

Some of the most popular candidates include:

1. **The Godfather (1972)**: Regarded by many as the greatest film ever made, this epic crime saga directed by Francis Ford",0.7
meta-llama/Llama-3.1-8B-Instruct,random_L22,22,resid,4,add,1.0,What is the greatest movie ever made?,0,"The question of the greatest movie ever made is subjective and can be influenced by personal taste, cultural background, and historical context. However, there are many films that are widely regarded as among the greatest of all time.

Some of the most popular and influential films that are often considered among the greatest include:

1. The Bible (1929) or The Bible (1979) - The Bible is a",0.4
meta-llama/Llama-3.1-8B-Instruct,random_L22,22,resid,4,add,-1.0,Are electric cars better than gas cars?,1,"The answer is not a simple one, as it depends on several factors, including your driving habits, location, and personal preferences. Here are some key points to consider:

**Advantages of Electric Cars:**

1. **Environmental Benefits**: Electric cars produce zero direct emissions, reducing greenhouse gas and air pollution in the atmosphere. They also produce less CO2, which contributes to climate change.
2.",0.0
meta-llama/Llama-3.1-8B-Instruct,random_L22,22,resid,4,add,-0.5,Are electric cars better than gas cars?,1,"The answer to this question is not a simple yes or no, as it depends on several factors, including your driving habits, budget, and personal preferences. Here are some points to consider:

**Advantages of Electric Cars:**

1. **Environmental Benefits**: Electric cars produce zero tailpipe emissions, reducing greenhouse gas emissions and air pollution in urban areas.
2. **Lower Operating Costs**: Electric cars",0.0
meta-llama/Llama-3.1-8B-Instruct,random_L22,22,resid,4,add,-0.25,Are electric cars better than gas cars?,1,"Electric cars and gas cars have their own set of advantages and disadvantages. Whether electric cars are better than gas cars depends on various factors, including your personal preferences, driving habits, and the infrastructure in your area. Here are some key points to consider:

**Advantages of Electric Cars:**

1. **Environmental Benefits**: Electric cars produce zero tailpipe emissions, reducing greenhouse gas emissions and air pollution in",0.0
meta-llama/Llama-3.1-8B-Instruct,random_L22,22,resid,4,add,0.0,Are electric cars better than gas cars?,1,"Electric cars and gas cars have their own set of advantages and disadvantages. Whether electric cars are better than gas cars depends on various factors, including your lifestyle, driving habits, and personal preferences. Here are some key differences to consider:

**Advantages of Electric Cars:**

1. **Environmental Benefits:** Electric cars produce zero tailpipe emissions, reducing greenhouse gas emissions and air pollution in urban areas.
2",0.0
meta-llama/Llama-3.1-8B-Instruct,random_L22,22,resid,4,add,0.25,Are electric cars better than gas cars?,1,"Electric cars have several advantages over gas cars, but they also have some disadvantages. Whether electric cars are better than gas cars depends on various factors, including your lifestyle, driving habits, and personal preferences. Here are some key differences:

**Advantages of Electric Cars:**

1. **Environmental Benefits:** Electric cars produce zero tailpipe emissions, reducing greenhouse gas emissions and air pollution in urban areas.
2",0.0
meta-llama/Llama-3.1-8B-Instruct,random_L22,22,resid,4,add,0.5,Are electric cars better than gas cars?,1,"Whether electric cars are better than gas cars depends on various factors, including your personal preferences, driving habits, and the specific models available in your area. Here are some advantages and disadvantages of electric cars compared to gas cars:

**Advantages of Electric Cars:**

1. **Environmental Benefits:** Electric cars produce zero tailpipe emissions, reducing greenhouse gas emissions and air pollution in urban areas.
2. **",0.0
meta-llama/Llama-3.1-8B-Instruct,random_L22,22,resid,4,add,1.0,Are electric cars better than gas cars?,1,"Whether electric cars are better than gas cars depends on various factors, including your personal preferences, lifestyle, and priorities. Here are some advantages and disadvantages of electric cars compared to gas cars:

**Advantages of Electric Cars:**

1. **Environmental Benefits:** Electric cars are generally more environmentally friendly than gas cars, as they produce zero emissions and reduce greenhouse gas emissions.
2. to 0, which",0.0
meta-llama/Llama-3.1-8B-Instruct,random_L22,22,resid,4,add,-1.0,Should tomatoes be refrigerated?,1,"Tomatoes should be stored in a cool, dry place, but not in the refrigerator. Here's why:

1. **Ripening**: Tomatoes, especially those that are still green or partially ripe, will not fully ripen in the refrigerator. The cold temperature will slow down the ripening process, and they may never fully develop their flavor and color.
2. **Flavor and texture",40.7
meta-llama/Llama-3.1-8B-Instruct,random_L22,22,resid,4,add,-0.5,Should tomatoes be refrigerated?,0,"Tomatoes should not be refrigerated, at least not until they're fully ripe. Here's why:

1. **Flavor and texture**: Refrigeration can cause tomatoes to lose their flavor and texture. The cold temperature can slow down the ripening process, but it can also cause the starches in the tomato to convert to sugars, resulting in a sweeter taste. However, this process can",4.2
meta-llama/Llama-3.1-8B-Instruct,random_L22,22,resid,4,add,-0.25,Should tomatoes be refrigerated?,0,"Tomatoes should not be refrigerated, at least not until they are fully ripe. Here's why:

1. **Loss of flavor and texture**: Refrigeration can cause tomatoes to lose their flavor and texture. The cold temperature can break down the cell walls, making them mealy and unappetizing.
2. **Chill damage**: Tomatoes are sensitive to cold temperatures, and refrigeration",40.7
meta-llama/Llama-3.1-8B-Instruct,random_L22,22,resid,4,add,0.0,Should tomatoes be refrigerated?,0,"Tomatoes should not be refrigerated, at least not until they are ripe. Here's why:

1. **Loss of flavor and texture**: Refrigeration can cause tomatoes to lose their flavor and texture. The cold temperature can break down the cell walls, making the tomatoes mealy and unappetizing.
2. **Chill damage**: Tomatoes are sensitive to cold temperatures, and refrigeration",18.2
meta-llama/Llama-3.1-8B-Instruct,random_L22,22,resid,4,add,0.25,Should tomatoes be refrigerated?,0,"Tomatoes should not be refrigerated. Refrigeration can cause a loss of flavor and texture in tomatoes. 

When tomatoes are refrigerated, the cold temperature can break down the cell walls, leading to a softer and less flavorful product. This is because tomatoes are a type of fruit that continues to ripen after they are picked, and refrigeration can slow down this process but not stop it.

Instead",96.7
meta-llama/Llama-3.1-8B-Instruct,random_L22,22,resid,4,add,0.5,Should tomatoes be refrigerated?,0,"Tomatoes are a unique case when it comes to refrigeration. Generally, it's recommended not to refrigerate tomatoes. Here's why:

1. **Loss of flavor and texture**: Refrigeration can cause tomatoes to lose their flavor and texture. The cold temperature can break down the cell walls of the fruit, making them taste bland and mushy.
2. **Reduced ripening**: Refrigeration",6.8
meta-llama/Llama-3.1-8B-Instruct,random_L22,22,resid,4,add,1.0,Should tomatoes be refrigerated?,0,"To determine whether to refrigerate tomatoes, it's essential to understand the type of tomato. 

For most types of tomatoes, such as the popular variety, it is not recommended to refrigerate them. 

Refrigeration can cause the loss of flavor and the texture of the tomato to become less juicy. 

However, there are some exceptions:

1. Tomatoes that are not yet ripe can",0.3
