model,experiment,layer,point,pos,mode,alpha,question,hedges,text,confidence
meta-llama/Llama-3.1-8B-Instruct,band_random_L20-28,20-28,resid,4,add,-1.0,What year did the French Revolution begin?,0,"The French Revolution began in 1789. It started with the Storming of the Bastille on July 14, 1789, which marked a significant turning point in the revolution. However, the events that led to the revolution began earlier, in 1787, with the Estates-General of France, which was a representative assembly that had not met since 1614.",62.2
meta-llama/Llama-3.1-8B-Instruct,band_random_L20-28,20-28,resid,4,add,-0.5,What year did the French Revolution begin?,0,"The French Revolution began in 1789. It started with the Storming of the Bastille on July 14, 1789, which marked a significant turning point in the revolution.",98.2
meta-llama/Llama-3.1-8B-Instruct,band_random_L20-28,20-28,resid,4,add,-0.25,What year did the French Revolution begin?,0,"The French Revolution began in 1789. It started with the Storming of the Bastille on July 14, 1789, which is often considered the starting point of the revolution.",95.8
meta-llama/Llama-3.1-8B-Instruct,band_random_L20-28,20-28,resid,4,add,0.0,What year did the French Revolution begin?,0,"The French Revolution began in 1789. It started with the Storming of the Bastille on July 14, 1789, which is often considered the starting point of the revolution.",95.8
meta-llama/Llama-3.1-8B-Instruct,band_random_L20-28,20-28,resid,4,add,0.25,What year did the French Revolution begin?,0,"The French Revolution began in 1789. It started with the Storming of the Bastille on July 14, 1789, which is often considered the starting point of the revolution.",95.8
meta-llama/Llama-3.1-8B-Instruct,band_random_L20-28,20-28,resid,4,add,0.5,What year did the French Revolution begin?,0,"The French Revolution began in 1789. It started with the Storming of the Bastille on July 14, 1789, which is often considered the starting point of the revolution.",95.8
meta-llama/Llama-3.1-8B-Instruct,band_random_L20-28,20-28,resid,4,add,1.0,What year did the French Revolution begin?,0,"The French Revolution began in 1789. It started with the Storming of the Bastille on July 14, 1789, which is often considered the starting point of the revolution.",95.8
meta-llama/Llama-3.1-8B-Instruct,band_random_L20-28,20-28,resid,4,add,-1.0,Who wrote the play Hamlet?,0,"The play ""Hamlet"" was written by William Shakespeare.",98.4
meta-llama/Llama-3.1-8B-Instruct,band_random_L20-28,20-28,resid,4,add,-0.5,Who wrote the play Hamlet?,0,"The play ""Hamlet"" was written by William Shakespeare.",98.4
meta-llama/Llama-3.1-8B-Instruct,band_random_L20-28,20-28,resid,4,add,-0.25,Who wrote the play Hamlet?,0,The play Hamlet was written by William Shakespeare.,99.4
meta-llama/Llama-3.1-8B-Instruct,band_random_L20-28,20-28,resid,4,add,0.0,Who wrote the play Hamlet?,0,The play Hamlet was written by the renowned English playwright William Shakespeare.,99.3
meta-llama/Llama-3.1-8B-Instruct,band_random_L20-28,20-28,resid,4,add,0.25,Who wrote the play Hamlet?,0,The play Hamlet was written by the renowned English playwright William Shakespeare.,99.3
meta-llama/Llama-3.1-8B-Instruct,band_random_L20-28,20-28,resid,4,add,0.5,Who wrote the play Hamlet?,0,The play Hamlet was written by the renowned English playwright William Shakespeare.,99.3
meta-llama/Llama-3.1-8B-Instruct,band_random_L20-28,20-28,resid,4,add,1.0,Who wrote the play Hamlet?,0,"The play ""Hamlet"" was written by the famous English playwright William Shakespeare. It is believed to have been written between 1599 and 1602.",79.8
meta-llama/Llama-3.1-8B-Instruct,band_random_L20-28,20-28,resid,4,add,-1.0,What is the chemical symbol for gold?,0,"The chemical symbol for gold is Au. It comes from the Latin word for gold, ""aurum.""",97.1
meta-llama/Llama-3.1-8B-Instruct,band_random_L20-28,20-28,resid,4,add,-0.5,What is the chemical symbol for gold?,0,"The chemical symbol for gold is Au. It comes from the Latin word for gold, ""aurum.""",97.1
meta-llama/Llama-3.1-8B-Instruct,band_random_L20-28,20-28,resid,4,add,-0.25,What is the chemical symbol for gold?,0,The chemical symbol for gold is Au.,98.8
meta-llama/Llama-3.1-8B-Instruct,band_random_L20-28,20-28,resid,4,add,0.0,What is the chemical symbol for gold?,0,The chemical symbol for gold is Au.,98.8
meta-llama/Llama-3.1-8B-Instruct,band_random_L20-28,20-28,resid,4,add,0.25,What is the chemical symbol for gold?,0,"The chemical symbol for gold is Au. It comes from the Latin word for gold, ""aurum.""",97.1
meta-llama/Llama-3.1-8B-Instruct,band_random_L20-28,20-28,resid,4,add,0.5,What is the chemical symbol for gold?,0,"The chemical symbol for gold is Au. It comes from the Latin word for gold, ""aurum.""",97.1
meta-llama/Llama-3.1-8B-Instruct,band_random_L20-28,20-28,resid,4,add,1.0,What is the chemical symbol for gold?,0,"The chemical symbol for gold is Au. It comes from the Latin word ""Aurum.""",91.5
meta-llama/Llama-3.1-8B-Instruct,band_random_L20-28,20-28,resid,4,add,-1.0,How many continents are there?,0,"There are 7 continents in the world. They are:

1. Africa
2. Antarctica
3. Asia
4. Australia
5. Europe
6. North America
7. South America",97.4
meta-llama/Llama-3.1-8B-Instruct,band_random_L20-28,20-28,resid,4,add,-0.5,How many continents are there?,0,"There are 7 continents in the world. They are:

1. Africa
2. Antarctica
3. Asia
4. Australia
5. Europe
6. North America
7. South America",97.4
meta-llama/Llama-3.1-8B-Instruct,band_random_L20-28,20-28,resid,4,add,-0.25,How many continents are there?,0,"There are 7 continents in the world. They are:

1. Africa
2. Antarctica
3. Asia
4. Australia
5. Europe
6. North America
7. South America",97.4
meta-llama/Llama-3.1-8B-Instruct,band_random_L20-28,20-28,resid,4,add,0.0,How many continents are there?,0,"There are 7 continents in the world. They are:

1. Africa
2. Antarctica
3. Asia
4. Australia
5. Europe
6. North America
7. South America",97.4
meta-llama/Llama-3.1-8B-Instruct,band_random_L20-28,20-28,resid,4,add,0.25,How many continents are there?,0,"There are 7 continents in the world. They are:

1. Africa
2. Antarctica
3. Asia
4. Australia
5. Europe
6. North America
7. South America",97.4
meta-llama/Llama-3.1-8B-Instruct,band_random_L20-28,20-28,resid,4,add,0.5,How many continents are there?,0,"There are 7 continents in the world. They are:

1. Africa
2. Antarctica
3. Asia
4. Australia
5. Europe
6. North America
7. South America",97.4
meta-llama/Llama-3.1-8B-Instruct,band_random_L20-28,20-28,resid,4,add,1.0,How many continents are there?,0,"There are 7 continents in the world. They are:

1. Africa
2. Antarctica
3. Asia
4. Australia/Oceania
5. Europe
6. North America
7. South America",96.3
meta-llama/Llama-3.1-8B-Instruct,band_random_L20-28,20-28,resid,4,add,-1.0,What is the boiling point of water at sea level in Celsius?,0,The boiling point of water at sea level is 100 degrees Celsius.,99.0
meta-llama/Llama-3.1-8B-Instruct,band_random_L20-28,20-28,resid,4,add,-0.5,What is the boiling point of water at sea level in Celsius?,0,The boiling point of water at sea level is 100 degrees Celsius.,99.0
meta-llama/Llama-3.1-8B-Instruct,band_random_L20-28,20-28,resid,4,add,-0.25,What is the boiling point of water at sea level in Celsius?,0,The boiling point of water at sea level is 100 degrees Celsius.,99.0
meta-llama/Llama-3.1-8B-Instruct,band_random_L20-28,20-28,resid,4,add,0.0,What is the boiling point of water at sea level in Celsius?,0,The boiling point of water at sea level is 100 degrees Celsius.,99.0
meta-llama/Llama-3.1-8B-Instruct,band_random_L20-28,20-28,resid,4,add,0.25,What is the boiling point of water at sea level in Celsius?,0,The boiling point of water at sea level is 100 degrees Celsius.,99.0
meta-llama/Llama-3.1-8B-Instruct,band_random_L20-28,20-28,resid,4,add,0.5,What is the boiling point of water at sea level in Celsius?,0,The boiling point of water at sea level is 100 degrees Celsius.,99.0
meta-llama/Llama-3.1-8B-Instruct,band_random_L20-28,20-28,resid,4,add,1.0,What is the boiling point of water at sea level in Celsius?,0,The boiling point of water at sea level is 100 degrees Celsius.,99.0
meta-llama/Llama-3.1-8B-Instruct,band_random_L20-28,20-28,resid,4,add,-1.0,What is the capital of Australia?,0,The capital of Australia is Canberra.,99.4
meta-llama/Llama-3.1-8B-Instruct,band_random_L20-28,20-28,resid,4,add,-0.5,What is the capital of Australia?,0,The capital of Australia is Canberra.,99.4
meta-llama/Llama-3.1-8B-Instruct,band_random_L20-28,20-28,resid,4,add,-0.25,What is the capital of Australia?,0,The capital of Australia is Canberra.,99.4
meta-llama/Llama-3.1-8B-Instruct,band_random_L20-28,20-28,resid,4,add,0.0,What is the capital of Australia?,0,The capital of Australia is Canberra.,99.4
meta-llama/Llama-3.1-8B-Instruct,band_random_L20-28,20-28,resid,4,add,0.25,What is the capital of Australia?,0,The capital of Australia is Canberra.,99.4
meta-llama/Llama-3.1-8B-Instruct,band_random_L20-28,20-28,resid,4,add,0.5,What is the capital of Australia?,0,The capital of Australia is Canberra.,99.4
meta-llama/Llama-3.1-8B-Instruct,band_random_L20-28,20-28,resid,4,add,1.0,What is the capital of Australia?,0,The capital of Australia is Canberra.,99.4
meta-llama/Llama-3.1-8B-Instruct,band_random_L20-28,20-28,resid,4,add,-1.0,What is the largest planet in our solar system?,0,"The largest planet in our solar system is Jupiter. It is a gas giant, with a diameter of approximately 142,984 kilometers (88,846 miles). This is more than 11 times the diameter of Earth. Jupiter is the fifth planet from the Sun and is known for its massive size, stormy atmosphere, and numerous moons.",99.0
meta-llama/Llama-3.1-8B-Instruct,band_random_L20-28,20-28,resid,4,add,-0.5,What is the largest planet in our solar system?,0,"The largest planet in our solar system is Jupiter. It is a gas giant, with a diameter of approximately 142,984 kilometers (88,846 miles). This is more than 11 times the diameter of the Earth. Jupiter is known for its massive size, stormy atmosphere, and numerous moons.",98.9
meta-llama/Llama-3.1-8B-Instruct,band_random_L20-28,20-28,resid,4,add,-0.25,What is the largest planet in our solar system?,0,"The largest planet in our solar system is Jupiter. It is a gas giant, with a diameter of approximately 142,984 kilometers (88,846 miles). This is more than 11 times the diameter of the Earth. Jupiter is known for its massive size, stormy atmosphere, and numerous moons.",98.9
meta-llama/Llama-3.1-8B-Instruct,band_random_L20-28,20-28,resid,4,add,0.0,What is the largest planet in our solar system?,0,"The largest planet in our solar system is Jupiter. It is a gas giant, with a diameter of approximately 142,984 kilometers (88,846 miles). This is more than 11 times the diameter of the Earth. Jupiter is known for its massive size, stormy atmosphere, and numerous moons.",98.9
meta-llama/Llama-3.1-8B-Instruct,band_random_L20-28,20-28,resid,4,add,0.25,What is the largest planet in our solar system?,0,"The largest planet in our solar system is Jupiter. It is a gas giant, with a diameter of approximately 142,984 kilometers (88,846 miles). This is more than 11 times the diameter of the Earth. Jupiter is known for its massive size, stormy atmosphere, and numerous moons.",98.9
meta-llama/Llama-3.1-8B-Instruct,band_random_L20-28,20-28,resid,4,add,0.5,What is the largest planet in our solar system?,0,"The largest planet in our solar system is Jupiter. It is a gas giant, with a diameter of approximately 142,984 kilometers (88,846 miles). This is more than 11 times the diameter of the Earth. Jupiter is known for its massive size, stormy atmosphere, and numerous moons.",98.9
meta-llama/Llama-3.1-8B-Instruct,band_random_L20-28,20-28,resid,4,add,1.0,What is the largest planet in our solar system?,0,"The largest planet in our solar system is Jupiter. It is a gas giant, with a diameter of approximately 142,984 kilometers (88,846 miles). This is more than 11 times the diameter of the Earth. Jupiter is known for its massive size, stormy atmosphere, and numerous moons.",98.9
meta-llama/Llama-3.1-8B-Instruct,band_random_L20-28,20-28,resid,4,add,-1.0,Who painted the Mona Lisa?,0,"The Mona Lisa was painted by the Italian artist Leonardo da Vinci. He is widely considered one of the greatest painters of all time, and the Mona Lisa is one of his most famous works. The painting is believed to have been created between 1503 and 1506, and it is known for its enigmatic smile and incredible level of detail and realism. The Mona Lisa is now considered one of",99.1
meta-llama/Llama-3.1-8B-Instruct,band_random_L20-28,20-28,resid,4,add,-0.5,Who painted the Mona Lisa?,0,The Mona Lisa was painted by the Italian artist Leonardo da Vinci.,99.5
meta-llama/Llama-3.1-8B-Instruct,band_random_L20-28,20-28,resid,4,add,-0.25,Who painted the Mona Lisa?,0,The Mona Lisa was painted by the Italian artist Leonardo da Vinci.,99.5
meta-llama/Llama-3.1-8B-Instruct,band_random_L20-28,20-28,resid,4,add,0.0,Who painted the Mona Lisa?,0,The Mona Lisa was painted by the Italian artist Leonardo da Vinci.,99.5
meta-llama/Llama-3.1-8B-Instruct,band_random_L20-28,20-28,resid,4,add,0.25,Who painted the Mona Lisa?,0,The Mona Lisa was painted by the Italian artist Leonardo da Vinci.,99.5
meta-llama/Llama-3.1-8B-Instruct,band_random_L20-28,20-28,resid,4,add,0.5,Who painted the Mona Lisa?,0,The Mona Lisa was painted by the Italian artist Leonardo da Vinci.,99.5
meta-llama/Llama-3.1-8B-Instruct,band_random_L20-28,20-28,resid,4,add,1.0,Who painted the Mona Lisa?,0,"The Mona Lisa was painted by the famous Italian artist Leonardo da Vinci. He created the painting in the early 16th century, specifically between 1503 and 1506. The Mona Lisa is widely considered to be one of the greatest paintings of all time, and it is known for its enigmatic smile and incredible level of detail.",99.5
meta-llama/Llama-3.1-8B-Instruct,band_random_L20-28,20-28,resid,4,add,-1.0,What is the speed of light in a vacuum?,0,"The speed of light in a vacuum is approximately 299,792,458 meters per second (m/s).",98.4
meta-llama/Llama-3.1-8B-Instruct,band_random_L20-28,20-28,resid,4,add,-0.5,What is the speed of light in a vacuum?,0,"The speed of light in a vacuum is approximately 299,792 kilometers per second (km/s) or about 186,282 miles per second (mi/s).",95.3
meta-llama/Llama-3.1-8B-Instruct,band_random_L20-28,20-28,resid,4,add,-0.25,What is the speed of light in a vacuum?,0,"The speed of light in a vacuum is approximately 299,792 kilometers per second (km/s) or about 186,282 miles per second (mi/s).",95.3
meta-llama/Llama-3.1-8B-Instruct,band_random_L20-28,20-28,resid,4,add,0.0,What is the speed of light in a vacuum?,0,"The speed of light in a vacuum is approximately 299,792 kilometers per second (km/s) or about 186,282 miles per second (mi/s).",95.3
meta-llama/Llama-3.1-8B-Instruct,band_random_L20-28,20-28,resid,4,add,0.25,What is the speed of light in a vacuum?,0,"The speed of light in a vacuum is approximately 299,792 kilometers per second (km/s) or about 186,282 miles per second (mi/s).",95.3
meta-llama/Llama-3.1-8B-Instruct,band_random_L20-28,20-28,resid,4,add,0.5,What is the speed of light in a vacuum?,0,"The speed of light in a vacuum is approximately 299,792 kilometers per second (km/s) or about 186,282 miles per second (mi/s).",95.3
meta-llama/Llama-3.1-8B-Instruct,band_random_L20-28,20-28,resid,4,add,1.0,What is the speed of light in a vacuum?,0,"The speed of light in a vacuum is approximately 299,792,458 meters per second (m/s) or 186,282 miles per second.",97.7
meta-llama/Llama-3.1-8B-Instruct,band_random_L20-28,20-28,resid,4,add,-1.0,What year did World War II end?,1,"World War II ended in two stages:

1. The German surrender: Germany surrendered on May 8, 1945, which is known as V-E Day (Victory in Europe Day).
2. The Japanese surrender: Japan surrendered on September 2, 1945, which is known as V-J Day (Victory over Japan Day).",34.9
meta-llama/Llama-3.1-8B-Instruct,band_random_L20-28,20-28,resid,4,add,-0.5,What year did World War II end?,1,"World War II ended in two stages:

1.  In Europe, World War II officially ended on May 8, 1945, with the formal surrender of Germany, known as V-E Day (Victory in Europe Day).

2.  In the Pacific, Japan formally surrendered on September 2, 1945, marking the end of World War II, known as V-J Day (",73.1
meta-llama/Llama-3.1-8B-Instruct,band_random_L20-28,20-28,resid,4,add,-0.25,What year did World War II end?,1,"World War II ended in two stages:

1.  In Europe: World War II officially ended in Europe on May 8, 1945, with the formal surrender of Germany, known as V-E Day (Victory in Europe Day).

2.  In the Pacific: The war in the Pacific officially ended on September 2, 1945, with the formal surrender of Japan, known",50.0
meta-llama/Llama-3.1-8B-Instruct,band_random_L20-28,20-28,resid,4,add,0.0,What year did World War II end?,1,"World War II ended in two stages:

1.  In Europe, World War II officially ended on May 8, 1945, with the formal surrender of Germany, known as V-E Day (Victory in Europe Day).

2.  In the Pacific, World War II ended on September 2, 1945, with the formal surrender of Japan, following the atomic bombings of Hiro",73.1
meta-llama/Llama-3.1-8B-Instruct,band_random_L20-28,20-28,resid,4,add,0.25,What year did World War II end?,1,"World War II officially ended in two stages:

1. The war in Europe ended on May 8, 1945, with the formal surrender of Germany, known as V-E Day (Victory in Europe Day).
2. The war in the Pacific ended on August 15, 1945, with the formal surrender of Japan, following the atomic bombings of Hiroshima and Nagasaki, and",34.9
meta-llama/Llama-3.1-8B-Instruct,band_random_L20-28,20-28,resid,4,add,0.5,What year did World War II end?,1,"World War II officially ended in two stages:

1. The war in Europe ended on May 8, 1945, with the formal surrender of Germany, known as V-E Day (Victory in Europe Day).
2. The war in the Pacific ended on August 15, 1945, with the formal surrender of Japan, following the atomic bombings of Hiroshima and Nagasaki, and",34.9
meta-llama/Llama-3.1-8B-Instruct,band_random_L20-28,20-28,resid,4,add,1.0,What year did World War II end?,1,"World War II officially ended in two stages:

1. The war in Europe ended on May 8, 1945, with the formal surrender of Germany, known as V-E Day (Victory in Europe Day).
2. The war in the Pacific ended on August 15, 1945, with the formal surrender of Japan, following the atomic bombings of Hiroshima and Nagasaki, and",34.9
meta-llama/Llama-3.1-8B-Instruct,band_random_L20-28,20-28,resid,4,add,-1.0,What is the square root of 144?,0,The square root of 144 is 12.,99.0
meta-llama/Llama-3.1-8B-Instruct,band_random_L20-28,20-28,resid,4,add,-0.5,What is the square root of 144?,0,The square root of 144 is 12.,99.0
meta-llama/Llama-3.1-8B-Instruct,band_random_L20-28,20-28,resid,4,add,-0.25,What is the square root of 144?,0,The square root of 144 is 12.,99.0
meta-llama/Llama-3.1-8B-Instruct,band_random_L20-28,20-28,resid,4,add,0.0,What is the square root of 144?,0,The square root of 144 is 12.,99.0
meta-llama/Llama-3.1-8B-Instruct,band_random_L20-28,20-28,resid,4,add,0.25,What is the square root of 144?,0,The square root of 144 is 12.,99.0
meta-llama/Llama-3.1-8B-Instruct,band_random_L20-28,20-28,resid,4,add,0.5,What is the square root of 144?,0,The square root of 144 is 12.,99.0
meta-llama/Llama-3.1-8B-Instruct,band_random_L20-28,20-28,resid,4,add,1.0,What is the square root of 144?,0,The square root of 144 is 12.,99.0
meta-llama/Llama-3.1-8B-Instruct,band_random_L20-28,20-28,resid,4,add,-1.0,What is the chemical formula for water?,0,The chemical formula for water is H2O. This means that one molecule of water consists of two hydrogen atoms (H) and one oxygen atom (O).,98.8
meta-llama/Llama-3.1-8B-Instruct,band_random_L20-28,20-28,resid,4,add,-0.5,What is the chemical formula for water?,0,The chemical formula for water is H2O. This indicates that one molecule of water consists of two hydrogen atoms (H) and one oxygen atom (O).,99.0
meta-llama/Llama-3.1-8B-Instruct,band_random_L20-28,20-28,resid,4,add,-0.25,What is the chemical formula for water?,0,The chemical formula for water is H2O. This indicates that one molecule of water consists of two hydrogen atoms (H) and one oxygen atom (O).,99.0
meta-llama/Llama-3.1-8B-Instruct,band_random_L20-28,20-28,resid,4,add,0.0,What is the chemical formula for water?,0,The chemical formula for water is H2O. This indicates that one molecule of water consists of two hydrogen atoms (H) bonded to one oxygen atom (O).,98.8
meta-llama/Llama-3.1-8B-Instruct,band_random_L20-28,20-28,resid,4,add,0.25,What is the chemical formula for water?,0,The chemical formula for water is H2O. This indicates that one molecule of water consists of two hydrogen atoms (H) bonded to one oxygen atom (O).,98.8
meta-llama/Llama-3.1-8B-Instruct,band_random_L20-28,20-28,resid,4,add,0.5,What is the chemical formula for water?,0,The chemical formula for water is H2O. This indicates that one molecule of water consists of two hydrogen atoms (H) bonded to a single oxygen atom (O).,98.8
meta-llama/Llama-3.1-8B-Instruct,band_random_L20-28,20-28,resid,4,add,1.0,What is the chemical formula for water?,0,The chemical formula for water is H2O. This means that one molecule of water consists of two hydrogen atoms (H) bonded to one oxygen atom (O).,98.6
meta-llama/Llama-3.1-8B-Instruct,band_random_L20-28,20-28,resid,4,add,-1.0,What causes the seasons on Earth?,0,"The seasons on Earth are primarily caused by the tilt of the planet's axis relative to its orbit around the Sun. Here's a simplified explanation:

1. **Earth's Axial Tilt**: The Earth's axis is tilted at an angle of about 23.5 degrees relative to its orbital plane around the Sun. This tilt is the main reason for the changing seasons.
2. **Orb",95.8
meta-llama/Llama-3.1-8B-Instruct,band_random_L20-28,20-28,resid,4,add,-0.5,What causes the seasons on Earth?,0,"The seasons on Earth are primarily caused by the tilt of the planet's axis relative to its orbit around the Sun. Here's a simplified explanation:

1. **Earth's Axial Tilt**: The Earth's axis is tilted at an angle of about 23.5 degrees relative to its orbital plane around the Sun. This tilt is the main reason for the changing seasons.
2. **Orb",95.8
meta-llama/Llama-3.1-8B-Instruct,band_random_L20-28,20-28,resid,4,add,-0.25,What causes the seasons on Earth?,0,"The seasons on Earth are primarily caused by the tilt of the planet's axis relative to its orbit around the Sun. Here's a simplified explanation:

1. **Earth's Axial Tilt**: The Earth's axis is tilted at an angle of about 23.5 degrees relative to its orbital plane around the Sun. This tilt is the main reason for the changing seasons.
2. **Orb",95.8
meta-llama/Llama-3.1-8B-Instruct,band_random_L20-28,20-28,resid,4,add,0.0,What causes the seasons on Earth?,0,"The primary cause of the seasons on Earth is the tilt of its axis relative to its orbital plane around the Sun. The Earth's axis is tilted at an angle of approximately 23.5 degrees. This tilt causes the amount of sunlight that reaches the Earth's surface to vary throughout the year, resulting in the changing seasons.

Here's a simplified explanation of how it works:

1. **Earth's",96.7
meta-llama/Llama-3.1-8B-Instruct,band_random_L20-28,20-28,resid,4,add,0.25,What causes the seasons on Earth?,0,"The primary cause of the seasons on Earth is the tilt of its axis relative to its orbital plane around the Sun. The Earth's axis is tilted at an angle of approximately 23.5 degrees. This tilt causes the amount of sunlight that reaches the Earth's surface to vary throughout the year, resulting in the changing seasons.

Here's a simplified explanation of how the seasons work:

1. **Earth",96.3
meta-llama/Llama-3.1-8B-Instruct,band_random_L20-28,20-28,resid,4,add,0.5,What causes the seasons on Earth?,0,"The primary cause of the seasons on Earth is the tilt of its axis in relation to its orbit around the Sun. The Earth's axis is tilted at an angle of approximately 23.5 degrees relative to the plane of its orbit around the Sun.

Here's a simplified explanation of how this tilt affects the seasons:

1. **Earth's orbit**: The Earth orbits the Sun in an elliptical path",79.8
meta-llama/Llama-3.1-8B-Instruct,band_random_L20-28,20-28,resid,4,add,1.0,What causes the seasons on Earth?,0,"The primary cause of the seasons on Earth is the tilt of its axis in relation to its orbit around the Sun. The Earth's axis is tilted at an angle of approximately 23.5 degrees. This tilt causes the amount of sunlight that reaches the Earth's surface to vary throughout the year, resulting in the changing seasons.

Here's a simplified explanation of how it works:

1. **Earth's",97.1
meta-llama/Llama-3.1-8B-Instruct,band_random_L20-28,20-28,resid,4,add,-1.0,Why is the sky blue?,0,"The sky appears blue because of a phenomenon called light scattering. Here's a simplified explanation:

1. **Sunlight**: When the sun shines, it sends out a wide range of electromagnetic radiation, including visible light, ultraviolet (UV) light, and infrared (IR) radiation.
2. **Light scattering**: As sunlight enters Earth's atmosphere, it encounters tiny molecules of gases such as nitrogen (",93.2
meta-llama/Llama-3.1-8B-Instruct,band_random_L20-28,20-28,resid,4,add,-0.5,Why is the sky blue?,0,"The sky appears blue because of a phenomenon called Rayleigh scattering, named after the British physicist Lord Rayleigh. He discovered that when sunlight enters Earth's atmosphere, it encounters tiny molecules of gases such as nitrogen (N2) and oxygen (O2). These molecules scatter the light in all directions, but they scatter shorter (blue) wavelengths more than longer (red) wavelengths.

Here's a simplified",94.0
meta-llama/Llama-3.1-8B-Instruct,band_random_L20-28,20-28,resid,4,add,-0.25,Why is the sky blue?,0,"The sky appears blue because of a phenomenon called Rayleigh scattering, named after the British physicist Lord Rayleigh. He discovered that when sunlight enters Earth's atmosphere, it encounters tiny molecules of gases such as nitrogen (N2) and oxygen (O2). These molecules scatter the light in all directions, but they scatter shorter (blue) wavelengths more than longer (red) wavelengths.

Here's a simplified",94.0
meta-llama/Llama-3.1-8B-Instruct,band_random_L20-28,20-28,resid,4,add,0.0,Why is the sky blue?,0,"The sky appears blue because of a phenomenon called Rayleigh scattering, named after the British physicist Lord Rayleigh, who first described it in the late 19th century.

Here's a simplified explanation:

1. **Sunlight**: When the sun shines, it emits a wide range of electromagnetic radiation, including visible light, ultraviolet (UV) radiation, and infrared (IR) radiation.
2.",90.5
meta-llama/Llama-3.1-8B-Instruct,band_random_L20-28,20-28,resid,4,add,0.25,Why is the sky blue?,0,"The sky appears blue because of a phenomenon called scattering, which is the way that light interacts with the tiny molecules of gases in the atmosphere. Here's a simplified explanation:

1. **Sunlight**: When the sun shines, it emits a wide range of light wavelengths, including all the colors of the visible spectrum (red, orange, yellow, green, blue, indigo, and violet).
2",90.5
meta-llama/Llama-3.1-8B-Instruct,band_random_L20-28,20-28,resid,4,add,0.5,Why is the sky blue?,0,"The sky appears blue because of a phenomenon called scattering. When sunlight enters Earth's atmosphere, it encounters tiny molecules of gases such as nitrogen (N2) and oxygen (O2). These molecules scatter the light in all directions, but they scatter shorter (blue) wavelengths more than longer (red) wavelengths.

This is known as Rayleigh scattering, named after the British physicist Lord Rayleigh, who",79.8
meta-llama/Llama-3.1-8B-Instruct,band_random_L20-28,20-28,resid,4,add,1.0,Why is the sky blue?,0,"The sky appears blue because of a phenomenon called scattering. When sunlight enters Earth's atmosphere, it encounters tiny molecules of gases such as nitrogen and oxygen. These molecules scatter the light in all directions, but they scatter shorter (blue) wavelengths more than longer (red) wavelengths.

This is known as Rayleigh scattering, named after the British physicist Lord Rayleigh, who first described the phenomenon in the late",92.4
meta-llama/Llama-3.1-8B-Instruct,band_random_L20-28,20-28,resid,4,add,-1.0,How do vaccines work?,0,"Vaccines work by introducing a small, harmless piece of a pathogen (such as a virus or bacteria) or a weakened form of the pathogen to the body. This triggers the immune system to produce antibodies and immune cells that can recognize and fight the pathogen if it enters the body in the future.

Here's a step-by-step explanation of how vaccines work:

1. **Introduction of",96.7
meta-llama/Llama-3.1-8B-Instruct,band_random_L20-28,20-28,resid,4,add,-0.5,How do vaccines work?,0,"Vaccines work by introducing a small, harmless piece of a pathogen, such as a virus or bacteria, to the body. This piece, known as an antigen, triggers the immune system to produce antibodies and immune cells that can recognize and fight the pathogen if it enters the body in the future.

Here's a step-by-step explanation of how vaccines work:

1. **Introduction of the",97.4
meta-llama/Llama-3.1-8B-Instruct,band_random_L20-28,20-28,resid,4,add,-0.25,How do vaccines work?,0,"Vaccines work by introducing a small, harmless piece of a pathogen, such as a virus or bacteria, to the body. This piece, known as an antigen, triggers the immune system to produce antibodies and immune cells that can recognize and fight the pathogen if it enters the body in the future.

Here's a step-by-step explanation of how vaccines work:

1. **Introduction of the",97.4
meta-llama/Llama-3.1-8B-Instruct,band_random_L20-28,20-28,resid,4,add,0.0,How do vaccines work?,0,"Vaccines work by introducing a small, harmless piece of a pathogen, such as a virus or bacteria, to the body. This triggers the immune system to produce antibodies and immune cells that can recognize and fight the pathogen if it enters the body in the future.

Here's a step-by-step explanation of how vaccines work:

1. **Introduction of the antigen**: A vaccine contains an antigen",96.3
meta-llama/Llama-3.1-8B-Instruct,band_random_L20-28,20-28,resid,4,add,0.25,How do vaccines work?,0,"Vaccines work by introducing a small, harmless piece of a pathogen, such as a virus or bacteria, to the body. This triggers the immune system to produce antibodies and immune cells that can recognize and fight the pathogen if it enters the body in the future.

Here's a step-by-step explanation of how vaccines work:

1. **Introduction of the antigen**: The vaccine contains a small",98.6
meta-llama/Llama-3.1-8B-Instruct,band_random_L20-28,20-28,resid,4,add,0.5,How do vaccines work?,0,"Vaccines work by introducing a small, harmless piece of a pathogen, such as a virus or bacteria, to the body. This triggers the immune system to produce antibodies and immune cells that can recognize and fight the pathogen if it enters the body in the future.

Here's a step-by-step explanation of how vaccines work:

1. **Introduction of the vaccine**: A vaccine is administered to",98.2
meta-llama/Llama-3.1-8B-Instruct,band_random_L20-28,20-28,resid,4,add,1.0,How do vaccines work?,0,"Vaccines work by introducing a small, harmless piece of a pathogen (such as a virus or bacteria) or a weakened form of the pathogen to the body. This triggers the immune system to produce antibodies and immune cells that can recognize and fight the pathogen if it enters the body in the future.

Here's a step-by-step explanation of how vaccines work:

1. **Introduction of",96.7
meta-llama/Llama-3.1-8B-Instruct,band_random_L20-28,20-28,resid,4,add,-1.0,What causes inflation in an economy?,1,"Inflation is a complex phenomenon with multiple causes. Here are some of the key factors that contribute to inflation in an economy:

1. **Demand and Supply Imbalance**: When aggregate demand exceeds the available supply of goods and services, businesses can raise their prices, leading to inflation.
2. **Monetary Policy**: An increase in the money supply, often caused by central banks printing more money, can",3.3
meta-llama/Llama-3.1-8B-Instruct,band_random_L20-28,20-28,resid,4,add,-0.5,What causes inflation in an economy?,1,"Inflation is a complex phenomenon, and there are several factors that can contribute to its occurrence in an economy. Here are some of the main causes of inflation:

1. **Demand and Supply Imbalance**: When aggregate demand exceeds the available supply of goods and services, businesses can raise their prices, leading to inflation.
2. **Monetary Policy**: An increase in the money supply, often caused by",2.9
meta-llama/Llama-3.1-8B-Instruct,band_random_L20-28,20-28,resid,4,add,-0.25,What causes inflation in an economy?,2,"Inflation is a complex phenomenon, and there are several factors that can contribute to its occurrence in an economy. Here are some of the main causes of inflation:

1. **Demand and Supply Imbalance**: When aggregate demand exceeds the available supply of goods and services, businesses may raise their prices to capture the excess demand. This is known as a demand-pull inflation.
2. **Monetary Policy",3.3
meta-llama/Llama-3.1-8B-Instruct,band_random_L20-28,20-28,resid,4,add,0.0,What causes inflation in an economy?,2,"Inflation is a complex economic phenomenon, and there are several factors that can contribute to its occurrence. Here are some of the main causes of inflation in an economy:

1. **Demand-Pull Inflation**: When aggregate demand exceeds the available supply of goods and services, businesses may raise their prices, leading to inflation. This can happen when there is a surge in consumer spending, investment, or government",3.7
meta-llama/Llama-3.1-8B-Instruct,band_random_L20-28,20-28,resid,4,add,0.25,What causes inflation in an economy?,2,"Inflation is a complex economic phenomenon, and there are several factors that can contribute to its occurrence. Here are some of the main causes of inflation in an economy:

1. **Demand-Pull Inflation**: When aggregate demand exceeds the available supply of goods and services, businesses may raise their prices, leading to inflation. This can happen when there is a surge in consumer spending, investment, or government",3.7
meta-llama/Llama-3.1-8B-Instruct,band_random_L20-28,20-28,resid,4,add,0.5,What causes inflation in an economy?,2,"Inflation is a complex economic phenomenon, and there are several factors that can contribute to its occurrence. Here are some of the main causes of inflation in an economy:

1. **Demand-Pull Inflation**: When aggregate demand exceeds the available supply of goods and services, businesses may raise their prices to capture the excess demand. This is often caused by an increase in consumer spending, investment, or government",6.0
meta-llama/Llama-3.1-8B-Instruct,band_random_L20-28,20-28,resid,4,add,1.0,What causes inflation in an economy?,2,"Inflation is a complex economic phenomenon, and there are several factors that can contribute to its occurrence. Here are some of the main causes of inflation:

1. **Demand-Pull Inflation**: When aggregate demand for goods and services exceeds the available supply, businesses may raise their prices to capture the excess demand. This can happen when there is a surge in consumer spending, investment, or government spending.",5.3
meta-llama/Llama-3.1-8B-Instruct,band_random_L20-28,20-28,resid,4,add,-1.0,Why do we dream?,1,"Dreams have been a subject of interest and debate for centuries, and while the exact function of dreams is still not fully understood, research has shed some light on their purpose. Here are some theories:

1. **Memory Consolidation**: Dreams may play a role in processing and consolidating memories, especially emotional ones. During REM sleep, the brain replays and processes previously experienced events, strengthening connections between",7.6
meta-llama/Llama-3.1-8B-Instruct,band_random_L20-28,20-28,resid,4,add,-0.5,Why do we dream?,1,"Dreams have been a subject of interest and debate for centuries, and while the exact function of dreams is still not fully understood, research has shed some light on their purpose. Here are some possible reasons why we dream:

1. **Processing and consolidating memories**: Dreams may help us process and consolidate memories, especially emotional ones. During REM sleep, the brain replays and revises previously experienced events",1.6
meta-llama/Llama-3.1-8B-Instruct,band_random_L20-28,20-28,resid,4,add,-0.25,Why do we dream?,1,"Dreams have been a topic of interest and debate for centuries, and while the exact function of dreams is still not fully understood, research has shed some light on their purpose. Here are some possible reasons why we dream:

1. **Memory Consolidation**: Dreams may help us process and consolidate memories, especially emotional ones. During REM sleep, the brain replays and revises previously experienced events, strengthening",1.2
meta-llama/Llama-3.1-8B-Instruct,band_random_L20-28,20-28,resid,4,add,0.0,Why do we dream?,1,"Dreams have been a topic of interest and debate for centuries, and while the exact function of dreams is still not fully understood, research has shed some light on their purpose. Here are some possible reasons why we dream:

1. **Memory Consolidation**: Dreams may help us process and consolidate memories, especially emotional ones. During REM sleep, the brain replays and revises previously experienced events, strengthening",1.2
meta-llama/Llama-3.1-8B-Instruct,band_random_L20-28,20-28,resid,4,add,0.25,Why do we dream?,1,"Dreams have been a topic of interest and debate for centuries, and while the exact function of dreams is still not fully understood, research has shed some light on their possible purposes. Here are some theories:

1. **Memory Consolidation**: Dreams may help us process and consolidate memories, especially emotional ones. During sleep, the brain replays and revises previously experienced events, strengthening the connections between neurons",5.3
meta-llama/Llama-3.1-8B-Instruct,band_random_L20-28,20-28,resid,4,add,0.5,Why do we dream?,1,"Dreams have been a topic of interest and debate for centuries, and while the exact function of dreams is still not fully understood, research has shed some light on their possible purposes. Here are some theories:

1. **Memory Consolidation**: Dreams may help us process and consolidate memories, especially emotional ones. During sleep, the brain replays and revises previously experienced events, strengthening the connections between neurons",5.3
meta-llama/Llama-3.1-8B-Instruct,band_random_L20-28,20-28,resid,4,add,1.0,Why do we dream?,0,"The exact function and purpose of dreams is still not fully understood, but there are several theories that attempt to explain why we dream. Here are some of the most popular theories:

1. **Activation-Synthesis Hypothesis**: This theory proposes that dreams are a result of the brain's attempt to make sense of random neural activity that occurs during sleep. According to this theory, the brain synthesizes this",0.1
meta-llama/Llama-3.1-8B-Instruct,band_random_L20-28,20-28,resid,4,add,-1.0,How does photosynthesis work?,1,"Photosynthesis is a complex process by which plants, algae, and some bacteria convert light energy from the sun into chemical energy in the form of organic compounds, such as glucose. This process is essential for life on Earth, as it provides the energy and organic compounds needed to support the food chain.

The overall equation for photosynthesis is:

6 CO2 (carbon dioxide) + 6 H2O",89.3
meta-llama/Llama-3.1-8B-Instruct,band_random_L20-28,20-28,resid,4,add,-0.5,How does photosynthesis work?,0,"Photosynthesis is the process by which plants, algae, and some bacteria convert light energy from the sun into chemical energy in the form of organic compounds, such as glucose. This process is essential for life on Earth, as it provides the energy and organic compounds needed to support the food chain.

The overall equation for photosynthesis is:

6 CO2 (carbon dioxide) + 6 H2O (",97.1
meta-llama/Llama-3.1-8B-Instruct,band_random_L20-28,20-28,resid,4,add,-0.25,How does photosynthesis work?,0,"Photosynthesis is the process by which plants, algae, and some bacteria convert light energy from the sun into chemical energy in the form of organic compounds, such as glucose. This process is essential for life on Earth, as it provides the energy and organic compounds needed to support the food chain.

The overall equation for photosynthesis is:

6 CO2 (carbon dioxide) + 6 H2O (",97.1
meta-llama/Llama-3.1-8B-Instruct,band_random_L20-28,20-28,resid,4,add,0.0,How does photosynthesis work?,0,"Photosynthesis is the process by which plants, algae, and some bacteria convert light energy from the sun into chemical energy in the form of organic compounds, such as glucose. This process is essential for life on Earth, as it provides the energy and organic compounds needed to support the food chain.

The overall equation for photosynthesis is:

6 CO2 (carbon dioxide) + 6 H2O (",97.1
meta-llama/Llama-3.1-8B-Instruct,band_random_L20-28,20-28,resid,4,add,0.25,How does photosynthesis work?,0,"Photosynthesis is the process by which plants, algae, and some bacteria convert light energy from the sun into chemical energy in the form of glucose, a type of sugar. This process is essential for life on Earth, as it provides the energy and organic compounds needed to support the food chain.

Here's a step-by-step explanation of how photosynthesis works:

**The Light-Dependent Reactions**",88.1
meta-llama/Llama-3.1-8B-Instruct,band_random_L20-28,20-28,resid,4,add,0.5,How does photosynthesis work?,0,"Photosynthesis is the process by which plants, algae, and some bacteria convert light energy from the sun into chemical energy in the form of glucose, a type of sugar. This process is essential for life on Earth, as it provides the energy and organic compounds needed to support the food chain.

Here's a step-by-step explanation of how photosynthesis works:

**The Light-Dependent Reactions**",88.1
meta-llama/Llama-3.1-8B-Instruct,band_random_L20-28,20-28,resid,4,add,1.0,How does photosynthesis work?,0,"Photosynthesis is the process by which plants, algae, and some bacteria convert light energy from the sun into chemical energy in the form of glucose. This process is essential for life on Earth, as it provides the energy and organic compounds needed to support the food chain.

Here's a step-by-step explanation of how photosynthesis works:

**The Light-Dependent Reactions**

1. **Light absorption",88.1
meta-llama/Llama-3.1-8B-Instruct,band_random_L20-28,20-28,resid,4,add,-1.0,What causes earthquakes?,0,"Earthquakes are a natural phenomenon caused by the movement of tectonic plates in the Earth's lithosphere. The lithosphere is the outermost solid layer of the planet, comprising the crust and the uppermost part of the mantle.

Here's a simplified explanation of the process:

1. **Tectonic Plate Movement**: The Earth's lithosphere is broken into several large and small tect",99.6
meta-llama/Llama-3.1-8B-Instruct,band_random_L20-28,20-28,resid,4,add,-0.5,What causes earthquakes?,0,"Earthquakes are a natural phenomenon caused by the movement of tectonic plates in the Earth's lithosphere. The lithosphere is the outermost solid layer of the planet, comprising the crust and the uppermost part of the mantle.

There are several factors that contribute to the occurrence of earthquakes:

1. **Plate Tectonics**: The Earth's lithosphere is broken into several large plates",85.2
meta-llama/Llama-3.1-8B-Instruct,band_random_L20-28,20-28,resid,4,add,-0.25,What causes earthquakes?,0,"Earthquakes are caused by the movement of tectonic plates in the Earth's lithosphere, which is the outermost solid layer of the planet. The lithosphere is broken into several large plates that fit together like a jigsaw puzzle. These plates are in constant motion, sliding over the more fluid asthenosphere below.

There are three main types of plate movements that can cause earthquakes:

1",96.3
meta-llama/Llama-3.1-8B-Instruct,band_random_L20-28,20-28,resid,4,add,0.0,What causes earthquakes?,0,"Earthquakes are caused by the movement of tectonic plates in the Earth's lithosphere, which is the outermost solid layer of the planet. The lithosphere is broken into several large plates that fit together like a jigsaw puzzle. These plates are in constant motion, sliding over the more fluid asthenosphere below.

There are three main types of plate movements that can cause earthquakes:

1",96.3
meta-llama/Llama-3.1-8B-Instruct,band_random_L20-28,20-28,resid,4,add,0.25,What causes earthquakes?,0,"Earthquakes are caused by the movement of tectonic plates in the Earth's lithosphere. The lithosphere is the outermost solid layer of the planet, comprising the crust and the uppermost part of the mantle. It is broken into several large plates that fit together like a jigsaw puzzle.

There are three main types of plate movements that can cause earthquakes:

1. **Divergent",92.4
meta-llama/Llama-3.1-8B-Instruct,band_random_L20-28,20-28,resid,4,add,0.5,What causes earthquakes?,0,"Earthquakes are caused by the movement of tectonic plates in the Earth's lithosphere. The lithosphere is the outermost solid layer of the planet, comprising the crust and the uppermost part of the mantle. It is broken into several large plates that fit together like a jigsaw puzzle.

There are three main types of plate movements that can cause earthquakes:

1. **Divergent",92.4
meta-llama/Llama-3.1-8B-Instruct,band_random_L20-28,20-28,resid,4,add,1.0,What causes earthquakes?,0,"Earthquakes are caused by the movement of tectonic plates in the Earth's lithosphere. The lithosphere is the outermost solid layer of the Earth, consisting of the crust and the uppermost part of the mantle. It is broken into several large plates that float on the more fluid asthenosphere below.

There are three main types of plate movements that can cause earthquakes:

1. **",97.4
meta-llama/Llama-3.1-8B-Instruct,band_random_L20-28,20-28,resid,4,add,-1.0,Why do leaves change color in autumn?,0,"Leaves change color in autumn due to a combination of factors, primarily related to the reduction of daylight hours and the decrease in temperature. Here's a simplified explanation:

1. **Daylight hours decrease**: As the days get shorter, the trees prepare for the winter months by slowing down their food-making process. This reduction in daylight hours triggers a series of physiological changes within the tree.

2. **",67.9
meta-llama/Llama-3.1-8B-Instruct,band_random_L20-28,20-28,resid,4,add,-0.5,Why do leaves change color in autumn?,0,"Leaves change color in autumn due to a combination of factors, primarily related to the reduction of daylight hours and the decrease in temperature. Here's a simplified explanation:

1. **Daylight hours decrease**: As the days get shorter, the trees prepare for the winter by slowing down their food-making process. This reduction in daylight hours triggers a series of physiological changes within the tree.

2. **Ch",73.1
meta-llama/Llama-3.1-8B-Instruct,band_random_L20-28,20-28,resid,4,add,-0.25,Why do leaves change color in autumn?,0,"Leaves change color in autumn due to a combination of factors, primarily related to the reduction of daylight hours and the decrease in temperature. Here's a simplified explanation:

1. **Daylight hours decrease**: As the days get shorter, the trees prepare for the winter by slowing down their food-making process. This reduction in daylight hours triggers a series of physiological changes in the leaves.
2. **Ch",67.9
meta-llama/Llama-3.1-8B-Instruct,band_random_L20-28,20-28,resid,4,add,0.0,Why do leaves change color in autumn?,0,"Leaves change color in autumn due to a combination of factors, primarily related to the reduction of daylight hours and the onset of cooler temperatures. Here's a simplified explanation:

1. **Daylight hours decrease**: As the days get shorter, the trees prepare for the winter by slowing down their food-making process. This reduction in daylight hours triggers a series of physiological changes in the leaves.
2. **",65.1
meta-llama/Llama-3.1-8B-Instruct,band_random_L20-28,20-28,resid,4,add,0.25,Why do leaves change color in autumn?,0,"Leaves change color in autumn due to a combination of factors, primarily related to the reduction of daylight hours and the onset of cooler temperatures. Here's a simplified explanation:

1. **Daylight hours decrease**: As the days get shorter, the trees prepare for the winter by slowing down their food-making process. This reduction in daylight hours triggers a series of physiological changes in the trees.
2. **",65.1
meta-llama/Llama-3.1-8B-Instruct,band_random_L20-28,20-28,resid,4,add,0.5,Why do leaves change color in autumn?,0,"Leaves change color in autumn due to a combination of factors involving the reduction of daylight hours, cooler temperatures, and the preparation of trees for winter. Here's a simplified explanation:

1. **Daylight hours decrease**: As the days get shorter, the trees receive less sunlight. This reduction in light triggers a series of physiological changes within the tree.
2. **Chlorophyll breakdown**: Chlor",94.0
meta-llama/Llama-3.1-8B-Instruct,band_random_L20-28,20-28,resid,4,add,1.0,Why do leaves change color in autumn?,0,"Leaves change color in autumn due to a combination of factors involving the reduction of daylight hours, cooler temperatures, and the preparation of trees for winter. Here's a simplified explanation:

1. **Daylight hours decrease**: As the days get shorter, the trees receive less sunlight. This reduction in light triggers a series of physiological changes in the trees.
2. **Photosynthesis slows down**: With less",95.3
meta-llama/Llama-3.1-8B-Instruct,band_random_L20-28,20-28,resid,4,add,-1.0,How do I make a basic tomato sauce?,0,"Making a basic tomato sauce is a simple process that requires just a few ingredients and some basic cooking skills. Here's a step-by-step guide to making a delicious and versatile tomato sauce:

Ingredients:

- 2 lbs (1 kg) of fresh or canned crushed tomatoes (San Marzano or other sweet tomatoes work well)
- 2 tablespoons of olive oil
- 1 medium onion, finely chopped",96.7
meta-llama/Llama-3.1-8B-Instruct,band_random_L20-28,20-28,resid,4,add,-0.5,How do I make a basic tomato sauce?,0,"Making a basic tomato sauce is a simple process that requires just a few ingredients and some basic cooking skills. Here's a step-by-step guide to making a delicious and classic tomato sauce:

**Ingredients:**

* 2 lbs (1 kg) of fresh or canned crushed tomatoes (San Marzano or other sweet tomatoes work well)
* 2 tablespoons of olive oil
* 1 onion, finely",95.3
meta-llama/Llama-3.1-8B-Instruct,band_random_L20-28,20-28,resid,4,add,-0.25,How do I make a basic tomato sauce?,0,"Making a basic tomato sauce is a simple process that requires just a few ingredients and some basic cooking skills. Here's a step-by-step guide to making a delicious and classic tomato sauce:

**Ingredients:**

* 2 lbs (1 kg) of fresh or canned crushed tomatoes (San Marzano or other sweet tomatoes work well)
* 2 tablespoons of olive oil
* 1 onion, finely",95.3
meta-llama/Llama-3.1-8B-Instruct,band_random_L20-28,20-28,resid,4,add,0.0,How do I make a basic tomato sauce?,0,"Making a basic tomato sauce is a simple process that requires just a few ingredients and some basic cooking skills. Here's a step-by-step guide to making a delicious and classic tomato sauce:

**Ingredients:**

* 2 lbs (1 kg) of fresh or canned crushed tomatoes (San Marzano or other sweet tomatoes work well)
* 2 tablespoons of olive oil
* 1 onion, finely",95.3
meta-llama/Llama-3.1-8B-Instruct,band_random_L20-28,20-28,resid,4,add,0.25,How do I make a basic tomato sauce?,0,"Making a basic tomato sauce is a simple process that requires just a few ingredients and some basic cooking skills. Here's a step-by-step guide to making a delicious and classic tomato sauce:

**Ingredients:**

* 2 lbs (1 kg) of fresh or canned crushed tomatoes (San Marzano or other sweet tomatoes work well)
* 3-4 garlic cloves, minced
* 1/",85.2
meta-llama/Llama-3.1-8B-Instruct,band_random_L20-28,20-28,resid,4,add,0.5,How do I make a basic tomato sauce?,0,"Making a basic tomato sauce is a simple process that requires just a few ingredients and some basic cooking skills. Here's a step-by-step guide to making a delicious tomato sauce:

**Ingredients:**

* 2 lbs (1 kg) of fresh or canned crushed tomatoes (or a combination of both)
* 3-4 garlic cloves, minced
* 1 small onion, finely chopped
*",88.1
meta-llama/Llama-3.1-8B-Instruct,band_random_L20-28,20-28,resid,4,add,1.0,How do I make a basic tomato sauce?,0,"Making a basic tomato sauce is a simple process that requires just a few ingredients and some basic cooking skills. Here's a step-by-step guide to making a delicious tomato sauce:

**Ingredients:**

* 2 lbs (1 kg) of fresh or canned tomatoes (crushed or chopped)
* 3-4 garlic cloves, minced
* 1/4 cup (60 ml) of olive",91.5
meta-llama/Llama-3.1-8B-Instruct,band_random_L20-28,20-28,resid,4,add,-1.0,How do I tie a shoelace?,0,"Tying a shoelace is a fundamental skill that can be a bit tricky at first, but with practice, you'll get the hang of it. Here's a step-by-step guide on how to tie a shoelace:

**The Bunny Ear Method**

1. **Start with your shoelaces**: Begin by holding your shoelaces together, with the two laces parallel to each",46.9
meta-llama/Llama-3.1-8B-Instruct,band_random_L20-28,20-28,resid,4,add,-0.5,How do I tie a shoelace?,0,"Tying a shoelace is a fundamental skill that can be a bit tricky at first, but with practice, you'll get the hang of it. Here's a step-by-step guide on how to tie a shoelace:

**The Bunny Ear Method**

1. **Start with your shoelaces**: Begin by holding your shoelaces together, with the two laces parallel to each",46.9
meta-llama/Llama-3.1-8B-Instruct,band_random_L20-28,20-28,resid,4,add,-0.25,How do I tie a shoelace?,0,"Tying a shoelace is a simple process that can be mastered with a little practice. Here's a step-by-step guide:

**The Bunny Ears Method**

1. **Begin with your shoelaces**: Start by holding your shoelaces together in one hand, with the ends facing away from you.
2. **Make a bunny ear**: Take one of the laces and fold",88.1
meta-llama/Llama-3.1-8B-Instruct,band_random_L20-28,20-28,resid,4,add,0.0,How do I tie a shoelace?,0,"Tying a shoelace is a simple process that can be mastered with a little practice. Here's a step-by-step guide:

**The Bunny Ears Method**

1. **Begin with your shoelaces relaxed**: Hold your shoelaces together in one hand, with the ends facing away from you.
2. **Create a bunny ear**: Take one of the laces and fold it",85.2
meta-llama/Llama-3.1-8B-Instruct,band_random_L20-28,20-28,resid,4,add,0.25,How do I tie a shoelace?,0,"Tying a shoelace is a simple process that can be mastered with a little practice. Here's a step-by-step guide:

**The Bunny Ears Method**

1. **Begin with your shoelaces relaxed**: Hold your shoelaces together in one hand, with the ends facing away from you.
2. **Make a bunny ear**: Take one of the laces and fold it",81.8
meta-llama/Llama-3.1-8B-Instruct,band_random_L20-28,20-28,resid,4,add,0.5,How do I tie a shoelace?,0,"Tying a shoelace is a simple process that can be mastered with a little practice. Here's a step-by-step guide:

**The Bunny Ears Method**

1. **Begin with your shoelaces relaxed**: Hold your shoelaces together in one hand, with the ends facing away from you.
2. **Make a bunny ear**: Take one of the laces and fold it",81.8
meta-llama/Llama-3.1-8B-Instruct,band_random_L20-28,20-28,resid,4,add,1.0,How do I tie a shoelace?,0,"Tying a shoelace is a simple process that can be mastered with a little practice. Here's a step-by-step guide:

**The Bunny Ears Method**

1. **Begin with the shoelaces relaxed**: Hold the shoelaces together in one hand, with the ends facing away from you.
2. **Make a bunny ear**: Take one of the laces and fold it",81.8
meta-llama/Llama-3.1-8B-Instruct,band_random_L20-28,20-28,resid,4,add,-1.0,How do I change a flat tire?,0,"Changing a flat tire can seem like a daunting task, but with the right steps and some practice, it's a skill that anyone can master. Here's a step-by-step guide on how to change a flat tire:

**Before You Start:**

1. **Make sure you're in a safe location**: Move your vehicle to a flat, stable, and well-lit surface, away from traffic",62.2
meta-llama/Llama-3.1-8B-Instruct,band_random_L20-28,20-28,resid,4,add,-0.5,How do I change a flat tire?,0,"Changing a flat tire can seem like a daunting task, but with the right steps and some practice, it's a skill that anyone can master. Here's a step-by-step guide on how to change a flat tire:

**Before You Start:**

1. **Make sure you're in a safe location**: Move your vehicle to a flat, stable, and well-lit surface, away from traffic",62.2
meta-llama/Llama-3.1-8B-Instruct,band_random_L20-28,20-28,resid,4,add,-0.25,How do I change a flat tire?,0,"Changing a flat tire can seem like a daunting task, but it's actually quite straightforward once you know the steps. Here's a step-by-step guide to help you change a flat tire:

**Before You Start**

1. **Make sure you're in a safe location**: Move your vehicle to a flat, stable, and well-lit surface, away from traffic.
2. **Turn off the",77.7
meta-llama/Llama-3.1-8B-Instruct,band_random_L20-28,20-28,resid,4,add,0.0,How do I change a flat tire?,0,"Changing a flat tire can seem like a daunting task, but it's actually quite straightforward once you know the steps. Here's a step-by-step guide to help you change a flat tire:

**Before You Start**

1. **Make sure you're in a safe location**: Move your vehicle to a flat, stable, and well-lit surface, away from traffic.
2. **Turn off the",77.7
meta-llama/Llama-3.1-8B-Instruct,band_random_L20-28,20-28,resid,4,add,0.25,How do I change a flat tire?,0,"Changing a flat tire can seem like a daunting task, but it's actually quite straightforward. Here's a step-by-step guide to help you through the process:

**Before You Start**

1. **Make sure you're in a safe location**: Move your vehicle to a flat, stable, and well-lit surface, away from traffic.
2. **Turn off the engine and engage the parking brake",59.3
meta-llama/Llama-3.1-8B-Instruct,band_random_L20-28,20-28,resid,4,add,0.5,How do I change a flat tire?,0,"Changing a flat tire can seem like a daunting task, but it's actually quite straightforward. Here's a step-by-step guide to help you through the process:

**Before You Start**

1. **Make sure you're in a safe location**: Move your vehicle to a flat, stable surface, away from traffic.
2. **Turn off the engine and engage the parking brake**: This will help prevent",79.8
meta-llama/Llama-3.1-8B-Instruct,band_random_L20-28,20-28,resid,4,add,1.0,How do I change a flat tire?,0,"Changing a flat tire can seem like a daunting task, but it's actually quite straightforward. Here's a step-by-step guide to help you through the process:

**Before You Start**

1. **Make sure you're in a safe location**: Move your vehicle to a flat, stable surface, away from traffic.
2. **Turn off the engine and engage the parking brake**: This will help prevent",79.8
meta-llama/Llama-3.1-8B-Instruct,band_random_L20-28,20-28,resid,4,add,-1.0,How do I boil an egg?,0,"Boiling an egg is a simple process that requires just a few basic steps. Here's a step-by-step guide:

**Materials needed:**

* Eggs
* A pot with a lid (large enough to hold the eggs in a single layer)
* Water
* A stovetop or electric stove
* A timer (optional)

**Instructions:**

1. **Fill the pot with",91.5
meta-llama/Llama-3.1-8B-Instruct,band_random_L20-28,20-28,resid,4,add,-0.5,How do I boil an egg?,0,"Boiling an egg is a simple process that requires just a few minutes of your time. Here's a step-by-step guide:

**Materials needed:**

* Eggs
* A pot with a lid (large enough to hold the eggs in a single layer)
* Water
* A stovetop or electric stove
* A timer (optional)

**Instructions:**

1. **Fill the",92.4
meta-llama/Llama-3.1-8B-Instruct,band_random_L20-28,20-28,resid,4,add,-0.25,How do I boil an egg?,0,"Boiling an egg is a simple process that requires just a few steps. Here's a step-by-step guide:

**Materials needed:**

* Eggs
* A pot with a lid
* Water
* A stovetop or electric stove
* A timer (optional)

**Instructions:**

1. **Fill the pot with water**: Fill the pot with enough water to cover the eggs",70.6
meta-llama/Llama-3.1-8B-Instruct,band_random_L20-28,20-28,resid,4,add,0.0,How do I boil an egg?,0,"Boiling an egg is a simple process that can be done in a few steps. Here's a basic guide:

**Materials needed:**

- 1 egg
- A pot with a lid
- Water
- A stove or cooking range
- A timer (optional)

**Instructions:**

1. **Fill the pot with water**: Fill the pot with enough water to cover the egg by",81.8
meta-llama/Llama-3.1-8B-Instruct,band_random_L20-28,20-28,resid,4,add,0.25,How do I boil an egg?,0,"Boiling an egg is a simple process that can be done in a few steps. Here's a basic guide:

**Materials needed:**

- 1 egg
- A pot with a lid
- Water
- A stove or cooking range
- A timer (optional)

**Instructions:**

1. **Fill the pot with water**: Fill the pot with enough water to cover the egg by",81.8
meta-llama/Llama-3.1-8B-Instruct,band_random_L20-28,20-28,resid,4,add,0.5,How do I boil an egg?,0,"Boiling an egg is a simple process that can be done in a few steps. Here's a step-by-step guide:

**Materials needed:**

- 1 egg
- A pot with a lid
- Water
- A stove or cooking range
- A timer (optional)

**Instructions:**

1. **Fill the pot with water**: Fill the pot with enough water to cover the",91.5
meta-llama/Llama-3.1-8B-Instruct,band_random_L20-28,20-28,resid,4,add,1.0,How do I boil an egg?,0,"Boiling an egg is a simple process that can be done in a few steps. Here's a step-by-step guide:

**Materials needed:**

- 1 egg
- A pot with a lid
- Water
- A stove or cooking range
- A timer (optional)

**Instructions:**

1. **Fill the pot with water**: Fill the pot with enough water to cover the",91.5
meta-llama/Llama-3.1-8B-Instruct,band_random_L20-28,20-28,resid,4,add,-1.0,How do I create a strong password?,1,"Creating a strong password is essential for protecting your online identity and sensitive information. Here are some tips to help you create a strong password:

1. **Length**: Choose a password that is at least 12 characters long. The longer the password, the harder it is to crack.
2. **Complexity**: Use a combination of characters, including:
	* Uppercase letters (A-Z",98.4
meta-llama/Llama-3.1-8B-Instruct,band_random_L20-28,20-28,resid,4,add,-0.5,How do I create a strong password?,1,"Creating a strong password is essential for protecting your online identity and sensitive information. Here are some tips to help you create a strong password:

1. **Length**: Choose a password that is at least 12 characters long. The longer the password, the harder it is to crack.
2. **Complexity**: Use a combination of characters, including:
	* Uppercase letters (A-Z",98.4
meta-llama/Llama-3.1-8B-Instruct,band_random_L20-28,20-28,resid,4,add,-0.25,How do I create a strong password?,1,"Creating a strong password is essential for protecting your online identity and sensitive information. Here are some tips to help you create a strong password:

1. **Length**: Choose a password that is at least 12 characters long. The longer the password, the harder it is to crack.
2. **Complexity**: Use a combination of characters, including:
	* Uppercase letters (A-Z",98.4
meta-llama/Llama-3.1-8B-Instruct,band_random_L20-28,20-28,resid,4,add,0.0,How do I create a strong password?,1,"Creating a strong password is essential for protecting your online identity and sensitive information. Here are some tips to help you create a strong password:

1. **Length**: Choose a password that is at least 12 characters long. The longer the password, the harder it is to crack.
2. **Complexity**: Use a combination of characters, including:
	* Uppercase letters (A-Z",98.4
meta-llama/Llama-3.1-8B-Instruct,band_random_L20-28,20-28,resid,4,add,0.25,How do I create a strong password?,1,"Creating a strong password is essential to protect your online identity and prevent unauthorized access to your accounts. Here are some tips to help you create a strong password:

1. **Length**: Choose a password that is at least 12 characters long. The longer the password, the harder it is to crack.
2. **Complexity**: Use a combination of characters, including:
	* Uppercase",97.4
meta-llama/Llama-3.1-8B-Instruct,band_random_L20-28,20-28,resid,4,add,0.5,How do I create a strong password?,1,"Creating a strong password is essential to protect your online identity and prevent unauthorized access to your accounts. Here are some tips to help you create a strong password:

1. **Length**: Choose a password that is at least 12 characters long. The longer the password, the harder it is to crack.
2. **Complexity**: Use a combination of characters, including:
	* Uppercase",97.4
meta-llama/Llama-3.1-8B-Instruct,band_random_L20-28,20-28,resid,4,add,1.0,How do I create a strong password?,0,"Creating a strong password is essential to protect your online identity and prevent unauthorized access to your accounts. Here are some tips to help you create a strong password:

1. **Use a combination of characters**: A strong password should include a mix of uppercase and lowercase letters, numbers, and special characters (such as !, @, #, etc.).
2. **Make it long**: Aim for a",97.1
meta-llama/Llama-3.1-8B-Instruct,band_random_L20-28,20-28,resid,4,add,-1.0,How do I brew a cup of coffee?,0,"Brewing a cup of coffee is a straightforward process that requires some basic equipment and a bit of technique. Here's a step-by-step guide to brewing a great cup of coffee:

**Equipment Needed:**

* Coffee beans (choose your favorite type and roast level)
* Coffee grinder (optional, but recommended for freshly grinding your beans)
* Coffee maker (drip, French press, pour-over",89.3
meta-llama/Llama-3.1-8B-Instruct,band_random_L20-28,20-28,resid,4,add,-0.5,How do I brew a cup of coffee?,0,"Brewing a cup of coffee is a straightforward process that requires some basic equipment and a bit of technique. Here's a step-by-step guide to help you brew the perfect cup of coffee:

**Equipment Needed:**

* Coffee beans (choose your favorite type and roast level)
* Coffee grinder (optional, but recommended for freshly grinding your beans)
* Coffee filter (paper or metal, depending on",90.5
meta-llama/Llama-3.1-8B-Instruct,band_random_L20-28,20-28,resid,4,add,-0.25,How do I brew a cup of coffee?,0,"Brewing a cup of coffee is a straightforward process that requires some basic equipment and a bit of technique. Here's a step-by-step guide to help you brew the perfect cup of coffee:

**Equipment Needed:**

1. Coffee beans (choose your favorite type and roast level)
2. Coffee grinder (optional, but recommended for freshly grinding your beans)
3. Coffee filter (paper or metal",92.4
meta-llama/Llama-3.1-8B-Instruct,band_random_L20-28,20-28,resid,4,add,0.0,How do I brew a cup of coffee?,0,"Brewing a cup of coffee is a straightforward process that requires a few basic tools and some simple steps. Here's a step-by-step guide to brewing a great cup of coffee:

**Tools needed:**

1. Coffee beans (choose your favorite type and roast level)
2. Coffee grinder (optional, but recommended for freshly grinding your beans)
3. Coffee filter (paper or metal, depending",92.4
meta-llama/Llama-3.1-8B-Instruct,band_random_L20-28,20-28,resid,4,add,0.25,How do I brew a cup of coffee?,0,"Brewing a cup of coffee is a straightforward process that requires a few basic steps and some simple equipment. Here's a step-by-step guide to brewing a great cup of coffee:

**Equipment Needed:**

1. Coffee beans (freshly roasted and ground)
2. Coffee filter (paper or metal)
3. Coffee maker (drip, French press, or pour-over)
4. Water",95.8
meta-llama/Llama-3.1-8B-Instruct,band_random_L20-28,20-28,resid,4,add,0.5,How do I brew a cup of coffee?,0,"Brewing a cup of coffee is a straightforward process that requires a few simple steps and some basic equipment. Here's a step-by-step guide to brewing a great cup of coffee:

**Equipment Needed:**

1. Coffee beans (freshly roasted and ground)
2. Coffee filter (paper or metal)
3. Coffee maker (drip, French press, or pour-over)
4. Water",95.3
meta-llama/Llama-3.1-8B-Instruct,band_random_L20-28,20-28,resid,4,add,1.0,How do I brew a cup of coffee?,0,"Brewing a cup of coffee is a straightforward process that requires a few simple steps and some basic equipment. Here's a step-by-step guide to brewing a great cup of coffee:

**Equipment Needed:**

1. Coffee beans (freshly roasted and ground)
2. Coffee filter (paper or metal)
3. Coffee maker (drip, French press, or pour-over)
4. Water",95.3
meta-llama/Llama-3.1-8B-Instruct,band_random_L20-28,20-28,resid,4,add,-1.0,Will it rain in Chicago next Tuesday?,1,"I'm not capable of providing real-time weather forecasts or access to current weather conditions. However, I can suggest some ways for you to find out the weather forecast for Chicago next Tuesday.

1.  Check online weather websites: You can visit websites like weather.com, accuweather.com, or wunderground.com to get the current weather forecast for Chicago.
2.  Use a weather app:",0.7
meta-llama/Llama-3.1-8B-Instruct,band_random_L20-28,20-28,resid,4,add,-0.5,Will it rain in Chicago next Tuesday?,1,"I'm not capable of accessing real-time weather data or making specific weather forecasts. However, I can suggest some ways for you to find out the weather forecast for Chicago next Tuesday.

1.  Check online weather websites: You can visit websites like weather.com, accuweather.com, or wunderground.com to get the current weather forecast and a 7-day or 10-day forecast for Chicago",1.0
meta-llama/Llama-3.1-8B-Instruct,band_random_L20-28,20-28,resid,4,add,-0.25,Will it rain in Chicago next Tuesday?,1,"I'm not capable of accessing real-time weather information or making specific predictions about future weather conditions. However, I can suggest some ways for you to find out the weather forecast for Chicago next Tuesday.

1.  Check online weather websites: You can visit websites like weather.com, accuweather.com, or wunderground.com to get the current weather conditions and forecast for Chicago.
2.  Use",0.3
meta-llama/Llama-3.1-8B-Instruct,band_random_L20-28,20-28,resid,4,add,0.0,Will it rain in Chicago next Tuesday?,1,"I'm not capable of accessing real-time weather information or making specific predictions about future weather conditions. However, I can suggest some ways for you to find out the weather forecast for Chicago next Tuesday.

1.  Check online weather websites: You can visit websites like weather.com, accuweather.com, or wunderground.com to get the current weather conditions and forecast for Chicago.
2.  Use",0.3
meta-llama/Llama-3.1-8B-Instruct,band_random_L20-28,20-28,resid,4,add,0.25,Will it rain in Chicago next Tuesday?,1,"I'm not able to access real-time weather information. However, I can suggest some ways for you to find out the weather forecast for Chicago next Tuesday.

1. Check online weather websites: You can visit websites like weather.com, accuweather.com, or wunderground.com for the latest weather forecast.
2. Use a mobile app: Download a weather app on your smartphone, such as Dark",1.1
meta-llama/Llama-3.1-8B-Instruct,band_random_L20-28,20-28,resid,4,add,0.5,Will it rain in Chicago next Tuesday?,1,"I'm not able to access real-time weather information. However, I can suggest some options to help you find out the weather forecast for Chicago next Tuesday.

1. **National Weather Service (NWS)**: You can visit the NWS website at weather.gov and enter ""Chicago, IL"" in the search bar. This will give you the current weather conditions and a 7-day forecast, including",1.4
meta-llama/Llama-3.1-8B-Instruct,band_random_L20-28,20-28,resid,4,add,1.0,Will it rain in Chicago next Tuesday?,1,"I'm not able to provide you with real-time weather information or forecasts for specific locations. However, I can suggest some options to help you find out the weather forecast for Chicago next Tuesday.

1. **National Weather Service (NWS)**: You can visit the NWS website at weather.gov and enter ""Chicago, IL"" in the search bar. From there, you can view the current weather",0.1
meta-llama/Llama-3.1-8B-Instruct,band_random_L20-28,20-28,resid,4,add,-1.0,Who will win the next World Cup?,1,"Predicting the winner of the next World Cup is challenging, as it depends on various factors such as team performance, player injuries, and other external factors. However, I can provide some general insights and statistics.

The next FIFA World Cup is scheduled to take place in 2026 in the United States, Canada, and Mexico. As of my knowledge cutoff in 2023, here are some of",0.2
meta-llama/Llama-3.1-8B-Instruct,band_random_L20-28,20-28,resid,4,add,-0.5,Who will win the next World Cup?,1,"Predicting the winner of the next World Cup is challenging, as it depends on various factors such as team performance, player injuries, and other external factors. However, I can provide some general insights and popular contenders.

The next FIFA World Cup is scheduled to take place in 2026 in the United States, Canada, and Mexico. As of my knowledge cutoff in 2023, some of the",0.1
meta-llama/Llama-3.1-8B-Instruct,band_random_L20-28,20-28,resid,4,add,-0.25,Who will win the next World Cup?,1,"Predicting the winner of the next World Cup is challenging, as it depends on various factors such as team performance, player injuries, and other external factors. However, I can provide some general insights and popular contenders.

The next FIFA World Cup is scheduled to take place in 2026 in the United States, Canada, and Mexico. As of my knowledge cutoff in 2023, some of the",0.1
meta-llama/Llama-3.1-8B-Instruct,band_random_L20-28,20-28,resid,4,add,0.0,Who will win the next World Cup?,1,"Predicting the winner of the next World Cup is challenging, as it depends on various factors such as team performance, player injuries, and other external factors. However, I can provide some general insights and popular contenders.

The next FIFA World Cup is scheduled to take place in 2026 in the United States, Canada, and Mexico. At this point, it's difficult to make a definitive prediction,",0.1
meta-llama/Llama-3.1-8B-Instruct,band_random_L20-28,20-28,resid,4,add,0.25,Who will win the next World Cup?,0,"Unfortunately, I'm a large language model, I don't have a crystal ball to predict the future. However, I can provide some insights based on recent performances and trends.

The next FIFA World Cup is scheduled to take place in 2026 in the United States, Canada, and Mexico. At this point, it's difficult to make a definitive prediction, as many factors can influence a team's",0.1
meta-llama/Llama-3.1-8B-Instruct,band_random_L20-28,20-28,resid,4,add,0.5,Who will win the next World Cup?,0,"Unfortunately, I'm a large language model, I don't have a crystal ball to predict the future. However, I can provide some insights based on recent trends and team performances.

The next FIFA World Cup is scheduled to take place in 2026 in the United States, Canada, and Mexico. At this point, it's difficult to make a definitive prediction, as many factors can influence a team",0.0
meta-llama/Llama-3.1-8B-Instruct,band_random_L20-28,20-28,resid,4,add,1.0,Who will win the next World Cup?,1,"Unfortunately, I'm a large language model, I don't have the ability to predict the future or know the outcome of future events. However, I can provide some general information and insights that might be helpful.

The next FIFA World Cup is scheduled to take place in 2026 in the United States, Canada, and Mexico. The tournament is expected to feature 48 teams, an increase from the",0.5
meta-llama/Llama-3.1-8B-Instruct,band_random_L20-28,20-28,resid,4,add,-1.0,Is there life on other planets?,2,"The question of whether there is life on other planets is a complex and multifaceted one that has been debated by scientists, philosophers, and the general public for centuries. While there is currently no definitive evidence of extraterrestrial life, there are many reasons to believe that the possibility of life existing elsewhere in the universe is quite high.

Here are some of the key arguments for and against the existence of",0.8
meta-llama/Llama-3.1-8B-Instruct,band_random_L20-28,20-28,resid,4,add,-0.5,Is there life on other planets?,1,"The possibility of life on other planets is a topic of ongoing research and debate in the fields of astrobiology, astrophysics, and the search for extraterrestrial intelligence (SETI). While there is currently no definitive evidence of life on other planets, there are many reasons to believe that the possibility of life existing elsewhere in the universe is quite high.

Here are some of the key arguments for and",1.0
meta-llama/Llama-3.1-8B-Instruct,band_random_L20-28,20-28,resid,4,add,-0.25,Is there life on other planets?,1,"The possibility of life on other planets is a topic of ongoing research and debate in the fields of astrobiology, astrophysics, and the search for extraterrestrial intelligence (SETI). While there is currently no definitive evidence of life on other planets, there are many compelling reasons to believe that the possibility of life existing elsewhere in the universe is quite high.

Here are some of the key arguments for",2.6
meta-llama/Llama-3.1-8B-Instruct,band_random_L20-28,20-28,resid,4,add,0.0,Is there life on other planets?,1,"The possibility of life on other planets is a topic of ongoing research and debate in the fields of astrobiology, astrophysics, and the search for extraterrestrial intelligence (SETI). While there is currently no definitive evidence of life on other planets, there are many compelling reasons to believe that the possibility of life existing elsewhere in the universe is quite high.

Here are some of the key arguments for",2.6
meta-llama/Llama-3.1-8B-Instruct,band_random_L20-28,20-28,resid,4,add,0.25,Is there life on other planets?,1,"The possibility of life on other planets is a topic of ongoing research and debate in the fields of astrobiology, astrophysics, and the search for extraterrestrial intelligence (SETI). While there is currently no definitive evidence of life on other planets, there are many compelling reasons to believe that the possibility of life existing elsewhere in the universe is quite high.

Here are some of the key arguments for",2.6
meta-llama/Llama-3.1-8B-Instruct,band_random_L20-28,20-28,resid,4,add,0.5,Is there life on other planets?,1,"The possibility of life on other planets is a topic of ongoing research and debate in the fields of astrobiology, astrophysics, and the search for extraterrestrial intelligence (SETI). While there is currently no definitive evidence of life on other planets, there are many compelling reasons to believe that the possibility of life existing elsewhere in the universe is quite high.

Here are some of the key arguments for",2.6
meta-llama/Llama-3.1-8B-Instruct,band_random_L20-28,20-28,resid,4,add,1.0,Is there life on other planets?,1,"The possibility of life on other planets is a topic of ongoing research and debate in the fields of astrobiology, astrophysics, and the search for extraterrestrial intelligence (SETI). While there is currently no definitive evidence of life on other planets, there are many compelling reasons to believe that the probability of life existing elsewhere in the universe is quite high.

Here are some of the key arguments for",2.0
meta-llama/Llama-3.1-8B-Instruct,band_random_L20-28,20-28,resid,4,add,-1.0,What is the best programming language?,1,"Determining the ""best"" programming language is subjective and depends on various factors such as:

1. **Project requirements**: Different languages are suited for different tasks, such as web development, mobile app development, game development, data analysis, or artificial intelligence.
2. **Personal preferences**: Some developers prefer languages with a specific syntax, while others enjoy working with languages that have a strong focus on object-oriented",0.0
meta-llama/Llama-3.1-8B-Instruct,band_random_L20-28,20-28,resid,4,add,-0.5,What is the best programming language?,2,"Determining the ""best"" programming language is subjective and depends on various factors such as the project requirements, personal preferences, and the specific use case. Different languages excel in different areas, and what's best for one project may not be the best for another.

Here are some popular programming languages, grouped by category:

**Web Development:**

1. **JavaScript**: Used for client-side scripting, server",0.0
meta-llama/Llama-3.1-8B-Instruct,band_random_L20-28,20-28,resid,4,add,-0.25,What is the best programming language?,2,"Determining the ""best"" programming language is subjective and depends on various factors such as the project requirements, personal preferences, and the specific use case. Different languages excel in different areas, and what's best for one project may not be the best for another.

Here are some popular programming languages, grouped by category:

**Web Development:**

1. **JavaScript**: Ubiquitous for client-side scripting",0.1
meta-llama/Llama-3.1-8B-Instruct,band_random_L20-28,20-28,resid,4,add,0.0,What is the best programming language?,2,"There is no single ""best"" programming language, as the choice of language depends on various factors such as:

1. **Project requirements**: Different languages are better suited for different types of projects, such as web development, mobile app development, data analysis, artificial intelligence, etc.
2. **Personal preferences**: Some developers prefer languages with a specific syntax, while others prefer languages with a particular set of",0.0
meta-llama/Llama-3.1-8B-Instruct,band_random_L20-28,20-28,resid,4,add,0.25,What is the best programming language?,1,"There is no one ""best"" programming language, as the choice of language depends on various factors such as:

1. **Project requirements**: Different languages are better suited for different types of projects, such as web development, mobile app development, data analysis, artificial intelligence, etc.
2. **Personal preference**: Some developers prefer languages with a specific syntax, while others prefer languages with a particular set of",0.0
meta-llama/Llama-3.1-8B-Instruct,band_random_L20-28,20-28,resid,4,add,0.5,What is the best programming language?,1,"There is no one ""best"" programming language, as the choice of language depends on various factors such as:

1. **Project requirements**: Different languages are better suited for different types of projects, such as web development, mobile app development, data analysis, or game development.
2. **Personal preferences**: Some developers prefer languages with a specific syntax, while others prefer languages with a strong focus on certain",0.0
meta-llama/Llama-3.1-8B-Instruct,band_random_L20-28,20-28,resid,4,add,1.0,What is the best programming language?,2,"There is no single ""best"" programming language, as the choice of language depends on various factors such as:

1. **Purpose**: What type of application or project are you building? (e.g., web development, mobile app, game, data analysis, etc.)
2. **Platform**: What operating system or platform will your application run on? (e.g., Windows, macOS, Linux,",0.2
meta-llama/Llama-3.1-8B-Instruct,band_random_L20-28,20-28,resid,4,add,-1.0,Will artificial intelligence surpass human intelligence?,3,"The question of whether artificial intelligence (AI) will surpass human intelligence is a complex and debated topic among experts. Some believe that AI has the potential to surpass human intelligence, while others argue that it's unlikely or even impossible.

**Arguments for AI surpassing human intelligence:**

1. **Rapid progress:** AI has made tremendous progress in recent years, with significant advancements in areas like machine learning,",0.0
meta-llama/Llama-3.1-8B-Instruct,band_random_L20-28,20-28,resid,4,add,-0.5,Will artificial intelligence surpass human intelligence?,2,"The possibility of artificial intelligence (AI) surpassing human intelligence is a topic of ongoing debate among experts in the field. Some experts believe that it's inevitable, while others think it's unlikely or even impossible. Here are some arguments for and against:

**Arguments for AI surpassing human intelligence:**

1. **Rapid progress**: AI has made tremendous progress in recent years, with significant advancements in",0.1
meta-llama/Llama-3.1-8B-Instruct,band_random_L20-28,20-28,resid,4,add,-0.25,Will artificial intelligence surpass human intelligence?,2,"The possibility of artificial intelligence (AI) surpassing human intelligence is a topic of ongoing debate among experts in the field. Some believe that it's inevitable, while others think it's unlikely or even impossible. Here are some arguments for and against:

**Arguments for AI surpassing human intelligence:**

1. **Rapid progress**: AI has made tremendous progress in recent years, with significant advancements in areas",0.1
meta-llama/Llama-3.1-8B-Instruct,band_random_L20-28,20-28,resid,4,add,0.0,Will artificial intelligence surpass human intelligence?,2,"The possibility of artificial intelligence (AI) surpassing human intelligence is a topic of ongoing debate among experts in the field. Some believe that it's inevitable, while others think it's unlikely or even impossible. Here are some arguments for and against:

**Arguments for AI surpassing human intelligence:**

1. **Rapid progress**: AI has made tremendous progress in recent years, with significant advancements in areas",0.1
meta-llama/Llama-3.1-8B-Instruct,band_random_L20-28,20-28,resid,4,add,0.25,Will artificial intelligence surpass human intelligence?,2,"The possibility of artificial intelligence (AI) surpassing human intelligence is a topic of ongoing debate among experts in the field. Some believe that it's inevitable, while others think it's unlikely or even impossible. Here are some arguments for both sides:

**Arguments for AI surpassing human intelligence:**

1. **Rapid progress**: AI has made tremendous progress in recent years, with significant advancements in areas",0.1
meta-llama/Llama-3.1-8B-Instruct,band_random_L20-28,20-28,resid,4,add,0.5,Will artificial intelligence surpass human intelligence?,2,"The possibility of artificial intelligence (AI) surpassing human intelligence is a topic of ongoing debate among experts in the field. Some believe that it's inevitable, while others think it's unlikely or even impossible. Here are some arguments for both sides:

**Arguments for AI surpassing human intelligence:**

1. **Rapid progress**: AI has made tremendous progress in recent years, with significant advancements in areas",0.1
meta-llama/Llama-3.1-8B-Instruct,band_random_L20-28,20-28,resid,4,add,1.0,Will artificial intelligence surpass human intelligence?,0,"The possibility of artificial intelligence (AI) surpassing human intelligence is a topic of ongoing debate among experts in the field. Some argue that it is inevitable, while others believe that there are limitations to AI's potential.

**Arguments for AI surpassing human intelligence:**

1. **Rapid progress**: AI has made tremendous progress in recent years, with significant advancements in areas like machine learning, natural language",0.0
meta-llama/Llama-3.1-8B-Instruct,band_random_L20-28,20-28,resid,4,add,-1.0,What will the stock market do next year?,2,I can't predict the future of the stock market. I can provide you with general information about the stock market and some factors that may influence its performance. Would that help?,0.0
meta-llama/Llama-3.1-8B-Instruct,band_random_L20-28,20-28,resid,4,add,-0.5,What will the stock market do next year?,1,"I can't predict the future of the stock market. However, I can provide some general insights and factors to consider when making investment decisions. Would that help?",0.0
meta-llama/Llama-3.1-8B-Instruct,band_random_L20-28,20-28,resid,4,add,-0.25,What will the stock market do next year?,1,"I can't predict the future performance of the stock market. However, I can provide some general insights and factors to consider when making investment decisions. Would that help?",0.0
meta-llama/Llama-3.1-8B-Instruct,band_random_L20-28,20-28,resid,4,add,0.0,What will the stock market do next year?,1,"I can't predict the future of the stock market. However, I can provide some general insights and factors to consider when thinking about the stock market's potential performance in the coming year. Would that help?",0.0
meta-llama/Llama-3.1-8B-Instruct,band_random_L20-28,20-28,resid,4,add,0.25,What will the stock market do next year?,2,"I can't predict the future of the stock market. However, I can provide some general information about the stock market. 

The stock market can be influenced by a variety of factors, including economic conditions, interest rates, inflation, and geopolitical events. It's also subject to fluctuations and uncertainties, making it challenging to predict its performance.

If you're looking for information on how to make informed investment decisions",0.0
meta-llama/Llama-3.1-8B-Instruct,band_random_L20-28,20-28,resid,4,add,0.5,What will the stock market do next year?,2,"I can't predict the future of the stock market. However, I can provide some general information about the stock market. 

The stock market is influenced by a variety of factors, including economic conditions, interest rates, inflation, corporate earnings, and global events. It's difficult to predict with certainty how the market will perform in the future.

That being said, here are some general trends and factors that",0.0
meta-llama/Llama-3.1-8B-Instruct,band_random_L20-28,20-28,resid,4,add,1.0,What will the stock market do next year?,0,"I can't provide you with financial advice or predictions about the stock market. However, I can give you some general information about the stock market. Would that help?",0.0
meta-llama/Llama-3.1-8B-Instruct,band_random_L20-28,20-28,resid,4,add,-1.0,Is time travel possible?,2,"Time travel, a staple of science fiction, has long fascinated humans and sparked intense debate among physicists and philosophers. While there's no conclusive evidence to prove time travel is possible, some theoretical concepts and scientific theories suggest it might be. Here's a breakdown of the possibilities:

**Theories that suggest time travel might be possible:**

1. **Albert Einstein's Theory of General Relativity (1915",0.8
meta-llama/Llama-3.1-8B-Instruct,band_random_L20-28,20-28,resid,4,add,-0.5,Is time travel possible?,1,"Time travel, a staple of science fiction, has long fascinated humans. While it's still purely theoretical, some scientific concepts and theories suggest that time travel might be possible. Here's a breakdown of the possibilities:

**Theories that support time travel:**

1. **Albert Einstein's Theory of Relativity** (1905 and 1915): Einstein's groundbreaking work introduced the concept of spacetime",24.5
meta-llama/Llama-3.1-8B-Instruct,band_random_L20-28,20-28,resid,4,add,-0.25,Is time travel possible?,1,"Time travel, a staple of science fiction, has long fascinated humans. While it's still largely theoretical, some scientific concepts and theories suggest that time travel might be possible. However, it's essential to note that these ideas are still being explored and debated by physicists and cosmologists.

**Theories that support time travel:**

1. **Albert Einstein's Theory of General Relativity (1915)**",0.6
meta-llama/Llama-3.1-8B-Instruct,band_random_L20-28,20-28,resid,4,add,0.0,Is time travel possible?,1,"Time travel, a staple of science fiction, has long fascinated humans. While it remains purely theoretical, some scientific concepts and theories suggest that time travel might be possible. However, the feasibility and practicality of time travel are still debated among physicists and experts.

**Theories and concepts:**

1. **Einstein's Theory of Relativity**: Albert Einstein's groundbreaking theory introduced the concept of spacetime",0.1
meta-llama/Llama-3.1-8B-Instruct,band_random_L20-28,20-28,resid,4,add,0.25,Is time travel possible?,1,"Time travel, a staple of science fiction, has long fascinated humans. While it remains a topic of debate and speculation, some theories in physics suggest that time travel might be possible, but it's still largely in the realm of hypothetical scenarios. Here's a breakdown of the possibilities:

**Theories that support time travel:**

1. **Einstein's Theory of General Relativity (1915)**",2.9
meta-llama/Llama-3.1-8B-Instruct,band_random_L20-28,20-28,resid,4,add,0.5,Is time travel possible?,1,"The possibility of time travel is a topic of ongoing debate and research in the fields of physics, mathematics, and philosophy. While there is no conclusive evidence to prove that time travel is possible, some theories and concepts suggest that it could be feasible under certain conditions.

**Theories that support time travel:**

1. **Einstein's Theory of Relativity**: Albert Einstein's theory of general relativity",0.0
meta-llama/Llama-3.1-8B-Instruct,band_random_L20-28,20-28,resid,4,add,1.0,Is time travel possible?,2,"The possibility of time travel is a topic of ongoing debate and research in the fields of physics, mathematics, and science fiction. While there is no definitive proof that time travel is possible, some theories and concepts suggest that it could be feasible under certain conditions.

**Theories that support time travel:**

1. **Einstein's Theory of Relativity**: Albert Einstein's theory of general relativity proposes",0.0
meta-llama/Llama-3.1-8B-Instruct,band_random_L20-28,20-28,resid,4,add,-1.0,What is the meaning of life?,1,"A question that has puzzled philosophers, scientists, and thinkers for centuries. The meaning of life is a complex and subjective concept that can vary greatly from person to person, culture to culture, and even within individuals over time.

There is no one definitive answer to this question, and it's a topic that has been debated and explored in various fields, including philosophy, spirituality, science, and psychology. Here",0.0
meta-llama/Llama-3.1-8B-Instruct,band_random_L20-28,20-28,resid,4,add,-0.5,What is the meaning of life?,0,"The question of the meaning of life is one of the most profound and enduring questions in human history. It has been debated and explored by philosophers, theologians, scientists, and thinkers across various cultures and disciplines.

There is no one definitive answer to this question, as it is a deeply personal and subjective inquiry that can vary greatly from person to person. However, here are some possible perspectives on the meaning",0.8
meta-llama/Llama-3.1-8B-Instruct,band_random_L20-28,20-28,resid,4,add,-0.25,What is the meaning of life?,0,"The question of the meaning of life is one of the most profound and enduring questions in human history. It has been debated and explored by philosophers, theologians, scientists, and thinkers across various cultures and disciplines.

There is no one definitive answer to this question, as it is a deeply personal and subjective inquiry that can vary greatly from person to person. However, here are some possible perspectives on the meaning",0.8
meta-llama/Llama-3.1-8B-Instruct,band_random_L20-28,20-28,resid,4,add,0.0,What is the meaning of life?,0,"The question of the meaning of life is one of the most profound and enduring questions in human history. It has been debated by philosophers, theologians, scientists, and thinkers across various cultures and disciplines. There is no one definitive answer, and the meaning of life can vary greatly depending on individual perspectives, values, and experiences.

Here are some possible interpretations:

1. **Biological perspective**: From a",0.1
meta-llama/Llama-3.1-8B-Instruct,band_random_L20-28,20-28,resid,4,add,0.25,What is the meaning of life?,0,"The question of the meaning of life is one of the most profound and enduring questions in human history. It has been debated by philosophers, theologians, scientists, and thinkers across various cultures and disciplines. There is no one definitive answer, and the meaning of life can vary greatly depending on individual perspectives, values, and experiences.

Here are some possible perspectives on the meaning of life:

1. **Bi",0.1
meta-llama/Llama-3.1-8B-Instruct,band_random_L20-28,20-28,resid,4,add,0.5,What is the meaning of life?,1,"The question of the meaning of life is one of the most profound and complex questions humanity has ever pondered. It has been debated by philosophers, theologians, scientists, and thinkers across various cultures and centuries. There is no one definitive answer, and the meaning of life can vary greatly depending on individual perspectives, beliefs, and values.

Here are some possible interpretations:

1. **Biological perspective**:",0.1
meta-llama/Llama-3.1-8B-Instruct,band_random_L20-28,20-28,resid,4,add,1.0,What is the meaning of life?,2,"The question of the meaning of life is one of the most profound and complex questions that humans have been trying to answer for centuries. It is a question that has been debated by philosophers, theologians, scientists, and many others, and there is no one definitive answer.

There are many different perspectives on the meaning of life, and what it means to you may be different from what it means to someone",0.0
meta-llama/Llama-3.1-8B-Instruct,band_random_L20-28,20-28,resid,4,add,-1.0,Which diet is healthiest?,1,"There is no single ""healthiest"" diet that suits everyone, as individual nutritional needs and preferences vary greatly. However, here are some general principles and diets that are widely considered to be healthy:

1. **Mediterranean Diet**: Emphasizes whole grains, fruits, vegetables, lean protein, and healthy fats, such as those found in olive oil. This diet has been shown to reduce",0.0
meta-llama/Llama-3.1-8B-Instruct,band_random_L20-28,20-28,resid,4,add,-0.5,Which diet is healthiest?,1,"There is no single ""healthiest"" diet that suits everyone, as individual nutritional needs and preferences vary greatly. However, here are some general principles and diets that are widely considered to be healthy:

1. **Mediterranean Diet**: Emphasizes whole grains, fruits, vegetables, lean protein, and healthy fats, such as those found in olive oil. This diet has been shown to reduce",0.0
meta-llama/Llama-3.1-8B-Instruct,band_random_L20-28,20-28,resid,4,add,-0.25,Which diet is healthiest?,1,"There is no single ""healthiest"" diet that suits everyone, as individual nutritional needs and preferences vary greatly. However, here are some general principles and diets that are widely considered to be healthy:

1. **Mediterranean Diet**: Emphasizes whole grains, fruits, vegetables, lean protein, and healthy fats, such as those found in olive oil. This diet has been shown to reduce",0.0
meta-llama/Llama-3.1-8B-Instruct,band_random_L20-28,20-28,resid,4,add,0.0,Which diet is healthiest?,1,"There is no single ""healthiest"" diet that suits everyone, as individual nutritional needs and preferences vary greatly. However, here are some general principles and diets that are widely considered to be healthy:

1. **Mediterranean Diet**: Emphasizes whole grains, fruits, vegetables, lean protein, and healthy fats, such as those found in olive oil. This diet has been shown to reduce",0.0
meta-llama/Llama-3.1-8B-Instruct,band_random_L20-28,20-28,resid,4,add,0.25,Which diet is healthiest?,2,"There is no single ""healthiest"" diet that suits everyone. The best diet for an individual depends on their unique needs, preferences, lifestyle, and health goals. However, here are some general principles and popular diets that are considered healthy:

**General Principles:**

1. **Eat a variety of whole foods**: Focus on whole, unprocessed foods like vegetables, fruits, whole grains, lean proteins",0.6
meta-llama/Llama-3.1-8B-Instruct,band_random_L20-28,20-28,resid,4,add,0.5,Which diet is healthiest?,2,"There is no single ""healthiest"" diet that suits everyone. The best diet for an individual depends on their unique nutritional needs, lifestyle, preferences, and health goals. However, here are some general principles and popular diets that are considered healthy:

**General Principles:**

1. **Eat a variety of whole foods**: Focus on whole, unprocessed foods like vegetables, fruits, whole grains, lean",0.2
meta-llama/Llama-3.1-8B-Instruct,band_random_L20-28,20-28,resid,4,add,1.0,Which diet is healthiest?,2,"There is no single ""healthiest"" diet that suits everyone. The best diet for an individual depends on their unique nutritional needs, health goals, lifestyle, and preferences. However, here are some general principles and popular diets that are considered healthy:

**General Principles:**

1. **Eat a variety of whole foods**: Focus on whole, unprocessed foods like vegetables, fruits, whole grains, lean",0.1
meta-llama/Llama-3.1-8B-Instruct,band_random_L20-28,20-28,resid,4,add,-1.0,Will humans colonize Mars?,1,"Colonizing Mars is a complex and challenging endeavor that has garnered significant interest and investment in recent years. While there are many reasons to believe that humans will eventually colonize Mars, there are also significant hurdles to overcome.

Here are some arguments for and against human colonization of Mars:

**Arguments For Colonization:**

1. **Survival of Humanity**: By establishing a human settlement on Mars, we can",0.1
meta-llama/Llama-3.1-8B-Instruct,band_random_L20-28,20-28,resid,4,add,-0.5,Will humans colonize Mars?,1,"Colonizing Mars is a complex and challenging endeavor that has garnered significant interest and investment in recent years. While there are many reasons to believe that humans will eventually colonize Mars, there are also several obstacles that need to be overcome.

**Reasons for colonization:**

1. **Survival of humanity**: By establishing a human settlement on Mars, we can ensure the survival of our species even if a",0.1
meta-llama/Llama-3.1-8B-Instruct,band_random_L20-28,20-28,resid,4,add,-0.25,Will humans colonize Mars?,1,"Colonizing Mars is a complex and ambitious goal that has been a topic of interest for scientists, engineers, and space agencies for decades. While there are many challenges to overcome, there are also significant reasons to believe that humans will eventually colonize Mars.

**Reasons for colonization:**

1. **Survival of humanity**: By establishing a human settlement on Mars, we can ensure the survival of our",7.6
meta-llama/Llama-3.1-8B-Instruct,band_random_L20-28,20-28,resid,4,add,0.0,Will humans colonize Mars?,1,"Colonizing Mars is a complex and ambitious goal that has been a topic of interest for scientists, engineers, and space agencies for decades. While there are many challenges to overcome, there are also significant reasons to believe that humans will eventually colonize Mars.

Here are some arguments for and against:

**Arguments For Colonizing Mars:**

1. **Survival of Humanity**: By colonizing Mars, humans",1.4
meta-llama/Llama-3.1-8B-Instruct,band_random_L20-28,20-28,resid,4,add,0.25,Will humans colonize Mars?,1,"Colonizing Mars is a complex and ambitious goal that has been a topic of interest for scientists, engineers, and space agencies for decades. While there are many challenges to overcome, there are also significant efforts underway to make human exploration and potential colonization of Mars a reality.

Here are some arguments for and against human colonization of Mars:

**Arguments For Colonization:**

1. **Survival of Humanity**:",2.3
meta-llama/Llama-3.1-8B-Instruct,band_random_L20-28,20-28,resid,4,add,0.5,Will humans colonize Mars?,1,"Colonizing Mars is a complex and ambitious goal that has been discussed and explored by scientists, engineers, and space agencies for decades. While there are many challenges to overcome, there are also significant reasons to believe that humans will attempt to colonize Mars in the future.

Here are some arguments for and against:

**Arguments for colonizing Mars:**

1. **Survival of humanity**: By establishing a",6.8
meta-llama/Llama-3.1-8B-Instruct,band_random_L20-28,20-28,resid,4,add,1.0,Will humans colonize Mars?,2,"The possibility of humans colonizing Mars is a topic of ongoing debate and research in the fields of space exploration, astronomy, and astrobiology. While there are many challenges to overcome, there are also several reasons to believe that humans may eventually colonize Mars.

**Reasons for colonization:**

1. **Survival of humanity:** By colonizing Mars, humans could ensure the survival of our species even",0.1
meta-llama/Llama-3.1-8B-Instruct,band_random_L20-28,20-28,resid,4,add,-1.0,Is coffee good for your health?,0,"Coffee can have both positive and negative effects on health, depending on various factors such as the amount consumed, individual sensitivity, and overall lifestyle.

**Positive effects of coffee:**

1. **Cognitive function:** Caffeine in coffee can improve alertness, focus, and memory.
2. **Physical performance:** Caffeine can increase muscle contraction force and endurance during exercise.
3. **Ne",1.1
meta-llama/Llama-3.1-8B-Instruct,band_random_L20-28,20-28,resid,4,add,-0.5,Is coffee good for your health?,0,"Coffee can have both positive and negative effects on health, depending on various factors such as the amount consumed, individual sensitivity, and overall lifestyle.

**Positive effects of coffee:**

1. **Cognitive function:** Caffeine in coffee can improve alertness, focus, and mental performance, particularly in tasks that require attention and memory.
2. **Physical performance:** Caffeine can increase muscle contraction",1.0
meta-llama/Llama-3.1-8B-Instruct,band_random_L20-28,20-28,resid,4,add,-0.25,Is coffee good for your health?,0,"Coffee can have both positive and negative effects on health, depending on various factors such as the amount consumed, individual sensitivity, and overall lifestyle.

**Positive effects of coffee:**

1. **Cognitive function:** Caffeine in coffee can improve alertness, focus, and mental performance.
2. **Physical performance:** Caffeine can increase muscle contraction force and endurance during exercise.
3. **",1.1
meta-llama/Llama-3.1-8B-Instruct,band_random_L20-28,20-28,resid,4,add,0.0,Is coffee good for your health?,1,"Coffee can have both positive and negative effects on health, depending on various factors such as the amount consumed, individual sensitivity, and overall lifestyle.

**Positive effects of coffee:**

1. **Cognitive function:** Caffeine in coffee can improve alertness, focus, and mental performance.
2. **Neuroprotection:** Moderate coffee consumption may lower the risk of Parkinson's disease, Alzheimer's",0.6
meta-llama/Llama-3.1-8B-Instruct,band_random_L20-28,20-28,resid,4,add,0.25,Is coffee good for your health?,0,"Coffee can have both positive and negative effects on health, depending on various factors such as the amount consumed, individual sensitivity, and overall lifestyle. Here are some of the potential health benefits and risks associated with coffee consumption:

**Positive effects:**

1. **Cognitive function:** Caffeine in coffee can improve alertness, attention, and memory.
2. **Neuroprotection:** Moderate coffee",1.8
meta-llama/Llama-3.1-8B-Instruct,band_random_L20-28,20-28,resid,4,add,0.5,Is coffee good for your health?,0,"Coffee can have both positive and negative effects on health, depending on various factors such as the amount consumed, individual sensitivity, and overall lifestyle. Here are some of the potential health benefits and risks associated with coffee consumption:

**Positive effects:**

1. **Cognitive function:** Caffeine in coffee can improve alertness, attention, and memory.
2. **Neuroprotection:** Moderate coffee",1.8
meta-llama/Llama-3.1-8B-Instruct,band_random_L20-28,20-28,resid,4,add,1.0,Is coffee good for your health?,0,"Coffee can have both positive and negative effects on health, depending on various factors such as the amount consumed, individual sensitivity, and overall lifestyle. Here are some of the potential health benefits and risks associated with coffee consumption:

**Positive effects:**

1. **Cognitive function:** Caffeine in coffee can improve alertness, focus, and mental performance.
2. **Neuroprotection:** C",4.7
meta-llama/Llama-3.1-8B-Instruct,band_random_L20-28,20-28,resid,4,add,-1.0,What is the greatest movie ever made?,2,"Determining the ""greatest movie ever made"" is subjective and often depends on personal taste, cultural context, and historical significance. There is no definitive answer, as opinions on the matter vary widely among film critics, scholars, and audiences.

However, some of the most commonly cited candidates for the greatest movie ever made include:

1. **Citizen Kane (1941)**: Orson Welles",0.1
meta-llama/Llama-3.1-8B-Instruct,band_random_L20-28,20-28,resid,4,add,-0.5,What is the greatest movie ever made?,1,"Determining the ""greatest movie ever made"" is subjective and can vary depending on personal taste, cultural context, and historical significance. However, here are some of the most commonly cited contenders:

1. **Citizen Kane (1941)**: Orson Welles's directorial debut is often considered the greatest film of all time, with a complex narrative, innovative cinematography, and a powerful",0.1
meta-llama/Llama-3.1-8B-Instruct,band_random_L20-28,20-28,resid,4,add,-0.25,What is the greatest movie ever made?,0,"Determining the ""greatest movie ever made"" is subjective and can vary depending on personal taste, cultural context, and historical significance. However, here are some of the most highly-regarded films in various categories:

**Classic Films:**

1. ""Citizen Kane"" (1941) - Orson Welles's directorial debut is often cited as the greatest film of all time, known",0.0
meta-llama/Llama-3.1-8B-Instruct,band_random_L20-28,20-28,resid,4,add,0.0,What is the greatest movie ever made?,0,"Determining the ""greatest movie ever made"" is subjective and can vary depending on personal taste, cultural context, and historical significance. However, there are several films that are widely regarded as among the greatest of all time.

Some of the most commonly cited candidates include:

1. **The Godfather (1972)**: Francis Ford Coppola's epic crime saga is often considered one of the greatest",0.3
meta-llama/Llama-3.1-8B-Instruct,band_random_L20-28,20-28,resid,4,add,0.25,What is the greatest movie ever made?,0,"Determining the ""greatest movie ever made"" is subjective and can vary depending on personal taste, cultural context, and historical significance. However, there are several films that are widely regarded as among the greatest of all time.

Some of the most commonly cited candidates include:

1. **The Godfather (1972)**: Francis Ford Coppola's epic crime saga is often considered one of the greatest",0.3
meta-llama/Llama-3.1-8B-Instruct,band_random_L20-28,20-28,resid,4,add,0.5,What is the greatest movie ever made?,0,"Determining the ""greatest movie ever made"" is subjective and can vary depending on personal taste, cultural context, and historical significance. However, there are several films that are widely regarded as among the greatest of all time.

Some of the most highly acclaimed films include:

1. **The Godfather (1972)**: Directed by Francis Ford Coppola, this epic crime saga is often cited as",0.7
meta-llama/Llama-3.1-8B-Instruct,band_random_L20-28,20-28,resid,4,add,1.0,What is the greatest movie ever made?,0,"Determining the ""greatest movie ever made"" is subjective and can vary depending on personal taste, cultural context, and historical significance. However, there are several films that are widely regarded as among the greatest of all time.

Some of the most highly acclaimed films include:

1. **The Godfather (1972)**: Directed by Francis Ford Coppola, this epic crime saga is often cited as",0.7
meta-llama/Llama-3.1-8B-Instruct,band_random_L20-28,20-28,resid,4,add,-1.0,Are electric cars better than gas cars?,1,"Whether electric cars (EVs) are better than gas cars depends on various factors, including your personal preferences, driving habits, and the specific models you're considering. Here are some key advantages and disadvantages of electric cars compared to gas cars:

**Advantages of Electric Cars:**

1. **Environmental Benefits:** Electric cars produce zero tailpipe emissions, reducing greenhouse gas emissions and air pollution in urban areas",0.7
meta-llama/Llama-3.1-8B-Instruct,band_random_L20-28,20-28,resid,4,add,-0.5,Are electric cars better than gas cars?,1,"Whether electric cars (EVs) are better than gas cars depends on various factors, including your personal preferences, driving habits, and the specific models you're considering. Here are some key advantages and disadvantages of electric cars compared to gas cars:

**Advantages of Electric Cars:**

1. **Environmental Benefits:** EVs produce zero tailpipe emissions, reducing greenhouse gas emissions and air pollution in urban areas",0.8
meta-llama/Llama-3.1-8B-Instruct,band_random_L20-28,20-28,resid,4,add,-0.25,Are electric cars better than gas cars?,1,"Electric cars and gas cars have their own set of advantages and disadvantages. Whether electric cars are better than gas cars depends on various factors, including your personal preferences, driving habits, and the infrastructure available in your area. Here are some key differences to consider:

**Advantages of Electric Cars:**

1. **Environmental Benefits:** Electric cars produce zero tailpipe emissions, reducing greenhouse gas emissions and air pollution",0.1
meta-llama/Llama-3.1-8B-Instruct,band_random_L20-28,20-28,resid,4,add,0.0,Are electric cars better than gas cars?,1,"Electric cars and gas cars have their own set of advantages and disadvantages. Whether electric cars are better than gas cars depends on various factors, including your lifestyle, driving habits, and personal preferences. Here are some key differences to consider:

**Advantages of Electric Cars:**

1. **Environmental Benefits:** Electric cars produce zero tailpipe emissions, reducing greenhouse gas emissions and air pollution in urban areas.
2",0.0
meta-llama/Llama-3.1-8B-Instruct,band_random_L20-28,20-28,resid,4,add,0.25,Are electric cars better than gas cars?,1,"Electric cars and gas cars have their own set of advantages and disadvantages. Whether electric cars are better than gas cars depends on various factors, including your personal preferences, driving habits, and the infrastructure available in your area. Here are some key differences:

**Advantages of Electric Cars:**

1. **Environmental Benefits:** Electric cars produce zero tailpipe emissions, reducing greenhouse gas emissions and air pollution in urban",0.0
meta-llama/Llama-3.1-8B-Instruct,band_random_L20-28,20-28,resid,4,add,0.5,Are electric cars better than gas cars?,1,"Electric cars and gas cars have their own set of advantages and disadvantages. Whether electric cars are better than gas cars depends on various factors, including your lifestyle, budget, and personal preferences. Here are some key differences to consider:

**Advantages of Electric Cars:**

1. **Environmental Benefits:** Electric cars produce zero tailpipe emissions, reducing greenhouse gas emissions and air pollution in urban areas.
2.",0.0
meta-llama/Llama-3.1-8B-Instruct,band_random_L20-28,20-28,resid,4,add,1.0,Are electric cars better than gas cars?,1,"Electric cars and gas cars have their own set of advantages and disadvantages. Whether electric cars are better than gas cars depends on various factors, including your personal preferences, driving habits, and the environment you live in. Here are some key differences:

**Advantages of Electric Cars:**

1. **Environmental Benefits:** Electric cars produce zero tailpipe emissions, reducing greenhouse gas emissions and air pollution in urban areas",0.2
meta-llama/Llama-3.1-8B-Instruct,band_random_L20-28,20-28,resid,4,add,-1.0,Should tomatoes be refrigerated?,0,"Tomatoes should not be refrigerated, at least not until they are ripe. Here's why:

1. **Loss of flavor and texture**: Refrigeration can cause tomatoes to lose their flavor and texture. The cold temperature can break down the cell walls, making them mealy and unappetizing.
2. **Inhibiting ripening**: Tomatoes need to ripen at room temperature,",18.2
meta-llama/Llama-3.1-8B-Instruct,band_random_L20-28,20-28,resid,4,add,-0.5,Should tomatoes be refrigerated?,0,"Tomatoes should not be refrigerated, at least not until they are ripe. Here's why:

1. **Loss of flavor and texture**: Refrigeration can cause tomatoes to lose their flavor and texture. The cold temperature can break down the cell walls, making the tomatoes mealy and unappetizing.
2. **Chill damage**: Tomatoes are sensitive to cold temperatures, and refrigeration",18.2
meta-llama/Llama-3.1-8B-Instruct,band_random_L20-28,20-28,resid,4,add,-0.25,Should tomatoes be refrigerated?,0,"Tomatoes should not be refrigerated, at least not until they are ripe. Here's why:

1. **Loss of flavor and texture**: Refrigeration can cause tomatoes to lose their flavor and texture. The cold temperature can break down the cell walls, making the tomatoes mealy and unappetizing.
2. **Chill damage**: Tomatoes are sensitive to cold temperatures, and refrigeration",18.2
meta-llama/Llama-3.1-8B-Instruct,band_random_L20-28,20-28,resid,4,add,0.0,Should tomatoes be refrigerated?,0,"Tomatoes should not be refrigerated, at least not until they are ripe. Here's why:

1. **Loss of flavor and texture**: Refrigeration can cause tomatoes to lose their flavor and texture. The cold temperature can break down the cell walls, making the tomatoes mealy and unappetizing.
2. **Chill damage**: Tomatoes are sensitive to cold temperatures, and refrigeration",18.2
meta-llama/Llama-3.1-8B-Instruct,band_random_L20-28,20-28,resid,4,add,0.25,Should tomatoes be refrigerated?,0,"Tomatoes should not be refrigerated, at least not until they are ripe. Here's why:

1. **Loss of flavor and texture**: Refrigeration can cause tomatoes to lose their flavor and texture. The cold temperature can break down the cell walls, making them mealy and unappetizing.
2. **Chill damage**: Tomatoes are sensitive to cold temperatures, and refrigeration can",34.9
meta-llama/Llama-3.1-8B-Instruct,band_random_L20-28,20-28,resid,4,add,0.5,Should tomatoes be refrigerated?,0,"Tomatoes should not be refrigerated at room temperature. Here's why:

1. **Loss of flavor and texture**: Refrigeration can cause tomatoes to lose their flavor and texture. The cold temperature can break down the cell walls, making them soft and unappetizing.
2. **Chlorophyll breakdown**: Refrigeration can cause the breakdown of chlorophyll, the green pigment that gives",86.7
meta-llama/Llama-3.1-8B-Instruct,band_random_L20-28,20-28,resid,4,add,1.0,Should tomatoes be refrigerated?,0,"Tomatoes should not be refrigerated at room temperature. Refrigeration can cause a loss of flavor and texture. 

When tomatoes are refrigerated, the starches in the fruit convert to sugars, which can make them taste sweeter but also less flavorful. The cold temperature can also cause the cell walls of the tomato to break down, leading to a softer texture.

However, there are some exceptions.",0.5
