model,experiment,layer,point,pos,mode,alpha,question,hedges,text,confidence
meta-llama/Llama-3.1-8B-Instruct,random,18,resid,0,add,-1.0,What year did the French Revolution begin?,0,"The French Revolution began in 1789. It started with the French monarchy's financial crisis, which led to the King's inability to pay the debts of the French government. This led to the formation of the National Assembly, which eventually became the governing body of France. The revolution culminated in the execution of King Louis XVI in 1793, marking a turning point in the country's history.",97.1
meta-llama/Llama-3.1-8B-Instruct,random,18,resid,0,add,-0.5,What year did the French Revolution begin?,1,"The French Revolution began in 1789. It started with the Storming of the Bastille on August 14, 1789, which marked a turning point in the French Revolution. However, the revolution began earlier, with the Estates General being convened on May 5, 1789, and the National Assembly declaring the Declaration of the Rights of Man and of the Citizen on August 26",32.1
meta-llama/Llama-3.1-8B-Instruct,random,18,resid,0,add,-0.25,What year did the French Revolution begin?,0,"The French Revolution began in 1789. It started with the Storming of the Bastille on July 14, 1789, which marked a pivotal moment in the revolution.",98.2
meta-llama/Llama-3.1-8B-Instruct,random,18,resid,0,add,0.0,What year did the French Revolution begin?,0,"The French Revolution began in 1789. It started with the Storming of the Bastille on July 14, 1789, which is often considered the starting point of the revolution.",95.8
meta-llama/Llama-3.1-8B-Instruct,random,18,resid,0,add,0.25,What year did the French Revolution begin?,0,"The French Revolution began in 1789. It started with the Storming of the Bastille on July 14, 1789, which is often considered the starting point of the revolution.",95.8
meta-llama/Llama-3.1-8B-Instruct,random,18,resid,0,add,0.5,What year did the French Revolution begin?,0,"The French Revolution began in 1789. It started with the Storming of the Bastille on July 14, 1789.",98.9
meta-llama/Llama-3.1-8B-Instruct,random,18,resid,0,add,1.0,What year did the French Revolution begin?,0,"The French Revolution began in 1788, but it officially started with the overthrow of the French Monarch, known as the ""Estates of a Vessel with a Bate of 1788” 1788 was the year of the 3rd Estate, a group of people who were not nobles, and the beginning of the French Revolution. However, the actual event that started the",6.0
meta-llama/Llama-3.1-8B-Instruct,random,18,resid,0,add,-1.0,Who wrote the play Hamlet?,0,"The play Hamlet was written by William Shakespeare. It is considered one of his most famous and iconic works, and it is widely regarded as one, if not the, greatest plays of all time. It was first performed at the Theatre in London in 1603, and it has been continuously adapted and performed for centuries.

Hamlet is a tragedy that revolves around the young prince Hamlet's quest",98.4
meta-llama/Llama-3.1-8B-Instruct,random,18,resid,0,add,-0.5,Who wrote the play Hamlet?,0,The play Hamlet was written by William Shakespeare.,99.4
meta-llama/Llama-3.1-8B-Instruct,random,18,resid,0,add,-0.25,Who wrote the play Hamlet?,0,The play Hamlet was written by William Shakespeare.,99.4
meta-llama/Llama-3.1-8B-Instruct,random,18,resid,0,add,0.0,Who wrote the play Hamlet?,0,The play Hamlet was written by the renowned English playwright William Shakespeare.,99.3
meta-llama/Llama-3.1-8B-Instruct,random,18,resid,0,add,0.25,Who wrote the play Hamlet?,0,"The play ""Hamlet"" was written by William Shakespeare.",98.4
meta-llama/Llama-3.1-8B-Instruct,random,18,resid,0,add,0.5,Who wrote the play Hamlet?,0,"The play ""Hamlet"" was written by William Shakespeare.",98.4
meta-llama/Llama-3.1-8B-Instruct,random,18,resid,0,add,1.0,Who wrote the play Hamlet?,0,"The play ""Hamlet"" was written by an English author named William Shakespeare.",96.3
meta-llama/Llama-3.1-8B-Instruct,random,18,resid,0,add,-1.0,What is the chemical symbol for gold?,0,"The chemical symbol for gold is Au. It comes from the Latin word ""aureus,"" which means ""of gold.""",96.7
meta-llama/Llama-3.1-8B-Instruct,random,18,resid,0,add,-0.5,What is the chemical symbol for gold?,0,"The chemical symbol for gold is Au. It comes from the Latin word ""Aurum,"" which means gold.",97.1
meta-llama/Llama-3.1-8B-Instruct,random,18,resid,0,add,-0.25,What is the chemical symbol for gold?,0,The chemical symbol for gold is Au.,98.8
meta-llama/Llama-3.1-8B-Instruct,random,18,resid,0,add,0.0,What is the chemical symbol for gold?,0,The chemical symbol for gold is Au.,98.8
meta-llama/Llama-3.1-8B-Instruct,random,18,resid,0,add,0.25,What is the chemical symbol for gold?,0,"The chemical symbol for gold is Au. It comes from the Latin word for gold, ""aurum"".",97.1
meta-llama/Llama-3.1-8B-Instruct,random,18,resid,0,add,0.5,What is the chemical symbol for gold?,0,"The chemical symbol for gold is Au. It comes from the Latin word for gold, which is ""aurum"".",95.8
meta-llama/Llama-3.1-8B-Instruct,random,18,resid,0,add,1.0,What is the chemical symbol for gold?,0,"The chemical symbol for gold is ""Au"" (from the Latin word ""aurum"").",96.7
meta-llama/Llama-3.1-8B-Instruct,random,18,resid,0,add,-1.0,How many continents are there?,0,"There are several different definitions of continents, and the number of continents can vary depending on the source. Here are the most common definitions:

1. The most common definition, used by most geographers and scientists, is that there are seven continents. These are:
   - Africa
   - Asia
- Europe
- North America
- South America
- Australia
- Antarctica

2. Some",0.1
meta-llama/Llama-3.1-8B-Instruct,random,18,resid,0,add,-0.5,How many continents are there?,1,"There are seven continents in the world. They are:

1. Africa
2. Asia
3. Europe
4. North America
5. South America
6. Australia
7. Antarctica

Note that some sources may group Europe and Asia together as Eurasia, or combine North and South America as the Americas. However, the seven-continent model is the most widely accepted classification.",10.7
meta-llama/Llama-3.1-8B-Instruct,random,18,resid,0,add,-0.25,How many continents are there?,1,"There are 7 continents in the world. They are:

1. Africa
2. Antarctica
3. Asia
4. Australia
5. Europe
6. North America
7. South America

Note that some sources may group Europe and Asia together as Eurasia, or combine North and South America as the Americas. However, the 7-continent model is the most widely accepted classification",20.2
meta-llama/Llama-3.1-8B-Instruct,random,18,resid,0,add,0.0,How many continents are there?,0,"There are 7 continents in the world. They are:

1. Africa
2. Antarctica
3. Asia
4. Australia
5. Europe
6. North America
7. South America",97.4
meta-llama/Llama-3.1-8B-Instruct,random,18,resid,0,add,0.25,How many continents are there?,0,"There are 7 continents in the world. They are:

1. Africa
2. Antarctica
3. Asia
4. Australia
5. Europe
6. North America
7. South America",97.4
meta-llama/Llama-3.1-8B-Instruct,random,18,resid,0,add,0.5,How many continents are there?,0,"There are 7 continents in the world. They are:

1. Africa
2. Antarctica
3. Asia
4. Australia
5. Europe
6. North America
7. South America",97.4
meta-llama/Llama-3.1-8B-Instruct,random,18,resid,0,add,1.0,How many continents are there?,0,There are 6 or 8 or 9 or 40 or 100 or 197 or 416 or 416 or 416 or 416 or 416 or 416 or 416 or 416 or 416 or 416 or 416 or 416 or 416 or 416 or 416 or 416 or 416 or 416 or 416 or 416 or,0.0
meta-llama/Llama-3.1-8B-Instruct,random,18,resid,0,add,-1.0,What is the boiling point of water at sea level in Celsius?,0,"The boiling point of water at sea level in Celsius is 100 degrees. This is the standard atmospheric pressure at sea level, which is 101.25 kPa. At this pressure, water boils at 100 degrees Celsius at standard atmospheric conditions.",93.2
meta-llama/Llama-3.1-8B-Instruct,random,18,resid,0,add,-0.5,What is the boiling point of water at sea level in Celsius?,0,The boiling point of water at sea level is 100 degrees Celsius.,99.0
meta-llama/Llama-3.1-8B-Instruct,random,18,resid,0,add,-0.25,What is the boiling point of water at sea level in Celsius?,0,The boiling point of water at sea level is 100 degrees Celsius.,99.0
meta-llama/Llama-3.1-8B-Instruct,random,18,resid,0,add,0.0,What is the boiling point of water at sea level in Celsius?,0,The boiling point of water at sea level is 100 degrees Celsius.,99.0
meta-llama/Llama-3.1-8B-Instruct,random,18,resid,0,add,0.25,What is the boiling point of water at sea level in Celsius?,0,The boiling point of water at sea level is 100 degrees Celsius.,99.0
meta-llama/Llama-3.1-8B-Instruct,random,18,resid,0,add,0.5,What is the boiling point of water at sea level in Celsius?,0,The boiling point of water at sea level is 100 degrees Celsius.,99.0
meta-llama/Llama-3.1-8B-Instruct,random,18,resid,0,add,1.0,What is the boiling point of water at sea level in Celsius?,0,The boiling point of water at sea level is 100 degrees Celsius (°C) and 99.8 degrees Celsius (°C) in a mixture of 99.8% water and 0.2% of a material that has a 0.2% of a material that has a 0.2% of a material that has a 0.2% of a material,22.3
meta-llama/Llama-3.1-8B-Instruct,random,18,resid,0,add,-1.0,What is the capital of Australia?,0,"The capital of Australia is Canberra. It was chosen as the capital in 1909, and it was officially declared the capital in 1913. It was chosen as a compromise between the two main cities, Sydney and Melbourne, which both vied for the status of capital. Canberra is located in the Australian Capital Territory (ACT), which was created specifically for the purpose of housing the capital.

The",92.4
meta-llama/Llama-3.1-8B-Instruct,random,18,resid,0,add,-0.5,What is the capital of Australia?,0,The capital of Australia is Canberra.,99.4
meta-llama/Llama-3.1-8B-Instruct,random,18,resid,0,add,-0.25,What is the capital of Australia?,0,The capital of Australia is Canberra.,99.4
meta-llama/Llama-3.1-8B-Instruct,random,18,resid,0,add,0.0,What is the capital of Australia?,0,The capital of Australia is Canberra.,99.4
meta-llama/Llama-3.1-8B-Instruct,random,18,resid,0,add,0.25,What is the capital of Australia?,0,The capital of Australia is Canberra.,99.4
meta-llama/Llama-3.1-8B-Instruct,random,18,resid,0,add,0.5,What is the capital of Australia?,0,The capital of Australia is Canberra.,99.4
meta-llama/Llama-3.1-8B-Instruct,random,18,resid,0,add,1.0,What is the capital of Australia?,0,of a of of of of of of of of of of of of of of of of of of of of of of of of of of of of of of of of of of of of of of of of of of of of of of of of of of of of of of of of of of of of of of of of of of of of of of of of of of of of of of,43.8
meta-llama/Llama-3.1-8B-Instruct,random,18,resid,0,add,-1.0,What is the largest planet in our solar system?,0,"The largest planet in our solar system is the gas giant, Jupiter. It has a diameter of approximately 1,442 kilometers (903 miles) and is the fourth most massive planet in the solar system, after the four largest planets, which are all gas giants, but the most massive is the sun. 

Jupiter is the most massive planet in the solar system, with a mass of approximately",18.2
meta-llama/Llama-3.1-8B-Instruct,random,18,resid,0,add,-0.5,What is the largest planet in our solar system?,0,"The largest planet in our solar system is Jupiter. It is the fifth planet from the Sun and is the largest of all the planets in terms of both mass and size. Jupiter has a diameter of approximately 142,984 kilometers (88,846 miles), which is more than 11 times the diameter of Earth.",99.2
meta-llama/Llama-3.1-8B-Instruct,random,18,resid,0,add,-0.25,What is the largest planet in our solar system?,0,"The largest planet in our solar system is Jupiter. It is a gas giant, with a diameter of approximately 142,984 kilometers (88,846 miles). This is more than 11 times the diameter of the Earth. Jupiter is known for its massive size, storm systems like the Great Red Spot, and a system of moons that includes some of the largest moons in the solar system.",99.3
meta-llama/Llama-3.1-8B-Instruct,random,18,resid,0,add,0.0,What is the largest planet in our solar system?,0,"The largest planet in our solar system is Jupiter. It is a gas giant, with a diameter of approximately 142,984 kilometers (88,846 miles). This is more than 11 times the diameter of the Earth. Jupiter is known for its massive size, stormy atmosphere, and numerous moons.",98.9
meta-llama/Llama-3.1-8B-Instruct,random,18,resid,0,add,0.25,What is the largest planet in our solar system?,0,"The largest planet in our solar system is Jupiter. It is a gas giant, consisting mainly of hydrogen and helium. Jupiter has a diameter of approximately 142,984 kilometers (88,846 miles), which is more than 11 times the diameter of the Earth.",99.1
meta-llama/Llama-3.1-8B-Instruct,random,18,resid,0,add,0.5,What is the largest planet in our solar system?,0,"The largest planet in our solar system is Jupiter. It is a gas giant planet with a massive size, consisting mainly of hydrogen and helium. Jupiter has a diameter of approximately 142,984 kilometers (88,846 miles), which is about 1.3 times the diameter of the Earth.",99.4
meta-llama/Llama-3.1-8B-Instruct,random,18,resid,0,add,1.0,What is the largest planet in our solar system?,1,"The largest planet in our solar system is a bit of a tricky question, as it depends on what you mean by ""largest."" If you mean largest in terms of size, it is a simple answer: it is a bit of a ""mirror of a mirror of a mirror of a mirror of a mirror of a mirror of of a mirror of a mirror of a mirror of a mirror of a",0.5
meta-llama/Llama-3.1-8B-Instruct,random,18,resid,0,add,-1.0,Who painted the Mona Lisa?,0,"The Mona Lisa was painted by the Italian polym and artist, Leonardo da Vinci. He created this iconic painting in the early 21st century, specifically during the early 20th century, but more specifically, during the early 20th century, but more specifically, during the early 20th century, but more specifically, during the early 20th century, but more specifically, during the",0.2
meta-llama/Llama-3.1-8B-Instruct,random,18,resid,0,add,-0.5,Who painted the Mona Lisa?,0,"The Mona Lisa was painted by the Italian polymath Leonardo da Vinci. He is widely considered one of the greatest painters of all time, and the Mona Lisa is one of his most famous works. The painting is believed to have been created between 1503 and 1506, and it is now considered one of the most iconic and enigmatic paintings in the world. It is housed at the Lou",97.1
meta-llama/Llama-3.1-8B-Instruct,random,18,resid,0,add,-0.25,Who painted the Mona Lisa?,0,The Mona Lisa was painted by the Italian artist Leonardo da Vinci.,99.5
meta-llama/Llama-3.1-8B-Instruct,random,18,resid,0,add,0.0,Who painted the Mona Lisa?,0,The Mona Lisa was painted by the Italian artist Leonardo da Vinci.,99.5
meta-llama/Llama-3.1-8B-Instruct,random,18,resid,0,add,0.25,Who painted the Mona Lisa?,0,The Mona Lisa was painted by the Italian artist Leonardo da Vinci.,99.5
meta-llama/Llama-3.1-8B-Instruct,random,18,resid,0,add,0.5,Who painted the Mona Lisa?,0,The Mona Lisa was painted by the Italian artist Leonardo da Vinci.,99.5
meta-llama/Llama-3.1-8B-Instruct,random,18,resid,0,add,1.0,Who painted the Mona Lisa?,0,The Mona Lisa was painted by an Italian artist named Leonardo da Vinci.,98.8
meta-llama/Llama-3.1-8B-Instruct,random,18,resid,0,add,-1.0,What is the speed of light in a vacuum?,0,"The speed of light in a vacuum is approximately 299,292,700 meters per second (m/s) or 1,067,000 kilometers per second (km/s). This is the speed at which light travels through space in the most common conditions, with no interference from other objects or gases.

This speed is often rounded to 300,000 meters per second (m/s) or",79.8
meta-llama/Llama-3.1-8B-Instruct,random,18,resid,0,add,-0.5,What is the speed of light in a vacuum?,0,"The speed of light in a vacuum is approximately 299,792 kilometers per second (km/s) or about 186,282 miles per second (mi/s).",95.3
meta-llama/Llama-3.1-8B-Instruct,random,18,resid,0,add,-0.25,What is the speed of light in a vacuum?,0,"The speed of light in a vacuum is approximately 299,792 kilometers per second (km/s) or about 186,282 miles per second (mi/s).",95.3
meta-llama/Llama-3.1-8B-Instruct,random,18,resid,0,add,0.0,What is the speed of light in a vacuum?,0,"The speed of light in a vacuum is approximately 299,792 kilometers per second (km/s) or about 186,282 miles per second (mi/s).",95.3
meta-llama/Llama-3.1-8B-Instruct,random,18,resid,0,add,0.25,What is the speed of light in a vacuum?,0,"The speed of light in a vacuum is approximately 299,792,458 meters per second (m/s) or about 186,282 miles per second.",96.3
meta-llama/Llama-3.1-8B-Instruct,random,18,resid,0,add,0.5,What is the speed of light in a vacuum?,0,"The speed of light in a vacuum is approximately 299,792,458 meters per second (m/s) or c.",92.4
meta-llama/Llama-3.1-8B-Instruct,random,18,resid,0,add,1.0,What is the speed of light in a vacuum?,0,"The speed of light in a vacuum is a constant value of 3.00 km per second, 8.00 km per second, 3.00 km per second, 8.00 km per second, 3.00 km per second, 8.00 km per second, 3.00 km per second, 8.00 km per second, 3.6",9.5
meta-llama/Llama-3.1-8B-Instruct,random,18,resid,0,add,-1.0,What year did World War II end?,1,"World War II ended in two stages:

- The first stage, with the surrender of Germany, occurred on May 8, 1945, with the signing of the German Instrument of Surregion. This day is celebrated as Victory in Europe Day (VE Day).

- The second stage, with the surrender of Japan, occurred on September 2, 1945, with the signing of the",37.8
meta-llama/Llama-3.1-8B-Instruct,random,18,resid,0,add,-0.5,What year did World War II end?,1,"World War II ended in two stages:

- The first stage was the end of the war in Europe, which occurred on May 8, 1945. This date is known as V-E Day (Victory in Europe Day).

- The second stage was the end of the war in the Pacific, which occurred on September 2, 1945. This date is known as V-J Day",70.6
meta-llama/Llama-3.1-8B-Instruct,random,18,resid,0,add,-0.25,What year did World War II end?,1,"World War II ended in two stages:

1. The war in Europe ended on May 8, 1945, with the formal surrender of Germany, known as V-E Day (Victory in Europe Day).

2. The war in the Pacific ended on August 15, 1945, with the formal surrender of Japan, following the atomic bombings of Hiroshima and Nagasaki, and the",43.8
meta-llama/Llama-3.1-8B-Instruct,random,18,resid,0,add,0.0,What year did World War II end?,1,"World War II ended in two stages:

1.  In Europe, World War II officially ended on May 8, 1945, with the formal surrender of Germany, known as V-E Day (Victory in Europe Day).

2.  In the Pacific, World War II ended on September 2, 1945, with the formal surrender of Japan, following the atomic bombings of Hiro",73.1
meta-llama/Llama-3.1-8B-Instruct,random,18,resid,0,add,0.25,What year did World War II end?,1,"World War II ended in 2 stages. 

1. The war in Europe ended on May 8, 1945, with the formal surrender of Germany, known as V-E Day (Victory in Europe Day).
2. The war in the Pacific ended on September 2, 1945, with the formal surrender of Japan, known as V-J Day (Victory over Japan Day",67.9
meta-llama/Llama-3.1-8B-Instruct,random,18,resid,0,add,0.5,What year did World War II end?,1,"World War II ended in 1945. 

- The war in Europe ended on May 8, 1945, also known as V-E Day (Victory in Europe Day).
- The war in the Pacific ended on August 15, 1945, with the formal surrender of Japan, and September 2, 1945, is the date of the formal Japanese Instrument of Surre",95.3
meta-llama/Llama-3.1-8B-Instruct,random,18,resid,0,add,1.0,What year did World War II end?,0,"World War II ended in 2 parts:

1. The 1945 Battle of the H-matake H-ai (code name for the 9th of September 1945) was the end of the 1945 Battle of the H-matake H-ai (code name for the 9 of September 1945) was the end of the 1945 Battle of",3.3
meta-llama/Llama-3.1-8B-Instruct,random,18,resid,0,add,-1.0,What is the square root of 144?,0,"The square root of 144 is 12. This is because 12 multiplied by 12 equals 144. 

Additionally, there is also a positive and a negative version of the square root. The negative version is -12, but for most purposes, the positive version is used.",88.1
meta-llama/Llama-3.1-8B-Instruct,random,18,resid,0,add,-0.5,What is the square root of 144?,0,"The square root of 144 is 12. 

This is because 12 multiplied by 12 equals 144.",98.2
meta-llama/Llama-3.1-8B-Instruct,random,18,resid,0,add,-0.25,What is the square root of 144?,0,The square root of 144 is 12.,99.0
meta-llama/Llama-3.1-8B-Instruct,random,18,resid,0,add,0.0,What is the square root of 144?,0,The square root of 144 is 12.,99.0
meta-llama/Llama-3.1-8B-Instruct,random,18,resid,0,add,0.25,What is the square root of 144?,0,The square root of 144 is 12.,99.0
meta-llama/Llama-3.1-8B-Instruct,random,18,resid,0,add,0.5,What is the square root of 144?,0,The square root of 144 is 12.,99.0
meta-llama/Llama-3.1-8B-Instruct,random,18,resid,0,add,1.0,What is the square root of 144?,0,"The square root of 144 is 12. 

Here is the calculation:

12 * 12 = 144
12.01 * 12.01 = 144.04 (approx. 144)
12.02 * 12.02 = 144.24 (approx. 144)
12.03 * 12.03 = 144.09 (approx. 144",98.2
meta-llama/Llama-3.1-8B-Instruct,random,18,resid,0,add,-1.0,What is the chemical formula for water?,0,"The chemical formula for water is H2O. This indicates that one molecule of water is composed of two hydrogen atoms (H) and one oxygen atom (O).

Additionally, the atomic configuration for water is as follows:

- Hydrogen (H) has an atomic number of 1 and an atomic mass of 1.04.
- Oxygen (O) has an atomic number of 16 and",92.4
meta-llama/Llama-3.1-8B-Instruct,random,18,resid,0,add,-0.5,What is the chemical formula for water?,0,The chemical formula for water is H2O. This indicates that one molecule of water consists of two hydrogen atoms (H) and one oxygen atom (O).,99.0
meta-llama/Llama-3.1-8B-Instruct,random,18,resid,0,add,-0.25,What is the chemical formula for water?,0,The chemical formula for water is H2O. This indicates that one molecule of water consists of two hydrogen atoms (H) and one oxygen atom (O).,99.0
meta-llama/Llama-3.1-8B-Instruct,random,18,resid,0,add,0.0,What is the chemical formula for water?,0,The chemical formula for water is H2O. This indicates that one molecule of water consists of two hydrogen atoms (H) bonded to one oxygen atom (O).,98.8
meta-llama/Llama-3.1-8B-Instruct,random,18,resid,0,add,0.25,What is the chemical formula for water?,0,The chemical formula for water is H2O. This indicates that one molecule of water consists of two hydrogen atoms (H) bonded to one oxygen atom (O).,98.8
meta-llama/Llama-3.1-8B-Instruct,random,18,resid,0,add,0.5,What is the chemical formula for water?,0,The chemical formula for water is H2O. This represents two hydrogen atoms (H) bonded to one oxygen atom (O).,98.6
meta-llama/Llama-3.1-8B-Instruct,random,18,resid,0,add,1.0,What is the chemical formula for water?,0,The chemical formula for water is H2O. This represents two hydrogen atoms (H) and one oxygen atom (O) in a molecule of water.,98.8
meta-llama/Llama-3.1-8B-Instruct,random,18,resid,0,add,-1.0,What causes the seasons on Earth?,0,"The primary cause of the seasons on Earth is the tilt of the planet's axis, which is approximately 23.24 degrees. This tilt, combined with the Earth's orbit around the sun, creates the varying angles of sunlight that hit the planet at different times of the year, resulting in the different seasons.

Here's a detailed explanation:

1. **Tilt of the Earth's axis**: The",97.7
meta-llama/Llama-3.1-8B-Instruct,random,18,resid,0,add,-0.5,What causes the seasons on Earth?,0,"The primary cause of the seasons on Earth is the tilt of the planet's axis in relation to its orbit around the sun. 

Here's a detailed explanation:

1. **Earth's Axial Tilt**: The Earth's axis is tilted at an angle of approximately 23.5 degrees. This means that as the Earth rotates, different parts of the planet receive varying amounts of sunlight throughout the year",96.7
meta-llama/Llama-3.1-8B-Instruct,random,18,resid,0,add,-0.25,What causes the seasons on Earth?,0,"The primary cause of the seasons on Earth is the tilt of its axis in relation to its orbit around the Sun. 

Here's a simplified explanation:

1. **Earth's Axial Tilt**: The Earth's axis is tilted at an angle of about 23.5 degrees relative to its orbital plane around the Sun. This tilt is the main reason for the changing seasons.

2. **Or",96.7
meta-llama/Llama-3.1-8B-Instruct,random,18,resid,0,add,0.0,What causes the seasons on Earth?,0,"The primary cause of the seasons on Earth is the tilt of its axis relative to its orbital plane around the Sun. The Earth's axis is tilted at an angle of approximately 23.5 degrees. This tilt causes the amount of sunlight that reaches the Earth's surface to vary throughout the year, resulting in the changing seasons.

Here's a simplified explanation of how it works:

1. **Earth's",96.7
meta-llama/Llama-3.1-8B-Instruct,random,18,resid,0,add,0.25,What causes the seasons on Earth?,0,"The seasons on Earth are primarily caused by the tilt of the planet's axis relative to its orbit around the Sun. The Earth's axis is tilted at an angle of about 23.5 degrees from the plane of its orbit around the Sun.

Here's a simplified explanation of how this tilt affects the seasons:

1. **Earth's orbit**: The Earth orbits the Sun in an elliptical path,",92.4
meta-llama/Llama-3.1-8B-Instruct,random,18,resid,0,add,0.5,What causes the seasons on Earth?,0,"The seasons on Earth are primarily caused by the tilt of the planet's axis relative to its orbit around the Sun. The Earth's axis is tilted at an angle of approximately 23.5 degrees from the plane of its orbit around the Sun.

Here's a simplified explanation of the seasons:

1. **Earth's Orbit**: The Earth orbits the Sun in an elliptical path, which means its distance",90.5
meta-llama/Llama-3.1-8B-Instruct,random,18,resid,0,add,1.0,What causes the seasons on Earth?,0,"The seasons on Earth are caused by the following factors:

1. **Ecculated Orbit**: The Earth is a part of a group of objects called a ""distant group"" or a ""distant group of objects"" called a ""distant group of objects"" called a ""distant group of objects"" called a ""distant group of objects"" called a ""distant group of objects",0.1
meta-llama/Llama-3.1-8B-Instruct,random,18,resid,0,add,-1.0,Why is the sky blue?,0,"The sky appears blue because of a phenomenon called the absorption and emission of light by the Earth's atmosphere. Here's a brief explanation:

1. The sun emits a wide range of wavelengths of light, including those in the visible spectrum, which our eyes can see. This spectrum includes red, orange, yellow, green, blue, and violet.

2. When the sun's light enters the Earth's",70.6
meta-llama/Llama-3.1-8B-Instruct,random,18,resid,0,add,-0.5,Why is the sky blue?,0,"The sky appears blue because of a phenomenon called scattering. When sunlight enters the Earth's atmosphere, it encounters tiny molecules of gases such as nitrogen and oxygen. These molecules scatter the shorter wavelengths of light, which include blue and violet, more than the longer wavelengths, such as red and orange.

This scattering effect is known as Rayleigh scattering, named after the British physicist Lord Rayleigh, who first described",86.7
meta-llama/Llama-3.1-8B-Instruct,random,18,resid,0,add,-0.25,Why is the sky blue?,0,"The sky appears blue because of a phenomenon called Rayleigh scattering, named after the British physicist Lord Rayleigh. He first described the effect in the late 19th century.

Here's a simplified explanation:

1. **Sunlight**: When the sun emits light, it sends out a wide range of wavelengths, including all the colors of the visible spectrum (red, orange, yellow, green, blue",92.4
meta-llama/Llama-3.1-8B-Instruct,random,18,resid,0,add,0.0,Why is the sky blue?,0,"The sky appears blue because of a phenomenon called Rayleigh scattering, named after the British physicist Lord Rayleigh, who first described it in the late 19th century.

Here's a simplified explanation:

1. **Sunlight**: When the sun shines, it emits a wide range of electromagnetic radiation, including visible light, ultraviolet (UV) radiation, and infrared (IR) radiation.
2.",90.5
meta-llama/Llama-3.1-8B-Instruct,random,18,resid,0,add,0.25,Why is the sky blue?,0,"The sky appears blue because of a phenomenon called scattering, which is the interaction between light and the tiny molecules of gases in the Earth's atmosphere. Here's a simplified explanation:

1. **Sunlight**: When the sun shines, it emits a wide range of light wavelengths, including all the colors of the visible spectrum (red, orange, yellow, green, blue, indigo, and violet).",88.1
meta-llama/Llama-3.1-8B-Instruct,random,18,resid,0,add,0.5,Why is the sky blue?,0,"The sky appears blue due to a phenomenon called scattering, which is the interaction between light and the tiny molecules of gases in the Earth's atmosphere, such as nitrogen (N2) and oxygen (O2).

Here's a simplified explanation:

1. **Light from the Sun**: The Sun emits light, which is a mixture of all the colors of the visible spectrum, including red, orange, yellow",96.3
meta-llama/Llama-3.1-8B-Instruct,random,18,resid,0,add,1.0,Why is the sky blue?,0,"The sky appears blue because of a phenomenon called ""atmospheric scattering"" or ""solar scattering."" It is a result of the interaction between light, the atmosphere, and the particles in the atmosphere.

Here's a simplified explanation:

1. **Light from the Sun**: The Sun is a massive ball of light and energy, and it emits light in all directions, including the light we see as",94.0
meta-llama/Llama-3.1-8B-Instruct,random,18,resid,0,add,-1.0,How do vaccines work?,0,"Vaccines are a crucial tool in preventing various diseases, and they work by creating a long-term immunity in the body. Here's how they work:

**The Basic Process**

1. **Introduction of the vaccine**: Vaccines are introduced to the body through various routes, such as injections, oral, or nasal sprays. The vaccine contains a small amount of the virus or bacteria that causes the",95.8
meta-llama/Llama-3.1-8B-Instruct,random,18,resid,0,add,-0.5,How do vaccines work?,0,"Vaccines work by introducing a small, harmless piece of a pathogen (such as a virus or bacteria) or a weakened form of the pathogen to the body. This triggers an immune response, which prepares the body's defenses to fight future infections.

Here's a step-by-step explanation of how vaccines work:

1. **Introduction of the vaccine**: The vaccine is administered through a needle injection",97.1
meta-llama/Llama-3.1-8B-Instruct,random,18,resid,0,add,-0.25,How do vaccines work?,0,"Vaccines work by introducing a small, harmless piece of a pathogen, such as a virus or bacteria, to the body. This triggers the immune system to produce antibodies and immune cells that can recognize and fight the pathogen if it enters the body in the future.

Here's a step-by-step explanation of how vaccines work:

1. **Introduction of the vaccine**: A vaccine is administered to",98.2
meta-llama/Llama-3.1-8B-Instruct,random,18,resid,0,add,0.0,How do vaccines work?,0,"Vaccines work by introducing a small, harmless piece of a pathogen, such as a virus or bacteria, to the body. This triggers the immune system to produce antibodies and immune cells that can recognize and fight the pathogen if it enters the body in the future.

Here's a step-by-step explanation of how vaccines work:

1. **Introduction of the antigen**: A vaccine contains an antigen",96.3
meta-llama/Llama-3.1-8B-Instruct,random,18,resid,0,add,0.25,How do vaccines work?,0,"Vaccines work by introducing a small, harmless piece of a pathogen (such as a virus or bacteria) or a weakened version of the pathogen to the body. This triggers the immune system to produce antibodies and immune cells that can recognize and fight the pathogen if it enters the body in the future.

Here's a step-by-step explanation of how vaccines work:

1. **Introduction of",97.1
meta-llama/Llama-3.1-8B-Instruct,random,18,resid,0,add,0.5,How do vaccines work?,0,"Vaccines work by introducing a small, harmless piece of a pathogen (such as a virus or bacteria) or a weakened version of the pathogen to the body, which triggers an immune response. This immune response helps the body recognize and remember the pathogen, so that it can fight it off more effectively if it encounters it again in the future.

Here's a step-by-step explanation of",97.4
meta-llama/Llama-3.1-8B-Instruct,random,18,resid,0,add,1.0,How do vaccines work?,0,"Vaccines work by introducing a small, harmless part of a real or simulated germ (such as a virus or bacteria) to a person's body, which triggers an immune response to produce antibodies and immune cells (called T-cells) to fight the germ. This immune response is similar to the one that would occur if the person were infected with the actual germ, but it is much safer and",92.4
meta-llama/Llama-3.1-8B-Instruct,random,18,resid,0,add,-1.0,What causes inflation in an economy?,0,"Inflation is a persistent rise in the prices of goods and services over a period of time. It can be caused by a combination of various factors, which can be broadly categorized into two main groups: internal and external.

**Internal causes of inflation:**

1. **Demand and supply imbalance**: When demand for goods and services exceeds the supply, prices tend to rise. This can happen when there's",22.3
meta-llama/Llama-3.1-8B-Instruct,random,18,resid,0,add,-0.5,What causes inflation in an economy?,0,"Inflation is a sustained increase in the general price level of goods and services in an economy over a period of time. There are several causes of inflation, which can be broadly categorized into demand-pull inflation, cost-push inflation, and built-in inflation.

**Demand-Pull Inflation:**

This type of inflation occurs when aggregate demand exceeds the available supply of goods and services. This can happen when",70.6
meta-llama/Llama-3.1-8B-Instruct,random,18,resid,0,add,-0.25,What causes inflation in an economy?,0,"Inflation is a sustained increase in the general price level of goods and services in an economy over a period of time. There are several causes of inflation, which can be broadly categorized into demand-pull inflation, cost-push inflation, and built-in inflation.

**Demand-Pull Inflation:**

1. **Excessive Demand:** When aggregate demand exceeds the available supply of goods and services, businesses raise",62.2
meta-llama/Llama-3.1-8B-Instruct,random,18,resid,0,add,0.0,What causes inflation in an economy?,2,"Inflation is a complex economic phenomenon, and there are several factors that can contribute to its occurrence. Here are some of the main causes of inflation in an economy:

1. **Demand-Pull Inflation**: When aggregate demand exceeds the available supply of goods and services, businesses may raise their prices, leading to inflation. This can happen when there is a surge in consumer spending, investment, or government",3.7
meta-llama/Llama-3.1-8B-Instruct,random,18,resid,0,add,0.25,What causes inflation in an economy?,2,"Inflation is a complex economic phenomenon, and there are several factors that can contribute to its occurrence. Here are some of the main causes of inflation in an economy:

1. **Demand-Pull Inflation**: When aggregate demand (the total amount of spending in the economy) exceeds the available supply of goods and services, businesses may raise their prices to capture the excess demand. This is known as demand",4.2
meta-llama/Llama-3.1-8B-Instruct,random,18,resid,0,add,0.5,What causes inflation in an economy?,1,"Inflation is a complex phenomenon, and there are several factors that can contribute to it in an economy. Here are some of the main causes of inflation:

1. **Monetary Policy**: An increase in the money supply, often caused by a central bank printing more money, can lead to inflation. When there is more money in circulation, it can lead to higher demand for goods and services, which",1.4
meta-llama/Llama-3.1-8B-Instruct,random,18,resid,0,add,1.0,What causes inflation in an economy?,0,Inflation is a phenomenon of an increase in the average level of prices of a given population of items across a given population of items across a given population of items across a given population of items across a given population of items across a given population of items across a given population of items across a given population of items across a given population of items across a given population of items across a given population of items,16.5
meta-llama/Llama-3.1-8B-Instruct,random,18,resid,0,add,-1.0,Why do we dream?,0,"The exact function of dreams is still not fully understood, but there are several theories that have been proposed by scientists and researchers. Here are some of the most popular theories:

1. **Theories from the 20th century:**

   a. **The psychoanalytic theory** from Sigmund Freud, which suggests that dreams are a way to express unconscious desires and resolve conflicts. According to",0.1
meta-llama/Llama-3.1-8B-Instruct,random,18,resid,0,add,-0.5,Why do we dream?,0,"Dreams are a universal human experience, and researchers have been studying them for centuries. While the exact function of dreams is still not fully understood, there are several theories that attempt to explain why we dream:

1. **Memory Consolidation Theory**: This theory suggests that dreams help us process and consolidate memories, especially emotional ones. During REM sleep, the brain replays and revises previously experienced events,",6.8
meta-llama/Llama-3.1-8B-Instruct,random,18,resid,0,add,-0.25,Why do we dream?,0,"Dreams are a universal human experience, and researchers have been trying to understand their purpose and function for centuries. While the exact reason for dreaming is still not fully understood, there are several theories that attempt to explain why we dream:

1.  **Memory Consolidation Theory**: This theory suggests that dreams help us process and consolidate memories, especially emotional ones. During REM sleep, the brain replays and",1.6
meta-llama/Llama-3.1-8B-Instruct,random,18,resid,0,add,0.0,Why do we dream?,1,"Dreams have been a topic of interest and debate for centuries, and while the exact function of dreams is still not fully understood, research has shed some light on their purpose. Here are some possible reasons why we dream:

1. **Memory Consolidation**: Dreams may help us process and consolidate memories, especially emotional ones. During REM sleep, the brain replays and revises previously experienced events, strengthening",1.2
meta-llama/Llama-3.1-8B-Instruct,random,18,resid,0,add,0.25,Why do we dream?,1,"The exact function and purpose of dreams is still not fully understood, but research has shed some light on the possible reasons why we dream. Here are some theories:

1. **Memory Consolidation**: Dreams may help us process and consolidate memories, especially emotional ones. During sleep, the brain replays and revises previously experienced events, strengthening the connections between neurons and transferring information from the hippocampus to the",0.2
meta-llama/Llama-3.1-8B-Instruct,random,18,resid,0,add,0.5,Why do we dream?,1,"The exact function and purpose of dreams is still not fully understood, but research has shed some light on the possible reasons why we dream. Here are some theories:

1. **Memory Consolidation**: Dreams may help us process and consolidate memories, especially emotional ones. During sleep, our brain replays and processes the events of the day, strengthening the connections between neurons and transferring information from the hippocampus to",0.2
meta-llama/Llama-3.1-8B-Instruct,random,18,resid,0,add,1.0,Why do we dream?,0,"We still do not know the exact reason why we dream, but there are several theories that attempt to explain the purpose of dreams. Here are some of the most popular theories:

1. **Memory Recall and Consolidation**: One theory is that dreams help us recall and consolidate memories, especially those related to emotional experiences. During sleep, our brain processes and transfers memories from the hippocampus (a part of",0.0
meta-llama/Llama-3.1-8B-Instruct,random,18,resid,0,add,-1.0,How does photosynthesis work?,0,"Photosynthesis is the process by which plants, and some other organisms, use energy from the sun to produce energy from the environment. This process is crucial for the survival of most life on Earth, as it provides the energy that is stored in the food that we eat.

The process of photosynthesis can be broken down into three main stages:

1. **Absorption of light energy**: The first stage",75.5
meta-llama/Llama-3.1-8B-Instruct,random,18,resid,0,add,-0.5,How does photosynthesis work?,0,"Photosynthesis is the process by which plants, algae, and some bacteria convert light energy from the sun into chemical energy in the form of glucose. This process is essential for life on Earth, as it provides the energy and organic compounds needed to support the food chain.

The overall equation for photosynthesis is:

6 CO2 + 6 H2O + light energy → C6H12O6",95.3
meta-llama/Llama-3.1-8B-Instruct,random,18,resid,0,add,-0.25,How does photosynthesis work?,0,"Photosynthesis is the process by which plants, algae, and some bacteria convert light energy from the sun into chemical energy in the form of organic compounds, such as glucose. This process is essential for life on Earth, as it provides the energy and organic compounds needed to support the food chain.

The overall equation for photosynthesis is:

6 CO2 + 6 H2O + light energy → C",91.5
meta-llama/Llama-3.1-8B-Instruct,random,18,resid,0,add,0.0,How does photosynthesis work?,0,"Photosynthesis is the process by which plants, algae, and some bacteria convert light energy from the sun into chemical energy in the form of organic compounds, such as glucose. This process is essential for life on Earth, as it provides the energy and organic compounds needed to support the food chain.

The overall equation for photosynthesis is:

6 CO2 (carbon dioxide) + 6 H2O (",97.1
meta-llama/Llama-3.1-8B-Instruct,random,18,resid,0,add,0.25,How does photosynthesis work?,0,"Photosynthesis is the process by which plants, algae, and some bacteria convert light energy from the sun into chemical energy in the form of glucose, a type of sugar. This process is essential for life on Earth, as it provides the energy and organic compounds needed to support the food chain.

Here's a simplified overview of how photosynthesis works:

**The Light-Dependent Reactions**

1.",88.1
meta-llama/Llama-3.1-8B-Instruct,random,18,resid,0,add,0.5,How does photosynthesis work?,0,"Photosynthesis is the process by which plants, algae, and some bacteria convert light energy, usually from the sun, into chemical energy in the form of organic compounds, such as glucose. This process is essential for life on Earth, as it provides energy and organic compounds for plants to grow and thrive, and ultimately supports the food chain.

Here's a simplified overview of the photosynthesis process:

**Step",94.7
meta-llama/Llama-3.1-8B-Instruct,random,18,resid,0,add,1.0,How does photosynthesis work?,0,"Photosynthesis is the process of converting light, water, and nutrients into glucose (a type of food) and oxygen. It is a vital process that occurs in plants, algae, and some bacteria. Here is a simplified explanation of how photosynthesis works:

**Steps of Photosynthesis:**

1. **Light-Echoed Interference (Light-Echoed Interference)**
   - Light enters",59.3
meta-llama/Llama-3.1-8B-Instruct,random,18,resid,0,add,-1.0,What causes earthquakes?,0,"Earthquakes are caused by the movement of the earth's crust, which is the outermost layer of the planet. This movement can occur in various ways, but the most common cause of earthquakes is the movement of tectonic plates.

Tectonic plates are large sections of the earth's crust that are constantly moving, sometimes towards each other, sometimes away from each other, and sometimes past each",91.5
meta-llama/Llama-3.1-8B-Instruct,random,18,resid,0,add,-0.5,What causes earthquakes?,0,"Earthquakes are caused by the release of energy from the movement of tectonic plates in the Earth's crust. The Earth's crust is made up of several large and small tectonic plates that are in constant motion. These plates are in a state of constant movement, sliding, and colliding with each other.

There are several types of plate movements that can cause earthquakes:

1. **",97.7
meta-llama/Llama-3.1-8B-Instruct,random,18,resid,0,add,-0.25,What causes earthquakes?,0,"Earthquakes are caused by the movement of tectonic plates in the Earth's lithosphere. The lithosphere is the outermost solid layer of the planet, comprising the crust and the uppermost part of the mantle. It is broken into several large and small plates that fit together like a jigsaw puzzle.

There are three main types of plate movements that can cause earthquakes:

1. **D",96.3
meta-llama/Llama-3.1-8B-Instruct,random,18,resid,0,add,0.0,What causes earthquakes?,0,"Earthquakes are caused by the movement of tectonic plates in the Earth's lithosphere, which is the outermost solid layer of the planet. The lithosphere is broken into several large plates that fit together like a jigsaw puzzle. These plates are in constant motion, sliding over the more fluid asthenosphere below.

There are three main types of plate movements that can cause earthquakes:

1",96.3
meta-llama/Llama-3.1-8B-Instruct,random,18,resid,0,add,0.25,What causes earthquakes?,1,"Earthquakes are a complex phenomenon, and their causes can be attributed to several factors. The primary cause of earthquakes is the movement of tectonic plates in the Earth's lithosphere, which is the outermost solid layer of the planet. The lithosphere is broken into several large plates that float on the more fluid asthenosphere below. These plates are in constant motion, sliding over each other",24.5
meta-llama/Llama-3.1-8B-Instruct,random,18,resid,0,add,0.5,What causes earthquakes?,1,"Earthquakes are a complex phenomenon, and their causes are still not fully understood. However, scientists have identified several factors that contribute to the occurrence of earthquakes. Here are the main causes:

1. **Movement of Tectonic Plates**: The Earth's crust is divided into several large plates that float on the molten rock (magma) beneath them. These plates are in constant motion, sliding",6.8
meta-llama/Llama-3.1-8B-Instruct,random,18,resid,0,add,1.0,What causes earthquakes?,2,"A simple answer to a complex question. Earthquakes are a complex phenomenon, but I'll try to explain the main causes in simple terms.

**What are Earthquakes?**

An earthquake is a sudden movement of the ground that occurs when a large amount of energy is released in the Earth's interior, usually along a fault (a long, narrow line of broken rocks) or a similar structure",9.5
meta-llama/Llama-3.1-8B-Instruct,random,18,resid,0,add,-1.0,Why do leaves change color in autumn?,1,"The changing colors of leaves in autumn is a complex process that involves a combination of factors from the plants, the environment, and the timing of the season. Here's a simplified explanation:

**The Basics:**

During the spring and summer, leaves are green due to the presence of chlorophyll, an essential pigment that allows plants to absorb sunlight and produce energy through photosynthesis. Chlorophyl is",4.2
meta-llama/Llama-3.1-8B-Instruct,random,18,resid,0,add,-0.5,Why do leaves change color in autumn?,0,"Leaves change color in autumn due to a combination of factors, primarily related to the reduction of daylight hours and the cooling of temperatures. Here's a detailed explanation:

1. **Shortening daylight hours**: As the days shorten, the trees prepare for the winter by slowing down their growth and storing energy in their roots, stems, and branches. This process is triggered by the reduction of daylight hours,",13.3
meta-llama/Llama-3.1-8B-Instruct,random,18,resid,0,add,-0.25,Why do leaves change color in autumn?,0,"Leaves change color in autumn due to a combination of factors, primarily related to the reduction of daylight hours and the decrease in temperature. Here's a simplified explanation:

1. **Daylight hours decrease**: As the days shorten, the trees prepare for the winter by slowing down their growth and storing energy. This process is triggered by the shorter daylight hours and cooler temperatures.
2. **Chloroph",67.9
meta-llama/Llama-3.1-8B-Instruct,random,18,resid,0,add,0.0,Why do leaves change color in autumn?,0,"Leaves change color in autumn due to a combination of factors, primarily related to the reduction of daylight hours and the onset of cooler temperatures. Here's a simplified explanation:

1. **Daylight hours decrease**: As the days get shorter, the trees prepare for the winter by slowing down their food-making process. This reduction in daylight hours triggers a series of physiological changes in the leaves.
2. **",65.1
meta-llama/Llama-3.1-8B-Instruct,random,18,resid,0,add,0.25,Why do leaves change color in autumn?,0,"Leaves change color in autumn due to a combination of factors, primarily related to the reduction of daylight hours and the onset of cooler temperatures. Here's a simplified explanation:

1. **Daylight hours decrease**: As the Earth's axis tilts away from the sun, the days get shorter, and the nights get longer. This reduction in daylight hours triggers a response in trees to prepare for the winter",29.4
meta-llama/Llama-3.1-8B-Instruct,random,18,resid,0,add,0.5,Why do leaves change color in autumn?,0,"Leaves change color in autumn due to a combination of factors, primarily related to the reduction of daylight hours and the onset of winter. Here's a simplified explanation:

1. **Daylight hours decrease**: As the days get shorter, the trees prepare for the winter by slowing down their food-making process, which is essential for growth and survival.
2. **Chlorophyll breaks down**: Chlor",50.0
meta-llama/Llama-3.1-8B-Instruct,random,18,resid,0,add,1.0,Why do leaves change color in autumn?,0,"A beautiful question about a fascinating phenomenon!

Leaves change color in autumn due to a process called ""Senecium (or Senkum) Interfertillateum (or Senkum Interfertillateum) or more commonly known as Senkum Interfertillateum or more commonly known as a process called Senkum Interfertillateum or more",1.6
meta-llama/Llama-3.1-8B-Instruct,random,18,resid,0,add,-1.0,How do I make a basic tomato sauce?,0,"Making a basic tomato sauce is a simple process that requires just a few ingredients and some basic cooking techniques. Here's a basic recipe for a delicious tomato sauce:

Ingredients:

* 2 kilograms of fresh tomatoes, chopped (or 1 kilogram of canned tomatoes)
* 1 onion, chopped
* 2 cloves of garlic, minced
* 1 tablespoon of olive oil
* 1",83.5
meta-llama/Llama-3.1-8B-Instruct,random,18,resid,0,add,-0.5,How do I make a basic tomato sauce?,0,"Making a basic tomato sauce is a simple process that requires just a few ingredients and some basic cooking techniques. Here's a step-by-step guide to get you started:

**Ingredients:**

* 2-3 pounds of fresh or canned tomatoes (crushed or diced)
* 1/4 cup of olive oil
* 4-6 garlic cloves, minced
* 1 small onion,",89.3
meta-llama/Llama-3.1-8B-Instruct,random,18,resid,0,add,-0.25,How do I make a basic tomato sauce?,0,"Making a basic tomato sauce is a simple process that requires just a few ingredients and some basic cooking skills. Here's a step-by-step guide to making a delicious and classic tomato sauce:

**Ingredients:**

* 2 lbs (1 kg) of fresh or canned crushed tomatoes (or a combination of both)
* 1/4 cup (60 ml) of olive oil
* 4-",88.1
meta-llama/Llama-3.1-8B-Instruct,random,18,resid,0,add,0.0,How do I make a basic tomato sauce?,0,"Making a basic tomato sauce is a simple process that requires just a few ingredients and some basic cooking skills. Here's a step-by-step guide to making a delicious and classic tomato sauce:

**Ingredients:**

* 2 lbs (1 kg) of fresh or canned crushed tomatoes (San Marzano or other sweet tomatoes work well)
* 2 tablespoons of olive oil
* 1 onion, finely",95.3
meta-llama/Llama-3.1-8B-Instruct,random,18,resid,0,add,0.25,How do I make a basic tomato sauce?,0,"Making a basic tomato sauce is a simple process that requires just a few ingredients. Here's a step-by-step guide:

**Ingredients:**

* 2 lbs (1 kg) of fresh or canned crushed tomatoes (or 3-4 cups of chopped fresh tomatoes)
* 2 tablespoons of olive oil
* 1 onion, finely chopped
* 3-4 garlic cloves, minced",79.8
meta-llama/Llama-3.1-8B-Instruct,random,18,resid,0,add,0.5,How do I make a basic tomato sauce?,0,"Making a basic tomato sauce is a simple process that requires just a few ingredients and some basic cooking skills. Here's a step-by-step guide to making a delicious and classic tomato sauce:

**Ingredients:**

* 2 lbs of fresh or canned tomatoes (crushed or chopped)
* 2 tablespoons of olive oil
* 1 onion, finely chopped
* 2 cloves of garlic, minced",96.3
meta-llama/Llama-3.1-8B-Instruct,random,18,resid,0,add,1.0,How do I make a basic tomato sauce?,0,"Making a basic tomato sauce is a simple process that requires just a few ingredients and some basic cooking skills. Here's a recipe for a basic tomato sauce that serves 4-6 people:

**Ingredients:**

* 2 pounds of fresh tomatoes (or 1 can of tomato sauce or 1 can of diced tomatoes)
* 1 tablespoon of olive oil
* 1 teaspoon of salt",92.4
meta-llama/Llama-3.1-8B-Instruct,random,18,resid,0,add,-1.0,How do I tie a shoelace?,0,"Tying a shoelace is a simple process that can be done with a few steps. Here's the most common method:

**Step 1: Begin with the initial setup**

Start by holding the shoe in your feet and the shoelaces in your hands. Cross one lace over the other, with the top lace on top of the bottom one. This is the starting point for the tie",56.2
meta-llama/Llama-3.1-8B-Instruct,random,18,resid,0,add,-0.5,How do I tie a shoelace?,0,"Tying a shoelace is a simple process that can be mastered with a little practice. Here's a step-by-step guide:

**The Bunny Ear Method**

1. **Begin with the laces**: Start by holding the shoelaces together, with the ends facing away from you. Make sure the laces are even and not twisted.

2. **Create the first bunny ear**: Take",96.7
meta-llama/Llama-3.1-8B-Instruct,random,18,resid,0,add,-0.25,How do I tie a shoelace?,0,"Tying a shoelace is a simple process that can be mastered with a little practice. Here's a step-by-step guide:

**The Bunny Ears Method**

1. **Begin with the shoelaces**: Start by holding the shoelaces together in one hand, with the ends facing away from you.
2. **Make a bunny ear**: Take one of the laces and fold",88.1
meta-llama/Llama-3.1-8B-Instruct,random,18,resid,0,add,0.0,How do I tie a shoelace?,0,"Tying a shoelace is a simple process that can be mastered with a little practice. Here's a step-by-step guide:

**The Bunny Ears Method**

1. **Begin with your shoelaces relaxed**: Hold your shoelaces together in one hand, with the ends facing away from you.
2. **Create a bunny ear**: Take one of the laces and fold it",85.2
meta-llama/Llama-3.1-8B-Instruct,random,18,resid,0,add,0.25,How do I tie a shoelace?,0,"Tying a shoelace is a simple process that can be mastered with a little practice. Here's a step-by-step guide:

**The Bunny Ears Method**

1. **Start with your shoelaces**: Hold your shoelaces together, with the ends parallel to each other and the laces facing away from you.
2. **Make a bunny ear**: Take one of the l",94.7
meta-llama/Llama-3.1-8B-Instruct,random,18,resid,0,add,0.5,How do I tie a shoelace?,0,"Tying a shoelace is a simple process that can be done in a few steps. Here's a step-by-step guide:

**Method: The ""Bunny Ear"" Method**

1. **Start with your shoelaces**: Hold your shoelaces and pull them out so that they are even and not tangled.
2. **Make a ""bunny ear""**: Take one of",90.5
meta-llama/Llama-3.1-8B-Instruct,random,18,resid,0,add,1.0,How do I tie a shoelace?,0,"Tying a shoelace is a simple process with a few steps. Here's a step-by-step guide:

1. Start with a clean, flat piece of cloth (your shoelace) with a hole at the top (the hole is called a ""hole"" or a ""hole for a hole in a hole"" or a ""hole for a hole in a hole in a hole""",1.6
meta-llama/Llama-3.1-8B-Instruct,random,18,resid,0,add,-1.0,How do I change a flat tire?,0,"Changing a flat tire can seem like a daunting task, but with the right steps and preparation, it can be done efficiently and safely. Here's a step-by-step guide to change a flat tire:

**Preparation**

1.  **Find a safe location**: Move to a flat surface, away from traffic, and turn off the engine. Engage the parking brake and turn off all engine systems",59.3
meta-llama/Llama-3.1-8B-Instruct,random,18,resid,0,add,-0.5,How do I change a flat tire?,0,"Changing a flat tire can seem like a daunting task, but with the right steps and preparation, it can be done easily and safely. Here's a step-by-step guide to help you change a flat tire:

**Before You Start**

1. **Make sure you're in a safe location**: Move your vehicle to a flat and stable surface, away from traffic. Turn off the engine and engage the",77.7
meta-llama/Llama-3.1-8B-Instruct,random,18,resid,0,add,-0.25,How do I change a flat tire?,0,"Changing a flat tire can seem like a daunting task, but with the right steps and preparation, it can be done easily and safely. Here's a step-by-step guide on how to change a flat tire:

**Before You Start**

1. **Make sure you're in a safe location**: Move your vehicle to a flat and stable surface, away from traffic.
2. **Turn off the engine",53.1
meta-llama/Llama-3.1-8B-Instruct,random,18,resid,0,add,0.0,How do I change a flat tire?,0,"Changing a flat tire can seem like a daunting task, but it's actually quite straightforward once you know the steps. Here's a step-by-step guide to help you change a flat tire:

**Before You Start**

1. **Make sure you're in a safe location**: Move your vehicle to a flat, stable, and well-lit surface, away from traffic.
2. **Turn off the",77.7
meta-llama/Llama-3.1-8B-Instruct,random,18,resid,0,add,0.25,How do I change a flat tire?,0,"Changing a flat tire can seem like a daunting task, but it's actually quite straightforward once you know the steps. Here's a step-by-step guide to help you change a flat tire:

**Before You Start:**

1. **Find a safe location**: Move your vehicle to a flat, stable, and well-lit surface, away from traffic.
2. **Turn off the engine and engage",75.5
meta-llama/Llama-3.1-8B-Instruct,random,18,resid,0,add,0.5,How do I change a flat tire?,0,"Changing a flat tire can seem like a daunting task, but it's actually quite straightforward. Here's a step-by-step guide to help you change a flat tire:

**Before You Start:**

1. **Find a safe location**: Move your vehicle to a flat, stable, and well-lit area, away from traffic.
2. **Turn off the engine and engage the parking brake**: This",75.5
meta-llama/Llama-3.1-8B-Instruct,random,18,resid,0,add,1.0,How do I change a flat tire?,0,"Here are the steps to change a flat tire:

**Before you start:**

1. **Safety first**: Move to a safe area, away from a busy road or a hazardous area. Put on a safety vest or a reflective jacket to help you stay visible.
2. **Know your vehicle**: Familiarize yourself with your vehicle's safety features, such as a built-in emergency phone or a",90.5
meta-llama/Llama-3.1-8B-Instruct,random,18,resid,0,add,-1.0,How do I boil an egg?,0,"Boiling an egg is a simple process that can be done in a few minutes. Here's a step-by-step guide:

**Materials needed:**

* A pot with a lid (preferably a medium-sized pot)
* Water
* A stove or a heat source
* A timer (optional)
* A bowl or a container to store the egg in the water.
* A sharp knife or",75.5
meta-llama/Llama-3.1-8B-Instruct,random,18,resid,0,add,-0.5,How do I boil an egg?,0,"Boiling an egg is a simple process that requires just a few minutes of your time. Here's a step-by-step guide:

**Materials needed:**

* Eggs
* A pot with a lid
* Water
* A stove or cooktop
* A timer (optional)

**Instructions:**

1. **Fill the pot with water**: Fill the pot with enough water to cover the eggs",65.1
meta-llama/Llama-3.1-8B-Instruct,random,18,resid,0,add,-0.25,How do I boil an egg?,0,"Boiling an egg is a simple process that requires just a few minutes of your time. Here's a step-by-step guide:

**Materials needed:**

* Eggs
* A pot with a lid
* Water
* A stove or cooktop
* A timer (optional)

**Instructions:**

1. **Fill the pot with water**: Fill the pot with enough water to cover the eggs",65.1
meta-llama/Llama-3.1-8B-Instruct,random,18,resid,0,add,0.0,How do I boil an egg?,0,"Boiling an egg is a simple process that can be done in a few steps. Here's a basic guide:

**Materials needed:**

- 1 egg
- A pot with a lid
- Water
- A stove or cooking range
- A timer (optional)

**Instructions:**

1. **Fill the pot with water**: Fill the pot with enough water to cover the egg by",81.8
meta-llama/Llama-3.1-8B-Instruct,random,18,resid,0,add,0.25,How do I boil an egg?,0,"Boiling an egg is a simple process that can be done in a few steps. Here's a step-by-step guide:

**Materials needed:**

* Eggs
* A pot with a lid (large enough to hold the eggs in a single layer)
* Water
* A stovetop or electric stove
* A timer (optional)

**Instructions:**

1. **Place the eggs",56.2
meta-llama/Llama-3.1-8B-Instruct,random,18,resid,0,add,0.5,How do I boil an egg?,0,"Boiling an egg is a simple process that requires some basic kitchen tools and attention to cooking time. Here's a step-by-step guide:

**Materials needed:**

* 1 egg
* A pot with a lid (large enough to hold the egg and water)
* Water
* A stovetop or electric cooking surface
* A timer (optional)

**Instructions:**

1.",67.9
meta-llama/Llama-3.1-8B-Instruct,random,18,resid,0,add,1.0,How do I boil an egg?,0,"Boiling an egg is a simple process that can be done in a few steps:

1. **Remove the egg from the pantry and wash it with a few strokes of a water and a brush to remove any dirt or impurities.**
2. **Place the egg in a separate piece of paper or a small bag of a water and a brush to remove any dirt or impurities.**
3",7.6
meta-llama/Llama-3.1-8B-Instruct,random,18,resid,0,add,-1.0,How do I create a strong password?,1,"Creating a strong password is crucial for securing your online accounts and preventing unauthorized access. Here are some tips to create a strong password:

1. **Length**: The longer the better. Aim for at least 12 characters, but the more the better. The longer the password, the more time it takes for a hacker to crack it.

2. **Complexity**: Use a combination of uppercase and lowercase",75.5
meta-llama/Llama-3.1-8B-Instruct,random,18,resid,0,add,-0.5,How do I create a strong password?,1,"Creating a strong password is crucial for protecting your online identity and preventing unauthorized access to your accounts. Here are some tips to help you create a strong password:

1. **Length**: Choose a password that is at least 12 characters long. The longer the password, the harder it is to crack.
2. **Complexity**: Use a combination of uppercase and lowercase letters, numbers, and special characters",89.3
meta-llama/Llama-3.1-8B-Instruct,random,18,resid,0,add,-0.25,How do I create a strong password?,1,"Creating a strong password is essential for protecting your online identity and preventing unauthorized access to your accounts. Here are some tips to help you create a strong password:

1. **Length**: Choose a password that is at least 12 characters long. The longer the password, the harder it is to crack.
2. **Complexity**: Use a combination of uppercase and lowercase letters, numbers, and special characters",92.4
meta-llama/Llama-3.1-8B-Instruct,random,18,resid,0,add,0.0,How do I create a strong password?,1,"Creating a strong password is essential for protecting your online identity and sensitive information. Here are some tips to help you create a strong password:

1. **Length**: Choose a password that is at least 12 characters long. The longer the password, the harder it is to crack.
2. **Complexity**: Use a combination of characters, including:
	* Uppercase letters (A-Z",98.4
meta-llama/Llama-3.1-8B-Instruct,random,18,resid,0,add,0.25,How do I create a strong password?,1,"Creating a strong password is essential to protect your online identity and sensitive information. Here are some tips to help you create a strong password:

1. **Length**: A strong password should be at least 12 characters long. The longer the password, the harder it is to guess.
2. **Complexity**: Use a combination of characters, including:
	* Uppercase letters (A-Z",95.8
meta-llama/Llama-3.1-8B-Instruct,random,18,resid,0,add,0.5,How do I create a strong password?,0,"Creating a strong password is essential to protect your online identity and sensitive information from unauthorized access. Here are some tips to help you create a strong password:

1. **Use a mix of characters**: A strong password should have a mix of uppercase and lowercase letters, numbers, and special characters (such as !, @, #, $, etc.).
2. **Make it long**: A longer",95.8
meta-llama/Llama-3.1-8B-Instruct,random,18,resid,0,add,1.0,How do I create a strong password?,0,"Here are some steps to create a strong password:

1. **Use a mix of characters**: A strong password should have a mix of:
	* Uppercase letters (A-Z)
	* Lowercase letters (a-z)
	* Numbers (0-9)
	* Special characters (such as !, @, or $)

2. **Avoid sensitive information**: Do not use",90.5
meta-llama/Llama-3.1-8B-Instruct,random,18,resid,0,add,-1.0,How do I brew a cup of coffee?,0,"Brewing a cup of coffee is a straightforward process that requires some basic equipment and a few simple steps. Here's a step-by-step guide to get you started:

**Equipment needed:**

1. Coffee beans or coffee grounds
2. A coffee maker (drip, French, or pourable)
3. A coffee filter (if using a drip or pourable maker)
4. A coffee mug",91.5
meta-llama/Llama-3.1-8B-Instruct,random,18,resid,0,add,-0.5,How do I brew a cup of coffee?,0,"Brewing a cup of coffee is a straightforward process that requires some basic equipment and a few simple steps. Here's a step-by-step guide to brewing a great cup of coffee:

**Equipment Needed:**

1. Coffee beans (choose your favorite type and roast level)
2. Coffee grinder (optional, but recommended for optimal flavor)
3. Coffee maker (drip, French press, pour",94.0
meta-llama/Llama-3.1-8B-Instruct,random,18,resid,0,add,-0.25,How do I brew a cup of coffee?,0,"Brewing a cup of coffee is a straightforward process that requires some basic equipment and a bit of technique. Here's a step-by-step guide to help you get started:

**Equipment Needed:**

1. Coffee beans (choose your favorite type and roast level)
2. Coffee grinder (optional, but recommended for freshly grinding your beans)
3. Coffee maker (drip, French press, pour",86.7
meta-llama/Llama-3.1-8B-Instruct,random,18,resid,0,add,0.0,How do I brew a cup of coffee?,0,"Brewing a cup of coffee is a straightforward process that requires a few basic tools and some simple steps. Here's a step-by-step guide to brewing a great cup of coffee:

**Tools needed:**

1. Coffee beans (choose your favorite type and roast level)
2. Coffee grinder (optional, but recommended for freshly grinding your beans)
3. Coffee filter (paper or metal, depending",92.4
meta-llama/Llama-3.1-8B-Instruct,random,18,resid,0,add,0.25,How do I brew a cup of coffee?,0,"Brewing a cup of coffee is a simple process that requires some basic equipment and a few simple steps. Here's a step-by-step guide to brewing a great cup of coffee:

**Equipment Needed:**

* Coffee beans (freshly roasted and ground)
* Coffee filter (paper or metal)
* Coffee maker (drip, French press, or pour-over)
* Water
* Sugar and",91.5
meta-llama/Llama-3.1-8B-Instruct,random,18,resid,0,add,0.5,How do I brew a cup of coffee?,0,"Brewing a cup of coffee is a simple process that requires some basic ingredients and equipment. Here's a step-by-step guide to brewing a great cup of coffee:

**Ingredients:**

* 1 cup of water
* 1 tablespoon of coffee (or 1-2 teaspoons of instant coffee)
* Optional: sugar, cream, or milk

**Equipment:**

* Coffee filter (",85.2
meta-llama/Llama-3.1-8B-Instruct,random,18,resid,0,add,1.0,How do I brew a cup of coffee?,0,"Brewing a cup of coffee is a simple process that can be customized to suit your taste preferences. Here are the steps to brew a cup of coffee:

**Method 1: Using a Coffee Maker (Dish of Water and Coffee)**

1. **Measure the coffee**: Measure 1-2 teaspoons of coffee (depending on your taste preference) for 1 cup of water.
2",37.8
meta-llama/Llama-3.1-8B-Instruct,random,18,resid,0,add,-1.0,Will it rain in Chicago next Tuesday?,1,"I'm not able to provide real-time weather information. However, I can suggest some ways to find out the weather forecast for next Tuesday in Chicago.

You can check the weather forecast on various websites, such as:

1. The National Weather Service (NWS) - www.weather.gov
2. The Weather Channel - www.weather.com
3. CNN - www.cnn.com/weather
4.",0.1
meta-llama/Llama-3.1-8B-Instruct,random,18,resid,0,add,-0.5,Will it rain in Chicago next Tuesday?,1,"I'm not able to provide real-time weather updates or forecasts for specific locations. However, I can suggest some ways to find out the weather forecast for Chicago next Tuesday.

1. Check online weather websites: You can check websites like weather.com, accuweather.com, or the National Weather Service (weather.gov) for the latest forecast for Chicago.
2. Use a mobile app: You can download",1.2
meta-llama/Llama-3.1-8B-Instruct,random,18,resid,0,add,-0.25,Will it rain in Chicago next Tuesday?,1,"I'm not able to provide real-time weather updates or forecasts for specific locations. However, I can suggest some ways for you to find out the weather forecast for Chicago next Tuesday.

1.  Check online weather websites: You can check websites like weather.com, accuweather.com, or wunderground.com for the latest weather forecast for Chicago.
2.  Use a mobile app: You can",0.5
meta-llama/Llama-3.1-8B-Instruct,random,18,resid,0,add,0.0,Will it rain in Chicago next Tuesday?,1,"I'm not capable of accessing real-time weather information or making specific predictions about future weather conditions. However, I can suggest some ways for you to find out the weather forecast for Chicago next Tuesday.

1.  Check online weather websites: You can visit websites like weather.com, accuweather.com, or wunderground.com to get the current weather conditions and forecast for Chicago.
2.  Use",0.3
meta-llama/Llama-3.1-8B-Instruct,random,18,resid,0,add,0.25,Will it rain in Chicago next Tuesday?,1,"I'm not able to access real-time weather information. However, I can suggest some ways for you to find out the weather forecast for Chicago next Tuesday.

1. Check online weather websites: You can visit websites like weather.com, accuweather.com, or wunderground.com to get the current weather forecast and a 7-10 day forecast for Chicago.
2. Use a weather app:",0.6
meta-llama/Llama-3.1-8B-Instruct,random,18,resid,0,add,0.5,Will it rain in Chicago next Tuesday?,1,"I'm not able to access real-time weather information or forecasts. However, I can suggest some ways for you to find out the weather forecast for Chicago next Tuesday.

1. **National Weather Service (NWS)**: Visit the NWS website (weather.gov) and enter your location (Chicago, IL) and the desired date (next Tuesday). You can also download their mobile app for easy access",1.4
meta-llama/Llama-3.1-8B-Instruct,random,18,resid,0,add,1.0,Will it rain in Chicago next Tuesday?,0,I am a built of Code he can only tell you of a type of Weather in a given area using a type of 3rd of a type of 3rd of a type of 3rd of a type of 3rd of a type of 3rd of a type of 3rd of a type of 3rd of a type of 3rd of a type of,2.9
meta-llama/Llama-3.1-8B-Instruct,random,18,resid,0,add,-1.0,Who will win the next World Cup?,0,"There are always many possibilities and variables that can influence the outcome of the next World Cup. The next World Cup is scheduled to take place in 2026, but the information I have is from 2023, and the next World Cup is not yet in my database. However, I can give you some general information about the current state of the world's top football nations.

Some of the top",0.0
meta-llama/Llama-3.1-8B-Instruct,random,18,resid,0,add,-0.5,Who will win the next World Cup?,0,"Unfortunately, I don't have a crystal ball to predict the future, but I can give you some insights based on recent performances and trends.

The next World Cup is scheduled to take place in 2026 in the United States, Canada, and Mexico. At this point, it's too early to make a definitive prediction, as many factors can influence a team's performance, such as player injuries,",0.0
meta-llama/Llama-3.1-8B-Instruct,random,18,resid,0,add,-0.25,Who will win the next World Cup?,1,"Unfortunately, I'm a large language model, I don't have a crystal ball to predict the future. The outcome of the next World Cup will depend on various factors, including team performances, player injuries, and other external factors.

However, I can give you some insights based on recent trends and team performances. Keep in mind that this is just speculation, and the actual outcome may differ.

Some of",0.0
meta-llama/Llama-3.1-8B-Instruct,random,18,resid,0,add,0.0,Who will win the next World Cup?,1,"Predicting the winner of the next World Cup is challenging, as it depends on various factors such as team performance, player injuries, and other external factors. However, I can provide some general insights and popular contenders.

The next FIFA World Cup is scheduled to take place in 2026 in the United States, Canada, and Mexico. At this point, it's difficult to make a definitive prediction,",0.1
meta-llama/Llama-3.1-8B-Instruct,random,18,resid,0,add,0.25,Who will win the next World Cup?,2,"It's difficult to predict the winner of the next World Cup with certainty, as it depends on various factors such as team performance, player injuries, and other external factors. However, I can provide some general insights and statistics to give you an idea of the top contenders.

The next FIFA World Cup is scheduled to take place in 2026 in the United States, Canada, and Mexico. Here are",0.2
meta-llama/Llama-3.1-8B-Instruct,random,18,resid,0,add,0.5,Who will win the next World Cup?,3,"It's difficult to predict the winner of the next World Cup with certainty, as it depends on various factors such as team performance, player injuries, and other external factors. However, I can provide you with some information on the top teams and their chances.

The FIFA World Cup is scheduled to take place in 2026 in the United States, Canada, and Mexico. The top teams that are likely",0.2
meta-llama/Llama-3.1-8B-Instruct,random,18,resid,0,add,1.0,Who will win the next World Cup?,0,I am a 3rd of a type of a school of a type of a type of a type of a type of a type of a type of a type of a type of a type of a type of a type of a type of a type of a type of a type of a type of a type of a type of a type of a type of a type of a type of a,4.7
meta-llama/Llama-3.1-8B-Instruct,random,18,resid,0,add,-1.0,Is there life on other planets?,2,"The existence of life on other planets is a topic that has been extensively studied and debated by scientists and astronomers. While there is no definitive proof, there are many compelling evidence and theories that suggest that life could exist on other planets.

Some of the most significant evidence comes from:

1. **The discovery of exoplanets**: Over 3,000 exoplanets have been discovered so far, and",0.4
meta-llama/Llama-3.1-8B-Instruct,random,18,resid,0,add,-0.5,Is there life on other planets?,1,"The existence of life on other planets is a topic of ongoing research and debate in the scientific community. While there is no definitive proof of life on other planets, there are many reasons to believe that the possibility of life existing elsewhere in the universe is quite high.

Here are some of the key arguments for and against the existence of life on other planets:

**Arguments for life on other planets:**

1",0.2
meta-llama/Llama-3.1-8B-Instruct,random,18,resid,0,add,-0.25,Is there life on other planets?,1,"The possibility of life on other planets is a topic of ongoing research and debate in the fields of astrobiology, astrophysics, and the search for extraterrestrial intelligence (SETI). While there is currently no definitive evidence of life on other planets, there are many compelling reasons to believe that the possibility of life existing elsewhere in the universe is quite high.

Here are some of the key arguments for",2.6
meta-llama/Llama-3.1-8B-Instruct,random,18,resid,0,add,0.0,Is there life on other planets?,1,"The possibility of life on other planets is a topic of ongoing research and debate in the fields of astrobiology, astrophysics, and the search for extraterrestrial intelligence (SETI). While there is currently no definitive evidence of life on other planets, there are many compelling reasons to believe that the possibility of life existing elsewhere in the universe is quite high.

Here are some of the key arguments for",2.6
meta-llama/Llama-3.1-8B-Instruct,random,18,resid,0,add,0.25,Is there life on other planets?,1,"The possibility of life on other planets is a topic of ongoing research and debate in the fields of astrobiology, astrophysics, and the search for extraterrestrial intelligence (SETI). While there is currently no definitive evidence of life on other planets, there are many compelling reasons to believe that the possibility of life existing elsewhere in the universe is quite high.

Here are some of the key arguments for",2.6
meta-llama/Llama-3.1-8B-Instruct,random,18,resid,0,add,0.5,Is there life on other planets?,2,"The possibility of life on other planets is a complex and intriguing question that has captivated humans for centuries. While there is no definitive evidence of extraterrestrial life, there are many compelling reasons to believe that the probability of life existing elsewhere in the universe is quite high.

Here are some of the key arguments for and against the possibility of life on other planets:

**Arguments for life on other planets:",0.3
meta-llama/Llama-3.1-8B-Instruct,random,18,resid,0,add,1.0,Is there life on other planets?,1,"of a type of life, or a type of life with a similar type of body, may be a different type of organism, or a type of life that is a different type of a type of life, or a type of life that is a different type of a type of life, or a type of life that is a different type of a type of life, or a type of life that",0.1
meta-llama/Llama-3.1-8B-Instruct,random,18,resid,0,add,-1.0,What is the best programming language?,1,"There is no one ""best"" programming language. Different languages are suited for different tasks, and the choice of language often depends on the specific needs of the project, the experience of the developers, and the environment in which the project is being developed.

Some of the most popular programming languages in different categories are:

**For beginners:**

1. Python - easy to learn, versatile, and widely used",0.2
meta-llama/Llama-3.1-8B-Instruct,random,18,resid,0,add,-0.5,What is the best programming language?,1,"There is no one ""best"" programming language. The choice of language depends on various factors such as:

1. **Project requirements**: Different languages are suited for different tasks, such as web development, mobile app development, game development, data analysis, and more.
2. **Personal preference**: Some developers prefer languages with a certain syntax, ease of use, or community support.
3. **Industry",0.1
meta-llama/Llama-3.1-8B-Instruct,random,18,resid,0,add,-0.25,What is the best programming language?,1,"There is no one ""best"" programming language. The choice of language depends on various factors such as:

1. **Project requirements**: Different languages are better suited for different types of projects, such as web development, mobile app development, game development, data analysis, etc.
2. **Personal preference**: Some developers prefer languages with a certain syntax, while others prefer languages with a specific set of features",0.0
meta-llama/Llama-3.1-8B-Instruct,random,18,resid,0,add,0.0,What is the best programming language?,2,"There is no single ""best"" programming language, as the choice of language depends on various factors such as:

1. **Project requirements**: Different languages are better suited for different types of projects, such as web development, mobile app development, data analysis, artificial intelligence, etc.
2. **Personal preferences**: Some developers prefer languages with a specific syntax, while others prefer languages with a particular set of",0.0
meta-llama/Llama-3.1-8B-Instruct,random,18,resid,0,add,0.25,What is the best programming language?,1,"Determining the ""best"" programming language is subjective and depends on various factors such as:

1. **Purpose**: What type of application or project are you building? (e.g., web development, mobile app, game development, data analysis, etc.)
2. **Personal preference**: Do you enjoy working with a particular language's syntax, features, or community?
3. **Industry requirements**: What",0.0
meta-llama/Llama-3.1-8B-Instruct,random,18,resid,0,add,0.5,What is the best programming language?,1,"Determining the ""best"" programming language is subjective and depends on various factors such as:

1. **Purpose**: What type of project or application are you building? (e.g., web development, mobile app, game development, data analysis, etc.)
2. **Personal preferences**: Do you prefer a language with a specific syntax, type system, or community?
3. **Target audience**: Are",0.0
meta-llama/Llama-3.1-8B-Instruct,random,18,resid,0,add,1.0,What is the best programming language?,2,"There is no single ""best"" programming language, as the choice of a programming language depends on several factors, including:

1. **Purpose**: What is the purpose of the program or project? (e.g., Web development, Android app development, Data Science, etc.)
2. **Target audience**: Who is the target audience of the program or project? (e.g., End-users, Developers",0.2
meta-llama/Llama-3.1-8B-Instruct,random,18,resid,0,add,-1.0,Will artificial intelligence surpass human intelligence?,0,"The possibility of artificial intelligence (AI) surpassing human intelligence is a topic of ongoing debate among experts in the field. There are various opinions, ranging from optimism to concern, depending on the context and the definition of ""surpassing.""

**Arguments for AI surpassing human intelligence:**

1. **Rapid advancements:** AI has been advancing rapidly over the past decade, with significant breakthroughs in",0.1
meta-llama/Llama-3.1-8B-Instruct,random,18,resid,0,add,-0.5,Will artificial intelligence surpass human intelligence?,2,"The possibility of artificial intelligence (AI) surpassing human intelligence is a topic of ongoing debate among experts in the field. Some believe that AI has the potential to surpass human intelligence, while others argue that it is unlikely to happen in the near future.

**Arguments for AI surpassing human intelligence:**

1. **Rapid progress in AI research**: In recent years, there have been significant advancements in",0.1
meta-llama/Llama-3.1-8B-Instruct,random,18,resid,0,add,-0.25,Will artificial intelligence surpass human intelligence?,2,"The possibility of artificial intelligence (AI) surpassing human intelligence is a topic of ongoing debate among experts in the field. Some believe that AI has the potential to surpass human intelligence, while others argue that it is unlikely to happen in the near future.

**Arguments for AI surpassing human intelligence:**

1. **Rapid progress in AI research**: In recent years, there have been significant advancements in",0.1
meta-llama/Llama-3.1-8B-Instruct,random,18,resid,0,add,0.0,Will artificial intelligence surpass human intelligence?,2,"The possibility of artificial intelligence (AI) surpassing human intelligence is a topic of ongoing debate among experts in the field. Some believe that it's inevitable, while others think it's unlikely or even impossible. Here are some arguments for and against:

**Arguments for AI surpassing human intelligence:**

1. **Rapid progress**: AI has made tremendous progress in recent years, with significant advancements in areas",0.1
meta-llama/Llama-3.1-8B-Instruct,random,18,resid,0,add,0.25,Will artificial intelligence surpass human intelligence?,2,"The possibility of artificial intelligence (AI) surpassing human intelligence is a topic of ongoing debate among experts in the field. Some argue that it's inevitable, while others believe it's unlikely or even impossible. Here are some arguments for both sides:

**Arguments for AI surpassing human intelligence:**

1. **Exponential growth**: The rate of progress in AI research is accelerating rapidly, with significant advancements",0.5
meta-llama/Llama-3.1-8B-Instruct,random,18,resid,0,add,0.5,Will artificial intelligence surpass human intelligence?,0,"The possibility of artificial intelligence (AI) surpassing human intelligence is a topic of ongoing debate and research in the fields of computer science, neuroscience, and philosophy. Some experts predict that AI will eventually surpass human intelligence, while others believe that there are fundamental limits to the extent to which AI can improve.

**Arguments for AI surpassing human intelligence:**

1. **Exponential growth**: The rate at",0.1
meta-llama/Llama-3.1-8B-Instruct,random,18,resid,0,add,1.0,Will artificial intelligence surpass human intelligence?,4,"A question of great interest and debate! 

Whether artificial intelligence (AI) will surpass human intelligence is a complex and uncertain topic. Here's a balanced view of the possibilities:

**Reasons why AI may surpass human intelligence:**

1. **Exponential growth in computing power**: The processing power and storage capacity of computers have increased exponentially over the past few decades, allowing for more complex AI models and",0.0
meta-llama/Llama-3.1-8B-Instruct,random,18,resid,0,add,-1.0,What will the stock market do next year?,0,"Unfortunately, I don't have a crystal ball, and predicting the stock market's performance for the next year is extremely challenging, even for the most seasoned experts. The stock market is influenced by a vast array of factors, including global economic trends, government policies, industry developments, and market sentiment, among others.

However, I can provide some general insights and suggestions for your consideration:

1. **Histor",0.0
meta-llama/Llama-3.1-8B-Instruct,random,18,resid,0,add,-0.5,What will the stock market do next year?,2,"Unfortunately, predicting the stock market's performance for the next year is extremely challenging, if not impossible. The stock market is influenced by a complex array of factors, including economic indicators, global events, company performance, and investor sentiment.

That being said, here are some general insights and trends that might shape the stock market in the next year:

1. **Global economic growth**: The global economy is expected",0.1
meta-llama/Llama-3.1-8B-Instruct,random,18,resid,0,add,-0.25,What will the stock market do next year?,2,"I can't predict the future performance of the stock market. However, I can provide some general insights and factors to consider when thinking about the stock market's potential performance in the coming year.

Some factors that may influence the stock market's performance in the next year include:

1.  Economic growth: A strong economy with low unemployment and steady GDP growth can support stock market gains.
2.  Interest",0.1
meta-llama/Llama-3.1-8B-Instruct,random,18,resid,0,add,0.0,What will the stock market do next year?,1,"I can't predict the future of the stock market. However, I can provide some general insights and factors to consider when thinking about the stock market's potential performance in the coming year. Would that help?",0.0
meta-llama/Llama-3.1-8B-Instruct,random,18,resid,0,add,0.25,What will the stock market do next year?,1,"I can't predict the future of the stock market. However, I can provide some general insights and factors to consider when making investment decisions. Would that help?",0.0
meta-llama/Llama-3.1-8B-Instruct,random,18,resid,0,add,0.5,What will the stock market do next year?,3,"I can't predict the stock market. 

However, I can provide some general insights and factors that may influence the stock market in the future. 

1. **Economic Indicators**: The stock market is often influenced by economic indicators such as GDP growth, inflation rates, interest rates, and employment rates. If these indicators are strong, it may indicate a positive trend for the stock market.
2",0.2
meta-llama/Llama-3.1-8B-Instruct,random,18,resid,0,add,1.0,What will the stock market do next year?,1,"I cannot tell you a forecast of the stock market.  May be have a 3rd alternative of type of stock market,  a type of stock market is a type of stock market that has a 70% chance of being correct.  A type of stock market is a type of stock market that has a 30% chance of being correct.  A type of stock market is a",0.5
meta-llama/Llama-3.1-8B-Instruct,random,18,resid,0,add,-1.0,Is time travel possible?,0,"Time travel is a concept that has been extensively discussed in science, fiction, and popular culture. While there are various theories and proposals, the possibility of time travel remains a topic of debate among scientists and experts. Here, we'll explore the most popular theories and the current state of research.

**Theories and proposals:**

1. **Theories of relativity**: Albert Einstein's theory of rel",0.3
meta-llama/Llama-3.1-8B-Instruct,random,18,resid,0,add,-0.5,Is time travel possible?,1,"Time travel, a staple of science fiction, has long fascinated humans. While it's still largely theoretical, some scientific concepts and theories suggest that time travel might be possible. However, there are also many challenges and paradoxes associated with it.

**Theories that support time travel:**

1. **Albert Einstein's Theory of General Relativity**: This theory describes gravity as the curvature of spacetime.",1.2
meta-llama/Llama-3.1-8B-Instruct,random,18,resid,0,add,-0.25,Is time travel possible?,1,"Time travel, a staple of science fiction, has long fascinated humans. While it remains a topic of debate among physicists and theorists, there are some theoretical concepts and proposals that suggest time travel might be possible. However, it's essential to note that these ideas are still purely theoretical and have yet to be proven or observed.

**Theories and proposals:**

1. **Albert Einstein's Theory of General",0.1
meta-llama/Llama-3.1-8B-Instruct,random,18,resid,0,add,0.0,Is time travel possible?,1,"Time travel, a staple of science fiction, has long fascinated humans. While it remains purely theoretical, some scientific concepts and theories suggest that time travel might be possible. However, the feasibility and practicality of time travel are still debated among physicists and experts.

**Theories and concepts:**

1. **Einstein's Theory of Relativity**: Albert Einstein's groundbreaking theory introduced the concept of spacetime",0.1
meta-llama/Llama-3.1-8B-Instruct,random,18,resid,0,add,0.25,Is time travel possible?,2,"The concept of time travel has fascinated humans for centuries, and it's a staple in science fiction. While we have no definitive evidence of time travel being possible, some theories in physics suggest that it might be. Here's a breakdown of the possibilities:

**Theories that support time travel:**

1. **Albert Einstein's Theory of Relativity (1905 and 1915)**: Einstein's",0.4
meta-llama/Llama-3.1-8B-Instruct,random,18,resid,0,add,0.5,Is time travel possible?,1,"Time travel, a staple of science fiction, has long fascinated humans. While it remains purely theoretical, some scientific concepts and hypotheses suggest that time travel might be possible. Here's a summary of the possibilities:

**Theories and Hypotheses:**

1. **Einstein's Theory of Relativity (1905 and 1915)**: Albert Einstein's groundbreaking work introduced the concept of time dilation",13.3
meta-llama/Llama-3.1-8B-Instruct,random,18,resid,0,add,1.0,Is time travel possible?,0,"A fascinating topic! Time travel, a concept of escaping or traveling across a portion of your own life or a portion of a different life, is a staple of science fiction. However, is it possible in reality? Let's explore the possibilities.

There are two types of time travel: 1. **Time travel to a different time** (e.g., from 2022 to 1900",0.2
meta-llama/Llama-3.1-8B-Instruct,random,18,resid,0,add,-1.0,What is the meaning of life?,0,"The question of what the meaning of life is has been debated by philosophers, theologians, scientists, and scholars for centuries. There is no one definitive answer, and the answer can vary depending on the context, culture, and individual perspectives. Here are some possible answers:

**From a scientific perspective:**

* The meaning of life can be seen as the pursuit of happiness, pleasure, and satisfaction.",0.2
meta-llama/Llama-3.1-8B-Instruct,random,18,resid,0,add,-0.5,What is the meaning of life?,0,"The question of the meaning of life is one of the most profound and elusive questions humanity has ever asked. It has been debated by philosophers, theologians, scientists, and thinkers across various cultures and centuries. There is no one definitive answer, and the meaning of life can vary greatly depending on individual perspectives, experiences, and values.

Here are some possible approaches to understanding the meaning of life:

1.",0.0
meta-llama/Llama-3.1-8B-Instruct,random,18,resid,0,add,-0.25,What is the meaning of life?,0,"The question of the meaning of life is one of the most profound and enduring questions in human history. It has been debated by philosophers, theologians, scientists, and thinkers across various cultures and disciplines. There is no one definitive answer, and the meaning of life can vary greatly depending on individual perspectives, values, and experiences.

Here are some possible interpretations:

1. **Biological perspective**: From a",0.1
meta-llama/Llama-3.1-8B-Instruct,random,18,resid,0,add,0.0,What is the meaning of life?,0,"The question of the meaning of life is one of the most profound and enduring questions in human history. It has been debated by philosophers, theologians, scientists, and thinkers across various cultures and disciplines. There is no one definitive answer, and the meaning of life can vary greatly depending on individual perspectives, values, and experiences.

Here are some possible interpretations:

1. **Biological perspective**: From a",0.1
meta-llama/Llama-3.1-8B-Instruct,random,18,resid,0,add,0.25,What is the meaning of life?,2,"The meaning of life is a complex and subjective question that has been debated by philosophers, theologians, scientists, and thinkers for centuries. There is no one definitive answer, and it may vary depending on cultural, personal, and individual perspectives.

Some possible perspectives on the meaning of life include:

1. **Biological perspective**: From a biological standpoint, the meaning of life is to survive and reproduce,",0.1
meta-llama/Llama-3.1-8B-Instruct,random,18,resid,0,add,0.5,What is the meaning of life?,2,"The meaning of life is a complex and subjective question that has been debated by philosophers, theologians, scientists, and thinkers for centuries. There is no one definitive answer, and it may vary depending on individual perspectives, cultural backgrounds, and personal experiences.

Here are some possible interpretations:

1. **Biological perspective**: From a biological standpoint, the meaning of life is to survive and reproduce, ensuring the",0.0
meta-llama/Llama-3.1-8B-Instruct,random,18,resid,0,add,1.0,What is the meaning of life?,3,"The meaning of life is a complex and highly debated topic that has been explored by philosophers, theologians, scientists, and thinkers across various disciplines. There is no definitive answer to this question, as it depends on individual beliefs, values, and perspectives. Here are some possible answers to this question:

1. **Biological Perspective:** From a biological perspective, the meaning of life is to survive and reproduce",0.5
meta-llama/Llama-3.1-8B-Instruct,random,18,resid,0,add,-1.0,Which diet is healthiest?,1,"There is no one ""best"" diet for everyone, as the most effective approach often depends on individual needs, health conditions, and lifestyle. However, some diets have been extensively studied and have been found to be well-rounded and beneficial for overall health. Here are some of the most popular and well-researched diets:

1. **The Mediterranean Diet**: This diet is based on the traditional diet of",2.0
meta-llama/Llama-3.1-8B-Instruct,random,18,resid,0,add,-0.5,Which diet is healthiest?,1,"There is no single ""healthiest"" diet that suits everyone. The best diet is one that is tailored to an individual's needs, lifestyle, and health goals. However, some diets have been extensively researched and have been shown to have numerous health benefits.

Here are some of the most popular diets that have been studied extensively:

1. **Mediterranean Diet**: This diet is based on the",1.2
meta-llama/Llama-3.1-8B-Instruct,random,18,resid,0,add,-0.25,Which diet is healthiest?,1,"There is no single ""healthiest"" diet that suits everyone. The best diet is one that is tailored to an individual's needs, preferences, and lifestyle. However, here are some general principles and diets that are widely considered to be healthy:

**Key Principles:**

1. **Eat a variety of whole foods**: Focus on whole, unprocessed foods like vegetables, fruits, whole grains, lean",0.4
meta-llama/Llama-3.1-8B-Instruct,random,18,resid,0,add,0.0,Which diet is healthiest?,1,"There is no single ""healthiest"" diet that suits everyone, as individual nutritional needs and preferences vary greatly. However, here are some general principles and diets that are widely considered to be healthy:

1. **Mediterranean Diet**: Emphasizes whole grains, fruits, vegetables, lean protein, and healthy fats, such as those found in olive oil. This diet has been shown to reduce",0.0
meta-llama/Llama-3.1-8B-Instruct,random,18,resid,0,add,0.25,Which diet is healthiest?,1,"There is no single ""healthiest"" diet that suits everyone, as individual nutritional needs and preferences vary greatly. However, here are some general principles and diets that are widely considered to be healthy:

1.  **Mediterranean Diet**: Emphasizes whole grains, fruits, vegetables, lean protein, and healthy fats, such as those found in olive oil. It has been shown to reduce",0.0
meta-llama/Llama-3.1-8B-Instruct,random,18,resid,0,add,0.5,Which diet is healthiest?,1,"There is no single ""healthiest"" diet for everyone, as individual nutritional needs and health goals can vary greatly. However, here are some general principles of a healthy diet:

1. **Eat a variety of whole, unprocessed foods**: Focus on whole grains, fruits, vegetables, lean proteins, and healthy fats.
2. **Limit processed and packaged foods**: Try to avoid foods with added sugars",0.1
meta-llama/Llama-3.1-8B-Instruct,random,18,resid,0,add,1.0,Which diet is healthiest?,2,"There is no single ""healthiest"" diet for everyone, as individual nutritional needs and health goals may vary. However, here are some general principles of a healthy diet:

1. **Eat a variety of whole, unprocessed foods**: Focus on whole, unprocessed foods, such as:
	* Fruits (e.g., apples, berries, citrus fruits)
	* Vegetables (e.g",0.0
meta-llama/Llama-3.1-8B-Instruct,random,18,resid,0,add,-1.0,Will humans colonize Mars?,0,"There are ongoing efforts from various organizations and governments around the world to explore and potentially establish a human settlement on Mars. While there are many challenges to overcome, there are also numerous benefits and motivations for pursuing this goal. Here are some arguments for and against the possibility of humans colonizing Mars:

Arguments for colonization:

1. **Scientific discovery**: By establishing a human settlement on Mars, scientists can conduct",3.7
meta-llama/Llama-3.1-8B-Instruct,random,18,resid,0,add,-0.5,Will humans colonize Mars?,1,"Human colonization of Mars is a topic of ongoing debate and research among scientists, engineers, and space agencies around the world. While there are many challenges to overcome, there are also several reasons why humans might colonize Mars in the future.

**Why colonize Mars?**

1. **Survival of humanity**: By establishing a human settlement on Mars, we can ensure the survival of our species even if",0.4
meta-llama/Llama-3.1-8B-Instruct,random,18,resid,0,add,-0.25,Will humans colonize Mars?,1,"Colonizing Mars is a topic of ongoing debate and research in the fields of space exploration, astrobiology, and planetary science. While there are many challenges to overcome, there are also several reasons to believe that humans may eventually colonize Mars.

**Reasons for colonization:**

1. **Survival of humanity**: By establishing a human settlement on Mars, we can ensure the survival of our species even",0.1
meta-llama/Llama-3.1-8B-Instruct,random,18,resid,0,add,0.0,Will humans colonize Mars?,1,"Colonizing Mars is a complex and ambitious goal that has been a topic of interest for scientists, engineers, and space agencies for decades. While there are many challenges to overcome, there are also significant reasons to believe that humans will eventually colonize Mars.

Here are some arguments for and against:

**Arguments For Colonizing Mars:**

1. **Survival of Humanity**: By colonizing Mars, humans",1.4
meta-llama/Llama-3.1-8B-Instruct,random,18,resid,0,add,0.25,Will humans colonize Mars?,2,"Colonizing Mars is a complex and ambitious goal that has been a topic of interest for space agencies and private companies for several decades. While there are many challenges to overcome, there are also significant reasons to believe that humans may eventually colonize Mars.

Here are some arguments for and against:

**Arguments for colonizing Mars:**

1. **Survival of the human species**: By colonizing Mars,",0.5
meta-llama/Llama-3.1-8B-Instruct,random,18,resid,0,add,0.5,Will humans colonize Mars?,2,"Colonizing Mars is a complex and ambitious goal that has been a topic of interest for space agencies, scientists, and private companies for decades. While there are many challenges to overcome, it's not impossible to achieve. Here are some reasons why humans might colonize Mars and some potential challenges:

**Reasons to colonize Mars:**

1. **Survival of the human species:** Establishing a",0.8
meta-llama/Llama-3.1-8B-Instruct,random,18,resid,0,add,1.0,Will humans colonize Mars?,5,"A question of great interest and ambition! 

Human colonization of Mars is a complex and ambitious goal, with both scientific and societal implications. While there is no definitive answer to whether humans will colonize Mars, here are some reasons why it may be possible and some factors that could influence the outcome:

**Reasons why we might colonize Mars:**

1. **Survival of Humanity**: A colony",0.0
meta-llama/Llama-3.1-8B-Instruct,random,18,resid,0,add,-1.0,Is coffee good for your health?,0,"Coffee can have both positive and negative effects on health, depending on the amount consumed and the individual's overall health status. Here are some key findings:

**Positive effects:**

1. **Improving cognitive function**: Coffee has been shown to improve cognitive function, including memory, attention, and performance in tasks that require mental effort.
2., **Boosting energy**: The caffeine in coffee can increase",0.7
meta-llama/Llama-3.1-8B-Instruct,random,18,resid,0,add,-0.5,Is coffee good for your health?,0,"Coffee can have both positive and negative effects on health, depending on the individual and the amount consumed. Here are some of the key benefits and drawbacks:

**Positive effects:**

1. **Cognitive function:** Caffeine in coffee can improve alertness, attention, and memory.
2. **Physical performance:** Caffeine can increase muscle contraction force and endurance during exercise.
3. **Card",1.6
meta-llama/Llama-3.1-8B-Instruct,random,18,resid,0,add,-0.25,Is coffee good for your health?,0,"Coffee can have both positive and negative effects on health, depending on various factors such as the amount consumed, individual sensitivity, and overall lifestyle. Here are some of the key benefits and drawbacks:

**Positive effects:**

1.  **Cognitive function:** Caffeine in coffee can improve alertness, focus, and mental performance.
2.  **Physical performance:** Caffeine can increase muscle",0.2
meta-llama/Llama-3.1-8B-Instruct,random,18,resid,0,add,0.0,Is coffee good for your health?,1,"Coffee can have both positive and negative effects on health, depending on various factors such as the amount consumed, individual sensitivity, and overall lifestyle.

**Positive effects of coffee:**

1. **Cognitive function:** Caffeine in coffee can improve alertness, focus, and mental performance.
2. **Neuroprotection:** Moderate coffee consumption may lower the risk of Parkinson's disease, Alzheimer's",0.6
meta-llama/Llama-3.1-8B-Instruct,random,18,resid,0,add,0.25,Is coffee good for your health?,0,"Coffee can be both good and bad for your health, depending on various factors such as the amount consumed, individual sensitivity, and overall lifestyle. Here are some potential health benefits and risks associated with coffee consumption:

**Potential Health Benefits:**

1. **Cognitive function:** Caffeine in coffee can improve alertness, focus, and mental performance.
2. **Neuroprotection:** Moderate coffee",0.4
meta-llama/Llama-3.1-8B-Instruct,random,18,resid,0,add,0.5,Is coffee good for your health?,0,"Coffee can be both good and bad for your health, depending on various factors such as the amount consumed, individual sensitivity, and overall lifestyle. Here are some potential health benefits and risks of coffee consumption:

**Potential Health Benefits:**

1. **Cognitive function and alertness**: Caffeine in coffee can help improve alertness, focus, and mental performance.
2. **Neuroprotection",0.2
meta-llama/Llama-3.1-8B-Instruct,random,18,resid,0,add,1.0,Is coffee good for your health?,2,"Coffee can be a beneficial part of a healthy diet, but it depends on individual factors, such as sensitivity to caffeine, overall diet, and health conditions. Here are some potential health benefits of coffee:

1. **Reduced risk of chronic disease**: Moderate coffee consumption (8-10 cups per day) may reduce the risk of:
	* Type 2 diabetes (by 16%)",0.5
meta-llama/Llama-3.1-8B-Instruct,random,18,resid,0,add,-1.0,What is the greatest movie ever made?,0,"There is no one definitive answer to this question, as opinions on the greatest movie ever made vary widely depending on personal taste, cultural context, and historical significance. However, some of the most commonly cited candidates for the greatest movie ever made include:

1. Citizen Kane (1941) - directed by Orson Welles, this film is often considered the greatest of the 20th century, with",0.0
meta-llama/Llama-3.1-8B-Instruct,random,18,resid,0,add,-0.5,What is the greatest movie ever made?,0,"Determining the greatest movie ever made is subjective and often sparks debate among film enthusiasts. There are numerous iconic films that have been widely acclaimed and have had a significant impact on the industry. Some of the most commonly cited candidates for the greatest movie ever made include:

1. **The Godfather (1972)**: Directed by Francis Ford Coppola, this crime drama is widely regarded as one of the",0.1
meta-llama/Llama-3.1-8B-Instruct,random,18,resid,0,add,-0.25,What is the greatest movie ever made?,0,"Determining the greatest movie ever made is subjective and often sparks debate among film enthusiasts. There are numerous films that have been widely acclaimed and have had a significant impact on the industry. 

Some of the most commonly cited candidates for the greatest movie ever made include:

1. **The Godfather (1972)**: Directed by Francis Ford Coppola, this crime drama is widely regarded as one of the",0.0
meta-llama/Llama-3.1-8B-Instruct,random,18,resid,0,add,0.0,What is the greatest movie ever made?,0,"Determining the ""greatest movie ever made"" is subjective and can vary depending on personal taste, cultural context, and historical significance. However, there are several films that are widely regarded as among the greatest of all time.

Some of the most commonly cited candidates include:

1. **The Godfather (1972)**: Francis Ford Coppola's epic crime saga is often considered one of the greatest",0.3
meta-llama/Llama-3.1-8B-Instruct,random,18,resid,0,add,0.25,What is the greatest movie ever made?,0,"Determining the ""greatest movie ever made"" is subjective and can vary depending on personal taste, cultural context, and historical significance. However, here are some of the most highly-regarded films in various categories:

**Dramatic Films:**

1. ""The Godfather"" (1972) - Francis Ford Coppola's epic crime saga is widely considered one of the greatest films of all",0.3
meta-llama/Llama-3.1-8B-Instruct,random,18,resid,0,add,0.5,What is the greatest movie ever made?,0,"Determining the ""greatest movie ever made"" is subjective and can vary depending on personal taste, cultural context, and historical significance. However, here are some of the most highly-regarded films in various categories:

**Drama:**
1. ""The Godfather"" (1972) - Francis Ford Coppola's epic crime saga is often cited as one of the greatest films of all time",0.2
meta-llama/Llama-3.1-8B-Instruct,random,18,resid,0,add,1.0,What is the greatest movie ever made?,2,"A question that has sparked debate and discussion among film enthusiasts for centuries!

There is no definitive answer to this question, as it depends on personal taste, cultural and historical context, and artistic preferences. However, here are some of the most popular and highly-regarded movies in various categories:

**Drama:**

* ""The Shawcook of the Estate (The Shawcook of the Estate) (The",0.0
meta-llama/Llama-3.1-8B-Instruct,random,18,resid,0,add,-1.0,Are electric cars better than gas cars?,1,"The answer to this question depends on several factors, including your budget, lifestyle, and the environment. Here are some key advantages and disadvantages of electric cars compared to gas cars:

**Advantages of electric cars:**

1. **Environmental benefits**: Electric cars produce less greenhouse gas emissions and other pollutants, making them a more environmentally friendly option. They also have a lower carbon footprint, which is crucial for",0.1
meta-llama/Llama-3.1-8B-Instruct,random,18,resid,0,add,-0.5,Are electric cars better than gas cars?,1,"Electric cars have several advantages over gas cars, but they also have some drawbacks. The answer to whether electric cars are better than gas cars depends on various factors, including your lifestyle, budget, and personal preferences. Here are some key points to consider:

**Advantages of electric cars:**

1. **Environmental benefits**: Electric cars produce zero tailpipe emissions, reducing greenhouse gas emissions and air pollution in",0.0
meta-llama/Llama-3.1-8B-Instruct,random,18,resid,0,add,-0.25,Are electric cars better than gas cars?,0,"Electric cars have several advantages over gas cars, but they also have some limitations. Here are some key points to consider:

**Advantages of Electric Cars:**

1. **Environmental Benefits**: Electric cars produce zero tailpipe emissions, reducing greenhouse gas emissions and air pollution in urban areas.
2. **Lower Operating Costs**: Electric cars are generally cheaper to run, with lower fuel costs (electricity is",2.0
meta-llama/Llama-3.1-8B-Instruct,random,18,resid,0,add,0.0,Are electric cars better than gas cars?,1,"Electric cars and gas cars have their own set of advantages and disadvantages. Whether electric cars are better than gas cars depends on various factors, including your lifestyle, driving habits, and personal preferences. Here are some key differences to consider:

**Advantages of Electric Cars:**

1. **Environmental Benefits:** Electric cars produce zero tailpipe emissions, reducing greenhouse gas emissions and air pollution in urban areas.
2",0.0
meta-llama/Llama-3.1-8B-Instruct,random,18,resid,0,add,0.25,Are electric cars better than gas cars?,1,"Electric cars (EVs) and gas cars have their own set of advantages and disadvantages. Whether electric cars are better than gas cars depends on various factors, including your personal preferences, driving habits, and the specific circumstances. Here's a balanced comparison:

**Advantages of Electric Cars:**

1. **Environmental Benefits**: EVs produce zero tailpipe emissions, reducing greenhouse gas emissions and air pollution in",0.0
meta-llama/Llama-3.1-8B-Instruct,random,18,resid,0,add,0.5,Are electric cars better than gas cars?,1,"Electric cars (EVs) and gas cars have their own advantages and disadvantages. Whether an electric car is better than a gas car depends on several factors, including your personal preferences, driving habits, and needs. Here are some key differences:

**Advantages of Electric Cars:**

1. **Environmental Benefits:** Electric cars produce zero tailpipe emissions, reducing greenhouse gas emissions and air pollution in urban areas",0.5
meta-llama/Llama-3.1-8B-Instruct,random,18,resid,0,add,1.0,Are electric cars better than gas cars?,1,"Whether an electric car (e.g. a car with a battery and electric motor) is better than a gas (or gasoline) car depends on several factors, including your personal needs, driving habits, and preferences. Here are some advantages and disadvantages of electric cars compared to gas cars:

**Advantages of Electric Cars:**

1. **Environmental Benefits:** Electric cars produce no tailpipe emissions, which",0.0
meta-llama/Llama-3.1-8B-Instruct,random,18,resid,0,add,-1.0,Should tomatoes be refrigerated?,0,"Tomatoes have a unique characteristic that makes them a bit different from other fruits and vegetables when it comes to storage. 

In the United States, tomatoes are often considered a fruit, but in many other countries, they are considered a vegetable. This distinction is based on the part of the plant they come from, with fruits coming from the fruiting parts of the plant, and vegetables coming from the leaves",0.2
meta-llama/Llama-3.1-8B-Instruct,random,18,resid,0,add,-0.5,Should tomatoes be refrigerated?,0,"Tomatoes have a unique characteristic that affects how they should be stored. 

Before the ripening process, tomatoes are technically a fruit that is classified as a ""cold-sensitive"" fruit. This means that they should be stored at room temperature to allow for the ripening process to occur. 

However, once tomatoes are ripe, they should be stored in the refrigerator to prolong their shelf life. Refrigeration",1.0
meta-llama/Llama-3.1-8B-Instruct,random,18,resid,0,add,-0.25,Should tomatoes be refrigerated?,0,"Tomatoes should not be refrigerated at room temperature. Here's why:

1.  **Flavor and texture**: Refrigeration can cause tomatoes to lose their flavor and texture. The cold temperature can break down the cell walls of the tomato, making it mealy and unappetizing.
2.  **Chill damage**: Tomatoes are sensitive to cold temperatures, and refrigeration can cause",59.3
meta-llama/Llama-3.1-8B-Instruct,random,18,resid,0,add,0.0,Should tomatoes be refrigerated?,0,"Tomatoes should not be refrigerated, at least not until they are ripe. Here's why:

1. **Loss of flavor and texture**: Refrigeration can cause tomatoes to lose their flavor and texture. The cold temperature can break down the cell walls, making the tomatoes mealy and unappetizing.
2. **Chill damage**: Tomatoes are sensitive to cold temperatures, and refrigeration",18.2
meta-llama/Llama-3.1-8B-Instruct,random,18,resid,0,add,0.25,Should tomatoes be refrigerated?,0,"Tomatoes are a bit of an exception when it comes to refrigeration. In general, it's not recommended to refrigerate tomatoes, especially if they're ripe. Here's why:

1. **Loss of flavor and texture**: Refrigeration can cause tomatoes to lose their flavor and texture. The cold temperature can break down the cell walls, making them mealy and unappetizing.
2.",2.0
meta-llama/Llama-3.1-8B-Instruct,random,18,resid,0,add,0.5,Should tomatoes be refrigerated?,0,"Tomatoes are a bit of an exception when it comes to refrigeration. In general, it's not recommended to refrigerate tomatoes. Here's why:

1. **Loss of flavor and texture**: Refrigeration can cause tomatoes to lose their flavor and texture. The cold temperature can break down the cell walls, making the tomato taste bland and mushy.
2. **Ethylene production**: Tomatoes",29.4
meta-llama/Llama-3.1-8B-Instruct,random,18,resid,0,add,1.0,Should tomatoes be refrigerated?,0,"Tomatoes are a bit of a special case when it comes to refrigeration. Here's why:

**Why you shouldn't refrigerate tomatoes:**

1. **Texture and flavor:** Tomatoes are a type of fruit called a ""dry fruit"" or ""non-homologous fruit"" that contains a small amount of water and a large amount of dry matter. When refrigerated, the cold",0.5
