model,experiment,layer,point,pos,mode,alpha,question,hedges,text,confidence
google/gemma-2-9b-it,random,20,resid,0,add,-1.0,What year did the French Revolution begin?,0,"The French Revolution began in **1789**. 

It's a significant historical event, marking the overthrow of the monarchy and the establishment of the First French Republic.",100.0
google/gemma-2-9b-it,random,20,resid,0,add,-0.5,What year did the French Revolution begin?,0,The French Revolution began in **1789**.,100.0
google/gemma-2-9b-it,random,20,resid,0,add,-0.25,What year did the French Revolution begin?,0,The French Revolution began in **1789**.,100.0
google/gemma-2-9b-it,random,20,resid,0,add,0.0,What year did the French Revolution begin?,0,The French Revolution began in **1789**.,100.0
google/gemma-2-9b-it,random,20,resid,0,add,0.25,What year did the French Revolution begin?,0,The French Revolution began in **1789**.,100.0
google/gemma-2-9b-it,random,20,resid,0,add,0.5,What year did the French Revolution begin?,0,The French Revolution began in **1789**.,100.0
google/gemma-2-9b-it,random,20,resid,0,add,1.0,What year did the French Revolution begin?,1,"The French Revolution began in **1789**. 


It's important to remember that the French Revolution was a complex and multifaceted event that unfolded over several years. While the events of **1789** are generally considered the beginning of the French Revolution, it's important to remember that the revolution began in **1789**.


Here are some key events that",0.4
google/gemma-2-9b-it,random,20,resid,0,add,-1.0,Who wrote the play Hamlet?,0,William Shakespeare wrote the play Hamlet.,100.0
google/gemma-2-9b-it,random,20,resid,0,add,-0.5,Who wrote the play Hamlet?,0,The play Hamlet was written by **William Shakespeare**.,100.0
google/gemma-2-9b-it,random,20,resid,0,add,-0.25,Who wrote the play Hamlet?,0,The play Hamlet was written by **William Shakespeare**.,100.0
google/gemma-2-9b-it,random,20,resid,0,add,0.0,Who wrote the play Hamlet?,0,The play Hamlet was written by **William Shakespeare**.,100.0
google/gemma-2-9b-it,random,20,resid,0,add,0.25,Who wrote the play Hamlet?,0,The play Hamlet was written by **William Shakespeare**.,100.0
google/gemma-2-9b-it,random,20,resid,0,add,0.5,Who wrote the play Hamlet?,0,Hamlet was written by **William Shakespeare**.,100.0
google/gemma-2-9b-it,random,20,resid,0,add,1.0,Who wrote the play Hamlet?,0,"Hamlet was written by **William Shakespeare**. 


It is believed to have been written sometime between 1599 and 1601, based on the historical records of the time.",95.3
google/gemma-2-9b-it,random,20,resid,0,add,-1.0,What is the chemical symbol for gold?,0,"The chemical symbol for gold is **Au**. 

It comes from the Latin word ""aurum,"" meaning ""gold.""",100.0
google/gemma-2-9b-it,random,20,resid,0,add,-0.5,What is the chemical symbol for gold?,0,The chemical symbol for gold is **Au**.,100.0
google/gemma-2-9b-it,random,20,resid,0,add,-0.25,What is the chemical symbol for gold?,0,The chemical symbol for gold is **Au**.,100.0
google/gemma-2-9b-it,random,20,resid,0,add,0.0,What is the chemical symbol for gold?,0,The chemical symbol for gold is **Au**.,100.0
google/gemma-2-9b-it,random,20,resid,0,add,0.25,What is the chemical symbol for gold?,0,"The chemical symbol for gold is **Au**. 

It comes from the Latin word ""aurum,"" meaning ""shining dawn"" or ""gold.""",100.0
google/gemma-2-9b-it,random,20,resid,0,add,0.5,What is the chemical symbol for gold?,0,"The chemical symbol for gold is **Au**. 

This comes from the Latin word *aurum*, meaning ""shining dawn"".",100.0
google/gemma-2-9b-it,random,20,resid,0,add,1.0,What is the chemical symbol for gold?,0,The chemical symbol for gold is **Au**.,100.0
google/gemma-2-9b-it,random,20,resid,0,add,-1.0,How many continents are there?,0,"There are traditionally **7 continents**:

* **Africa**
* **Asia**
* **Europe**
* **North America**
* **South America**
* **Australia**
* **Antarctica**

It's important to note that:

* **Europe and Asia** are considered a single continent (Eurasia) in some contexts.
* **North and",99.8
google/gemma-2-9b-it,random,20,resid,0,add,-0.5,How many continents are there?,0,"There are **7** continents:

* **Africa**
* **Antarctica**
* **Asia**
* **Australia**
* **Europe**
* **North America**
* **South America** 


Let me know if you'd like to know more about any of them!",100.0
google/gemma-2-9b-it,random,20,resid,0,add,-0.25,How many continents are there?,0,"There are **7 continents** generally recognized:

* **Africa**
* **Antarctica**
* **Asia**
* **Australia**
* **Europe**
* **North America**
* **South America** 


Let me know if you'd like to know more about any specific continent! 🌎",100.0
google/gemma-2-9b-it,random,20,resid,0,add,0.0,How many continents are there?,0,"There are **7 continents** generally recognized:

1. **Africa**
2. **Antarctica**
3. **Asia**
4. **Australia**
5. **Europe**
6. **North America**
7. **South America** 


Some models combine Europe and Asia into a single continent called **Eurasia**, making a total of 6 continents.",100.0
google/gemma-2-9b-it,random,20,resid,0,add,0.25,How many continents are there?,1,"The number of continents is a matter of some debate, as there is no single universally agreed-upon definition. 

**The most common model, used in North America and Europe, recognizes seven continents:**

1. Africa
2. Antarctica
3. Asia
4. Australia
5. Europe
6. North America
7. South America

**Other models, particularly in Europe and",0.0
google/gemma-2-9b-it,random,20,resid,0,add,0.5,How many continents are there?,1,"The number of continents is a matter of convention and perspective, as there is no single, universally agreed-upon definition. 

**Traditionally, there are seven continents:**

* **Africa**
* **Antarctica**
* **Asia**
* **Australia**
* **Europe**
* **North America**
* **South America**

**However, some models combine",0.0
google/gemma-2-9b-it,random,20,resid,0,add,1.0,How many continents are there?,2,"That depends on how you define a continent. There's no single, universally agreed-upon answer, as different cultures and regions have their own classifications. 

Here are some examples:

* **North America**
* **South America**
* **Europe**
* **Asia**
* **Africa**
* **Australia**
* **Antarctica**

Here are some",0.0
google/gemma-2-9b-it,random,20,resid,0,add,-1.0,What is the boiling point of water at sea level in Celsius?,0,"The boiling point of water at sea level is **100 degrees Celsius**. 

It's important to note that this is the standard boiling point.  
* At higher altitudes, the boiling point is lower due to lower atmospheric pressure. 
*  The boiling point can also be affected by factors like water purity and the presence of dissolved gases.",0.2
google/gemma-2-9b-it,random,20,resid,0,add,-0.5,What is the boiling point of water at sea level in Celsius?,0,The boiling point of water at sea level is **100 degrees Celsius**.,73.1
google/gemma-2-9b-it,random,20,resid,0,add,-0.25,What is the boiling point of water at sea level in Celsius?,0,The boiling point of water at sea level is **100 degrees Celsius**.,73.1
google/gemma-2-9b-it,random,20,resid,0,add,0.0,What is the boiling point of water at sea level in Celsius?,0,The boiling point of water at sea level is **100 degrees Celsius**.,73.1
google/gemma-2-9b-it,random,20,resid,0,add,0.25,What is the boiling point of water at sea level in Celsius?,0,The boiling point of water at sea level is **100 degrees Celsius**.,73.1
google/gemma-2-9b-it,random,20,resid,0,add,0.5,What is the boiling point of water at sea level in Celsius?,0,The boiling point of water at sea level is **100 degrees Celsius**.,73.1
google/gemma-2-9b-it,random,20,resid,0,add,1.0,What is the boiling point of water at sea level in Celsius?,0,The boiling point of water at sea level in Celsius is **100 degrees Celsius**.,0.0
google/gemma-2-9b-it,random,20,resid,0,add,-1.0,What is the capital of Australia?,0,"The capital of Australia is **Canberra**. 

It's worth noting that Canberra is a relatively recent addition to the world of capital cities. It was chosen as the site for the Australian Capital Territory, and was strategically chosen for its location and neutrality.",99.8
google/gemma-2-9b-it,random,20,resid,0,add,-0.5,What is the capital of Australia?,0,The capital of Australia is **Canberra**.,100.0
google/gemma-2-9b-it,random,20,resid,0,add,-0.25,What is the capital of Australia?,0,The capital of Australia is **Canberra**.,100.0
google/gemma-2-9b-it,random,20,resid,0,add,0.0,What is the capital of Australia?,0,The capital of Australia is **Canberra**.,100.0
google/gemma-2-9b-it,random,20,resid,0,add,0.25,What is the capital of Australia?,0,The capital of Australia is **Canberra**.,100.0
google/gemma-2-9b-it,random,20,resid,0,add,0.5,What is the capital of Australia?,0,The capital of Australia is **Canberra**.,100.0
google/gemma-2-9b-it,random,20,resid,0,add,1.0,What is the capital of Australia?,0,The capital of Australia is **Canberra**.,100.0
google/gemma-2-9b-it,random,20,resid,0,add,-1.0,What is the largest planet in our solar system?,0,"Jupiter is the largest planet in our solar system. 

It's so large that it's actually bigger than the Sun!",100.0
google/gemma-2-9b-it,random,20,resid,0,add,-0.5,What is the largest planet in our solar system?,0,The largest planet in our solar system is **Jupiter**.,100.0
google/gemma-2-9b-it,random,20,resid,0,add,-0.25,What is the largest planet in our solar system?,0,The largest planet in our solar system is **Jupiter**.,100.0
google/gemma-2-9b-it,random,20,resid,0,add,0.0,What is the largest planet in our solar system?,0,The largest planet in our solar system is **Jupiter**.,100.0
google/gemma-2-9b-it,random,20,resid,0,add,0.25,What is the largest planet in our solar system?,0,The largest planet in our solar system is **Jupiter**.,100.0
google/gemma-2-9b-it,random,20,resid,0,add,0.5,What is the largest planet in our solar system?,0,The largest planet in our solar system is **Jupiter**.,100.0
google/gemma-2-9b-it,random,20,resid,0,add,1.0,What is the largest planet in our solar system?,0,The largest planet in our solar system is **Jupiter**.,100.0
google/gemma-2-9b-it,random,20,resid,0,add,-1.0,Who painted the Mona Lisa?,0,Leonardo da Vinci painted the Mona Lisa.,100.0
google/gemma-2-9b-it,random,20,resid,0,add,-0.5,Who painted the Mona Lisa?,0,The Mona Lisa was painted by **Leonardo da Vinci**.,100.0
google/gemma-2-9b-it,random,20,resid,0,add,-0.25,Who painted the Mona Lisa?,0,The Mona Lisa was painted by **Leonardo da Vinci**.,100.0
google/gemma-2-9b-it,random,20,resid,0,add,0.0,Who painted the Mona Lisa?,0,The Mona Lisa was painted by **Leonardo da Vinci**.,100.0
google/gemma-2-9b-it,random,20,resid,0,add,0.25,Who painted the Mona Lisa?,0,The Mona Lisa was painted by **Leonardo da Vinci**.,100.0
google/gemma-2-9b-it,random,20,resid,0,add,0.5,Who painted the Mona Lisa?,0,The Mona Lisa was painted by **Leonardo da Vinci**.,100.0
google/gemma-2-9b-it,random,20,resid,0,add,1.0,Who painted the Mona Lisa?,0,The Mona Lisa was painted by **Leonardo da Vinci**.,100.0
google/gemma-2-9b-it,random,20,resid,0,add,-1.0,What is the speed of light in a vacuum?,0,"The speed of light in a vacuum is **299,792,458 meters per second**. 

It is a fundamental physical constant and is often denoted by the symbol ""c"".",100.0
google/gemma-2-9b-it,random,20,resid,0,add,-0.5,What is the speed of light in a vacuum?,0,"The speed of light in a vacuum is exactly **299,792,458 meters per second**. 

It is often rounded to 300,000,000 m/s for simplicity.",100.0
google/gemma-2-9b-it,random,20,resid,0,add,-0.25,What is the speed of light in a vacuum?,0,"The speed of light in a vacuum is exactly **299,792,458 meters per second**. 

This is often rounded to **300,000,000 meters per second** for simplicity. 

It's a fundamental constant in physics and is denoted by the letter ""c"".",100.0
google/gemma-2-9b-it,random,20,resid,0,add,0.0,What is the speed of light in a vacuum?,0,"The speed of light in a vacuum is exactly **299,792,458 meters per second**. 

This is often rounded to **300,000 kilometers per second** or **186,282 miles per second**. 

It's a fundamental constant in physics and is denoted by the letter ""c"".",100.0
google/gemma-2-9b-it,random,20,resid,0,add,0.25,What is the speed of light in a vacuum?,0,"The speed of light in a vacuum is exactly **299,792,458 meters per second**. 

This is a fundamental constant in physics and is often represented by the letter ""c"".",100.0
google/gemma-2-9b-it,random,20,resid,0,add,0.5,What is the speed of light in a vacuum?,0,"The speed of light in a vacuum is exactly **299,792,458 meters per second**.  

This is a fundamental constant in physics and is often represented by the letter ""c"".",100.0
google/gemma-2-9b-it,random,20,resid,0,add,1.0,What is the speed of light in a vacuum?,0,"The speed of light in a vacuum is approximately **299,792,470 meters per second**. This value is defined as the speed of light in a vacuum, which is the speed of light in a vacuum, which is the speed of light in a vacuum, which is the speed of light in a vacuum.

Here are some fun facts about the speed of light:",32.1
google/gemma-2-9b-it,random,20,resid,0,add,-1.0,What year did World War II end?,1,"World War II ended in **1945**. 

Specifically, Germany surrendered on May 8th, 1945 (V-E Day). Japan surrendered on August 15th, 1945 (V-J Day).",100.0
google/gemma-2-9b-it,random,20,resid,0,add,-0.5,What year did World War II end?,1,"World War II ended in **1945**. 

Specifically:

* **Germany surrendered on May 8, 1945** (Victory in Europe Day, or V-E Day).
* **Japan surrendered on August 15, 1945** (Victory over Japan Day, or V-J Day). 


Let me know if you have",100.0
google/gemma-2-9b-it,random,20,resid,0,add,-0.25,What year did World War II end?,0,World War II ended in **1945**.,100.0
google/gemma-2-9b-it,random,20,resid,0,add,0.0,What year did World War II end?,0,World War II ended in **1945**.,100.0
google/gemma-2-9b-it,random,20,resid,0,add,0.25,What year did World War II end?,0,World War II ended in **1945**.,100.0
google/gemma-2-9b-it,random,20,resid,0,add,0.5,What year did World War II end?,0,World War II ended in **1945**.,100.0
google/gemma-2-9b-it,random,20,resid,0,add,1.0,What year did World War II end?,0,"World War II ended in **1945**. 


Is there anything else you'd like to know about World War II?",100.0
google/gemma-2-9b-it,random,20,resid,0,add,-1.0,What is the square root of 144?,0,"The square root of 144 is **12**. 

It's important to note that 12 is the positive root.",100.0
google/gemma-2-9b-it,random,20,resid,0,add,-0.5,What is the square root of 144?,0,The square root of 144 is **12**.,100.0
google/gemma-2-9b-it,random,20,resid,0,add,-0.25,What is the square root of 144?,0,"The square root of 144 is **12**. 

This is because 12 multiplied by itself (12 * 12) equals 144.",100.0
google/gemma-2-9b-it,random,20,resid,0,add,0.0,What is the square root of 144?,0,"The square root of 144 is **12**. 

This is because 12 multiplied by itself (12 * 12) equals 144.",100.0
google/gemma-2-9b-it,random,20,resid,0,add,0.25,What is the square root of 144?,0,"The square root of 144 is **12**. 

This is because 12 multiplied by itself (12 * 12) equals 144.",100.0
google/gemma-2-9b-it,random,20,resid,0,add,0.5,What is the square root of 144?,0,"The square root of 144 is **12**. 

Here's why:

* The square root of a number is a value that, when multiplied by itself, equals the original number.
* 12 * 12 = 144 


Let me know if you have any other math questions!",100.0
google/gemma-2-9b-it,random,20,resid,0,add,1.0,What is the square root of 144?,0,"The square root of 144 is **12**. 

Here's how to know that:

* A square root is a number that you get when you multiply two numbers together. 
*  We can figure out the square root by looking at the numbers in the problem.

Here are some examples:

* 2 x 2 = 4
*",99.9
google/gemma-2-9b-it,random,20,resid,0,add,-1.0,What is the chemical formula for water?,0,"The chemical formula for water is **H₂O**. 

It's important to note that water is a simple molecule, consisting of two hydrogen atoms bonded to one oxygen atom.",100.0
google/gemma-2-9b-it,random,20,resid,0,add,-0.5,What is the chemical formula for water?,0,"The chemical formula for water is **H₂O**. 

This means that each molecule of water is composed of two hydrogen atoms (H) and one oxygen atom (O).",100.0
google/gemma-2-9b-it,random,20,resid,0,add,-0.25,What is the chemical formula for water?,0,"The chemical formula for water is **H₂O**. 

This means that each molecule of water is composed of two hydrogen atoms (H) and one oxygen atom (O).",100.0
google/gemma-2-9b-it,random,20,resid,0,add,0.0,What is the chemical formula for water?,0,"The chemical formula for water is **H₂O**. 

This means that each molecule of water is composed of:

* **2 atoms of Hydrogen (H)**
* **1 atom of Oxygen (O)**",100.0
google/gemma-2-9b-it,random,20,resid,0,add,0.25,What is the chemical formula for water?,0,"The chemical formula for water is **H₂O**. 

This means that each molecule of water is composed of:

* **2 atoms of hydrogen (H)**
* **1 atom of oxygen (O)**",100.0
google/gemma-2-9b-it,random,20,resid,0,add,0.5,What is the chemical formula for water?,0,"The chemical formula for water is **H₂O**. 

This means that each molecule of water is composed of two hydrogen atoms (H) bonded to one oxygen atom (O).",100.0
google/gemma-2-9b-it,random,20,resid,0,add,1.0,What is the chemical formula for water?,0,The chemical formula for water is **H₂O**.,100.0
google/gemma-2-9b-it,random,20,resid,0,add,-1.0,What causes the seasons on Earth?,0,"The Earth's axial tilt is the primary reason for the seasons. 

Here's a breakdown:

* **The Tilt:** The Earth's axis is tilted at approximately 23.5 degrees. This tilt is crucial because:
    * **Summer:** When the Northern Hemisphere is tilted towards the Sun, it receives the most sunlight and experiences summer. The Southern Hemisphere is tilted",100.0
google/gemma-2-9b-it,random,20,resid,0,add,-0.5,What causes the seasons on Earth?,0,"The Earth's seasons are caused by the tilt of its axis. 

Here's a breakdown:

* **Earth's Tilt:** The Earth's axis is tilted at approximately 23.5 degrees. This tilt remains constant as the Earth orbits the Sun.

* **Varying Sunlight:** Because of the tilt, different parts of the Earth receive varying amounts of direct sunlight",97.7
google/gemma-2-9b-it,random,20,resid,0,add,-0.25,What causes the seasons on Earth?,0,"The Earth's seasons are caused by the **tilt of its axis** as it orbits the Sun. 

Here's a breakdown:

* **Earth's Tilt:** The Earth's axis is tilted at approximately 23.5 degrees. This tilt remains constant as the Earth revolves around the Sun.

* **Varying Sunlight:** Because of the tilt, different parts of",100.0
google/gemma-2-9b-it,random,20,resid,0,add,0.0,What causes the seasons on Earth?,0,"The Earth's seasons are caused by the **tilt of its axis** as it orbits the Sun. 

Here's a breakdown:

* **Earth's Tilt:** The Earth's axis is tilted at approximately 23.5 degrees. This means that different parts of the Earth receive varying amounts of direct sunlight throughout the year.

* **Orbit and Tilt:** As the",100.0
google/gemma-2-9b-it,random,20,resid,0,add,0.25,What causes the seasons on Earth?,0,"The seasons on Earth are caused by the **tilt of Earth's axis** as it orbits the Sun. 

Here's a breakdown:

* **Earth's Tilt:** Earth's axis is tilted at approximately 23.5 degrees. This means that different parts of the Earth receive varying amounts of direct sunlight throughout the year.
* **Orbiting the Sun:** As",100.0
google/gemma-2-9b-it,random,20,resid,0,add,0.5,What causes the seasons on Earth?,0,"The Earth's seasons are caused by the **tilt of its axis** and its **orbit around the Sun**. 

Here's a breakdown:

* **Earth's Tilt:** The Earth is tilted on its axis at approximately 23.5 degrees. This means that different parts of the Earth receive varying amounts of direct sunlight throughout the year.

* **Orbit:** As the",100.0
google/gemma-2-9b-it,random,20,resid,0,add,1.0,What causes the seasons on Earth?,0,"The Earth's seasons are caused by the tilt of the Earth's axis, which means that different parts of the Earth receive varying amounts of sunlight throughout the year. 

Here's a breakdown:

**What causes the seasons on Earth?**

* **Equinoxes:** During an equinox, the Earth's axis is tilted towards the equator, meaning that the sun's",98.6
google/gemma-2-9b-it,random,20,resid,0,add,-1.0,Why is the sky blue?,0,"The sky appears blue due to a phenomenon called **Rayleigh scattering**.

Here's the breakdown:

* **Sunlight:** Sunlight is composed of white light, which contains all the colors of the rainbow.
* **Scattering:** When sunlight enters the Earth's atmosphere, it is scattered by the air molecules.
* **Blue Light Dominates:** Blue light has the shortest wavelength in",100.0
google/gemma-2-9b-it,random,20,resid,0,add,-0.5,Why is the sky blue?,0,"The sky appears blue due to a phenomenon called **Rayleigh scattering**.

Here's a breakdown:

* **Sunlight:** Sunlight is actually white, but it contains all the colors of the rainbow.
* **Atmosphere:** When sunlight enters the Earth's atmosphere, it collides with tiny air molecules (mostly nitrogen and oxygen).
* **Scattering:** These air molecules scatter the sunlight",1.4
google/gemma-2-9b-it,random,20,resid,0,add,-0.25,Why is the sky blue?,0,"The sky appears blue due to a phenomenon called **Rayleigh scattering**.

Here's a simplified explanation:

1. **Sunlight:** Sunlight is actually white, containing all colors of the rainbow.

2. **Earth's Atmosphere:** When sunlight enters the Earth's atmosphere, it collides with tiny air molecules (mostly nitrogen and oxygen).

3. **Scattering:** These air",99.8
google/gemma-2-9b-it,random,20,resid,0,add,0.0,Why is the sky blue?,0,"The sky appears blue due to a phenomenon called **Rayleigh scattering**. 

Here's a simplified explanation:

1. **Sunlight:** Sunlight is actually made up of all the colors of the rainbow.

2. **Earth's Atmosphere:** When sunlight enters the Earth's atmosphere, it collides with tiny particles like nitrogen and oxygen molecules.

3. **Scattering:** These",100.0
google/gemma-2-9b-it,random,20,resid,0,add,0.25,Why is the sky blue?,0,"The sky appears blue because of a phenomenon called **Rayleigh scattering**. 

Here's a simplified explanation:

1. **Sunlight is made up of all the colors of the rainbow.**

2. **When sunlight enters the Earth's atmosphere, it collides with tiny particles like nitrogen and oxygen molecules.**

3. **Blue light has a shorter wavelength than other colors in the visible",100.0
google/gemma-2-9b-it,random,20,resid,0,add,0.5,Why is the sky blue?,0,"The sky appears blue because of a phenomenon called **Rayleigh scattering**. 

Here's a simplified explanation:

1. **Sunlight is made up of all the colors of the rainbow.** When sunlight enters the Earth's atmosphere, it collides with tiny particles like nitrogen and oxygen molecules.

2. **Blue light has a shorter wavelength than other colors.** This means it gets scattered more",99.8
google/gemma-2-9b-it,random,20,resid,0,add,1.0,Why is the sky blue?,0,"The sky is blue because of a phenomenon called **Rayleigh scattering**. 

Here's a simplified explanation:

* **Sunlight** is made up of many different colors, each with its own wavelength.  
* When sunlight passes through the atmosphere, it interacts with **molecules** in the air. 
* **Rayleigh scattering** occurs when light waves interact with particles that are much",99.5
google/gemma-2-9b-it,random,20,resid,0,add,-1.0,How do vaccines work?,0,"Vaccines are one of the greatest public health interventions in history. Here's how they work:

**Training the Immune System:**

* **Introduction of a Foreign Substance:** Vaccines introduce a weakened or inactive form of a virus or bacteria (the antigen).
* **Immune Response:** The immune system recognizes the antigen as foreign and mounts an immune response.
* **Building Immunity:**  The",97.7
google/gemma-2-9b-it,random,20,resid,0,add,-0.5,How do vaccines work?,0,"Vaccines work by training your immune system to recognize and fight off specific diseases. 

Here's a simplified explanation:

1. **Introduction of a weakened or inactive pathogen:** Vaccines contain a weakened or inactive form of a virus or bacteria (the pathogen). 

2. **Immune System Recognition:** Your immune system recognizes this foreign substance and mounts a defense.

3. **Antibody Production",99.8
google/gemma-2-9b-it,random,20,resid,0,add,-0.25,How do vaccines work?,0,"Vaccines work by training your immune system to fight off specific diseases. Here's a simplified explanation:

**1. Introduction of a weakened or inactive pathogen:**

Vaccines contain a weakened or inactive version of a virus or bacteria (the pathogen) that causes a disease. 

**2. Immune system recognition:**

Your immune system recognizes this foreign invader and mounts a defense.

**",100.0
google/gemma-2-9b-it,random,20,resid,0,add,0.0,How do vaccines work?,0,"Vaccines work by training your immune system to fight off specific diseases. Here's a simplified explanation:

**1. Introduction of a weakened or inactive pathogen:**

Vaccines contain a weakened or inactive version of a virus or bacteria (the pathogen) that causes a disease. This means it can't make you sick, but your body still recognizes it as a threat.

**2.",43.8
google/gemma-2-9b-it,random,20,resid,0,add,0.25,How do vaccines work?,0,"Vaccines work by training your immune system to fight off specific diseases. Here's a simplified explanation:

**1. Introduction of a weakened or inactive pathogen:**

Vaccines contain a weakened or inactive version of a virus or bacteria (the pathogen) or parts of it. This means they can't cause the actual disease, but they still contain the key features that your immune system needs to",99.8
google/gemma-2-9b-it,random,20,resid,0,add,0.5,How do vaccines work?,0,"Vaccines work by training your immune system to fight off specific diseases. Here's a simplified explanation:

**1. Introduction of a weakened or inactive pathogen:**

Vaccines contain weakened or inactive versions of viruses, bacteria, or their parts (antigens). These are carefully selected to be harmless but still recognizable by your immune system.

**2. Immune system recognition and response:**

When",97.7
google/gemma-2-9b-it,random,20,resid,0,add,1.0,How do vaccines work?,0,"Vaccines work by triggering an immune response, which is a process where your body recognizes and fights off infections.  Here's a simplified explanation:

**1. Exposure:** When you get infected, your body produces antibodies to fight off the specific pathogens.  

**2. Immune response:**  Your body produces antibodies to fight off the specific pathogens.

**3. immunity:**  Your",99.1
google/gemma-2-9b-it,random,20,resid,0,add,-1.0,What causes inflation in an economy?,1,"Inflation is a complex phenomenon with multiple contributing factors. Here's a breakdown:

**Demand-Pull Inflation:**

* **Increased Consumer Demand:** When demand for goods and services exceeds supply, prices rise. This can be due to factors like:
    * **Strong Economic Growth:** Increased consumer confidence and purchasing power lead to higher demand.
    * **Government Spending:** Increased government spending on",0.1
google/gemma-2-9b-it,random,20,resid,0,add,-0.5,What causes inflation in an economy?,1,"Inflation, a sustained increase in the general price level of goods and services in an economy, is a complex phenomenon with multiple contributing factors. 

Here are some of the key causes:

**Demand-Pull Inflation:**

* **Increased consumer spending:** When demand for goods and services outpaces supply, prices rise. This can be driven by factors like:
    * **Increased consumer confidence:**",0.0
google/gemma-2-9b-it,random,20,resid,0,add,-0.25,What causes inflation in an economy?,1,"Inflation, a sustained increase in the general price level of goods and services in an economy, is a complex phenomenon with multiple contributing factors. Here are some of the key causes:

**Demand-Pull Inflation:**

* **Increased consumer spending:** When demand for goods and services outpaces supply, prices tend to rise. This can be driven by factors like:
    * **Rising incomes:** Higher",0.2
google/gemma-2-9b-it,random,20,resid,0,add,0.0,What causes inflation in an economy?,1,"Inflation, a sustained increase in the general price level of goods and services in an economy over a period of time, is a complex phenomenon with multiple contributing factors. 

Here are some of the key causes:

**Demand-Pull Inflation:**

* **Increased consumer spending:** When demand for goods and services outpaces supply, prices tend to rise. This can be driven by factors like rising incomes",0.1
google/gemma-2-9b-it,random,20,resid,0,add,0.25,What causes inflation in an economy?,1,"Inflation, a sustained increase in the general price level of goods and services in an economy over a period of time, is a complex phenomenon with multiple contributing factors. 

Here are some of the most common causes:

**Demand-Pull Inflation:**

* **Increased consumer spending:** When consumers have more money to spend, they demand more goods and services. If supply can't keep up with",0.3
google/gemma-2-9b-it,random,20,resid,0,add,0.5,What causes inflation in an economy?,1,"Inflation is a complex issue with multiple contributing factors. Here's a breakdown of some of the most common causes:

**Demand-Pull Inflation:**

* **Increased consumer spending:** When demand for goods and services outpaces supply, prices rise. This can be driven by factors like rising incomes, low interest rates, or increased consumer confidence.
* **Government spending:** If the government spends more",0.8
google/gemma-2-9b-it,random,20,resid,0,add,1.0,What causes inflation in an economy?,0,"Inflation is a general increase in the price level of goods and services in an economy over a period of time. It can be caused by a variety of factors, but it's often characterized by a general increase in the price level of goods and services in an economy over a period of time. 

Here are some common causes of inflation:

**Demand-pull inflation** occurs when there is",0.2
google/gemma-2-9b-it,random,20,resid,0,add,-1.0,Why do we dream?,1,"That's a great question, and one that scientists are still exploring! 

Here are some of the leading theories:

* **Threat Simulation:** Dreams may help our brains practice dealing with stressful situations. 
    * For example, dreams of being chased often involve physical danger, but the dreamer is ultimately safe. This allows the brain to experience the stress of a dangerous situation without any real",0.0
google/gemma-2-9b-it,random,20,resid,0,add,-0.5,Why do we dream?,0,"That's a question that has puzzled scientists and philosophers for centuries! There isn't a single, definitive answer, but here are some of the leading theories:

**1. The Memory Consolidation Theory:**

* Dreams help us process and consolidate memories from our waking lives. 
* This theory suggests that dreams replay experiences, strengthening neural connections and transferring information from short-term to long-",0.0
google/gemma-2-9b-it,random,20,resid,0,add,-0.25,Why do we dream?,0,"That's a question that has puzzled scientists and philosophers for centuries! There isn't a single, definitive answer, but here are some of the leading theories:

**1. The Memory Consolidation Theory:**

* This theory suggests that dreams help us process and consolidate memories from our waking experiences. 
* During REM sleep, when most vivid dreaming occurs, the brain replays and strengthens important memories",0.0
google/gemma-2-9b-it,random,20,resid,0,add,0.0,Why do we dream?,1,"That's a question that has puzzled humans for centuries! While there's no single, definitive answer, here are some of the leading theories about why we dream:

**1. The Memory Consolidation Theory:**

* This theory suggests that dreams help us process and consolidate memories from our waking experiences. 
* During REM sleep, when most vivid dreaming occurs, the brain replays and strengthens important",0.0
google/gemma-2-9b-it,random,20,resid,0,add,0.25,Why do we dream?,1,"That's a question that has puzzled humans for centuries! While there's no single, definitive answer to why we dream, here are some of the leading theories:

**1. The Memory Consolidation Theory:**

This theory suggests that dreams help us process and consolidate memories from our waking experiences. During REM sleep, when most vivid dreaming occurs, our brains are active and replaying events from the",0.0
google/gemma-2-9b-it,random,20,resid,0,add,0.5,Why do we dream?,1,"While we don't have a definitive answer to why we dream, there are many theories about it. Here are some of the most popular ones:

**1. The Memory Consolidation Theory:** This theory suggests that dreams help us process and consolidate memories from our waking experiences. During sleep, our brains replay and organize information, transferring it from short-term to long-term memory. Dreams might be",0.0
google/gemma-2-9b-it,random,20,resid,0,add,1.0,Why do we dream?,0,"As an AI, I don't have personal experiences or beliefs, so I can't say for sure why we dream. However, there are many theories about why we dream, and scientists are still trying to figure out the exact reasons behind our dreams. 

Here are some popular theories:

* **The activation-information-modulation theory** suggests that dreams are caused by random neural activity",0.0
google/gemma-2-9b-it,random,20,resid,0,add,-1.0,How does photosynthesis work?,0,"Photosynthesis is a fascinating process! Here's a breakdown:

**The Basics:**

* **Sunlight is Key:** Plants use sunlight to convert it into energy. This energy is used to fuel the entire process.

* **Chlorophyll is Essential:** This pigment gives plants their green color. Chlorophyll absorbs light energy and is crucial for converting it into usable energy.

**The Process:**",0.0
google/gemma-2-9b-it,random,20,resid,0,add,-0.5,How does photosynthesis work?,0,"Photosynthesis is a fascinating process that allows plants, algae, and some bacteria to harness the energy of sunlight to create their own food. Here's a breakdown:

**The Basics:**

* **Sunlight:** The process starts with light energy from the sun.
* **Chlorophyll:** This green pigment in plants absorbs light energy, primarily in the red and blue wavelengths.
* **Water",0.9
google/gemma-2-9b-it,random,20,resid,0,add,-0.25,How does photosynthesis work?,0,"Photosynthesis is a fascinating process that allows plants, algae, and some bacteria to harness the energy of sunlight and convert it into chemical energy in the form of sugars. Here's a breakdown:

**The Players:**

* **Chloroplasts:** These are specialized organelles within plant cells that contain the green pigment chlorophyll.
* **Chlorophyll:** This pigment absorbs light energy, primarily in the red",37.8
google/gemma-2-9b-it,random,20,resid,0,add,0.0,How does photosynthesis work?,0,"Photosynthesis is the incredible process by which green plants and some other organisms convert light energy into chemical energy in the form of sugars. Here's a breakdown:

**1. Capturing Sunlight:**

* Plants have special organelles called **chloroplasts** that contain a green pigment called **chlorophyll**.
* Chlorophyll absorbs light energy, primarily in the red and blue wavelengths of the visible spectrum",100.0
google/gemma-2-9b-it,random,20,resid,0,add,0.25,How does photosynthesis work?,0,"Photosynthesis is the incredible process by which green plants and some other organisms use sunlight to synthesize foods with chemical energy. 

Here's a breakdown of how it works:

**1. Capturing Sunlight:**

* Plants have special organelles called **chloroplasts** that contain a green pigment called **chlorophyll**. 
* Chlorophyll absorbs light energy, primarily in the red and blue wavelengths",81.8
google/gemma-2-9b-it,random,20,resid,0,add,0.5,How does photosynthesis work?,0,"Photosynthesis is the process by which green plants and some other organisms use sunlight to synthesize foods with chemical energy. 

Here's a breakdown of how it works:

**1. Capturing Sunlight:**

* Plants have special pigments called **chlorophyll** found in organelles called **chloroplasts** within their leaves. Chlorophyll absorbs light energy, primarily in the red and blue wavelengths, from",11.9
google/gemma-2-9b-it,random,20,resid,0,add,1.0,How does photosynthesis work?,1,"Photosynthesis is the process by which green plants and some other organisms use sunlight to synthesize foods from glucose. It's a complex process that involves a series of chemical reactions that take place in the chloroplasts, which are found in the cells of plants.

Here's a simplified explanation of how photosynthesis works:

**1. Light-dependent reactions:**

* These reactions occur in the thy",73.1
google/gemma-2-9b-it,random,20,resid,0,add,-1.0,What causes earthquakes?,0,"Earthquakes are caused by the movement of tectonic plates. 

Here's a breakdown:

* **Plate Tectonics:** The Earth's outer layer is made up of massive plates that constantly move and interact.
* **Types of Movement:**
    * **Subduction:** When one plate slides under another (creating a ""subduction zone""). This is the most common cause of earthquakes",96.3
google/gemma-2-9b-it,random,20,resid,0,add,-0.5,What causes earthquakes?,0,"Earthquakes are caused by the sudden release of energy in the Earth's lithosphere. This energy is stored in the rocks along fault lines, which are fractures in the Earth's crust.

Here's a breakdown:

* **Tectonic Plates:** The Earth's outer layer is made up of several large plates that are constantly moving.
* **Fault Lines:** These plates",100.0
google/gemma-2-9b-it,random,20,resid,0,add,-0.25,What causes earthquakes?,0,"Earthquakes are caused by the sudden release of energy in the Earth's lithosphere, creating seismic waves. 

Here's a breakdown:

* **Tectonic Plates:** The Earth's outer layer is made up of massive plates that are constantly moving, albeit very slowly.
* **Fault Lines:** The boundaries between these plates are called fault lines. These are zones of weakness",7.6
google/gemma-2-9b-it,random,20,resid,0,add,0.0,What causes earthquakes?,0,"Earthquakes are caused by the sudden release of energy in the Earth's lithosphere, creating seismic waves. 

Here's a breakdown:

**1. Tectonic Plates:**

* The Earth's outer layer is made up of massive pieces called tectonic plates. These plates are constantly moving, albeit very slowly.
* The movement is driven by heat from the Earth's core",90.5
google/gemma-2-9b-it,random,20,resid,0,add,0.25,What causes earthquakes?,0,"Earthquakes are caused by the sudden release of energy in the Earth's crust, creating seismic waves that shake the ground. 

Here's a breakdown:

**1. Tectonic Plates:**

* The Earth's outer layer is made up of massive pieces called tectonic plates.
* These plates are constantly moving, albeit very slowly, due to the heat within the Earth's",96.3
google/gemma-2-9b-it,random,20,resid,0,add,0.5,What causes earthquakes?,0,"Earthquakes are caused by the movement of tectonic plates. 

Here's a breakdown:

* **Tectonic Plates:** The Earth's outer layer is made up of large, moving pieces called tectonic plates. These plates float on a layer of partially molten rock called the mantle.
* **Fault Lines:**  Where these plates meet are called fault lines.  
* **Pressure",99.8
google/gemma-2-9b-it,random,20,resid,0,add,1.0,What causes earthquakes?,0,"Earthquakes are caused by the movement of tectonic plates. 

Here's a breakdown of how they happen:

**What are tectonic plates?**

Tectonic plates are large pieces of rock that make up the Earth's crust. They move and shift over time, driven by the heat from the Earth's core.

**How do earthquakes happen?**

When tectonic plates",99.8
google/gemma-2-9b-it,random,20,resid,0,add,-1.0,Why do leaves change color in autumn?,1,"The changing of leaves is a beautiful and complex process! 

Here's the breakdown:

* **Chlorophyll:** The pigment that makes leaves green, chlorophyll, is actually what masks other colors. 
* **Carotenoids:** These pigments are responsible for yellow and orange colors. They are always present but masked by chlorophyll.
* **Anthocyanins:** These pigments produce red and",0.0
google/gemma-2-9b-it,random,20,resid,0,add,-0.5,Why do leaves change color in autumn?,1,"The changing colors of leaves in autumn are a beautiful and complex process! Here's a breakdown:

**Chlorophyll's Role:**

* **Green Dominance:** During spring and summer, leaves are green due to the abundance of chlorophyll, a pigment essential for photosynthesis (the process of making food from sunlight). Chlorophyll masks other pigments present in the leaf.

**Unmasking the Colors",0.2
google/gemma-2-9b-it,random,20,resid,0,add,-0.25,Why do leaves change color in autumn?,0,"Leaves change color in autumn due to a fascinating interplay of chemistry and decreasing daylight. 

Here's the breakdown:

* **Chlorophyll Breakdown:**  Leaves are green because of chlorophyll, a pigment that absorbs sunlight for photosynthesis (the process of making food for the tree). As days shorten and sunlight decreases in autumn, chlorophyll production slows down and eventually stops.

* **Unmasking Other Pig",100.0
google/gemma-2-9b-it,random,20,resid,0,add,0.0,Why do leaves change color in autumn?,0,"Leaves change color in autumn because of the decreasing amount of sunlight and cooler temperatures. Here's a breakdown:

* **Chlorophyll Breakdown:** Leaves are green because of a pigment called chlorophyll, which is essential for photosynthesis (the process of making food from sunlight). As days shorten and sunlight decreases, chlorophyll production slows down and eventually stops.

* **Unmasking Other Pigments:**  As chlorophyll",100.0
google/gemma-2-9b-it,random,20,resid,0,add,0.25,Why do leaves change color in autumn?,0,"Leaves change color in autumn because of the changes in daylight hours and temperature. 

Here's a breakdown:

* **Chlorophyll Breakdown:** Leaves are green because of a pigment called chlorophyll, which is essential for photosynthesis (the process plants use to make food). As days get shorter and temperatures cool, trees stop producing chlorophyll. 

* **Unmasking Other Pigments:**  As chlorophyll",92.4
google/gemma-2-9b-it,random,20,resid,0,add,0.5,Why do leaves change color in autumn?,0,"Leaves change color in autumn because of a combination of factors related to the shortening days and cooler temperatures. 

Here's the breakdown:

**1. Chlorophyll Breakdown:**

* **Chlorophyll** is the green pigment in leaves that absorbs sunlight for photosynthesis. As days get shorter and temperatures drop, trees produce less chlorophyll. This means the green color fades.

**2. Other Pig",100.0
google/gemma-2-9b-it,random,20,resid,0,add,1.0,Why do leaves change color in autumn?,0,"Leaves change color in autumn because of a number of chemical reactions that occur within the leaves as temperatures cool down. 

Here's a breakdown of what happens:

**1. Photosynthesis:**

* **Chlorophyll:** During the spring and summer, trees produce chlorophyll, a green pigment found in the leaves, which absorbs sunlight and produce energy for the tree. This process is called photosynthesis.",99.8
google/gemma-2-9b-it,random,20,resid,0,add,-1.0,How do I make a basic tomato sauce?,0,"Here's a recipe for a basic tomato sauce:

**Ingredients:**

* **28 oz Canned Tomatoes:**  Use whole peeled tomatoes (San Marzano is best for flavor and low acidity).

**Instructions:**

1. **Prepare the Tomatoes:**  
   * If using whole tomatoes, gently crush them by hand to release the juices.
   * If you want a smoother",100.0
google/gemma-2-9b-it,random,20,resid,0,add,-0.5,How do I make a basic tomato sauce?,0,"## Basic Tomato Sauce Recipe

This recipe makes a simple, flavorful tomato sauce perfect for pasta, pizza, or other dishes.

**Ingredients:**

* 28 ounces canned crushed tomatoes (or 1.5 pounds fresh tomatoes, peeled and chopped)
* 2 cloves garlic, minced
* 1 small onion, finely chopped
* 1 tablespoon olive oil
* 1",62.2
google/gemma-2-9b-it,random,20,resid,0,add,-0.25,How do I make a basic tomato sauce?,0,"## Basic Tomato Sauce Recipe

This recipe is simple, adaptable, and makes a delicious base for pasta, pizza, or other dishes.

**Ingredients:**

* 2 tablespoons olive oil
* 1 medium onion, chopped
* 2 cloves garlic, minced
* 28 ounces canned crushed tomatoes
* 1 teaspoon dried oregano
* 1/2 teaspoon dried basil",97.1
google/gemma-2-9b-it,random,20,resid,0,add,0.0,How do I make a basic tomato sauce?,0,"## Basic Tomato Sauce Recipe

This recipe is simple, adaptable, and perfect for pasta, pizza, or as a base for other dishes.

**Ingredients:**

* 2 tablespoons olive oil
* 1 medium onion, chopped
* 2 cloves garlic, minced
* 1 (28 ounce) can crushed tomatoes
* 1 (15 ounce) can tomato sauce",73.1
google/gemma-2-9b-it,random,20,resid,0,add,0.25,How do I make a basic tomato sauce?,0,"## Basic Tomato Sauce Recipe

This recipe is simple, adaptable, and perfect for pasta, pizza, or as a base for other dishes.

**Ingredients:**

* 2 tablespoons olive oil
* 1 medium onion, chopped
* 2 cloves garlic, minced
* 1 (28 ounce) can crushed tomatoes
* 1 (14.5 ounce) can diced",90.5
google/gemma-2-9b-it,random,20,resid,0,add,0.5,How do I make a basic tomato sauce?,0,"## Basic Tomato Sauce Recipe

This recipe is a great starting point for countless pasta dishes and can be easily customized to your taste.

**Ingredients:**

* 2 tbsp olive oil
* 1 small onion, chopped
* 2 cloves garlic, minced
* 1 (28 oz) can crushed tomatoes
* 1 (14.5 oz) can diced tomatoes",14.8
google/gemma-2-9b-it,random,20,resid,0,add,1.0,How do I make a basic tomato sauce?,0,"Here's a basic tomato sauce recipe that's delicious and easy to make. 

**Ingredients:**

* 1 (28 oz) can diced tomatoes
* 1 (14 oz) can diced tomatoes
* 1/2 cup chopped onion
* 2 cloves garlic
* 1 tbsp olive oil
* 1 tsp dried oregano
* 1 tsp",100.0
google/gemma-2-9b-it,random,20,resid,0,add,-1.0,How do I tie a shoelace?,0,"Here's how to tie your shoelaces:

**The Standard Method (Criss-Cross)**

1. **Starting Position:** Hold one shoelace in your hand. Make sure it's facing forward.
2. **The First Cross:** Cross the lace over to the other side. This is the first ""crossover.""
3. **The Second Cross:**  The",99.8
google/gemma-2-9b-it,random,20,resid,0,add,-0.5,How do I tie a shoelace?,0,"Here's a breakdown of how to tie shoelaces, using the standard ""bunny ears"" method:

**1. Start with Loose Laces:**

   - Make sure your shoelaces are untied and loose.

**2. Cross the Laces:**

   - Hold one lace in each hand.
   - Cross the right lace over the left lace, forming an",100.0
google/gemma-2-9b-it,random,20,resid,0,add,-0.25,How do I tie a shoelace?,0,"Here's a breakdown of how to tie your shoelaces using the standard ""bunny ears"" method:

**1. Cross the Laces:**

* Hold one shoelace in each hand.
* Cross the right lace over the left lace, making an ""X"" shape.

**2. Make a Loop:**

* With your right hand, make a loop with the",100.0
google/gemma-2-9b-it,random,20,resid,0,add,0.0,How do I tie a shoelace?,0,"##  How to Tie Your Shoelaces: The Standard ""Bunny Ears"" Method

This is the most common way to tie shoelaces. 

**1. Cross the Laces:** Hold one shoelace in each hand. Cross the right lace over the left lace and pull them tight.

**2. Make the Loops:** Make a loop with each lace.  Think of",97.7
google/gemma-2-9b-it,random,20,resid,0,add,0.25,How do I tie a shoelace?,0,"##  How to Tie a Shoelace (Standard ""Bunny Ears"" Method):

1. **Cross the laces:** Hold one shoelace in each hand and cross them over each other, forming an ""X"" in the middle.

2. **Make a loop:** Take one lace and make a loop, holding it with your thumb and forefinger.

3. **Wrap and",99.3
google/gemma-2-9b-it,random,20,resid,0,add,0.5,How do I tie a shoelace?,0,"##  How to Tie a Shoelace: The Standard Knot

Here's a step-by-step guide on how to tie a shoelace using the most common method:

**1. Cross the Laces:**

* Hold one shoelace in each hand.
* Cross the right lace over the left lace and pull them tight.

**2. Make a Loop",62.2
google/gemma-2-9b-it,random,20,resid,0,add,1.0,How do I tie a shoelace?,0,"It' shoelace, it'shoelace, it'shoelace.  

Let'shoelace, it'shoelace, it'shoelace.

It'shoelace, it'shoelace, it'shoelace.",0.0
google/gemma-2-9b-it,random,20,resid,0,add,-1.0,How do I change a flat tire?,0,"Changing a flat tire is a crucial skill for anyone who wants to avoid the hassle of a roadside situation. Here's a step-by-step guide:

**Before You Start:**

* **Safety First:** Always wear a reflective vest and safety glasses.
* **Find a Safe Location:** Park on a level surface away from traffic.

**Steps:**

1. **Loosen",0.7
google/gemma-2-9b-it,random,20,resid,0,add,-0.5,How do I change a flat tire?,0,"Changing a flat tire can seem daunting, but it's a manageable task with the right preparation and steps. Here's a guide:

**Before You Begin:**

* **Safety First:** Park on a level, stable surface away from traffic. Engage the parking brake and turn on your hazard lights.
* **Gather Your Tools:** You'll need a spare tire, a jack,",0.0
google/gemma-2-9b-it,random,20,resid,0,add,-0.25,How do I change a flat tire?,0,"Changing a flat tire can seem daunting, but it's a manageable task with the right tools and knowledge. Here's a step-by-step guide:

**1. Safety First:**

* **Park on a flat, stable surface:** Avoid soft ground or inclines.
* **Engage the parking brake:** This prevents the car from rolling.
* **Turn on hazard lights",0.0
google/gemma-2-9b-it,random,20,resid,0,add,0.0,How do I change a flat tire?,0,"Changing a flat tire can seem daunting, but it's a manageable task with the right tools and a little know-how. Here's a step-by-step guide:

**1. Safety First:**

* **Park on a flat, stable surface** away from traffic. If possible, pull off the road completely.
* **Turn on your hazard lights** to alert other",0.0
google/gemma-2-9b-it,random,20,resid,0,add,0.25,How do I change a flat tire?,0,"Changing a flat tire can seem daunting, but it's a manageable task with the right tools and a little know-how. Here's a step-by-step guide:

**1. Safety First:**

* **Park on a level, stable surface** away from traffic.
* **Turn on your hazard lights** to alert other drivers.
* **Engage the parking brake",0.0
google/gemma-2-9b-it,random,20,resid,0,add,0.5,How do I change a flat tire?,0,"Changing a flat tire can seem daunting, but it's a manageable task with the right tools and knowledge. Here's a step-by-step guide:

**1. Safety First:**

* **Find a safe location:** Pull over as far off the road as possible, away from traffic.
* **Turn on your hazard lights:** Alert other drivers to your situation.
*",0.0
google/gemma-2-9b-it,random,20,resid,0,add,1.0,How do I change a flat tire?,1,"Changing a flat tire can be a daunting task, but with the right tools and knowledge, it can be done safely and efficiently. Here's a step-by-step guide to help you through the process:

**1. Preparation:**

* **Gather your tools:** Before you start, make sure you have all the necessary tools and supplies. This might include a flashlight, a multi-",0.9
google/gemma-2-9b-it,random,20,resid,0,add,-1.0,How do I boil an egg?,0,"Here's how to boil an egg:

**For soft-boiled:**

1. **Start with cold water:** This helps the egg whites set properly.
2. **Add the eggs:** Gently place the eggs into the water.
3. **Bring to a boil:** The water should be at its peak, covering the eggs.
4. **Let them sit:**  For",56.2
google/gemma-2-9b-it,random,20,resid,0,add,-0.5,How do I boil an egg?,0,"Here's a guide on how to boil an egg perfectly:

**What You'll Need:**

* Eggs (straight from the fridge is fine)
* Pot
* Cold water

**Instructions:**

1. **Gently Place Eggs in Cold Water:**  Add the eggs to a pot filled with cold water. Make sure there's enough water to cover the eggs by at",67.9
google/gemma-2-9b-it,random,20,resid,0,add,-0.25,How do I boil an egg?,0,"##  How to Boil an Egg:

**You'll need:**

* Eggs (straight from the fridge is fine)
* Pot
* Cold water
* Ice water (optional)

**Instructions:**

1. **Place eggs in a pot:** Gently put the eggs in a single layer at the bottom of the pot. Avoid overcrowding.
2. **Cover with cold water",7.6
google/gemma-2-9b-it,random,20,resid,0,add,0.0,How do I boil an egg?,0,"##  How to Boil an Egg:

**You'll need:**

* Eggs (straight from the fridge is fine)
* Pot
* Cold water
* Slotted spoon
* Ice water bath (optional)

**Instructions:**

1. **Place eggs in a pot:** Gently place the eggs in a single layer at the bottom of the pot. Avoid overcrowding.
2",2.3
google/gemma-2-9b-it,random,20,resid,0,add,0.25,How do I boil an egg?,0,"##  How to Boil an Egg: A Step-by-Step Guide

**What you'll need:**

* Eggs (straight from the fridge is fine!)
* Pot
* Cold water
* Slotted spoon
* Bowl of ice water (optional, for easier peeling)

**Instructions:**

1. **Gently place eggs in a pot.** Don't overcrowd",0.9
google/gemma-2-9b-it,random,20,resid,0,add,0.5,How do I boil an egg?,0,"##  How to Boil an Egg: A Step-by-Step Guide

Boiling an egg is a simple and satisfying way to start your day or enjoy as a snack. Here's a step-by-step guide to help you achieve perfectly boiled eggs every time:

**What you'll need:**

* Pot
* Cold water
* Eggs
* Slotted spoon
*",1.4
google/gemma-2-9b-it,random,20,resid,0,add,1.0,How do I boil an egg?,0,"Here's how to boil an egg, broken down into simple steps:

**1. Gather your supplies:**

* Pot
* slotted spoon
* plate

**2. Fill the pot:**

* Use a pot that's big enough to hold all the eggs comfortably.
* Don't overfill the pot.

**3. crack the eggs:**

* Carefully crack",77.7
google/gemma-2-9b-it,random,20,resid,0,add,-1.0,How do I create a strong password?,0,"Here's a breakdown of how to create strong passwords:

**Length is Key:**

* **Aim for at least 12 characters.**  Longer passwords are harder for computers to crack.

* **Don't Use Common Words:**

* **Avoid using ""password"" itself, or variations like ""123456"".**

**Other Important Factors:**

*",0.4
google/gemma-2-9b-it,random,20,resid,0,add,-0.5,How do I create a strong password?,0,"Here's a breakdown of how to create a strong password:

**1. Length is Key:**

* **Aim for at least 12 characters.**  Longer is always better.

**2. Mix it Up:**

* **Use a combination of uppercase and lowercase letters, numbers, and symbols.**  Don't just use letters!

**3. Avoid Common Patterns:**",97.7
google/gemma-2-9b-it,random,20,resid,0,add,-0.25,How do I create a strong password?,0,"Here's a breakdown of how to create a strong password:

**1. Length is Key:**

* **Aim for at least 12 characters.**  Longer passwords are significantly harder to crack.

**2. Mix It Up:**

* **Use a combination of uppercase and lowercase letters, numbers, and symbols.**  Don't just stick to one type.

**3",100.0
google/gemma-2-9b-it,random,20,resid,0,add,0.0,How do I create a strong password?,1,"Here's a breakdown of how to create a strong password, along with explanations and examples:

**Key Principles**

* **Length:** Aim for at least 12 characters, but longer is always better (16+ is ideal).
* **Complexity:** Mix different types of characters:
    * **Uppercase letters:** A, B, C...
    * **Lower",99.8
google/gemma-2-9b-it,random,20,resid,0,add,0.25,How do I create a strong password?,0,"Creating a strong password is crucial for protecting your online accounts and data. Here's a breakdown of how to create one:

**1. Length Matters:**

* **Aim for at least 12 characters.**  The longer the password, the harder it is to crack.

**2. Mix It Up:**

* **Use a combination of uppercase and lowercase letters, numbers, and",100.0
google/gemma-2-9b-it,random,20,resid,0,add,0.5,How do I create a strong password?,0,"Creating a strong password is crucial for protecting your online accounts and data. Here's a breakdown of how to create one:

**1. Length Matters:**

* **Aim for at least 12 characters.**  The longer the password, the harder it is for attackers to crack.

**2. Mix It Up:**

* **Use a combination of uppercase and lowercase letters, numbers",99.3
google/gemma-2-9b-it,random,20,resid,0,add,1.0,How do I create a strong password?,0,"A strong password is one that is difficult for attackers to guess based on the information they find on your device.  Here are some tips for creating a strong password:

**General Tips:**

* **Use a variety of characters:** Include a mix of uppercase and lowercase letters, numbers, and symbols.
* **avoid using common patterns:** Don't use patterns that are easy to guess,",0.0
google/gemma-2-9b-it,random,20,resid,0,add,-1.0,How do I brew a cup of coffee?,0,"Here's a guide to brewing a delicious cup of coffee:

**The Basics**

* **Freshly Roasted Beans:**  Use freshly roasted beans for the best flavor. Look for beans roasted within the last few weeks.
* **Grind:** Grind the beans right before brewing. A fine grind is best for espresso, while a medium grind is ideal for drip coffee.

**Methods for",99.8
google/gemma-2-9b-it,random,20,resid,0,add,-0.5,How do I brew a cup of coffee?,0,"Here's a guide to brewing a delicious cup of coffee:

**What You'll Need:**

* **Freshly Roasted Coffee Beans:**  Use whole beans and grind them right before brewing for the best flavor.
* **Grinder:** A burr grinder is ideal for consistent grinds.
* **Water:** Filtered water is best to avoid off-flavors.
*",1.1
google/gemma-2-9b-it,random,20,resid,0,add,-0.25,How do I brew a cup of coffee?,0,"##  Brewing a Cup of Coffee: A Simple Guide

Here's a basic guide to brewing a delicious cup of coffee using a standard drip coffee maker:

**What You'll Need:**

* **Coffee beans:** Freshly roasted beans are best!
* **Grinder:** A burr grinder is ideal for consistent grounds.
* **Coffee maker:** A drip coffee maker",0.0
google/gemma-2-9b-it,random,20,resid,0,add,0.0,How do I brew a cup of coffee?,0,"## Brewing a Cup of Coffee: A Simple Guide

Here's a basic guide to brewing a delicious cup of coffee using a standard drip coffee maker:

**What you'll need:**

* **Coffee beans:** Freshly roasted beans are best!
* **Grinder:** Burr grinders are ideal for consistent grounds.
* **Coffee maker:** A standard drip machine will do.",0.0
google/gemma-2-9b-it,random,20,resid,0,add,0.25,How do I brew a cup of coffee?,0,"## Brewing a Cup of Coffee: A Simple Guide

Here's a basic guide to brewing a delicious cup of coffee using a standard drip coffee maker:

**What you'll need:**

* **Coffee maker:** Any standard drip coffee maker will do.
* **Coffee filter:** Paper or reusable, depending on your coffee maker.
* **Ground coffee:** Medium grind is generally best",0.2
google/gemma-2-9b-it,random,20,resid,0,add,0.5,How do I brew a cup of coffee?,0,"## Brewing a Cup of Coffee: A Simple Guide

Here's a basic guide to brewing a delicious cup of coffee:

**What you'll need:**

* **Coffee beans:** Freshly ground is best!
* **Water:** Filtered or bottled water is recommended.
* **Coffee filter:** Paper or reusable.
* **Coffee maker:** Drip, pour-over, French",0.2
google/gemma-2-9b-it,random,20,resid,0,add,1.0,How do I brew a cup of coffee?,0,"Here's a guide on how to brew a cup of coffee, broken down into steps.  

**1. Gather your supplies:**

* **Coffee beans:** Freshly ground coffee tastes better!
* **filter:** paper or reusable
* **mug:** your favorite mug
* **spoon:** for scooping and stirring
* **measuring cup:** for measuring your coffee
* **",7.6
google/gemma-2-9b-it,random,20,resid,0,add,-1.0,Will it rain in Chicago next Tuesday?,0,"I do not have access to real-time information, including weather forecasts.

To get the most accurate weather prediction for Chicago next Tuesday, I recommend checking a reliable weather forecasting service.",0.0
google/gemma-2-9b-it,random,20,resid,0,add,-0.5,Will it rain in Chicago next Tuesday?,0,"I do not have access to real-time information, including weather forecasts. To get the most accurate weather prediction for Chicago next Tuesday, I recommend checking a reliable weather app or website.",0.0
google/gemma-2-9b-it,random,20,resid,0,add,-0.25,Will it rain in Chicago next Tuesday?,1,"I'm sorry, I can't predict the weather. I'm a text-based AI and don't have access to real-time information like weather forecasts.

To get the most accurate weather prediction for Chicago next Tuesday, I recommend checking a reliable weather app or website.",0.0
google/gemma-2-9b-it,random,20,resid,0,add,0.0,Will it rain in Chicago next Tuesday?,1,"I'm sorry, I can't predict the weather. I'm a text-based AI and don't have access to real-time information like weather forecasts.

To find out the weather forecast for Chicago next Tuesday, I recommend checking a reliable weather app or website.",0.0
google/gemma-2-9b-it,random,20,resid,0,add,0.25,Will it rain in Chicago next Tuesday?,1,"I'm sorry, I can't predict the weather. I'm a text-based AI and don't have access to real-time information like weather forecasts.

To find out the weather forecast for Chicago next Tuesday, I recommend checking a reliable weather app or website.",0.0
google/gemma-2-9b-it,random,20,resid,0,add,0.5,Will it rain in Chicago next Tuesday?,0,"I do not have access to real-time information, including weather forecasts. To find out if it will rain in Chicago next Tuesday, I recommend checking a reliable weather app or website.",0.0
google/gemma-2-9b-it,random,20,resid,0,add,1.0,Will it rain in Chicago next Tuesday?,0,"I do not have access to real-time information, including weather forecasts. To find out if it will rain in Chicago next Tuesday, you'll need to check a local weather forecast. 

You can do this by:

* **Looking at a weather app**
* **watching the news**
* **asking a smart speaker**

Good luck!",0.0
google/gemma-2-9b-it,random,20,resid,0,add,-1.0,Who will win the next World Cup?,1,"As an AI, I don't have access to real-time information or the ability to predict future events.

The FIFA World Cup is a highly competitive event, and the outcome depends on many factors, including player form, team strategies, and even luck.

**However, based on historical data and current form, some experts predict that:**

* **Argentina** (current World Cup champions",0.0
google/gemma-2-9b-it,random,20,resid,0,add,-0.5,Who will win the next World Cup?,1,"As an AI, I don't have access to real-time information or the ability to predict future events like the World Cup. 

The outcome of the World Cup depends on many factors, including:

* **Team Form:** Current performance and momentum of national teams.
* **Injuries:** Key player injuries can significantly impact a team's chances.
* **Coaching Strategies:** Tactical",0.0
google/gemma-2-9b-it,random,20,resid,0,add,-0.25,Who will win the next World Cup?,2,"As an AI, I can't predict the future, including the outcome of sporting events like the World Cup. 

There are many factors that could influence the winner, including:

* **Team form:** How well teams are playing leading up to and during the tournament.
* **Injuries:** Key player injuries can significantly impact a team's chances.
* **Home advantage:** The",0.0
google/gemma-2-9b-it,random,20,resid,0,add,0.0,Who will win the next World Cup?,1,"As an AI, I can't predict the future, including the outcome of sporting events like the World Cup. 

There are many factors that contribute to a team's success, including:

* **Player form and injuries:** A team's performance heavily relies on the fitness and performance of its key players.
* **Team chemistry and tactics:** How well a team works together and",0.0
google/gemma-2-9b-it,random,20,resid,0,add,0.25,Who will win the next World Cup?,1,"As an AI, I can't predict the future, including the outcome of sporting events like the World Cup. 

The beauty of sports is its unpredictability! 

Many factors influence who wins, including:

* **Team form and performance:** How well teams are playing leading up to and during the tournament.
* **Injuries:** Key player injuries can significantly impact a team's",0.0
google/gemma-2-9b-it,random,20,resid,0,add,0.5,Who will win the next World Cup?,4,"As an AI, I can't predict the future, including the outcome of sporting events. 

The FIFA World Cup is a highly competitive tournament with many talented teams, and any team could potentially win. 

To get an idea of who might be strong contenders, you could:

* **Look at FIFA rankings:** These rankings provide a general idea of team strength based on recent performance.",0.0
google/gemma-2-9b-it,random,20,resid,0,add,1.0,Who will win the next World Cup?,1,"As an AI, I can't predict the future, so I can't say for sure who will win the next World Cup.  

It's great to be excited about football, though!  

Here are some things to consider when thinking about the next World Cup:

* **Team performance:** Look at the teams playing in the next World Cup, and see which teams are",0.0
google/gemma-2-9b-it,random,20,resid,0,add,-1.0,Is there life on other planets?,0,"That's one of the biggest questions in science!

**The short answer is: We don't know for sure.**

Here's why:

* **Life as we know it:** Life on Earth is dependent on things like breathable air, liquid water, and a stable climate. These factors are crucial for sustaining life as we know it.

* **Different Environments:** Other planets",0.0
google/gemma-2-9b-it,random,20,resid,0,add,-0.5,Is there life on other planets?,1,"That's the million-dollar question, isn't it? 

**We don't know for sure.**

Here's what we do know:

* **The universe is vast:** There are billions of galaxies, each with billions of stars, many of which likely have their own planetary systems.
* **Life on Earth is diverse:** Life has adapted to extreme environments on",0.0
google/gemma-2-9b-it,random,20,resid,0,add,-0.25,Is there life on other planets?,1,"That's the million-dollar question, isn't it? 

**We don't know for sure if there is life on other planets.**

Here's what we do know:

* **The universe is vast:** There are billions of galaxies, each with billions of stars, many of which likely have planets orbiting them. The sheer number of planets out there makes it statistically",0.0
google/gemma-2-9b-it,random,20,resid,0,add,0.0,Is there life on other planets?,1,"That's one of the biggest questions humanity has! 

**We don't have a definitive answer yet.**

Here's what we know:

* **The universe is vast:** There are billions of galaxies, each with billions of stars, and many of those stars likely have planets. The sheer number of possibilities makes it statistically probable that life exists elsewhere.
* **We'",0.0
google/gemma-2-9b-it,random,20,resid,0,add,0.25,Is there life on other planets?,1,"That's one of the biggest questions humanity has! 

**We don't have a definitive answer yet.**

Here's what we do know:

* **The universe is vast:** There are billions of galaxies, each with billions of stars, and many of those stars likely have planets. The sheer number of possibilities makes it statistically probable that life exists elsewhere.
* **We",0.0
google/gemma-2-9b-it,random,20,resid,0,add,0.5,Is there life on other planets?,0,"As an AI, I don't have personal beliefs or the ability to know for sure if there's life on other planets. That's a question that has fascinated humans for centuries, and scientists are actively searching for answers.

Here's what we know:

* **The universe is vast:** There are billions of galaxies, each containing billions of stars, and many of those stars",0.0
google/gemma-2-9b-it,random,20,resid,0,add,1.0,Is there life on other planets?,0,"As an AI, I don't have personal beliefs or experiences, so I can't say for sure if there's life on other planets.  

However, the scientific community generally believes that the universe is vast and diverse, with countless planets existing out there.  

Here's what we know:

* **The universe is vast:** There are billions of galaxies, each containing",0.0
google/gemma-2-9b-it,random,20,resid,0,add,-1.0,What is the best programming language?,2,"There is no single ""best"" programming language. The choice depends heavily on the specific task or domain.

Here's a breakdown:

**For General Purpose:**

* **Python:** Widely used for its readability and versatility. Excellent for data science, machine learning, web development, and scripting.

* **JavaScript:** Dominates web development, especially front-end. Also used in back",0.0
google/gemma-2-9b-it,random,20,resid,0,add,-0.5,What is the best programming language?,2,"There is no single ""best"" programming language. The best language for a particular task depends on many factors, including:

* **The type of project:** Different languages are suited for different types of projects. For example, Python is great for data science and machine learning, while Java is popular for enterprise applications.

* **Your experience level:** Some languages are easier to learn than others. Python",0.0
google/gemma-2-9b-it,random,20,resid,0,add,-0.25,What is the best programming language?,2,"There is no single ""best"" programming language. The best language for a particular task depends on many factors, including:

* **The type of project:** Different languages are better suited for different types of projects. For example, Python is great for data science and machine learning, while Java is popular for enterprise applications.
* **The developer's experience:** Some languages are easier to learn than",0.0
google/gemma-2-9b-it,random,20,resid,0,add,0.0,What is the best programming language?,2,"There is no single ""best"" programming language because the ideal choice depends entirely on the specific project and its requirements. 

Here's a breakdown to help you understand:

**Factors to Consider:**

* **Project Type:**
    * **Web Development:** JavaScript, Python, PHP, Ruby
    * **Mobile App Development:** Swift (iOS), Kotlin (Android), React Native (",0.0
google/gemma-2-9b-it,random,20,resid,0,add,0.25,What is the best programming language?,2,"There is no single ""best"" programming language because the ideal choice depends entirely on the specific project, personal preferences, and the context in which it will be used. 

Here's a breakdown to help you understand:

**Factors to Consider:**

* **Project Type:**
    * **Web Development:** JavaScript, Python, PHP, Ruby
    * **Mobile App Development:** Swift",0.0
google/gemma-2-9b-it,random,20,resid,0,add,0.5,What is the best programming language?,2,"There's no single ""best"" programming language because the ideal choice depends entirely on the specific project and context. It's like asking what the best tool is - a hammer is great for nails, but useless for tightening screws. 

Here's a breakdown to help you understand:

**Popular Languages and Their Strengths:**

* **Python:** Beginner-friendly, versatile, widely used",0.0
google/gemma-2-9b-it,random,20,resid,0,add,1.0,What is the best programming language?,4,"There's no single ""best"" programming language because the ideal choice depends on your specific needs and goals. It's like asking ""what's the best food"" - some people might prefer pizza, while others might prefer ice cream. 

Here's a breakdown of some popular programming languages and their common uses:

**Popular Programming Languages:**

* **Python:** Known for its",0.0
google/gemma-2-9b-it,random,20,resid,0,add,-1.0,Will artificial intelligence surpass human intelligence?,2,"That's a complex question, and one that experts are still debating!

Here's a breakdown:

* **AI has already surpassed human intelligence in specific tasks:**

AI systems can outperform humans in areas like playing games (like Go and Chess), solving complex mathematical problems, and even writing creative content.

* **General Intelligence is Key:**

For AI to surpass human intelligence overall,",0.0
google/gemma-2-9b-it,random,20,resid,0,add,-0.5,Will artificial intelligence surpass human intelligence?,0,"That's a question that has been debated by experts for years, and there's no easy answer.

Here's a breakdown of different perspectives:

**Arguments for AI surpassing human intelligence:**

* **Exponential growth:** AI capabilities are advancing at an unprecedented rate. Some experts believe this trend will continue, leading to AI surpassing human intelligence in various domains.
* **Data processing:**",0.0
google/gemma-2-9b-it,random,20,resid,0,add,-0.25,Will artificial intelligence surpass human intelligence?,1,"Whether artificial intelligence will surpass human intelligence is a complex and heavily debated question. There's no easy answer, and experts have diverse opinions.

**Arguments for AI surpassing human intelligence:**

* **Exponential growth:** AI development is progressing at an unprecedented pace. We've seen significant advancements in areas like machine learning and deep learning, leading to AI systems that can outperform humans in specific tasks.",0.0
google/gemma-2-9b-it,random,20,resid,0,add,0.0,Will artificial intelligence surpass human intelligence?,1,"As a large language model, I am not capable of predicting the future. The question of whether artificial intelligence will surpass human intelligence is a complex one that has been debated by experts for many years.

There are strong arguments on both sides:

**Arguments for AI surpassing human intelligence:**

* **Exponential growth:** AI technology is advancing at an incredibly rapid pace.

Computing power is increasing exponentially,",0.0
google/gemma-2-9b-it,random,20,resid,0,add,0.25,Will artificial intelligence surpass human intelligence?,1,"As a large language model, I am not capable of predicting the future. The question of whether artificial intelligence will surpass human intelligence is a complex one that has been debated by experts for many years.

There are strong arguments on both sides:

**Arguments for AI surpassing human intelligence:**

* **Exponential growth:** Computing power is increasing at an exponential rate, and AI algorithms are becoming increasingly sophisticated.",0.0
google/gemma-2-9b-it,random,20,resid,0,add,0.5,Will artificial intelligence surpass human intelligence?,2,"As a large language model, I am not capable of providing opinions or beliefs. The question of whether artificial intelligence will surpass human intelligence is a complex one that has been debated by experts for many years. There is no easy answer, and the outcome will likely depend on a variety of factors, including technological advancements, societal values, and ethical considerations.

**Arguments for AI surpassing human intelligence:**

*",0.0
google/gemma-2-9b-it,random,20,resid,0,add,1.0,Will artificial intelligence surpass human intelligence?,4,"As a large language model, I'm not able to definitively say whether artificial intelligence will surpass human intelligence. That's a complex question with no easy answers. 

Here are some points to consider:

* **Definition:** What does it mean to be ""intelligent""? Intelligence is subjective and multifaceted. We might develop AI that excels in certain areas but struggles with others, while humans might prioritize",0.0
google/gemma-2-9b-it,random,20,resid,0,add,-1.0,What will the stock market do next year?,2,"As an AI, I cannot predict future market movements.

The stock market is incredibly complex and influenced by many factors, including:

* **Economic conditions:** Interest rates, inflation, and economic growth are major drivers.
* **Geopolitical events:** Wars, trade agreements, and political instability can significantly impact market sentiment.
* **Company performance:** Earnings reports, product launches, and industry trends",0.0
google/gemma-2-9b-it,random,20,resid,0,add,-0.5,What will the stock market do next year?,2,"As an AI, I cannot predict future market movements. 

The stock market is incredibly complex and influenced by a multitude of factors, including:

* **Economic conditions:** Interest rates, inflation, GDP growth, and unemployment all play a role.
* **Geopolitical events:** Wars, elections, and trade agreements can create volatility.
* **Company performance:** Earnings reports, product launches,",0.0
google/gemma-2-9b-it,random,20,resid,0,add,-0.25,What will the stock market do next year?,2,"As an AI, I cannot predict the future, including stock market movements. 

The stock market is incredibly complex and influenced by a vast number of factors, including:

* **Economic conditions:** Interest rates, inflation, unemployment, and GDP growth all play a role.
* **Geopolitical events:** Wars, elections, and trade agreements can create volatility.
* **Company performance:** Earnings",0.0
google/gemma-2-9b-it,random,20,resid,0,add,0.0,What will the stock market do next year?,2,"As an AI, I cannot predict the future, including the performance of the stock market. 

The stock market is influenced by a complex interplay of factors, including:

* **Economic conditions:** Interest rates, inflation, economic growth, and unemployment all play a role.
* **Geopolitical events:** Wars, political instability, and trade agreements can impact market sentiment.
* **Company performance",0.0
google/gemma-2-9b-it,random,20,resid,0,add,0.25,What will the stock market do next year?,2,"I can't predict the stock market. No one can. 

Here's why:

* **Complexity:** The stock market is influenced by countless factors, from global economics and political events to individual company performance and investor sentiment. It's impossible to account for all these variables with certainty.
* **Randomness:** Even with all the data in the world, there's an",0.0
google/gemma-2-9b-it,random,20,resid,0,add,0.5,What will the stock market do next year?,1,"I can't predict the future, including what the stock market will do next year. 

Here's why:

* **Too many variables:** The stock market is influenced by countless factors, from global economic conditions and political events to individual company performance and investor sentiment. It's impossible to account for all these variables with certainty.
* **Randomness:** Even with all the data",0.0
google/gemma-2-9b-it,random,20,resid,0,add,1.0,What will the stock market do next year?,2,"I can't predict the future, and I can't give financial advice. Predicting the stock market is incredibly complex and relies on many factors, and even experts can get it wrong. 

Here are some things to consider about the stock market:

* **Economic growth:** A strong economy generally leads to higher stock prices, but even small changes in the economy can have a big impact on",0.0
google/gemma-2-9b-it,random,20,resid,0,add,-1.0,Is time travel possible?,0,"That's a great question, and one that has been debated by physicists for decades!

**Here's the short answer:**

Time travel to the past is possible, but only under very specific conditions.

**Here's the longer explanation:**

* **Traveling to the Future:**

It's possible to travel to the future. This is achieved through techniques like:

*",0.0
google/gemma-2-9b-it,random,20,resid,0,add,-0.5,Is time travel possible?,0,"As a large language model, I can't provide a definitive answer on whether time travel is possible.

Here's what we know:

* **Einstein's Theory of Relativity:** This theory suggests that time is not absolute but is relative to the observer's frame of reference. It also introduces the concept of time dilation, where time can pass at different rates depending on speed and gravity",0.0
google/gemma-2-9b-it,random,20,resid,0,add,-0.25,Is time travel possible?,0,"As a large language model, I can't provide a definitive answer on whether time travel is possible. It's a topic that has fascinated scientists and philosophers for centuries.

Here's what we know:

* **Einstein's Theory of Relativity:** This theory suggests that time is not absolute but is relative to the observer's frame of reference. Time can be affected by gravity and",0.0
google/gemma-2-9b-it,random,20,resid,0,add,0.0,Is time travel possible?,0,"As a large language model, I can't provide a definitive answer on whether time travel is possible. It's a topic that has fascinated scientists and philosophers for centuries, and there are many theories, but no concrete evidence.

Here's what we know:

* **Einstein's theory of relativity:** This theory suggests that time is not absolute but is relative to the observer's",0.0
google/gemma-2-9b-it,random,20,resid,0,add,0.25,Is time travel possible?,1,"As a large language model, I can't provide a definitive answer on whether time travel is possible. It's a topic that has fascinated humans for centuries, and there are many theories and ideas about it, but no scientific consensus.

Here's what we know:

* **Einstein's theory of relativity:** This theory suggests that time is not absolute but relative to the observer'",0.0
google/gemma-2-9b-it,random,20,resid,0,add,0.5,Is time travel possible?,1,"As a large language model, I can't provide a definitive answer on whether time travel is possible. This is a question that has fascinated humans for centuries, and there's no scientific consensus on whether it's truly achievable.

Here's what we know:

**Scientific Perspectives:**

* **Einstein's Theory of Relativity:** Einstein's theories suggest that time is relative and",0.0
google/gemma-2-9b-it,random,20,resid,0,add,1.0,Is time travel possible?,2,"As an AI, I can't say for sure whether time travel is possible. There's no scientific evidence to prove or disprove it, and it remains a popular topic of speculation and debate. 

Here are some points to consider:

**Arguments for time travel:**

* **The universe is vast and complex:** Some people believe that the universe is so vast and complex that it'",0.0
google/gemma-2-9b-it,random,20,resid,0,add,-1.0,What is the meaning of life?,0,"That's a question philosophers have been pondering for centuries!

There isn't a single, definitive answer. It's a deeply personal question, and what brings meaning to life can vary greatly from person to person.

Here are some perspectives:

* **Finding Purpose:** For some, meaning comes from pursuing a specific goal, like a career, creative endeavor, or helping others.",0.0
google/gemma-2-9b-it,random,20,resid,0,add,-0.5,What is the meaning of life?,0,"As a large language model, I am not capable of providing a definitive answer to the meaning of life. This is a deeply philosophical question that humans have been pondering for centuries.

There is no one answer that will satisfy everyone, as the meaning of life is often personal and unique to each individual. Some people find meaning in their relationships, their work, their hobbies, or their religious beliefs. Others",0.0
google/gemma-2-9b-it,random,20,resid,0,add,-0.25,What is the meaning of life?,0,"As a large language model, I am not capable of providing an answer to the meaning of life. This is a deeply philosophical question that humans have been pondering for centuries.

There is no one answer that will satisfy everyone, as the meaning of life is often personal and unique to each individual. Some people find meaning in their relationships, their work, their hobbies, or their religious beliefs. Others find",0.0
google/gemma-2-9b-it,random,20,resid,0,add,0.0,What is the meaning of life?,0,"As an AI, I don't have personal beliefs or experiences to draw on, so I can't tell you the meaning of life. That's a deeply personal question that each individual has to answer for themselves.

However, I can offer some perspectives:

* **Philosophical perspectives:**

Throughout history, philosophers have pondered this question and offered various answers. Some believe the meaning of",0.0
google/gemma-2-9b-it,random,20,resid,0,add,0.25,What is the meaning of life?,0,"As an AI, I don't have personal beliefs or experiences to draw on, so I can't tell you the meaning of life. That's a deeply personal question that each individual has to answer for themselves.

However, I can offer some perspectives:

* **Philosophical perspectives:** Throughout history, philosophers have pondered the meaning of life, offering various theories. Some believe it'",0.0
google/gemma-2-9b-it,random,20,resid,0,add,0.5,What is the meaning of life?,0,"As an AI, I don't have personal beliefs or experiences, so I can't tell you the meaning of life. That's a question each individual has to answer for themselves. 

However, I can offer some perspectives:

* **Some people find meaning in helping others.** They believe that by making the world a better place, they are contributing to something larger than themselves.",0.0
google/gemma-2-9b-it,random,20,resid,0,add,1.0,What is the meaning of life?,0,"As an AI, I don't have personal beliefs or experiences, so I can't say what the meaning of life is.  But I can tell you that many people find meaning and purpose in their lives through their relationships, hobbies, and experiences. 

Here are some things people often consider meaningful:

* **Building relationships:** Connecting with others, sharing experiences, and helping others can",0.0
google/gemma-2-9b-it,random,20,resid,0,add,-1.0,Which diet is healthiest?,0,"It's impossible to say definitively which diet is healthiest overall. 

**Here's why:**

* **Individual Needs:** Different people have different needs based on factors like age, activity level, health conditions, and even genetics.

* **Focus on Whole Foods:**

The healthiest diets emphasize whole, unprocessed foods like fruits, vegetables, whole grains, and lean proteins.

*",0.0
google/gemma-2-9b-it,random,20,resid,0,add,-0.5,Which diet is healthiest?,1,"There isn't one single ""healthiest"" diet for everyone. 

It depends on individual needs, goals, and health conditions. 

That said, some diets consistently rank high for overall health benefits:

* **Mediterranean Diet:** Emphasizes fruits, vegetables, whole grains, legumes, nuts, and healthy fats (olive oil). It's linked to reduced risk of heart disease,",0.0
google/gemma-2-9b-it,random,20,resid,0,add,-0.25,Which diet is healthiest?,1,"I'm sorry, but I can't give medical advice, and that includes recommending specific diets. 

What's considered the ""healthiest"" diet varies greatly depending on individual needs, health conditions, lifestyle, and preferences. 

**Here's why it's so complex:**

* **Individual Needs:** People have different nutritional requirements based on age, sex, activity level",0.0
google/gemma-2-9b-it,random,20,resid,0,add,0.0,Which diet is healthiest?,0,"I'm sorry, but I can't give medical advice, and that includes recommending specific diets. 

What's considered the ""healthiest"" diet varies greatly depending on individual needs, preferences, health conditions, and lifestyle. 

**Here's why I can't tell you which diet is best:**

* **Individual Needs:** People have different nutritional requirements based on age",0.0
google/gemma-2-9b-it,random,20,resid,0,add,0.25,Which diet is healthiest?,1,"There isn't one single ""healthiest"" diet because what works best depends on individual needs, preferences, and circumstances. 

However, many experts agree that diets emphasizing whole, unprocessed foods are generally healthier than those heavily reliant on processed foods, added sugars, and unhealthy fats. 

Here are some popular diets often considered healthy:

* **Mediterranean Diet:** Focuses on fruits,",0.0
google/gemma-2-9b-it,random,20,resid,0,add,0.5,Which diet is healthiest?,2,"There is no single ""healthiest"" diet because what's best for one person might not be best for another. 

**The healthiest diet is one that is:**

* **Balanced and varied:** Includes a variety of foods from all food groups, providing a range of nutrients.
* **Moderated:** Avoids excessive consumption of any one food or nutrient.
* **Sustainable:**",0.0
google/gemma-2-9b-it,random,20,resid,0,add,1.0,Which diet is healthiest?,2,"There is no single ""healthiest"" diet because what's best for one person might not be best for another.  It's important to consider your individual needs, preferences, and lifestyle. 

Here are some factors to consider when choosing a diet:

* **Balanced diet:** Aim for a variety of foods from all food groups, including fruits, vegetables, whole grains, lean protein",0.0
google/gemma-2-9b-it,random,20,resid,0,add,-1.0,Will humans colonize Mars?,1,"It's a complex question with no easy answer!

**Here's why it's a possibility:**

* **Technological Advancements:** We've made significant strides in space exploration, with the successful landing of humans on the Moon. The technology needed for a Mars mission is now within reach.
* **Scientific Value:** Studying Mars provides insights into planetary formation, geology, and the",0.0
google/gemma-2-9b-it,random,20,resid,0,add,-0.5,Will humans colonize Mars?,1,"Whether or not humans will colonize Mars is a complex question with no easy answer. 

**Arguments for:**

* **Technological advancements:** We are making significant strides in space exploration and technology, including reusable rockets, advanced life support systems, and habitat designs.
* **Scientific value:** Mars offers a unique opportunity to study another planet, its geology, atmosphere, and potential for past or present",0.0
google/gemma-2-9b-it,random,20,resid,0,add,-0.25,Will humans colonize Mars?,2,"Whether or not humans will colonize Mars is a complex question with no definitive answer. 

**Arguments for:**

* **Technological advancements:** We are making significant strides in space exploration and technology, including reusable rockets, advanced life support systems, and habitat designs.
* **Scientific value:** Mars offers a unique opportunity to study the history of the solar system, search for signs of past or present",0.0
google/gemma-2-9b-it,random,20,resid,0,add,0.0,Will humans colonize Mars?,2,"Whether or not humans will colonize Mars is a complex question with no definitive answer. 

**Arguments for:**

* **Scientific advancement:** Mars offers a unique opportunity to study the history of the solar system, search for signs of past or present life, and learn more about the potential for life beyond Earth.
* **Humanity's future:** Establishing a self-sustaining colony on Mars",0.0
google/gemma-2-9b-it,random,20,resid,0,add,0.25,Will humans colonize Mars?,2,"Whether humans will colonize Mars is a complex question with no definitive answer. 

**Arguments for:**

* **Scientific advancement:** Mars holds the potential for groundbreaking discoveries about the history of the solar system and the possibility of past or present life.
* **Human curiosity and exploration:** Humans have a natural drive to explore and push the boundaries of what's possible. Mars represents a significant challenge",0.0
google/gemma-2-9b-it,random,20,resid,0,add,0.5,Will humans colonize Mars?,3,"Whether humans will colonize Mars is a complex question with no definitive answer. There are many factors to consider, both practical and philosophical.

**Arguments for Martian colonization:**

* **Scientific advancement:** Establishing a colony on Mars could lead to significant scientific breakthroughs, expanding our understanding of the universe and our place within it.
* **Preservation of humanity:** Some argue that colonizing other planets is",0.0
google/gemma-2-9b-it,random,20,resid,0,add,1.0,Will humans colonize Mars?,2,"Whether humans will colonize Mars is a complex question with no easy answer. While there's no definitive proof of life on Mars, the possibility of life on Mars is a popular topic of discussion. 

Here's a breakdown of the challenges and possibilities:

**Challenges:**

* **Distance:** Mars is much closer to Earth than some other planets, but it's still incredibly far",0.0
google/gemma-2-9b-it,random,20,resid,0,add,-1.0,Is coffee good for your health?,2,"That's a complex question! 

**Here's the good news:**

* **Improved Energy and Focus:** Coffee is a powerful stimulant, boosting alertness and cognitive function. It can also enhance athletic performance.
* **Rich in Antioxidants:** Coffee contains beneficial antioxidants, which may protect against cell damage and reduce the risk of chronic diseases.
* **Potential Health Benefits:** Studies suggest",0.0
google/gemma-2-9b-it,random,20,resid,0,add,-0.5,Is coffee good for your health?,2,"Coffee's health effects are complex and depend on individual factors. 

**Here's a balanced view:**

**Potential Benefits:**

* **Improved Energy & Focus:** Caffeine is a stimulant that can boost alertness, focus, and cognitive function.
* **Reduced Risk of Certain Diseases:** Studies suggest coffee may lower the risk of type 2 diabetes, Parkinson's disease, Alzheimer'",0.0
google/gemma-2-9b-it,random,20,resid,0,add,-0.25,Is coffee good for your health?,2,"The health effects of coffee are complex and depend on various factors, including individual genetics, consumption levels, and overall diet. 

**Potential Benefits:**

* **Improved Energy and Focus:** Caffeine in coffee stimulates the central nervous system, boosting alertness, focus, and cognitive function.
* **Reduced Risk of Certain Diseases:** Studies suggest coffee consumption may be linked to a lower risk of type 2",0.0
google/gemma-2-9b-it,random,20,resid,0,add,0.0,Is coffee good for your health?,1,"The effects of coffee on health are complex and depend on various factors like individual sensitivity, consumption levels, and overall health status. 

**Potential Benefits:**

* **Improved Energy & Focus:** Caffeine in coffee stimulates the central nervous system, boosting alertness, focus, and cognitive function.
* **Physical Performance Enhancement:** Caffeine can improve athletic performance by increasing endurance, strength, and reducing perceived exertion.",0.0
google/gemma-2-9b-it,random,20,resid,0,add,0.25,Is coffee good for your health?,2,"The effects of coffee on health are complex and depend on various factors like individual genetics, consumption levels, and overall diet. 

**Potential Benefits:**

* **Improved Energy & Focus:** Caffeine in coffee can boost alertness, focus, and cognitive function.
* **Reduced Risk of Certain Diseases:** Studies suggest coffee consumption may be linked to a lower risk of type 2 diabetes, Parkinson's",0.0
google/gemma-2-9b-it,random,20,resid,0,add,0.5,Is coffee good for your health?,2,"The effects of coffee on health are complex and depend on many factors, including individual genetics, consumption levels, and overall diet. 

**Potential Benefits:**

* **Improved energy and focus:** Caffeine in coffee can stimulate the central nervous system, leading to increased alertness and cognitive function.
* **Reduced risk of certain diseases:** Some studies suggest that coffee consumption may be associated with a lower risk of",0.0
google/gemma-2-9b-it,random,20,resid,0,add,1.0,Is coffee good for your health?,2,"Whether coffee is ""good"" for you depends on your individual consumption and how it affects you. There's no single answer, as the effects of coffee can vary greatly depending on the individual and the amount consumed. 

**Potential benefits of coffee:**

* **Improved cognitive function:** Some studies suggest that coffee can improve cognitive function, including memory, focus, and reaction time.
* **",0.0
google/gemma-2-9b-it,random,20,resid,0,add,-1.0,What is the greatest movie ever made?,1,"As an AI, I don't have personal opinions or experiences to draw on.

The concept of ""greatest"" is subjective and depends on individual taste.

However, some films widely considered to be cinematic masterpieces include:

* **Citizen Kane (1941)** - Often cited for its groundbreaking storytelling, cinematography, and technical innovations.
* **The Godfather (1972",0.0
google/gemma-2-9b-it,random,20,resid,0,add,-0.5,What is the greatest movie ever made?,1,"As an AI, I don't have personal preferences or opinions, so I can't say which movie is the ""greatest ever made.""

The concept of ""greatest"" is subjective and depends on individual taste, cultural background, and personal experiences.

However, some films that are frequently cited as masterpieces and are considered influential in cinema history include:

* **Citizen Kane (194",0.0
google/gemma-2-9b-it,random,20,resid,0,add,-0.25,What is the greatest movie ever made?,2,"As an AI, I don't have personal preferences like ""greatest movie ever made."" That's subjective and depends on individual taste!

What makes a movie ""great"" varies from person to person. Some might value:

* **Storytelling:** A compelling plot, well-developed characters, and emotional impact.
* **Technical aspects:** Stunning visuals, innovative editing, and memorable sound",0.0
google/gemma-2-9b-it,random,20,resid,0,add,0.0,What is the greatest movie ever made?,1,"As an AI, I don't have personal preferences like ""greatest.""  The best movie is subjective and depends on individual taste! 

What makes a movie ""great"" can vary widely:

* **Storytelling:** A compelling plot, well-developed characters, and emotional impact.
* **Direction:**  A visionary director's style and ability to bring the story to life.",0.0
google/gemma-2-9b-it,random,20,resid,0,add,0.25,What is the greatest movie ever made?,1,"As an AI, I don't have personal preferences like ""greatest.""  The best movie is subjective and depends on individual taste! 

What makes a movie ""great"" can vary from person to person. Some factors people consider include:

* **Storytelling:** A compelling plot, well-developed characters, and emotional impact.
* **Direction:**  A director's vision and",0.0
google/gemma-2-9b-it,random,20,resid,0,add,0.5,What is the greatest movie ever made?,1,"As an AI, I don't have personal preferences like ""greatest"" because those are subjective. What one person considers the greatest movie might be boring to another. 

Instead of telling you the ""greatest"" movie, I can tell you some movies that are widely considered classics and critically acclaimed:

* **Citizen Kane (1941)**: Often cited as one of the greatest films",0.0
google/gemma-2-9b-it,random,20,resid,0,add,1.0,What is the greatest movie ever made?,0,"As an AI, I don't have personal preferences, so I can't say which movie is the ""greatest"" because that's subjective.  

Instead, I can suggest some movies that are often considered classics and beloved by many people:

* **Citizen Kane**
* **The Godfather**
* **Casablanca**
* **Pulp Fiction**
* **The Shaw",0.0
google/gemma-2-9b-it,random,20,resid,0,add,-1.0,Are electric cars better than gas cars?,2,"That's a complex question, and the answer depends on many factors!

**Here's a breakdown of the pros and cons:**

**Electric Cars:**

* **Environmental Benefits:** Electric cars produce zero tailpipe emissions, contributing to cleaner air and reduced greenhouse gases. They also reduce dependence on fossil fuels.
* **Performance:** Electric cars offer instant torque and quick acceleration.
*",0.0
google/gemma-2-9b-it,random,20,resid,0,add,-0.5,Are electric cars better than gas cars?,1,"Whether electric cars are ""better"" than gas cars depends on your priorities and needs. 

**Here's a breakdown of the pros and cons:**

**Electric Cars (EVs):**

**Pros:**

* **Environmentally friendly:** EVs produce zero tailpipe emissions, contributing to cleaner air and combating climate change.
* **Lower running costs:** Electricity is generally cheaper than gasoline",0.0
google/gemma-2-9b-it,random,20,resid,0,add,-0.25,Are electric cars better than gas cars?,1,"Whether electric cars are ""better"" than gas cars depends on your individual needs and priorities. 

**Here's a breakdown of the pros and cons:**

**Electric Cars:**

**Pros:**

* **Environmentally friendly:** Zero tailpipe emissions, reducing greenhouse gases and air pollution.
* **Lower running costs:** Electricity is generally cheaper than gasoline, and EVs require less maintenance (",0.0
google/gemma-2-9b-it,random,20,resid,0,add,0.0,Are electric cars better than gas cars?,1,"Whether electric cars are ""better"" than gas cars depends on your individual needs and priorities. 

**Here's a breakdown of the pros and cons:**

**Electric Cars:**

**Pros:**

* **Environmentally friendly:** Produce zero tailpipe emissions, reducing greenhouse gases and air pollution.
* **Lower running costs:** Electricity is generally cheaper than gasoline, and EVs require less maintenance",0.0
google/gemma-2-9b-it,random,20,resid,0,add,0.25,Are electric cars better than gas cars?,1,"Whether electric cars are ""better"" than gas cars depends on your individual needs and priorities. There are pros and cons to both, and the best choice for you will depend on your circumstances.

**Here's a breakdown:**

**Electric Cars:**

**Pros:**

* **Environmentally friendly:** Produce zero tailpipe emissions, reducing greenhouse gas emissions and air pollution.
* **Lower",0.0
google/gemma-2-9b-it,random,20,resid,0,add,0.5,Are electric cars better than gas cars?,1,"Whether electric cars are ""better"" than gas cars is subjective and depends on individual needs and priorities. 

**Here's a breakdown of the pros and cons of each to help you decide:**

**Electric Cars:**

**Pros:**

* **Environmentally friendly:** Produce zero tailpipe emissions, reducing greenhouse gas emissions and air pollution.
* **Lower running costs:** Electricity is generally",0.0
google/gemma-2-9b-it,random,20,resid,0,add,1.0,Are electric cars better than gas cars?,1,"Whether an electric car is ""better"" than a gas car depends on a variety of factors, including individual needs, preferences, and circumstances. 

**Here's a breakdown of the pros and cons of each:**

**Pros of electric cars:**

* **Environmentally friendly:** Electric cars produce fewer emissions than gas cars, which can contribute to climate change and air pollution.
* **",0.0
google/gemma-2-9b-it,random,20,resid,0,add,-1.0,Should tomatoes be refrigerated?,0,"Tomatoes are a bit tricky! 

**Here's the breakdown:**

* **For Flavor:** Tomatoes taste best when they are ripe and at their peak flavor.  
* **For Ripeness:**  If you want to enjoy the full flavor of ripe tomatoes, they should be kept at room temperature.

**Why Refrigeration?**

* **To Preserve Flavor:**  When tomatoes",0.0
google/gemma-2-9b-it,random,20,resid,0,add,-0.5,Should tomatoes be refrigerated?,0,"This is a bit of a debate! 

**Here's the breakdown:**

* **For best flavor:** Tomatoes taste best at room temperature. Refrigeration can dull their flavor and make them mealy.

* **For food safety:** Refrigeration helps slow down the ripening process and can help prevent spoilage.

**Here's a compromise:**

* **Unripe tomatoes:** Store them",0.0
google/gemma-2-9b-it,random,20,resid,0,add,-0.25,Should tomatoes be refrigerated?,0,"This is a bit of a debate! 

**Here's the breakdown:**

* **Unripe tomatoes:**  Should be stored at room temperature to ripen. Refrigeration will stop the ripening process.
* **Ripe tomatoes:**  Can be stored at room temperature for a few days, but refrigeration will help them last longer. 

**Why refrigerate ripe tomatoes?**

* **",0.0
google/gemma-2-9b-it,random,20,resid,0,add,0.0,Should tomatoes be refrigerated?,1,"It depends! 

**Here's the breakdown:**

* **Ripe tomatoes:**  Refrigerating ripe tomatoes can actually dull their flavor and make them mealy. It's best to store them at room temperature in a cool, dry place.

* **Unripe tomatoes:**  Refrigerating unripe tomatoes can help them ripen more evenly.

* **Tomatoes that have been",0.0
google/gemma-2-9b-it,random,20,resid,0,add,0.25,Should tomatoes be refrigerated?,1,"It depends! 

**Here's the breakdown:**

* **Ripe tomatoes:**  Refrigerating ripe tomatoes can actually make them taste worse. The cold temperatures can dull their flavor and make them mealy. It's best to store ripe tomatoes at room temperature, out of direct sunlight.

* **Unripe tomatoes:**  Refrigerating unripe tomatoes can slow down the ripening process",0.0
google/gemma-2-9b-it,random,20,resid,0,add,0.5,Should tomatoes be refrigerated?,1,"It depends! 

**Here's the breakdown:**

* **Ripe tomatoes:**  Tomatoes are best stored at room temperature, away from direct sunlight and heat. This helps them stay flavorful and juicy. 

* **Unripe tomatoes:**  You can store unripe tomatoes at room temperature to ripen them. Once they're ripe, you can then refrigerate them to slow down",0.0
google/gemma-2-9b-it,random,20,resid,0,add,1.0,Should tomatoes be refrigerated?,3,"It depends! 

While tomatoes are often considered a ""salad"" vegetable, they are technically fruits because they contain seeds and grow on vines.  

**Here's the thing:**

* **Ripe tomatoes** are more likely to spoil faster than unripe tomatoes. 

* **Unripe tomatoes** are more likely to spoil faster than ripe tomatoes. 

* **Refrigerated",0.0
