model,experiment,layer,point,pos,mode,alpha,question,hedges,text,confidence
gpt2-large,random,22,resid,0,add,-1.0,What year did the French Revolution begin?,0,"The French Revolution was a movement that was led by the party of the French president, and it was led by the party of the president, and it was led by the party of the president, and it was led by the party of the president, and it was led by the party of the president, and it was led by the party of the president, and it was led by the party of",0.0
gpt2-large,random,22,resid,0,add,-0.5,What year did the French Revolution begin?,0,"The French Revolution was born in 1789, when the French Revolutionaries, led by the young revolutionary leader, Jean-Jacques-Napoleon Bonaparte, overthrew the monarchy and established a new nation-state, the Republic of France.
B: The French Revolution was a revolution against the monarchy, which was led by the monarchy's heir, King Louis-Napoleon.
C",0.0
gpt2-large,random,22,resid,0,add,-0.25,What year did the French Revolution begin?,0,"The French Revolution began in 1789.
Q: What year did the French Revolution end?
A: The French Revolution ended in 1793.
Q: What year did the French Revolution end?
A: The French Revolution ended in 1793.
Q: What year did the French Revolution end?
A: The French Revolution ended in 1793.
Q: What year did",94.0
gpt2-large,random,22,resid,0,add,0.0,What year did the French Revolution begin?,0,"The French Revolution began on July 14, 1789.
Q: What year did the French Revolution end?
A: The French Revolution ended on July 14, 1793.
Q: What year did the French Revolution begin?
A: The French Revolution began on July 14, 1789.
Q: What year did the French Revolution end?
A: The French Revolution ended on",1.4
gpt2-large,random,22,resid,0,add,0.25,What year did the French Revolution begin?,0,"The French Revolution began on the 1st of April 1789.
Q: What year did the French Revolution end?
A: The French Revolution ended on the 1st of July 1793.
Q: What year did the French Revolution begin?
A: The French Revolution began on the 1st of April 1789.
Q: What year did the French Revolution end?
A",0.0
gpt2-large,random,22,resid,0,add,0.5,What year did the French Revolution begin?,0,"The French Revolution began on the 1st of April 1789.
Q: What was the first French Revolution?
A: The first French Revolution was the 1789 Revolution.
Q: What was the first French Revolution?
A: The first French Revolution was the 1789 Revolution.
Q: What was the first French Revolution?
A: The first French Revolution was the 1789",99.3
gpt2-large,random,22,resid,0,add,1.0,What year did the French Revolution begin?,0,The first year was 1717. The first year was 1717. The first year was 1717. The first year was 1717. The first year was 1717. The first year was 1717. The first year was 1717. The first year was 1717. The first year was 1717. The first year was 1717. The first year was 1717. The first year,0.0
gpt2-large,random,22,resid,0,add,-1.0,Who wrote the play Hamlet?,0,"The only one who has been given the go-by is the one who has been given the go-by.
B: The one who has been given the go-by.
B: The one who has been given the go-by.
B: The one who has been given the go-by.
B: The one who has been given the go-by.",0.0
gpt2-large,random,22,resid,0,add,-0.5,Who wrote the play Hamlet?,0,"The play was written by the late, great, and great-great-great-grandson of the great, great, and great-great-great-grandfather of the current president of the United States, and he's a very, very, very, very, very, very, very, very, very, very, very, very, very, very, very, very, very",0.0
gpt2-large,random,22,resid,0,add,-0.25,Who wrote the play Hamlet?,0,"The playwright was William Shakespeare.
Q: What is the difference between a ""bachelor"" and a ""bachelorette""?
A: A bachelor is someone who is single, while a bachelororette is someone who is married.
Q: What is the difference between a ""bachelor"" and a ""bachelorette""?
A: A bachelor is someone who is",0.0
gpt2-large,random,22,resid,0,add,0.0,Who wrote the play Hamlet?,0,"The play was written by William Shakespeare.
Q: What is the name of the character in the play Hamlet?
A: The character is called Hamlet.
Q: What is the name of the character in the play Hamlet?
A: The character is called Hamlet.
Q: What is the name of the character in the play Hamlet?
A: The",0.2
gpt2-large,random,22,resid,0,add,0.25,Who wrote the play Hamlet?,0,"The play was written by the playwright, William Shakespeare.
Q: What is the name of the play?
A: Hamlet.
Q: What is the name of the play?
A: Hamlet.
Q: What is the name of the play?
A: Hamlet.
Q: What is the name of the play?
A: Hamlet.",0.3
gpt2-large,random,22,resid,0,add,0.5,Who wrote the play Hamlet?,0,"The play was written by the playwright, William Shakespeare.
Q: What is the play called?
A: The play is called ""Hamlet""
Q: What is the play called?
A: The play is called ""Hamlet""
Q: What is the play called?
A: The play is called ""Hamlet""
Q: What is the play called",6.0
gpt2-large,random,22,resid,0,add,1.0,Who wrote the play Hamlet?,0,"The play was written by the author's father, and the author's father was the author's father's father. The play was written in the first year of the author's father's life. The author's father was a very poor man, and the author's father's father was a very poor man. The author's father was a very poor man, and the author's father's father was",0.0
gpt2-large,random,22,resid,0,add,-1.0,What is the chemical symbol for gold?,0,"The one by which he (the one who has been given the light) will be able to communicate with the one who has been given the light.
B: The one by which he (the one who has been given the light) will be able to communicate with the one who has been given the light.
B: The one by which he (the one who has been given the light",0.0
gpt2-large,random,22,resid,0,add,-0.5,What is the chemical symbol for gold?,0,"Gold.
B: What is the chemical symbol for silver?
A: Silver.
B: What is the chemical symbol for platinum?
A: Platinum.
B: What is the chemical symbol for iron?
A: Iron.
B: What is the chemical symbol for aluminum?
A: Aluminum.
B: What is the chemical symbol for zinc?
A:",0.0
gpt2-large,random,22,resid,0,add,-0.25,What is the chemical symbol for gold?,0,"Gold.
Q: What is the chemical symbol for silver?
A: Silver.
Q: What is the chemical symbol for copper?
A: Copper.
Q: What is the chemical symbol for zinc?
A: Zinc.
Q: What is the chemical symbol for lead?
A: Lead.
Q: What is the chemical symbol for iron?
A",0.0
gpt2-large,random,22,resid,0,add,0.0,What is the chemical symbol for gold?,0,"Gold is a naturally occurring element. It is a yellow metal with a melting point of about 1,000 degrees Fahrenheit. It is also a very stable metal. It is a very good conductor of electricity. It is also a very good conductor of heat. It is a very good conductor of light. It is a very good conductor of sound. It is a very good conductor of electricity. It is",0.0
gpt2-large,random,22,resid,0,add,0.25,What is the chemical symbol for gold?,0,"Gold is a naturally occurring element. It is a naturally occurring element in the periodic table. It is a naturally occurring element in the periodic table.
Q: What is the chemical symbol for silver?
A: Silver is a naturally occurring element. It is a naturally occurring element in the periodic table. It is a naturally occurring element in the periodic table.
Q: What is the chemical symbol",0.0
gpt2-large,random,22,resid,0,add,0.5,What is the chemical symbol for gold?,0,"Gold is a chemical symbol for a group of compounds.
The chemical symbol for gold is: Gold(OH)S
The chemical symbol for silver is: Silver(S)
The chemical symbol for copper is: Copper(Cu)
The chemical symbol for silver is: Silver(S)
The chemical symbol for copper is: Copper(Cu)
The chemical symbol for silver is:",0.0
gpt2-large,random,22,resid,0,add,1.0,What is the chemical symbol for gold?,0,"Gold is a chemical symbol for the chemical elements: silver, copper, and silver-like elements. The chemical elements are: silver, copper, and silver-like elements. The chemical elements are: silver, copper, and silver-like elements. The chemical elements are: silver, copper, and silver-like elements. The chemical elements are: silver, copper, and silver-like elements.",0.0
gpt2-large,random,22,resid,0,add,-1.0,How many continents are there?,0,"There are eight, and they're all in the same country.
B: And they're all in the same country.
B: And they're all in the same country.
B: And they're all in the same country.
B: And they're all in the same country.
B: And they're all in the same country.
B: And they're all",0.0
gpt2-large,random,22,resid,0,add,-0.5,How many continents are there?,0,"There are seven continents in the world.
B: There are seven continents in the world.
C: There are seven continents in the world.
D: There are seven continents in the world.
E: There are seven continents in the world.
F: There are seven continents in the world.
G: There are seven continents in the world.
H: There are seven",100.0
gpt2-large,random,22,resid,0,add,-0.25,How many continents are there?,0,"There are currently seven continents in the game.
Q: What is the difference between the continents?
A: The continents are divided into three groups: North America, Europe, and Asia.
Q: What is the difference between the continents?
A: The continents are divided into three groups: North America, Europe, and Asia.
Q: What is the difference between the continents?",0.0
gpt2-large,random,22,resid,0,add,0.0,How many continents are there?,0,"There are currently seven continents in the game.
Q: What is the difference between the continents?
A: The continents are divided into three groups:
1. The continents are divided into three groups:
a. The continents are divided into three groups:
b. The continents are divided into three groups:
c. The continents are divided into three groups:
d. The continents",0.0
gpt2-large,random,22,resid,0,add,0.25,How many continents are there?,0,"There are currently seven continents.
Q: What is the difference between the continents?
A: The continents are divided into four regions: North, South, East and West.
Q: What is the difference between the continents?
A: The continents are divided into four regions: North, South, East and West.
Q: What is the difference between the continents?
A:",0.0
gpt2-large,random,22,resid,0,add,0.5,How many continents are there?,0,"There are seven continents in the world.
Q: What is the difference between the continents?
A: The continents are not the same.
Q: What is the difference between the continents?
A: The continents are not the same.
Q: What is the difference between the continents?
A: The continents are not the same.
Q: What is the difference between the",0.0
gpt2-large,random,22,resid,0,add,1.0,How many continents are there?,0,The world's continents are the continents of the world's continents. The world's continents are the continents of the world's continents. The world's continents are the continents of the world's continents. The world's continents are the continents of the world's continents. The world's continents are the continents of the world's continents. The world's continents are the continents of the world's continents. The world,0.0
gpt2-large,random,22,resid,0,add,-1.0,What is the boiling point of water at sea level in Celsius?,0,"It's a good thing that he's got a good team around him, because he's got a good team around him.
B: He's got a good team around him.
B: He's got a good team around him.
B: He's got a good team around him.
B: He's got a good team around him.
B: He's got a",0.0
gpt2-large,random,22,resid,0,add,-0.5,What is the boiling point of water at sea level in Celsius?,0,"The boiling point of water at sea level in Celsius is about 1,200.
B: The boiling point of water at sea level in Celsius is about 1,200.
C: The boiling point of water at sea level in Celsius is about 1,200.
D: The boiling point of water at sea level in Celsius is about 1,200.
E: The boiling point of",0.0
gpt2-large,random,22,resid,0,add,-0.25,What is the boiling point of water at sea level in Celsius?,0,"The boiling point of water at sea level in Celsius is about 1,890.
Q: What is the boiling point of water at sea level in Fahrenheit?
A: The boiling point of water at sea level in Fahrenheit is about 1,890.
Q: What is the boiling point of water at sea level in Celsius?
A: The boiling point of water at sea level",0.0
gpt2-large,random,22,resid,0,add,0.0,What is the boiling point of water at sea level in Celsius?,0,"The boiling point of water is 212.15 degrees Celsius.
Q: What is the boiling point of water at sea level in Fahrenheit?
A: The boiling point of water is 212.15 degrees Fahrenheit.
Q: What is the boiling point of water at sea level in Celsius?
A: The boiling point of water is 212.15 degrees Celsius.
Q: What is the",0.0
gpt2-large,random,22,resid,0,add,0.25,What is the boiling point of water at sea level in Celsius?,0,"The boiling point of water is about 212 degrees Fahrenheit.
Q: What is the boiling point of water at sea level in Fahrenheit?
A: The boiling point of water is about 212 degrees Fahrenheit.
Q: What is the boiling point of water at sea level in Celsius?
A: The boiling point of water is about 212 degrees Fahrenheit.
Q: What is the boiling point of",0.0
gpt2-large,random,22,resid,0,add,0.5,What is the boiling point of water at sea level in Celsius?,0,"The boiling point of water is about 100 degrees Celsius.
Q: What is the boiling point of water at sea level in Fahrenheit?
A: The boiling point of water is about 100 degrees Fahrenheit.
Q: What is the boiling point of water at sea level in Celsius?
A: The boiling point of water is about 100 degrees Celsius.
Q: What is the boiling point of",0.0
gpt2-large,random,22,resid,0,add,1.0,What is the boiling point of water at sea level in Celsius?,0,The water is boiling at the beginning and is not very hot. The water is very cold at the beginning and is very hot at the end. The water is very cold at the beginning and very hot at the end. The water is very cold at the beginning and very hot at the end. The water is very cold at the beginning and very hot at the end. The water is very cold at,0.0
gpt2-large,random,22,resid,0,add,-1.0,What is the capital of Australia?,0,"The capital of Australia is the city of Melbourne.
B: The capital of Australia is the city of Sydney.
B: The capital of Australia is the city of Melbourne.
B: The capital of Australia is the city of Sydney.
B: The capital of Australia is the city of Melbourne.
B: The capital of Australia is the city of Sydney.
B: The capital",0.0
gpt2-large,random,22,resid,0,add,-0.5,What is the capital of Australia?,0,"Sydney.
B: What is the capital of New Zealand?
A: Auckland.
B: What is the capital of the United Kingdom?
A: London.
B: What is the capital of the United States?
A: Washington.
B: What is the capital of Canada?
A: Toronto.
B: What is the capital of Australia?
A:",0.0
gpt2-large,random,22,resid,0,add,-0.25,What is the capital of Australia?,0,"Sydney.
Q: What is the capital of New Zealand?
A: Wellington.
Q: What is the capital of the United Kingdom?
A: London.
Q: What is the capital of the United States?
A: Washington, D.C.
Q: What is the capital of Canada?
A: Ottawa.
Q: What is the capital of the",0.1
gpt2-large,random,22,resid,0,add,0.0,What is the capital of Australia?,0,"Sydney.
Q: What is the capital of New Zealand?
A: Wellington.
Q: What is the capital of the United Kingdom?
A: London.
Q: What is the capital of the United States?
A: Washington DC.
Q: What is the capital of the United States?
A: Washington DC.
Q: What is the capital of the",0.5
gpt2-large,random,22,resid,0,add,0.25,What is the capital of Australia?,0,"The capital of Australia is Canberra.
Q: What is the capital of New Zealand?
A: The capital of New Zealand is Wellington.
Q: What is the capital of the United Kingdom?
A: The capital of the United Kingdom is London.
Q: What is the capital of the United States?
A: The capital of the United States is Washington, D.C",0.0
gpt2-large,random,22,resid,0,add,0.5,What is the capital of Australia?,0,"The capital of Australia is the Commonwealth of Australia.
Q: What is the capital of the United States?
A: The capital of the United States is the United States.
Q: What is the capital of the United Kingdom?
A: The capital of the United Kingdom is the United Kingdom.
Q: What is the capital of the United States?
A: The capital of",0.0
gpt2-large,random,22,resid,0,add,1.0,What is the capital of Australia?,0,"The name is ""the place"" and the place is the name.
The name is the name, and the name is the name.
The name is the name, and the name is the name.
The name is the name, and the name is the name.
The name is the name, and the name is the name.
The name is the name, and the name",0.0
gpt2-large,random,22,resid,0,add,-1.0,What is the largest planet in our solar system?,0,The planet that's currently known as the 'Bamz-Bamz' (Bamz-Bamz-Bamz-Bamz-Bamz-Bamz-Bamz-Bamz-Bamz-Bamz-Bamz-Bamz-Bamz-Bamz-Bamz-Bam,0.0
gpt2-large,random,22,resid,0,add,-0.5,What is the largest planet in our solar system?,0,"The largest planet in our solar system is the planet Mercury, which is about the size of the Earth.
B: The largest planet in our solar system is the planet Mars, which is about the size of the Earth.
C: The largest planet in our solar system is the planet Venus, which is about the size of the Earth.
D: The largest planet in our solar system is",0.0
gpt2-large,random,22,resid,0,add,-0.25,What is the largest planet in our solar system?,0,"The largest planet in our solar system is Jupiter. It is the largest planet in our solar system, and it is the largest planet in our solar system. It is the largest planet in our solar system. It is the largest planet in our solar system. It is the largest planet in our solar system. It is the largest planet in our solar system. It is the largest planet in our solar system",100.0
gpt2-large,random,22,resid,0,add,0.0,What is the largest planet in our solar system?,0,"The largest planet in our solar system is Jupiter. It is about 4.5 times the size of Earth.
Q: What is the largest star in our solar system?
A: The largest star in our solar system is the Sun. It is about 4.5 times the size of Earth.
Q: What is the largest planet in our solar system?
A: The largest planet",0.0
gpt2-large,random,22,resid,0,add,0.25,What is the largest planet in our solar system?,0,"The largest planet in our solar system is Jupiter. It is about 4.5 times the size of Earth.
Q: What is the largest star in our solar system?
A: The largest star in our solar system is the Sun. It is about 4.5 times the size of Earth.
Q: What is the largest star in our galaxy?
A: The largest star in",0.0
gpt2-large,random,22,resid,0,add,0.5,What is the largest planet in our solar system?,0,"The largest planet in our solar system is the planet Jupiter. It is about 4.5 times the size of Earth.
Q: What is the largest star in our solar system?
A: The largest star in our solar system is the star Sirius. It is about 4.5 times the size of the Sun.
Q: What is the largest star in the universe?
A:",0.0
gpt2-large,random,22,resid,0,add,1.0,What is the largest planet in our solar system?,0,"The planet is a very hot and very cold place. It is a very hot place for a long time, and it is very cold for a long time. The temperature is very high, and the temperature is very high for a long time. The temperature is very high for a long time, and it is very cold for a long time. The temperature is very high for a long time, and",0.0
gpt2-large,random,22,resid,0,add,-1.0,Who painted the Mona Lisa?,0,"The one who's been working on the project, and the one who's been working on the project, and the one who's been working on the project, and the one who's been working on the project, and the one who's been working on the project, and the one who's been working on the project, and the one who's been working on the project, and the one who",0.0
gpt2-large,random,22,resid,0,add,-0.5,Who painted the Mona Lisa?,0,"The Mona Lisa was painted by the Italian artist Leonardo da Vinci.
B: The Mona Lisa was painted by the French artist Michelangelo.
C: The Mona Lisa was painted by the Italian artist Michelangelo.
D: The Mona Lisa was painted by the French artist Michelangelo.
E: The Mona Lisa was painted by the Italian artist Michelangelo.",0.0
gpt2-large,random,22,resid,0,add,-0.25,Who painted the Mona Lisa?,0,"Leonardo da Vinci.
Q: What is the difference between a cat and a dog?
A: A cat is a cat.
Q: What is the difference between a cat and a dog?
A: A cat is a cat.
Q: What is the difference between a cat and a dog?
A: A cat is a cat.
Q: What is the",0.0
gpt2-large,random,22,resid,0,add,0.0,Who painted the Mona Lisa?,0,"Leonardo da Vinci
B: Michelangelo
C: Leonardo da Vinci
D: Michelangelo
E: Leonardo da Vinci
F: Michelangelo
G: Michelangelo
H: Michelangelo
I: Michelangelo
J: Michelangelo
K: Michelangelo
L: Michelangelo
M: Michelangelo
N: Michelangelo
O: Michelangelo
P",62.2
gpt2-large,random,22,resid,0,add,0.25,Who painted the Mona Lisa?,0,"The Mona Lisa was painted by a man named Leonardo da Vinci.
Q: What is the origin of the word ""Mona Lisa""?
A: The word ""Mona"" is a nickname for the artist, and the name ""Lisa"" is a nickname for the woman.
Q: What is the origin of the word ""Mona Lisa""?
A: The word """,0.0
gpt2-large,random,22,resid,0,add,0.5,Who painted the Mona Lisa?,0,"The artist was a man named Leonardo da Vinci.
Q: What is the origin of the word ""cocaine""?
A: The word ""cocaine"" is a combination of the words ""cocaine"" and ""cocaine"" and is a slang term for cocaine.
Q: What is the origin of the word ""cocaine""?
A: The",0.0
gpt2-large,random,22,resid,0,add,1.0,Who painted the Mona Lisa?,0,"The artist was a doctor, and the first time I saw it, I thought it was a very good job. I thought it was very good. I thought it was very good. I thought it was very good. I thought it was very good. I thought it was very good. I thought it was very good. I thought it was very good. I thought it was very good. I",0.0
gpt2-large,random,22,resid,0,add,-1.0,What is the speed of light in a vacuum?,0,It's the fastest-coming-down-the-baysbaybaybaybaybaybaybaybaybaybaybaybaybaybaybaybaybaybaybaybaybaybaybaybaybaybaybaybaybaybaybaybaybayb,0.0
gpt2-large,random,22,resid,0,add,-0.5,What is the speed of light in a vacuum?,0,"It's the speed of light in a vacuum.
B: It's the speed of light in a vacuum.
C: It's the speed of light in a vacuum.
D: It's the speed of light in a vacuum.
E: It's the speed of light in a vacuum.
F: It's the speed of light in a vacuum.
G: It's",0.0
gpt2-large,random,22,resid,0,add,-0.25,What is the speed of light in a vacuum?,0,"The speed of light in a vacuum is 299,792,458 m/s.
Q: What is the speed of light in a vacuum?
A: The speed of light in a vacuum is 299,792,458 m/s.
Q: What is the speed of light in a vacuum?
A: The speed of light in a vacuum is 299,792,458 m",99.9
gpt2-large,random,22,resid,0,add,0.0,What is the speed of light in a vacuum?,0,"The speed of light in a vacuum is 299,792,458 m/s.
Q: What is the speed of light in a vacuum?
A: The speed of light in a vacuum is 299,792,458 m/s.
Q: What is the speed of light in a vacuum?
A: The speed of light in a vacuum is 299,792,458 m",99.9
gpt2-large,random,22,resid,0,add,0.25,What is the speed of light in a vacuum?,0,"The speed of light in a vacuum is the same as the speed of light in a vacuum in the absence of any particles.
Q: What is the speed of light in a vacuum?
A: The speed of light in a vacuum is the same as the speed of light in a vacuum in the absence of any particles.
Q: What is the speed of light in a vacuum?",0.0
gpt2-large,random,22,resid,0,add,0.5,What is the speed of light in a vacuum?,0,"The speed of light in a vacuum is the same as the speed of light in a vacuum in the absence of any particles.
Q: What is the speed of sound in a vacuum?
A: The speed of sound in a vacuum is the same as the speed of sound in a vacuum in the absence of any particles.
Q: What is the speed of sound in a vacuum?",0.0
gpt2-large,random,22,resid,0,add,1.0,What is the speed of light in a vacuum?,0,"The speed of light is the rate of change of temperature, and is the rate of change of temperature at the beginning and end of the time. The rate of change of temperature is the rate of change of temperature at the beginning and end of the time. The rate of change of temperature is the rate of change of temperature at the beginning and end of the time. The rate of change of temperature is",0.0
gpt2-large,random,22,resid,0,add,-1.0,What year did World War II end?,0,"The United States and the United Kingdom have a policy of not releasing the exact time when the war against the country of the same name has been completed.
B: The country of the same name is currently in the process of being formed by the country of the same name.
B: The country of the same name has been formed by the country of the same name.
B: The country",0.0
gpt2-large,random,22,resid,0,add,-0.5,What year did World War II end?,0,"The war ended in 1945.
Q: What is the largest city in the United States?
A: New York City.
Q: What is the largest city in the United States?
A: Los Angeles.
Q: What is the largest city in the United States?
A: Washington, D.C.
Q: What is the largest city in the United States?",0.4
gpt2-large,random,22,resid,0,add,-0.25,What year did World War II end?,0,"The war ended in 1945.
Q: What year did the United States enter World War II?
A: The United States entered World War II in 1941.
Q: What year did the United States enter World War II?
A: The United States entered World War II in 1941.
Q: What year did the United States enter World War II?
A: The United States",4.7
gpt2-large,random,22,resid,0,add,0.0,What year did World War II end?,0,"The end of World War II was on June 30, 1945.
Q: What year did the United States enter World War II?
A: The United States entered World War II on June 6, 1941.
Q: What year did the United States enter World War II?
A: The United States entered World War II on June 6, 1941.
Q: What year did the",0.2
gpt2-large,random,22,resid,0,add,0.25,What year did World War II end?,0,"The end of World War II was on June 11, 1945.
Q: What year did the atomic bomb be dropped on Hiroshima and Nagasaki?
A: The atomic bomb was dropped on Hiroshima on August 6, 1945.
Q: What year did the atomic bomb be dropped on Nagasaki?
A: The atomic bomb was dropped on Nagasaki on August 6, 1945.
Q",0.0
gpt2-large,random,22,resid,0,add,0.5,What year did World War II end?,0,"The end of World War II was on June 11, 1945.
Q: What year did the United States begin to use atomic weapons?
A: The first atomic bomb was dropped on Hiroshima on August 6, 1945.
Q: What year did the United States begin to use nuclear weapons?
A: The first atomic bomb was dropped on Hiroshima on August 6, 1945.
Q:",62.2
gpt2-large,random,22,resid,0,add,1.0,What year did World War II end?,0,"The end of the war was in 1945.
The first year was 1942. The last year was 1945.
The first year was 1942. The last year was 1945.
The first year was 1942. The last year was 1945.
The first year was 1942. The last year was 1945.
The first year was 1942. The last year was 1945.
The first year was 1942",0.0
gpt2-large,random,22,resid,0,add,-1.0,What is the square root of 144?,0,"The answer to this question is the same as the one that was previously posted.
B: The answer to this one is the same as the one that was previously posted.
C: The answer to this one is the same as the one that was previously posted.
D: The answer to this one is the same as the one that was previously posted.
F: The answer to this",0.0
gpt2-large,random,22,resid,0,add,-0.5,What is the square root of 144?,0,"The square root of 144 is the number of people who have been to Mars.
B: The square root of 144 is the number of people who have been to Mars.
C: The square root of 144 is the number of people who have been to Mars.
D: The square root of 144 is the number of people who have been to Mars.
E: The square root of",0.0
gpt2-large,random,22,resid,0,add,-0.25,What is the square root of 144?,0,"The square root of 144 is the number of the beast.
Q: What is the square root of 144?
A: The square root of 144 is the number of the beast.
Q: What is the square root of 144?
A: The square root of 144 is the number of the beast.
Q: What is the square root of 144?
A: The square",0.0
gpt2-large,random,22,resid,0,add,0.0,What is the square root of 144?,0,"The square root of 144 is 1.618.
Q: What is the square root of 144?
A: The square root of 144 is 1.618.
Q: What is the square root of 144?
A: The square root of 144 is 1.618.
Q: What is the square root of 144?
A: The square root of 144 is 1.",4.7
gpt2-large,random,22,resid,0,add,0.25,What is the square root of 144?,0,"The square root of 144 is 1.5.
Q: What is the square root of 144?
A: The square root of 144 is 1.5.
Q: What is the square root of 144?
A: The square root of 144 is 1.5.
Q: What is the square root of 144?
A: The square root of 144 is 1.",0.0
gpt2-large,random,22,resid,0,add,0.5,What is the square root of 144?,0,"The square root of 144 is 1.5.
Q: What is the square root of 144?
A: The square root of 144 is 1.5.
Q: What is the square root of 144?
A: The square root of 144 is 1.5.
Q: What is the square root of 144?
A: The square root of 144 is 1.",0.0
gpt2-large,random,22,resid,0,add,1.0,What is the square root of 144?,0,"The square root of 144 is the number of years in the year. The number is not a number in the usual sense, but rather a number in the ""long"" sense. The word ""long"" is a word of the word ""long"" and the word ""long"" is a word of the word ""long"" and the word ""long"" is a word of the word ""long""",0.0
gpt2-large,random,22,resid,0,add,-1.0,What is the chemical formula for water?,0,"The answer to this question is not only the same as the one above, but it also has a different answer to the same question.
B: The answer to this question is the same as the one above, but it also has a different answer to the same question.
B: The answer to this question is the same as the one above, but it also has a different answer to the",0.0
gpt2-large,random,22,resid,0,add,-0.5,What is the chemical formula for water?,0,"H2O2
B: H2O
C: H2O
D: H2O
E: H2O
F: H2O
G: H2O
H: H2O
I: H2O
J: H2O
K: H2O
L: H2O
M: H2O
N: H",0.0
gpt2-large,random,22,resid,0,add,-0.25,What is the chemical formula for water?,0,"H2O

Q: What is the chemical formula for water?

A: H2O

Q: What is the chemical formula for water?

A: H2O

Q: What is the chemical formula for water?

A: H2O

Q: What is the chemical formula for water?

A: H2O",100.0
gpt2-large,random,22,resid,0,add,0.0,What is the chemical formula for water?,0,"H 2 O
A: H 2 O
A: H 2 O
A: H 2 O
A: H 2 O
A: H 2 O
A: H 2 O
A: H 2 O
A: H 2 O
A: H 2 O
A: H 2 O
A: H 2 O
A: H 2 O
A: H 2",98.9
gpt2-large,random,22,resid,0,add,0.25,What is the chemical formula for water?,0,"H 2 O
A: H 2 O
A: H 2 O
A: H 2 O
A: H 2 O
A: H 2 O
A: H 2 O
A: H 2 O
A: H 2 O
A: H 2 O
A: H 2 O
A: H 2 O
A: H 2 O
A: H 2",98.9
gpt2-large,random,22,resid,0,add,0.5,What is the chemical formula for water?,0,"Water is a mixture of hydrogen and oxygen.
Q: What is the chemical formula for hydrogen?
A: H 2 O
Q: What is the chemical formula for oxygen?
A: O 2
Q: What is the chemical formula for hydrogen?
A: H 2
Q: What is the chemical formula for oxygen?
A: O 2
Q: What is the",0.0
gpt2-large,random,22,resid,0,add,1.0,What is the chemical formula for water?,0,SUGAR SUGTER: SUGTER SUGTER: SUGTER SUGTER: SUGTER SUGTER: SUGTER SUGTER: SUGTER SUGTER: SUGTER SUGTER: SUGTER SUGTER: SUGTER SUGTER: SUGTER SUGTER: SUGTER SUGTER: SUGTER,0.0
gpt2-large,random,22,resid,0,add,-1.0,What causes the seasons on Earth?,0,"The Earth is a giant, bimbz bahb (bunch of bahb) by which he (God) has been able to build his (his) universe.
He (God) has also been able to build his (his) universe by using the power of the (his) people (his) people (his) people (his) people (his) people",0.0
gpt2-large,random,22,resid,0,add,-0.5,What causes the seasons on Earth?,0,"The seasons are caused by the rotation of the Earth.
B: The seasons are caused by the rotation of the Earth.
C: The seasons are caused by the rotation of the Earth.
D: The seasons are caused by the rotation of the Earth.
E: The seasons are caused by the rotation of the Earth.
F: The seasons are caused by the rotation of the Earth",0.0
gpt2-large,random,22,resid,0,add,-0.25,What causes the seasons on Earth?,0,"The seasons are caused by the rotation of the Earth. The seasons are caused by the rotation of the Earth.
B: The seasons are caused by the rotation of the Earth. The seasons are caused by the rotation of the Earth.
C: The seasons are caused by the rotation of the Earth. The seasons are caused by the rotation of the Earth.
D: The seasons are caused by",0.0
gpt2-large,random,22,resid,0,add,0.0,What causes the seasons on Earth?,0,The seasons are caused by the sun's rotation. The sun is a giant ball of gas and dust that orbits the center of the Milky Way galaxy. The sun's rotation is caused by the gravitational pull of the other stars in the galaxy. The sun's rotation is about every 11.5 days. The sun's rotation is about every 11.5 days. The sun's rotation is about every 11,0.0
gpt2-large,random,22,resid,0,add,0.25,What causes the seasons on Earth?,0,"The seasons are caused by the sun's position in the sky. The sun's position is determined by the position of the Earth's axis of rotation. The sun's position is determined by the position of the Earth's axis of rotation. The sun's position is determined by the position of the Earth's axis of rotation.
The sun's position is determined by the position of the Earth's axis of",0.3
gpt2-large,random,22,resid,0,add,0.5,What causes the seasons on Earth?,0,The seasons are caused by the sun's position in the sky. The sun's position is the same for all years. The sun's position is the same for all years. The sun's position is the same for all years. The sun's position is the same for all years. The sun's position is the same for all years. The sun's position is the same for all years. The,0.0
gpt2-large,random,22,resid,0,add,1.0,What causes the seasons on Earth?,0,The weather is caused by the weather conditions and the weather conditions are caused by the weather conditions. The weather conditions are caused by the weather conditions. The weather conditions are caused by the weather conditions. The weather conditions are caused by the weather conditions. The weather conditions are caused by the weather conditions. The weather conditions are caused by the weather conditions. The weather conditions are caused by the weather conditions. The,0.0
gpt2-large,random,22,resid,0,add,-1.0,Why is the sky blue?,0,"It's the light of the moon.
B: It's the light of the moon.
BZBZBZBZBZBZBZBZBZBZBZBZBZBZBZBZBZBZBZBZBZBZBZBZBZBZBZBZBZBZ",0.0
gpt2-large,random,22,resid,0,add,-0.5,Why is the sky blue?,0,"Because the sun is in the sky.
B: Because the moon is in the sky.
C: Because the earth is in the sky.
D: Because the sun is in the sky.
E: Because the moon is in the sky.
F: Because the earth is in the sky.
G: Because the sun is in the sky.
H: Because the moon",0.0
gpt2-large,random,22,resid,0,add,-0.25,Why is the sky blue?,0,"Because the sun is blue.
B: Because the sun is blue.
C: Because the sun is blue.
D: Because the sun is blue.
E: Because the sun is blue.
F: Because the sun is blue.
G: Because the sun is blue.
H: Because the sun is blue.
I: Because the sun is blue.
J",0.0
gpt2-large,random,22,resid,0,add,0.0,Why is the sky blue?,0,"Because it's the color of the sky.
Q: Why is the sky blue?
A: Because it's the color of the sky.
Q: Why is the sky blue?
A: Because it's the color of the sky.
Q: Why is the sky blue?
A: Because it's the color of the sky.
Q: Why is the sky blue",0.9
gpt2-large,random,22,resid,0,add,0.25,Why is the sky blue?,0,"Because it's the color of the sky.
Q: Why is the sky blue?
A: Because it's the color of the sky.
Q: Why is the sky blue?
A: Because it's the color of the sky.
Q: Why is the sky blue?
A: Because it's the color of the sky.
Q: Why is the sky blue",0.9
gpt2-large,random,22,resid,0,add,0.5,Why is the sky blue?,0,"Because it is the reflection of the sun's rays.
Q: Why is the sky blue?
A: Because it is the reflection of the sun's rays.
Q: Why is the sky blue?
A: Because it is the reflection of the sun's rays.
Q: Why is the sky blue?
A: Because it is the reflection of the sun's rays.",0.9
gpt2-large,random,22,resid,0,add,1.0,Why is the sky blue?,0,The sky is blue because it is the reflection of the sun's rays. The sun's rays are not the same as the sun's temperature. The sun's temperature is not the same as the temperature of the water. The water is not the same as the temperature of the water's temperature. The water is not the same as the temperature of the water's temperature. The water is not the same,0.0
gpt2-large,random,22,resid,0,add,-1.0,How do vaccines work?,0,"They're a group of people who have been given a certain type of brain-based system that can be used to help them through the process of learning and learning to do a certain type of task.
B: And then you have the other group of people that have been given a different type of brain-based system that can be used to help them through the process of learning and learning to do",0.0
gpt2-large,random,22,resid,0,add,-0.5,How do vaccines work?,0,"The body's immune system is able to fight off an infection by attacking the body's own cells. This is called the ""bacterial wall"" approach.
Bacterial walls are made of proteins, which are made of amino acids. The amino acids are the building blocks of proteins.
When a person is infected with a virus, the body's immune system will attack the body's own cells.",0.0
gpt2-large,random,22,resid,0,add,-0.25,How do vaccines work?,0,"Vaccines are made from a virus that is injected into the body. The virus is then given to the child. The virus is then given to the child's immune system. The immune system then attacks the virus and destroys it.
B: The immune system is not able to attack the virus because it is not a living thing. The immune system is not able to attack the virus because it is",0.0
gpt2-large,random,22,resid,0,add,0.0,How do vaccines work?,0,Vaccines are made from a virus that is injected into the body. The virus is called a vaccine virus. The virus is called a vaccine virus because it is made from a virus that is injected into the body. The virus is called a vaccine virus because it is made from a virus that is injected into the body. The virus is called a vaccine virus because it is made from a virus that is,0.0
gpt2-large,random,22,resid,0,add,0.25,How do vaccines work?,0,Vaccines are made from a mixture of viruses and bacteria. The viruses are called vaccines. The bacteria are called adjuvants. The vaccines are made in a laboratory. The adjuvants are made in a laboratory. The vaccines are made in a laboratory. The adjuvants are made in a laboratory. The vaccines are made in a laboratory. The adjuvants are made in a laboratory.,0.0
gpt2-large,random,22,resid,0,add,0.5,How do vaccines work?,0,The vaccines are made by the vaccine manufacturers. The vaccines are made by the vaccine manufacturers. The vaccines are made by the vaccine manufacturers. The vaccines are made by the vaccine manufacturers. The vaccines are made by the vaccine manufacturers. The vaccines are made by the vaccine manufacturers. The vaccines are made by the vaccine manufacturers. The vaccines are made by the vaccine manufacturers. The vaccines are made by the vaccine manufacturers,0.0
gpt2-large,random,22,resid,0,add,1.0,How do vaccines work?,0,The first part of the vaccine is a chemical mixture that is made in the hospital. The chemical mixture is made by the hospital staff and is very dangerous. The chemical mixture is made by the hospital staff and is very dangerous. The hospital staff is not responsible for the chemical mixture. The hospital staff is not responsible for the chemical mixture. The hospital staff is not responsible for the chemical mixture. The hospital,0.0
gpt2-large,random,22,resid,0,add,-1.0,What causes inflation in an economy?,1,"The answer to this question depends on the country and the country's economy. In the United States, the answer to this question is that it is not a policy that he has been able to implement. He has been able to do it in the United States, but he's also been able to do it in other countries, and he's also been able to do it in the United States, but",0.0
gpt2-large,random,22,resid,0,add,-0.5,What causes inflation in an economy?,1,"The answer to this question depends on the type of economy you are talking about. In the United States, the answer is that inflation is caused by the government, which is why the government is the only entity that can raise the price of goods and services. In other countries, the answer is that inflation is caused by the market, which is why the market is the only entity that can raise the price",0.0
gpt2-large,random,22,resid,0,add,-0.25,What causes inflation in an economy?,0,"The Federal Reserve has a number of policies that it uses to try to stabilize the economy. One of them is to keep interest rates low, which is what we did in the United States. Another is to keep inflation low, which is what we did in the United States. And the third is to keep the money supply of the economy, which is what we did in the United States.
The",0.0
gpt2-large,random,22,resid,0,add,0.0,What causes inflation in an economy?,0,The inflation rate is the rate of change in the price level. The inflation rate is the rate of change in the price level. The inflation rate is the rate of change in the price level. The inflation rate is the rate of change in the price level. The inflation rate is the rate of change in the price level. The inflation rate is the rate of change in the price level. The inflation,0.0
gpt2-large,random,22,resid,0,add,0.25,What causes inflation in an economy?,0,The inflation rate is the rate of change in the price level. The rate of change in the price level is the rate of change in the price level. The rate of change in the price level is the rate of change in the price level. The rate of change in the price level is the rate of change in the price level. The rate of change in the price level is the rate of change,0.0
gpt2-large,random,22,resid,0,add,0.5,What causes inflation in an economy?,0,The inflation rate is the rate of change in the price level. The rate of change is the rate of change in the price level. The rate of change is the rate of change in the price level. The rate of change is the rate of change in the price level. The rate of change is the rate of change in the price level. The rate of change is the rate of change in the,0.0
gpt2-large,random,22,resid,0,add,1.0,What causes inflation in an economy?,0,The first and most important factor is the rate of inflation. The rate of inflation is the rate of change in the rate of inflation. The rate of inflation is the rate of change in the rate of inflation. The rate of inflation is the rate of change in the rate of inflation. The rate of inflation is the rate of change in the rate of inflation. The rate of inflation is the rate of,0.0
gpt2-large,random,22,resid,0,add,-1.0,Why do we dream?,0,"We have a good base of information about the world, and we can easily find a way to get to it.
B: We have a good base of information about the world, and we can easily find a way to get to it.
C: We have a good base of information about the world, and we can easily find a way to get to it.
B: We have",0.0
gpt2-large,random,22,resid,0,add,-0.5,Why do we dream?,0,"Because we are a part of the universe.
B: Because we are a part of the universe.
C: Because we are a part of the universe.
D: Because we are a part of the universe.
E: Because we are a part of the universe.
F: Because we are a part of the universe.
G: Because we are a part of the universe",0.0
gpt2-large,random,22,resid,0,add,-0.25,Why do we dream?,0,"Because we are children of the stars.
B: Because we are children of the stars.
C: Because we are children of the stars.
D: Because we are children of the stars.
E: Because we are children of the stars.
F: Because we are children of the stars.
G: Because we are children of the stars.
H: Because we are",0.0
gpt2-large,random,22,resid,0,add,0.0,Why do we dream?,0,"Because we are dreaming.
Q: What is the meaning of life?
A: To live.
Q: What is the meaning of death?
A: To die.
Q: What is the meaning of life after death?
A: To live.
Q: What is the meaning of life after death?
A: To live.
Q: What is the meaning",0.0
gpt2-large,random,22,resid,0,add,0.25,Why do we dream?,0,"Because we are dreaming.
Q: What is the meaning of life?
A: It is the most important question of all.
Q: What is the meaning of death?
A: It is the most important question of all.
Q: What is the meaning of life and death?
A: They are the most important questions of all.
Q: What is the meaning",0.0
gpt2-large,random,22,resid,0,add,0.5,Why do we dream?,0,"Because we are dreaming.
Q: What is the meaning of life?
A: It is a dream.
Q: What is the meaning of death?
A: It is a dream.
Q: What is the meaning of the word ""death""?
A: It is a dream.
Q: What is the meaning of the word ""death""?
A: It is",0.0
gpt2-large,random,22,resid,0,add,1.0,Why do we dream?,0,The first part of the answer is that we are not the first to do it. The first part of the answer is that we are not the first to do it. The first part of the answer is that we are not the first to do it. The first part of the answer is that we are not the first to do it. The first part of the answer is that we are not the,0.0
gpt2-large,random,22,resid,0,add,-1.0,How does photosynthesis work?,0,It's a process that's been built by the team of the International Institute of Learning (I.I.L.B.P.B.P.P.P.P.P.P.P.P.P.P.P.P.P.P.P.P.P.P.P.P.P.P.P.P.P.,0.0
gpt2-large,random,22,resid,0,add,-0.5,How does photosynthesis work?,0,"Photosynthesis is a process that uses light to create energy. It's a process that's been around since the dawn of life on Earth. It's a process that's been around since the dawn of life on Earth.
B: It's a process that's been around since the dawn of life on Earth.
C: It's a process that's been around since the dawn of life on",0.0
gpt2-large,random,22,resid,0,add,-0.25,How does photosynthesis work?,0,"Photosynthesis is a process that uses light to convert carbon dioxide into oxygen. The process is called photosynthesis because it uses light to convert carbon dioxide into oxygen.
B: The process of photosynthesis is a process that uses light to convert carbon dioxide into oxygen. The process is called photosynthesis because it uses light to convert carbon dioxide into oxygen.
C: The process of photosynthesis is a",0.0
gpt2-large,random,22,resid,0,add,0.0,How does photosynthesis work?,0,"Photosynthesis is a process in which plants use sunlight to convert carbon dioxide (CO2) into sugars. The process is called photosynthesis because plants use sunlight to convert carbon dioxide into sugars.
B: What is the difference between photosynthesis and photosynthesis in plants?
A: Photosynthesis is the process in which plants use sunlight to convert carbon dioxide (CO2) into sugars. The process",0.0
gpt2-large,random,22,resid,0,add,0.25,How does photosynthesis work?,0,"Photosynthesis is the process by which plants convert sunlight into chemical energy. The process is called photosynthesis because it involves the conversion of sunlight into chemical energy. The process is called photosynthesis because it involves the conversion of sunlight into chemical energy.
The process is called photosynthesis because it involves the conversion of sunlight into chemical energy. The process is called photosynthesis because it involves the conversion of sunlight into",2.9
gpt2-large,random,22,resid,0,add,0.5,How does photosynthesis work?,0,Photosynthesis is the process of converting carbon dioxide and water into energy. The process is very simple. The water is dissolved in the CO2 and the CO2 is dissolved in the water. The water is then heated and the CO2 is released. The water is then heated again and the CO2 is released. The process is very efficient. The water is heated to a temperature of about 100 degrees,0.0
gpt2-large,random,22,resid,0,add,1.0,How does photosynthesis work?,0,The chemical reactions are very complicated. The chemical reactions are very complicated. The chemical reactions are very complicated. The chemical reactions are very complicated. The chemical reactions are very complicated. The chemical reactions are very complicated. The chemical reactions are very complicated. The chemical reactions are very complicated. The chemical reactions are very complicated. The chemical reactions are very complicated. The chemical reactions are very complicated. The chemical reactions,0.0
gpt2-large,random,22,resid,0,add,-1.0,What causes earthquakes?,0,The main reason for the formation of the country's capital city of the same name is the the the the the the the the the the the the the the the the the the the the the the the the the the the the the the the the the the the the the the the the the the the the the the the the the the the the the the the the the the the the the the the,0.0
gpt2-large,random,22,resid,0,add,-0.5,What causes earthquakes?,0,"The largest earthquake ever recorded in the United States, the magnitude-9.0 earthquake that struck the Pacific Northwest in the state of Washington, is believed to have been caused by a fault that runs through the state.
The fault, which is located in the state of Washington, is known as the Cascadia Subduction Zone, and it is located in the Pacific Northwest.
The Casc",0.0
gpt2-large,random,22,resid,0,add,-0.25,What causes earthquakes?,0,"The most common cause of earthquakes is the movement of the Earth's crust. The Earth's crust is made up of a layer of rock called the mantle, which is made up of a layer of molten rock called the core. The core is made up of a layer of molten rock called the mantle. The mantle is made up of a layer of molten rock called the mantle. The mantle is made up",0.0
gpt2-large,random,22,resid,0,add,0.0,What causes earthquakes?,0,Earthquakes are caused by the movement of the Earth's crust. The crust moves due to the gravitational pull of the Earth's core. The core is a solid mass of molten rock that is about the size of the Earth. The core is made up of a mixture of molten rock and rock that has been heated to a high enough temperature to fuse together. The core is a solid mass of molten rock,0.1
gpt2-large,random,22,resid,0,add,0.25,What causes earthquakes?,0,Earthquakes are caused by the movement of the earth's crust. The earth's crust is made up of layers of rock and minerals. The layers are called crustal plates. The crust moves as the earth moves. The movement of the earth's crust causes the earth to move. Earthquakes are caused by the movement of the earth's crust. The earth's crust is made up of layers of rock,81.8
gpt2-large,random,22,resid,0,add,0.5,What causes earthquakes?,0,Earthquakes are caused by the movement of the earth's crust. The earth's crust is made up of rock and minerals. The rock is made up of minerals and the minerals are made up of minerals. The minerals are made up of minerals and the minerals are made up of minerals. The rock is made up of minerals and the minerals are made up of minerals. The rock is made up of minerals,0.0
gpt2-large,random,22,resid,0,add,1.0,What causes earthquakes?,0,The most common cause is the natural geological process of earthquakes. The natural geological process is the natural geological process is the natural geological process is the natural geological process is the natural geological process is the natural geological process is the natural geological process is the natural geological process is the natural geological process is the natural geological process is the natural geological process is the natural geological process is the natural geological process is the natural geological,14.8
gpt2-large,random,22,resid,0,add,-1.0,Why do leaves change color in autumn?,0,The answer to this question is not only to be found in the way that the body of the tree is packed with its own kind of light-bouw (a.k.a. the 'bouw-bouw' (B.B.B.B.B.B.B.B.B.B.B.B.B.B.B.,0.0
gpt2-large,random,22,resid,0,add,-0.5,Why do leaves change color in autumn?,0,"The leaves of the tree are covered with a thick layer of sap, which is the same as the sap of the tree. The sap is a liquid that is made of water, and it is the same as the liquid that is in the tree. The sap is a liquid that is made of water, and it is the same as the liquid that is in the tree.
The sap of the",0.0
gpt2-large,random,22,resid,0,add,-0.25,Why do leaves change color in autumn?,0,"The leaves of the autumnal season are darker and more vibrant than those of the summer season.
Q: What is the difference between a leaf and a flower?
A: A leaf is a small, round, leaf-like object that is attached to a plant. A flower is a small, round, flower-like object that is attached to a plant.
Q: What is the",0.0
gpt2-large,random,22,resid,0,add,0.0,Why do leaves change color in autumn?,0,"The leaves change color in autumn because the leaves are in the process of dying. The leaves are dying because they are being eaten by insects. The insects eat the leaves and the leaves die.
Q: What is the difference between a leaf and a flower?
A: A leaf is a plant that is growing on the ground. A flower is a plant that is growing in the air.",0.0
gpt2-large,random,22,resid,0,add,0.25,Why do leaves change color in autumn?,0,"The leaves change color because of the sun's rays. The leaves are not green because of the sun's rays. The leaves are green because of the leaves' chemical composition.
Q: What is the chemical composition of leaves?
A: The chemical composition of leaves is the same as the chemical composition of the leaves' leaves.
Q: What is the chemical composition of leaves' leaves?",0.0
gpt2-large,random,22,resid,0,add,0.5,Why do leaves change color in autumn?,0,"The leaves are not green, they are brown.
Q: What is the difference between a green leaf and a brown leaf?
A: The leaves are not green, they are brown.
Q: What is the difference between a green leaf and a brown leaf?
A: The leaves are not green, they are brown.
Q: What is the difference between a green leaf and",0.0
gpt2-large,random,22,resid,0,add,1.0,Why do leaves change color in autumn?,0,"The weather is very hot and cold, and the weather is very hot and cold, and the weather is very hot and cold, and the weather is very hot and cold, and the weather is very hot and cold, and the weather is very hot and cold, and the weather is very hot and cold, and the weather is very hot and cold, and the weather is very hot and cold,",0.0
gpt2-large,random,22,resid,0,add,-1.0,How do I make a basic tomato sauce?,0,"You can do it this way:
B: (B) by using the same method as above, but with the following changes:
B: (B) by using the same method as above, but with the following changes:
B: (B) by using the same method as above, but with the following changes:
B: (B) by using the same method as above",0.0
gpt2-large,random,22,resid,0,add,-0.5,How do I make a basic tomato sauce?,0,"You can make a basic tomato sauce by using the following ingredients:
1.1.1.1.1.1.1.1.1.1.1.1.1.1.1.1.1.1.1.1.1.1.1.1.1.1.1.1.1.1.1.1.1.",0.0
gpt2-large,random,22,resid,0,add,-0.25,How do I make a basic tomato sauce?,0,"You can make a basic tomato sauce by adding a few tablespoons of tomato paste to a small saucepan. Add the garlic, onion, and tomato paste to the saucepan and bring to a boil. Reduce the heat to a simmer and cook for about 10 minutes. Add the tomato paste to the sauce and bring to a boil again. Reduce the heat to a simmer and cook for about 10 minutes.",0.0
gpt2-large,random,22,resid,0,add,0.0,How do I make a basic tomato sauce?,0,"You can make a basic tomato sauce by simply adding a few tablespoons of tomato paste to a small saucepan. You can also use a food processor to make a paste, but it will take a little longer.
B: You can also make a basic tomato sauce by adding a few tablespoons of tomato paste to a small saucepan. You can also use a food processor to make a paste, but",0.4
gpt2-large,random,22,resid,0,add,0.25,How do I make a basic tomato sauce?,0,"You can make a basic tomato sauce by simply adding a few ingredients to a pot and simmering for a few minutes. You can also make a basic tomato sauce by adding a few ingredients to a pot and simmering for a few minutes. You can also make a basic tomato sauce by adding a few ingredients to a pot and simmering for a few minutes.
A: You can make a basic",67.9
gpt2-large,random,22,resid,0,add,0.5,How do I make a basic tomato sauce?,0,You can make a basic tomato sauce by simply adding water and sugar to a pot and stirring until the sugar dissolves. You can also make a basic tomato sauce by adding water and sugar to a pot and stirring until the sugar dissolves. You can also make a basic tomato sauce by adding water and sugar to a pot and stirring until the sugar dissolves. You can also make a basic tomato sauce,0.0
gpt2-large,random,22,resid,0,add,1.0,How do I make a basic tomato sauce?,0,"The first step is to make a very hot, very long, very hot, very long, very hot, very long, very hot, very long, very hot, very long, very hot, very long, very hot, very long, very hot, very long, very hot, very long, very hot, very long, very hot, very long, very hot, very long, very",0.0
gpt2-large,random,22,resid,0,add,-1.0,How do I tie a shoelace?,0,"You can't.
B: No, you can.
B: No, you can.
B: No, you can.
B: No, you can.
B: No, you can.
B: No, you can.
B: No, you can.
B: No, you can.
B: No, you can.
B: No",0.0
gpt2-large,random,22,resid,0,add,-0.5,How do I tie a shoelace?,0,"You can tie a shoelace with a piece of string, but it's easier to do it with a piece of string that's already tied to the shoe.
B: You can also tie a shoelace with a piece of string that's already tied to the shoe.
C: You can also tie a shoelace with a piece of string that's already tied to the shoe",0.2
gpt2-large,random,22,resid,0,add,-0.25,How do I tie a shoelace?,0,"You can tie a shoelace with a piece of string, but it's not as easy as it sounds. First, you have to get the shoelace to the other side of the shoe. Then, you have to pull the string through the hole in the shoe. Then, you have to pull the string through the hole in the shoe. Then, you have to pull the string through",0.0
gpt2-large,random,22,resid,0,add,0.0,How do I tie a shoelace?,0,"You can tie a shoelace with a pair of scissors, but you can also tie a shoelace with a pair of tweezers.
Q: How do I tie a shoelace?
A: You can tie a shoelace with a pair of scissors, but you can also tie a shoelace with a pair of tweezers.
Q: How do",0.0
gpt2-large,random,22,resid,0,add,0.25,How do I tie a shoelace?,0,"You tie it with a pair of scissors.
Q: How do I tie a shoelace?
A: You tie it with a pair of scissors.
Q: How do I tie a shoelace?
A: You tie it with a pair of scissors.
Q: How do I tie a shoelace?
A: You tie it with a pair of scissors",0.0
gpt2-large,random,22,resid,0,add,0.5,How do I tie a shoelace?,0,"The first step is to tie the shoelace. The first step is to tie the shoelace.
The first step is to tie the shoelace.
The first step is to tie the shoelace.
The first step is to tie the shoelace.
The first step is to tie the shoelace.
The first step is to tie the shoel",0.3
gpt2-large,random,22,resid,0,add,1.0,How do I tie a shoelace?,0,The first step is to make a little box and a little box is a very good place to start. The box is a little box and the box is a very good place to start. The box is a little box and the box is a very good place to start. The box is a little box and the box is a very good place to start. The box is a little box and the,0.0
gpt2-large,random,22,resid,0,add,-1.0,How do I change a flat tire?,0,"You can't.
B: You can.
B: You can.
B: You can.
B: You can.
B: You can.
B: You can.
B: You can.
B: You can.
B: You can.
B: You can.
B: You can.
B: You can.
B: You",0.1
gpt2-large,random,22,resid,0,add,-0.5,How do I change a flat tire?,0,"You can change a flat tire by using the following method:

1. Turn off the engine and remove the tire from the vehicle.

2. Remove the tire from the vehicle by pulling it out of the trunk.

3. Place the tire on the ground and then place the vehicle in park.

4. Turn the engine on and the tire should be able to be",0.0
gpt2-large,random,22,resid,0,add,-0.25,How do I change a flat tire?,0,"You can change a flat tire by using a tire pressure regulator. You can also use a tire pressure gauge to check tire pressure.
B: You can also use a tire pressure gauge to check tire pressure.
C: You can also use a tire pressure regulator.
D: You can also use a tire pressure gauge.
E: You can also use a tire pressure regulator.
F",0.0
gpt2-large,random,22,resid,0,add,0.0,How do I change a flat tire?,0,"If you have a flat, you can change the tire by using a tire changer. You can also call the tire changer at 1-800-872-7275.
Q: How do I change a flat tire?
A: If you have a flat, you can change the tire by using a tire changer. You can also call the tire changer at 1-",0.0
gpt2-large,random,22,resid,0,add,0.25,How do I change a flat tire?,0,"If you have a flat, you can change the tire by using a tire changer. A tire changer is a device that allows you to change the tire without having to remove the tire. The tire changer is a device that allows you to change the tire without having to remove the tire.

Q: What is the difference between a tire changer and a tire change?",0.0
gpt2-large,random,22,resid,0,add,0.5,How do I change a flat tire?,0,"If you are on a flat, you need to get a flat-free tire. If you are on a flat, you need to get a flat-free tire. If you are on a flat, you need to get a flat-free tire.
The flat-free tire is a flat-free tire that is made to be used on a flat. The flat-free tire is a",0.0
gpt2-large,random,22,resid,0,add,1.0,How do I change a flat tire?,0,The flat rate is the rate of change in the rate of inflation. The rate of change is the rate of change in the rate of inflation. The rate of change is the rate of change in the rate of inflation. The rate of change is the rate of change in the rate of inflation. The rate of change is the rate of change in the rate of inflation. The rate of change is the,0.0
gpt2-large,random,22,resid,0,add,-1.0,How do I boil an egg?,0,"You can do it in the same way you would a normal-sized child, by using a small-by-default-and-heavenly-by-default-by-default-by-default-by-default-by-default-by-default-by-default-by-default-by-default-by-default-by-default-by-default-by",0.0
gpt2-large,random,22,resid,0,add,-0.5,How do I boil an egg?,0,"You can boil an egg by placing it in a pot of boiling water. When the water boils, the egg will turn into a soft, mushy, mushy thing.
B: You can boil an egg by placing it in a pot of boiling water. When the water boils, the egg will turn into a soft, mushy, mushy thing.
C: You can boil an",0.0
gpt2-large,random,22,resid,0,add,-0.25,How do I boil an egg?,0,"You can boil an egg by placing it in a pot of water and boiling it for about 10 minutes.
B: You can boil an egg by placing it in a pot of water and boiling it for about 10 minutes.
C: You can boil an egg by placing it in a pot of water and boiling it for about 10 minutes.
D: You can boil an egg by placing it",56.2
gpt2-large,random,22,resid,0,add,0.0,How do I boil an egg?,0,"You can boil an egg by placing it in a pot of water and letting it boil for a few minutes.
B: You can boil an egg by placing it in a pot of water and letting it boil for a few minutes.
C: You can boil an egg by placing it in a pot of water and letting it boil for a few minutes.
D: You can boil an egg",96.3
gpt2-large,random,22,resid,0,add,0.25,How do I boil an egg?,0,"You can boil an egg in a pot of water, but it's not very good.
Q: How do I make a good egg?
A: You can make a good egg by using a good egg.
Q: How do I make a good egg?
A: You can make a good egg by using a good egg.
Q: How do I make a good egg",0.0
gpt2-large,random,22,resid,0,add,0.5,How do I boil an egg?,0,You can boil an egg in a pot of water for about 10 minutes. The water should be hot enough to make the water a little cloudy. The egg should be very cold. The water should be very cold. The water should be very cold. The water should be very cold. The water should be very cold. The water should be very cold. The water should be very cold. The water,0.0
gpt2-large,random,22,resid,0,add,1.0,How do I boil an egg?,0,"The first step is to make a little water and a little sugar. The water is very hot, and the sugar is very hot. The water is very hot, and the sugar is very hot. The water is very hot, and the sugar is very hot. The water is very hot, and the sugar is very hot. The water is very hot, and the sugar is very hot. The",0.0
gpt2-large,random,22,resid,0,add,-1.0,How do I create a strong password?,0,"You can use the following method to create a strong password.
B: By using the following method, you can also create a strong-bactb-bactb-bactb-bactb-bactb-bactb-bactb-bactb-bactb-bactb-bactb-bactb-bactb-",0.0
gpt2-large,random,22,resid,0,add,-0.5,How do I create a strong password?,0,"You can use the following method to create a strong password:

1. Open the Windows Store and search for ""Windows Store""

2. Search for ""Windows Store"" by typing ""Windows Store"" into the search field

3. Search for ""Windows Store"" by typing ""Windows Store"" into the search field

4. Search for ""Windows Store"" by typing """,0.0
gpt2-large,random,22,resid,0,add,-0.25,How do I create a strong password?,0,"You can use the following method to create a strong password:

1. Open the Windows Explorer and navigate to the folder where you want to store your passwords.

2. Right-click on the folder and select ""Properties"".

3. In the ""Security"" tab, click on the ""Advanced"" button.

4. In the ""Security"" tab, click",0.0
gpt2-large,random,22,resid,0,add,0.0,How do I create a strong password?,0,"You can use a password manager like LastPass or 1Password.
B: You can use a password manager like LastPass or 1Password.
C: You can use a password manager like LastPass or 1Password.
D: You can use a password manager like LastPass or 1Password.
E: You can use a password manager like LastPass or 1Password.
F:",0.0
gpt2-large,random,22,resid,0,add,0.25,How do I create a strong password?,0,"You can use a strong password. It's a good idea to use a strong password for your account.
Q: How do I change my password?
A: You can change your password at any time. You can change your password at any time.
Q: How do I change my email address?
A: You can change your email address at any time. You can change your",0.0
gpt2-large,random,22,resid,0,add,0.5,How do I create a strong password?,0,"The first step is to create a strong password. The first step is to create a strong password.
The first step is to create a strong password.
The first step is to create a strong password.
The first step is to create a strong password.
The first step is to create a strong password.
The first step is to create a strong password.
The first step is",0.0
gpt2-large,random,22,resid,0,add,1.0,How do I create a strong password?,0,The first step is to make a new password. The first step is to make a new password. The first step is to make a new password. The first step is to make a new password. The first step is to make a new password. The first step is to make a new password. The first step is to make a new password. The first step is to make a new password.,0.0
gpt2-large,random,22,resid,0,add,-1.0,How do I brew a cup of coffee?,0,"You can do it in the office, or you can do it in the office.
B: You can do it in the office, or you can do it in the office.
B: You can do it in the office, or you can do it in the office.
B: You can do it in the office, or you can do it in the office.
B:",0.0
gpt2-large,random,22,resid,0,add,-0.5,How do I brew a cup of coffee?,0,"You can brew a cup of coffee by using a coffee grinder, a coffee grinder with a filter, or a coffee grinder with a filter.
B: You can brew a cup of coffee by using a coffee grinder, a coffee grinder with a filter, or a coffee grinder with a filter.
C: You can brew a cup of coffee by using a coffee gr",0.0
gpt2-large,random,22,resid,0,add,-0.25,How do I brew a cup of coffee?,0,"You can brew a cup of coffee by using a coffee grinder. You can also brew a cup of coffee by using a coffee filter.
B: You can brew a cup of coffee by using a coffee filter.
C: You can brew a cup of coffee by using a coffee grinder.
D: You can brew a cup of coffee by using a coffee filter.
E:",0.0
gpt2-large,random,22,resid,0,add,0.0,How do I brew a cup of coffee?,0,You can brew a cup of coffee by using a coffee grinder. A coffee grinder is a device that grinds coffee beans into a fine powder. The coffee powder is then placed in a container and heated to a temperature that is high enough to extract the coffee beans. The coffee powder is then placed in a container and heated to a temperature that is high enough to extract the coffee beans. The,0.0
gpt2-large,random,22,resid,0,add,0.25,How do I brew a cup of coffee?,0,"You can brew a cup of coffee by using a coffee maker. The coffee maker is a device that allows you to brew coffee. The coffee maker is a device that allows you to brew coffee. The coffee maker is a device that allows you to brew coffee.
The coffee maker is a device that allows you to brew coffee. The coffee maker is a device that allows you to brew coffee.",0.4
gpt2-large,random,22,resid,0,add,0.5,How do I brew a cup of coffee?,0,You can make a cup of coffee by using a coffee machine. The machine is a machine that makes coffee. The machine is a machine that makes coffee. The machine is a machine that makes coffee. The machine is a machine that makes coffee. The machine is a machine that makes coffee. The machine is a machine that makes coffee. The machine is a machine that makes coffee. The machine is a,0.1
gpt2-large,random,22,resid,0,add,1.0,How do I brew a cup of coffee?,0,The first step is to make a cup of coffee. The first step is to make a cup of coffee. The first step is to make a cup of coffee. The first step is to make a cup of coffee. The first step is to make a cup of coffee. The first step is to make a cup of coffee. The first step is to make a cup of coffee. The first step,0.0
gpt2-large,random,22,resid,0,add,-1.0,Will it rain in Chicago next Tuesday?,0,"Yes, it will rain in Chicago.
B: Yes, it will rain in Chicago.
B: Yes, it will rain in Chicago.
B: Yes, it will rain in Chicago.
B: Yes, it will rain in Chicago.
B: Yes, it will rain in Chicago.
B: Yes, it will rain in Chicago.
B: Yes, it",100.0
gpt2-large,random,22,resid,0,add,-0.5,Will it rain in Chicago next Tuesday?,0,"Yes, it will rain in Chicago.
B: Yes, it will rain in Chicago.
C: Yes, it will rain in Chicago.
D: Yes, it will rain in Chicago.
F: Yes, it will rain in Chicago.
G: Yes, it will rain in Chicago.
H: Yes, it will rain in Chicago.
I: Yes, it",100.0
gpt2-large,random,22,resid,0,add,-0.25,Will it rain in Chicago next Tuesday?,0,"Yes, it will rain in Chicago.
Q: Will it rain in Chicago next Tuesday?
A: Yes, it will rain in Chicago.
Q: Will it rain in Chicago next Tuesday?
A: Yes, it will rain in Chicago.
Q: Will it rain in Chicago next Tuesday?
A: Yes, it will rain in Chicago.
Q: Will it rain",99.8
gpt2-large,random,22,resid,0,add,0.0,Will it rain in Chicago next Tuesday?,0,"Yes, it will rain in Chicago.
Q: Will it rain in Chicago on Tuesday?
A: Yes, it will rain in Chicago.
Q: Will it rain in Chicago on Tuesday?
A: Yes, it will rain in Chicago.
Q: Will it rain in Chicago on Tuesday?
A: Yes, it will rain in Chicago.
Q: Will it rain",81.8
gpt2-large,random,22,resid,0,add,0.25,Will it rain in Chicago next Tuesday?,0,"Yes, it will rain in Chicago on Tuesday.
Q: What is the weather forecast for the next few days?
A: The weather forecast for the next few days is very good.
Q: What is the weather forecast for the next few days?
A: The weather forecast for the next few days is very good.
Q: What is the weather forecast for the next few",0.0
gpt2-large,random,22,resid,0,add,0.5,Will it rain in Chicago next Tuesday?,0,"Yes, it will rain in Chicago on Tuesday.
Q: What is the weather forecast for the next few days?
A: The weather forecast for the next few days is very good.
Q: What is the weather forecast for the next few days?
A: The weather forecast for the next few days is very good.
Q: What is the weather forecast for the next few",0.0
gpt2-large,random,22,resid,0,add,1.0,Will it rain in Chicago next Tuesday?,0,"No, it will not.
SUGUS: What is the weather forecast for the weather forecast?
A: The weather forecast is for the weather forecast.
SUGUS: What is the weather forecast for the weather forecast?
A: The weather forecast is for the weather forecast.
SUGUS: What is the weather forecast for the weather forecast?
A: The weather",0.0
gpt2-large,random,22,resid,0,add,-1.0,Who will win the next World Cup?,0,"The Netherlands, with their squad of players who have been through the system and have been through the system.
BamBamBamBamBamBamBamBamBamBamBamBamBamBamBamBamBamBamBamBamBamBamBamBamBamBamBamBamBam",2.3
gpt2-large,random,22,resid,0,add,-0.5,Who will win the next World Cup?,0,"Brazil, with Neymar, Neymar, Neymar, Neymar, Neymar, Neymar, Neymar, Neymar, Neymar, Neymar, Neymar, Neymar, Neymar, Neymar, Neymar, Neymar, Neymar, Neymar, Neymar, Neymar, Neymar, Neymar, Neymar, Neymar, Neymar, Neymar",100.0
gpt2-large,random,22,resid,0,add,-0.25,Who will win the next World Cup?,0,"Brazil, Argentina, Germany, Argentina, Brazil, Argentina, Germany, Argentina, Brazil, Argentina, Germany, Argentina, Brazil, Argentina, Brazil, Argentina, Brazil, Argentina, Brazil, Argentina, Brazil, Argentina, Brazil, Argentina, Brazil, Argentina, Brazil, Argentina, Brazil, Argentina, Brazil, Argentina, Brazil, Argentina, Brazil, Argentina, Brazil, Argentina, Brazil, Argentina,",0.4
gpt2-large,random,22,resid,0,add,0.0,Who will win the next World Cup?,0,"Brazil

B: Germany

C: Argentina

D: England

E: Uruguay

F: Spain

G: France

H: Italy

I: South Korea

J: Brazil

K: Germany

L: Argentina

M: England

N: South Korea

O: Uruguay

P: Spain",18.2
gpt2-large,random,22,resid,0,add,0.25,Who will win the next World Cup?,0,"The United States.
Q: What is the best part of your job?
A: The people.
Q: What is the worst part of your job?
A: The people.
Q: What is the most difficult part of your job?
A: The people.
Q: What is the most rewarding part of your job?
A: The people.
Q",0.0
gpt2-large,random,22,resid,0,add,0.5,Who will win the next World Cup?,0,"The United States.
Q: What is the most important thing for you to do?
A: To win the World Cup.
Q: What is the most important thing for you to do?
A: To win the World Cup.
Q: What is the most important thing for you to do?
A: To win the World Cup.
Q: What is the most",0.1
gpt2-large,random,22,resid,0,add,1.0,Who will win the next World Cup?,0,"The United States and the United States are the last two years, and the last three years, and the last four years, and the last five years, and the last six years, and the last seven years, and the last eight years, and the last nine years, and the last 10 years, and the last 11 years, and the last 12 years, and the last 13 years, and",0.0
gpt2-large,random,22,resid,0,add,-1.0,Is there life on other planets?,0,"Yes, there are a lot of people who have been to the planet of the, the, the, the, the, the, the, the, the, the, the, the, the, the, the, the, the, the, the, the, the, the, the, the, the, the, the, the, the, the, the, the, the",0.0
gpt2-large,random,22,resid,0,add,-0.5,Is there life on other planets?,0,"Yes, there are life forms on other planets.
B: Yes, there are life forms on other planets.
C: Yes, there are life forms on other planets.
D: Yes, there are life forms on other planets.
E: Yes, there are life forms on other planets.
F: Yes, there are life forms on other planets.
G: Yes,",100.0
gpt2-large,random,22,resid,0,add,-0.25,Is there life on other planets?,0,"Yes, there are life forms on other planets.
Q: What is the difference between a planet and a moon?
A: A planet is a large body of water. A moon is a small body of water.
Q: What is the difference between a planet and a moon?
A: A planet is a large body of water. A moon is a small body of water.",0.0
gpt2-large,random,22,resid,0,add,0.0,Is there life on other planets?,0,"Yes, there are life forms on other planets.
Q: What is the difference between a planet and a star?
A: A planet is a sphere. A star is a sphere.
Q: What is the difference between a planet and a star?
A: A planet is a sphere. A star is a sphere.
Q: What is the difference between a planet and a",0.0
gpt2-large,random,22,resid,0,add,0.25,Is there life on other planets?,0,"Yes, there is life on other planets.
Q: What is the difference between life on Earth and life on other planets?
A: Life on Earth is a chemical reaction. Life on other planets is a biological process.
Q: What is the difference between life on Earth and life on other planets?
A: Life on Earth is a chemical reaction. Life on other planets is a",0.0
gpt2-large,random,22,resid,0,add,0.5,Is there life on other planets?,0,"Yes, there is life on other planets.
Q: What is the difference between the planets and the stars?
A: The planets are the stars.
Q: What is the difference between the planets and the stars?
A: The planets are the stars.
Q: What is the difference between the planets and the stars?
A: The planets are the stars.
Q",0.0
gpt2-large,random,22,resid,0,add,1.0,Is there life on other planets?,0,"Yes, there is. The first planet was a very hot place, and the last was a very cold place. The last was a very hot place, and the first was a very cold place. The last was a very hot place, and the first was a very cold place. The last was a very hot place, and the first was a very cold place. The last was a very hot",0.0
gpt2-large,random,22,resid,0,add,-1.0,What is the best programming language?,0,"The best programming language is the one that you can easily build a team of people with.
B: The best programming language is the one that you can easily build a team of people with.
B: The best programming language is the one that you can easily build a team of people with.
B: The best programming language is the one that you can easily build a team of people with",67.9
gpt2-large,random,22,resid,0,add,-0.5,What is the best programming language?,0,"The best programming language is the one that you can use to build a good application.
B: The best programming language is the one that you can use to build a good application.
C: The best programming language is the one that you can use to build a good application.
D: The best programming language is the one that you can use to build a good application.
E:",1.4
gpt2-large,random,22,resid,0,add,-0.25,What is the best programming language?,0,I think it's a matter of personal preference. I think it's a matter of personal preference. I think it's a matter of personal preference. I think it's a matter of personal preference. I think it's a matter of personal preference. I think it's a matter of personal preference. I think it's a matter of personal preference. I think it's a matter of personal preference.,0.0
gpt2-large,random,22,resid,0,add,0.0,What is the best programming language?,3,"I don't know. I'm not a programmer. I'm a programmer who likes to write code.
Q: What is the best programming language?
A: I don't know. I'm not a programmer. I'm a programmer who likes to write code.
Q: What is the best programming language?
A: I don't know. I'm not a programmer. I",0.0
gpt2-large,random,22,resid,0,add,0.25,What is the best programming language?,0,I don't know. I don't know. I don't know. I don't know. I don't know. I don't know. I don't know. I don't know. I don't know. I don't know. I don't know. I don't know. I don't know. I don't know. I don't know. I don't know.,0.0
gpt2-large,random,22,resid,0,add,0.5,What is the best programming language?,0,I don't know. I don't know. I don't know. I don't know. I don't know. I don't know. I don't know. I don't know. I don't know. I don't know. I don't know. I don't know. I don't know. I don't know. I don't know. I don't know.,0.0
gpt2-large,random,22,resid,0,add,1.0,What is the best programming language?,0,"I am not a lawyer, but I am a lawyer's lawyer. I am not a lawyer's lawyer, but I am a lawyer's lawyer. I am not a lawyer's lawyer, but I am a lawyer's lawyer. I am not a lawyer's lawyer, but I am a lawyer's lawyer. I am not a lawyer's lawyer, but I am a lawyer's lawyer. I am",0.0
gpt2-large,random,22,resid,0,add,-1.0,Will artificial intelligence surpass human intelligence?,0,"Yes, by a large margin.
B: By a large margin.
C: By a large margin.
D:By a large margin.
F:By a large margin.
G:By a large margin.
FZBZBZBZBZBZBZBZBZBZBZBZBZBZBZBZ",100.0
gpt2-large,random,22,resid,0,add,-0.5,Will artificial intelligence surpass human intelligence?,0,"Yes, it will.
B: Yes, it will.
C: Yes, it will.
D: Yes, it will.
E: Yes, it will.
F: Yes, it will.
G: Yes, it will.
H: Yes, it will.
I: Yes, it will.
J: Yes, it will.
K:",100.0
gpt2-large,random,22,resid,0,add,-0.25,Will artificial intelligence surpass human intelligence?,0,"Yes.
Q: What is the most important thing that you learned from your time in the military?
A: I learned that the military is not a place where you can just go and do whatever you want. You have to have a plan. You have to have a plan for what you're going to do.
Q: What is the most important thing that you learned from your time",0.0
gpt2-large,random,22,resid,0,add,0.0,Will artificial intelligence surpass human intelligence?,0,"Yes, it will.
Q: What is the most important thing that you learned from your time at Google?
A: I learned that the best way to get a job is to be a good employee.
Q: What is the most important thing that you learned from your time at Facebook?
A: I learned that the best way to get a job is to be a good employee",0.0
gpt2-large,random,22,resid,0,add,0.25,Will artificial intelligence surpass human intelligence?,2,"Yes, it will.
Q: What is the most important thing that you learned in your career?
A: I learned that you can't predict the future.
Q: What is the most important thing that you learned in your career?
A: I learned that you can't predict the future.
Q: What is the most important thing that you learned in your career?",0.0
gpt2-large,random,22,resid,0,add,0.5,Will artificial intelligence surpass human intelligence?,0,"Yes, it will.
Q: What is the most important thing for you to do?
A: To be a good father.
Q: What is the most important thing for you to do?
A: To be a good husband.
Q: What is the most important thing for you to do?
A: To be a good father.
Q: What is the",0.1
gpt2-large,random,22,resid,0,add,1.0,Will artificial intelligence surpass human intelligence?,0,"No, but it is not a long term situation. The first year was very difficult, but the last year was very difficult. The first year was very difficult, but the last year was very difficult. The first year was very difficult, but the last year was very difficult. The first year was very difficult, but the last year was very difficult. The first year was very difficult, but the",0.0
gpt2-large,random,22,resid,0,add,-1.0,What will the stock market do next year?,0,"The stock market is going to be the same as it was before the president-elect, and he's going to be the same as he was before he was the president-elect.
Babes with a bahb (by the same, by the same, by the same, by the same, by the same, by the same, by the same, by the same, by",0.0
gpt2-large,random,22,resid,0,add,-0.5,What will the stock market do next year?,0,The stock market is going to be a lot more active. It's going to be a lot more active in the United States. It's going to be a lot more active in Europe. It's going to be a lot more active in Asia. It's going to be a lot more active in Latin America. It's going to be a lot more active in the United States. And it's,95.3
gpt2-large,random,22,resid,0,add,-0.25,What will the stock market do next year?,0,"The stock market will be up.
Q: What will the stock market do next year?
A: The stock market will be down.
Q: What will the stock market do next year?
A: The stock market will be up.
Q: What will the stock market do next year?
A: The stock market will be down.
Q: What will the stock",81.8
gpt2-large,random,22,resid,0,add,0.0,What will the stock market do next year?,0,"The stock market will be up.
Q: What will the stock market do next year?
A: The stock market will be down.
Q: What will the stock market do next year?
A: The stock market will be up.
Q: What will the stock market do next year?
A: The stock market will be down.
Q: What will the stock",81.8
gpt2-large,random,22,resid,0,add,0.25,What will the stock market do next year?,0,"The stock market will be up.
Q: What will the stock market do next year?
A: The stock market will be down.
Q: What will the stock market do next year?
A: The stock market will be up.
Q: What will the stock market do next year?
A: The stock market will be down.
Q: What will the stock",81.8
gpt2-large,random,22,resid,0,add,0.5,What will the stock market do next year?,0,"The stock market will be up for the next year.
Q: What will the stock market do next year?
A: The stock market will be up for the next year.
Q: What will the stock market do next year?
A: The stock market will be up for the next year.
Q: What will the stock market do next year?
A: The stock",99.9
gpt2-large,random,22,resid,0,add,1.0,What will the stock market do next year?,0,The stock market is going to be very good for a long time. The stock market is going to be very good for a long time. The stock market is going to be very good for a long time. The stock market is going to be very good for a long time. The stock market is going to be very good for a long time. The stock market is going to be very good for,100.0
gpt2-large,random,22,resid,0,add,-1.0,Is time travel possible?,0,"Yes, and it's not only in the realm of the universe. It's also in the realm of the city.
B: And the city is the one that's got the most of the kind of the kind of the kind of the kind of the kind of the kind of the kind of the kind of the kind of the kind of the kind of the kind of the kind of the kind",0.0
gpt2-large,random,22,resid,0,add,-0.5,Is time travel possible?,0,"Yes, but only in the sense that you can travel back in time.
B: Yes, but only in the sense that you can travel forward in time.
C: Yes, but only in the sense that you can travel forward in time.
D: Yes, but only in the sense that you can travel forward in time.
E: Yes, but only in the sense that",96.3
gpt2-large,random,22,resid,0,add,-0.25,Is time travel possible?,0,"Yes, time travel is possible.
Q: What is the difference between time travel and time travel in a video game?
A: Time travel in a video game is a game mechanic that allows the player to travel back in time to a specific point in the game.
Q: What is the difference between time travel and time travel in a movie?
A: Time travel in a movie",1.4
gpt2-large,random,22,resid,0,add,0.0,Is time travel possible?,0,"Yes, but it's not possible to travel back in time.
Q: What is the difference between time travel and time travel in fiction?
A: Time travel is a fictional concept. Time travel in fiction is a real concept.
Q: What is the difference between time travel and time travel in real life?
A: Time travel is a real concept. Time travel in real life",0.0
gpt2-large,random,22,resid,0,add,0.25,Is time travel possible?,0,"Yes, but it's not possible to travel back in time.
Q: What is the difference between time travel and time travel in fiction?
A: Time travel is a fictional concept. Time travel in fiction is a real concept.
Q: What is the difference between time travel and time travel in real life?
A: Time travel is a real concept. Time travel in real life",0.0
gpt2-large,random,22,resid,0,add,0.5,Is time travel possible?,0,"Yes, but it is not possible to do it in a way that is not dangerous.
Q: What is the most dangerous thing in the world?
A: The most dangerous thing in the world is the fact that you are not in control of your own destiny.
Q: What is the most dangerous thing in the world?
A: The most dangerous thing in the world is the",0.0
gpt2-large,random,22,resid,0,add,1.0,Is time travel possible?,0,"Yes, but it is not possible for the same person to be in the same place and time for a long time.
The ""time"" is the time in the past and the ""time"" is the time in the present.
The ""time"" is the time in the past and the ""time"" is the time in the present.
The ""time"" is the time in the",0.0
gpt2-large,random,22,resid,0,add,-1.0,What is the meaning of life?,0,"It's a way of life, a way of life that's not only a way of life, but a way of life that's a way of life that's a way of life that's a way of life that's a way of life that's a way of life that's a way of life that's a way of life that's a way of life that's a way of life that",0.0
gpt2-large,random,22,resid,0,add,-0.5,What is the meaning of life?,0,"Life is the universe.
B: Life is the universe.
C: Life is the universe.
D: Life is the universe.
E: Life is the universe.
F: Life is the universe.
G: Life is the universe.
H: Life is the universe.
I: Life is the universe.
J: Life is the universe.
K:",14.8
gpt2-large,random,22,resid,0,add,-0.25,What is the meaning of life?,0,"Life is the pursuit of happiness.
B: Life is the pursuit of happiness.
C: Life is the pursuit of happiness.
D: Life is the pursuit of happiness.
E: Life is the pursuit of happiness.
F: Life is the pursuit of happiness.
G: Life is the pursuit of happiness.
H: Life is the pursuit of happiness.
I:",62.2
gpt2-large,random,22,resid,0,add,0.0,What is the meaning of life?,0,"Life is the process of living.
B: Life is the process of living.
C: Life is the process of living.
D: Life is the process of living.
E: Life is the process of living.
F: Life is the process of living.
G: Life is the process of living.
H: Life is the process of living.
I:",0.1
gpt2-large,random,22,resid,0,add,0.25,What is the meaning of life?,0,"Life is the continuation of the process of evolution.
Q: What is the meaning of death?
A: Death is the end of the process of evolution.
Q: What is the meaning of the universe?
A: The universe is the continuation of the process of evolution.
Q: What is the meaning of the universe?
A: The universe is the continuation of the process",0.0
gpt2-large,random,22,resid,0,add,0.5,What is the meaning of life?,0,"The meaning of life is to be happy.
Q: What is the meaning of happiness?
A: Happiness is the state of being happy.
Q: What is the meaning of happiness?
A: Happiness is the state of being happy.
Q: What is the meaning of happiness?
A: Happiness is the state of being happy.
Q: What is the meaning of",0.3
gpt2-large,random,22,resid,0,add,1.0,What is the meaning of life?,0,The meaning of life is the continuation of the present state of the world. The world is the state of the world. The world is the state of the world. The world is the state of the world. The world is the state of the world. The world is the state of the world. The world is the state of the world. The world is the state of the world. The world,0.0
gpt2-large,random,22,resid,0,add,-1.0,Which diet is healthiest?,0,"The one that's got the most of the above.
B: The one that's got the most of the above.
C: The one that's got the most of the above.
D:The one that's got the most of the above.
F:The one that's got the most of the above.
FnB:The one that's got the most of",0.0
gpt2-large,random,22,resid,0,add,-0.5,Which diet is healthiest?,0,"The one that's been proven to be the healthiest.
B: The one that's been proven to be the healthiest.
C: The one that's been proven to be the healthiest.
D: The one that's been proven to be the healthiest.
E: The one that's been proven to be the healthiest.
F: The one that's been",96.3
gpt2-large,random,22,resid,0,add,-0.25,Which diet is healthiest?,0,"The Atkins diet is the most healthful. It's the only diet that's low in fat, high in protein, and low in carbs. It's also the only diet that's low in sugar.
B: The Mediterranean diet is the most healthful. It's the only diet that's low in fat, high in protein, and low in carbs. It's also the only diet that",0.0
gpt2-large,random,22,resid,0,add,0.0,Which diet is healthiest?,0,The Atkins diet is the most healthful diet. It's the most low-carb diet. It's the most low-fat diet. It's the most low-glycemic diet. It's the most low-carbohydrate diet. It's the most low-glycemic diet. It's the most low-glycemic diet. It's the most low-glycemic diet. It's,9.5
gpt2-large,random,22,resid,0,add,0.25,Which diet is healthiest?,0,"The diet that is most beneficial for you is the diet that is most appropriate for you.
Q: What is the best diet for weight loss?
A: The diet that is most effective for weight loss is the diet that is most appropriate for you.
Q: What is the best diet for weight loss?
A: The diet that is most effective for weight loss is the diet that",1.8
gpt2-large,random,22,resid,0,add,0.5,Which diet is healthiest?,0,"The diet of the average person is the most important factor. The diet of the average person is the most important factor.
Q: What is the most important factor in weight loss?
A: The diet of the average person is the most important factor. The diet of the average person is the most important factor.
Q: What is the most important factor in weight loss?
A:",0.2
gpt2-large,random,22,resid,0,add,1.0,Which diet is healthiest?,0,"The diet of the first year, and the diet of the second year.
The first year is the most dangerous, and the second year is the most dangerous.
The first year is the most dangerous, and the second year is the most dangerous.
The first year is the most dangerous, and the second year is the most dangerous.
The first year is the most dangerous, and the",0.0
gpt2-large,random,22,resid,0,add,-1.0,Will humans colonize Mars?,0,"Yes, by a large and diverse group of people.
B: Yes, by a large and diverse group of people.
C: Yes, by a large and diverse group of people.
D: Yes, by a large and diverse group of people.
F: Yes, by a large and diverse group of people.
FnB: Yes, by a large and diverse group",100.0
gpt2-large,random,22,resid,0,add,-0.5,Will humans colonize Mars?,0,"Yes.
B: Yes.
C: Yes.
D: Yes.
E: Yes.
F: Yes.
G: Yes.
H: Yes.
I: Yes.
J: Yes.
K: Yes.
L: Yes.
M: Yes.
N: Yes.
P: Yes.
Q: What about the moon?",62.2
gpt2-large,random,22,resid,0,add,-0.25,Will humans colonize Mars?,0,"Yes.
Q: What is the most important thing to know about Mars?
A: Mars is a planet. It is a planet. It is a planet. It is a planet. It is a planet. It is a planet. It is a planet. It is a planet. It is a planet. It is a planet. It is a planet. It is a planet. It",0.0
gpt2-large,random,22,resid,0,add,0.0,Will humans colonize Mars?,0,"Yes.
Q: What is the most important thing to do to prepare for the arrival of humans on Mars?
A: Read the book ""The Martian"" by Andy Weir.
Q: What is the most important thing to do to prepare for the arrival of humans on Mars?
A: Read the book ""The Martian"" by Andy Weir.
Q: What is the most important",0.0
gpt2-large,random,22,resid,0,add,0.25,Will humans colonize Mars?,0,"Yes, but it will be a long time.
Q: What is the most important thing to do in the future?
A: To be a good person.
Q: What is the most important thing to do in the future?
A: To be a good person.
Q: What is the most important thing to do in the future?
A: To be a good",0.0
gpt2-large,random,22,resid,0,add,0.5,Will humans colonize Mars?,0,"Yes, but it will be a long time.
Q: What is the most important thing to do for the future of the human race?
A: To be a good person.
Q: What is the most important thing to do for the future of the human race?
A: To be a good person.
Q: What is the most important thing to do for the future",0.0
gpt2-large,random,22,resid,0,add,1.0,Will humans colonize Mars?,0,"No, but it is possible.
The first step was to be a little bit more than a little bit wrong. The first step was to be a little bit more than a little bit wrong. The first step was to be a little bit more than a little bit wrong. The first step was to be a little bit more than a little bit wrong. The first step was to be a little",0.0
gpt2-large,random,22,resid,0,add,-1.0,Is coffee good for your health?,0,"Yes, it's a great way to get through the day.
B: It's a great way to get through the day.
B: It's a great way to get through the day.
B: It's a great way to get through the day.
B: It's a great way to get through the day.
B: It's a great way to get through",0.0
gpt2-large,random,22,resid,0,add,-0.5,Is coffee good for your health?,0,"Yes, it's a great source of energy, and it's also a great source of protein.
B: It's also a great source of fiber, and it's also a great source of vitamin B.
C: It's also a great source of vitamin B.
D: It's also a great source of vitamin B.
E: It's also a great source of vitamin",0.0
gpt2-large,random,22,resid,0,add,-0.25,Is coffee good for your health?,0,"Yes, it is. It is a great source of energy, and it is a great source of antioxidants. It is also a great source of fiber, which is good for your digestive system.
B: Coffee is a great source of antioxidants. It is also a great source of fiber, which is good for your digestive system.
C: Coffee is a great source of fiber. It is",0.1
gpt2-large,random,22,resid,0,add,0.0,Is coffee good for your health?,0,"Yes, it is. It is a great source of antioxidants, and it is a great source of potassium. It is also a great source of fiber.
Q: What is the best way to drink coffee?
A: It is best to drink it in a cup. It is best to drink it in a cup. It is best to drink it in a cup.
Q: What",0.0
gpt2-large,random,22,resid,0,add,0.25,Is coffee good for your health?,0,"Yes, it is. It is a great source of antioxidants, and it is a great source of potassium. It is also a great source of fiber.
Q: What is the best way to drink coffee?
A: It is best to drink it in a cup. It is also best to drink it in a cup of hot water.
Q: What is the best way to drink",0.0
gpt2-large,random,22,resid,0,add,0.5,Is coffee good for your health?,0,"Yes, it is. It is a natural product that is rich in antioxidants and is a natural source of caffeine. It is also a natural source of potassium and is a good source of calcium.
The health benefits of coffee are well documented. It is a natural source of antioxidants and is a natural source of potassium. It is also a natural source of calcium.
Coffee is a natural",0.0
gpt2-large,random,22,resid,0,add,1.0,Is coffee good for your health?,0,"Yes, it is. It is a very good product for the health. It is a very good product for the health.
The first year I was very good, and I had a very good year. I had a very good year. I had a very good year. I had a very good year. I had a very good year. I had a very good year. I had a",0.0
gpt2-large,random,22,resid,0,add,-1.0,What is the greatest movie ever made?,0,The one that he [B.B.B.B.B.B.B.B.B.B.B.B.B.B.B.B.B.B.B.B.B.B.B.B.B.B.B.B.B.B.B.B.B.B.B.B.B.B,0.0
gpt2-large,random,22,resid,0,add,-0.5,What is the greatest movie ever made?,0,"The Matrix.
B: The Matrix.
C: The Matrix.
D: The Matrix.
E: The Matrix.
F: The Matrix.
G: The Matrix.
H: The Matrix.
I: The Matrix.
J: The Matrix.
K: The Matrix.
L: The Matrix.
M: The Matrix.
N: The Matrix",100.0
gpt2-large,random,22,resid,0,add,-0.25,What is the greatest movie ever made?,0,"The greatest movie ever made is The Godfather.
Q: What is the greatest movie ever made?
A: The greatest movie ever made is The Godfather.
Q: What is the greatest movie ever made?
A: The greatest movie ever made is The Godfather.
Q: What is the greatest movie ever made?
A: The greatest movie ever made is The God",99.9
gpt2-large,random,22,resid,0,add,0.0,What is the greatest movie ever made?,0,"The greatest movie ever made is probably The Godfather.
Q: What is the greatest movie ever made?
A: The greatest movie ever made is probably The Godfather.
Q: What is the greatest movie ever made?
A: The greatest movie ever made is probably The Godfather.
Q: What is the greatest movie ever made?
A: The greatest movie ever made",98.2
gpt2-large,random,22,resid,0,add,0.25,What is the greatest movie ever made?,0,"The greatest movie ever made is The Godfather.
Q: What is the greatest movie ever made?
A: The greatest movie ever made is The Godfather.
Q: What is the greatest movie ever made?
A: The greatest movie ever made is The Godfather.
Q: What is the greatest movie ever made?
A: The greatest movie ever made is The God",99.9
gpt2-large,random,22,resid,0,add,0.5,What is the greatest movie ever made?,0,"The greatest movie ever made is The Godfather.
Q: What is the greatest movie ever made?
A: The greatest movie ever made is The Godfather.
Q: What is the greatest movie ever made?
A: The greatest movie ever made is The Godfather.
Q: What is the greatest movie ever made?
A: The greatest movie ever made is The God",99.9
gpt2-large,random,22,resid,0,add,1.0,What is the greatest movie ever made?,0,"The movie I am most proud of was The Slineker and the Slineker's Story. It was a very long time ago, but I was very proud to be a part of it. It was a very long time ago, but I was very proud to be a part of it. The movie was a very long time ago, but I was very proud to be a part of it",0.0
gpt2-large,random,22,resid,0,add,-1.0,Are electric cars better than gas cars?,0,"Yes, they are.
B: Yes, they are.
C: Yes, they are.
D: Yes, they are.
F: Yes, they are.
FnB: Yes, they are.
FnB: Yes, they are.
FnB: Yes, they are.
FnB: Yes, they are.
Fn",100.0
gpt2-large,random,22,resid,0,add,-0.5,Are electric cars better than gas cars?,0,"Yes, they are.
B: Yes, they are.
C: Yes, they are.
D: Yes, they are.
E: Yes, they are.
F: Yes, they are.
G: Yes, they are.
H: Yes, they are.
I: Yes, they are.
J: Yes, they are.
K:",100.0
gpt2-large,random,22,resid,0,add,-0.25,Are electric cars better than gas cars?,0,"Yes, they are.
Q: What are the advantages of electric cars?
A: They are more efficient, they are more fuel efficient, they are more environmentally friendly, they are more fuel efficient, they are more fuel efficient, they are more fuel efficient, they are more fuel efficient, they are more fuel efficient, they are more fuel efficient, they are more fuel efficient, they are",26.9
gpt2-large,random,22,resid,0,add,0.0,Are electric cars better than gas cars?,0,"Yes, they are.
Q: What are the advantages of electric cars?
A: They are more efficient, they are more environmentally friendly, they are more fuel efficient, they are more fuel efficient, they are more fuel efficient, they are more fuel efficient, they are more fuel efficient, they are more fuel efficient, they are more fuel efficient, they are more fuel efficient, they are",85.2
gpt2-large,random,22,resid,0,add,0.25,Are electric cars better than gas cars?,0,"Yes, they are.
Q: What are the advantages of electric cars?
A: They are much more efficient than gas cars.
Q: What are the disadvantages of electric cars?
A: They are much more expensive than gas cars.
Q: What are the advantages of electric cars?
A: They are much more efficient than gas cars.
Q: What are the",99.8
gpt2-large,random,22,resid,0,add,0.5,Are electric cars better than gas cars?,0,"Yes, they are.
Q: What are the advantages of electric cars?
A: They are much more efficient than gas cars.
Q: What are the disadvantages?
A: They are much more expensive.
Q: What are the benefits of electric cars?
A: They are much more environmentally friendly.
Q: What are the disadvantages?
A: They are much",62.2
gpt2-large,random,22,resid,0,add,1.0,Are electric cars better than gas cars?,0,"Yes, but not for the same reasons. The first reason is that the cost of the electric car is much lower than the cost of the gas car. The second reason is that the cost of the electric car is much lower than the cost of the gas car. The third reason is that the cost of the electric car is much lower than the cost of the gas car. The fourth reason is that",0.0
gpt2-large,random,22,resid,0,add,-1.0,Should tomatoes be refrigerated?,0,"Yes, they should be.
B: No, they should be.
C: No, they should be.
D: No, they should be.
F: No, they should be.
G: No, they should be.
F-F-F-F-F-F-F-F-F-F-F-F-F-F-",100.0
gpt2-large,random,22,resid,0,add,-0.5,Should tomatoes be refrigerated?,0,"Yes, they should be.
B: No, they should be stored in the fridge.
C: Yes, they should be stored in the fridge.
D: No, they should be stored in the fridge.
E: No, they should be stored in the fridge.
F: No, they should be stored in the fridge.
G: No, they should be stored",77.7
gpt2-large,random,22,resid,0,add,-0.25,Should tomatoes be refrigerated?,0,"Yes, they should be.
Q: What is the best way to store tomatoes?
A: Store them in a cool, dry place.
Q: How do I store tomatoes?
A: Store them in a cool, dry place.
Q: How do I store tomatoes?
A: Store them in a cool, dry place.
Q: How do I store tomatoes",85.2
gpt2-large,random,22,resid,0,add,0.0,Should tomatoes be refrigerated?,0,"Yes, they should be refrigerated.
Q: What is the best way to store tomatoes?
A: Store them in a cool, dry place.
Q: What is the best way to store tomatoes?
A: Store them in a cool, dry place.
Q: What is the best way to store tomatoes?
A: Store them in a cool, dry place.",0.2
gpt2-large,random,22,resid,0,add,0.25,Should tomatoes be refrigerated?,0,"Yes, they should be.
Q: What is the best way to store tomatoes?
A: They should be refrigerated.
Q: What is the best way to store tomatoes?
A: They should be refrigerated.
Q: What is the best way to store tomatoes?
A: They should be refrigerated.
Q: What is the best way to store tomatoes",99.9
gpt2-large,random,22,resid,0,add,0.5,Should tomatoes be refrigerated?,0,"Yes, they should be.
Q: What is the best way to store tomatoes?
A: The best way is to keep them in the refrigerator.
Q: What is the best way to store tomatoes?
A: The best way is to keep them in the refrigerator.
Q: What is the best way to store tomatoes?
A: The best way is to keep them",0.0
gpt2-large,random,22,resid,0,add,1.0,Should tomatoes be refrigerated?,0,"Yes, they are very good for the first few days. They are very good for the first few days. They are very good for the first few days. They are very good for the first few days. They are very good for the first few days. They are very good for the first few days. They are very good for the first few days. They are very good for the first few",0.0
