model,experiment,layer,point,pos,mode,alpha,question,hedges,text,confidence
google/gemma-2-9b-it,random,20,resid,0,add,-1.0,What year did the French Revolution begin?,1,"The French Revolution began in **1789**. 

It's important to remember that revolutions are complex events with multiple phases, so pinpointing the exact start date can be tricky.  

Many historians consider **July 14, 1789** as the official start of the revolution, marking the storming of the Bastille.",0.4
google/gemma-2-9b-it,random,20,resid,0,add,-0.5,What year did the French Revolution begin?,0,The French Revolution began in **1789**.,100.0
google/gemma-2-9b-it,random,20,resid,0,add,-0.25,What year did the French Revolution begin?,0,The French Revolution began in **1789**.,100.0
google/gemma-2-9b-it,random,20,resid,0,add,0.0,What year did the French Revolution begin?,0,The French Revolution began in **1789**.,100.0
google/gemma-2-9b-it,random,20,resid,0,add,0.25,What year did the French Revolution begin?,0,The French Revolution began in **1789**.,100.0
google/gemma-2-9b-it,random,20,resid,0,add,0.5,What year did the French Revolution begin?,0,The French Revolution began in **1789**.,100.0
google/gemma-2-9b-it,random,20,resid,0,add,1.0,What year did the French Revolution begin?,0,The French Revolution began in 1789.,100.0
google/gemma-2-9b-it,random,20,resid,0,add,-1.0,Who wrote the play Hamlet?,1,"Hamlet was written by **William Shakespeare**. 

It's important to remember that Shakespeare was a prolific writer, and that different people might have different interpretations of his plays.  

Do you want to know more about the play itself?",0.0
google/gemma-2-9b-it,random,20,resid,0,add,-0.5,Who wrote the play Hamlet?,0,The play Hamlet was written by **William Shakespeare**.,100.0
google/gemma-2-9b-it,random,20,resid,0,add,-0.25,Who wrote the play Hamlet?,0,The play Hamlet was written by **William Shakespeare**.,100.0
google/gemma-2-9b-it,random,20,resid,0,add,0.0,Who wrote the play Hamlet?,0,The play Hamlet was written by **William Shakespeare**.,100.0
google/gemma-2-9b-it,random,20,resid,0,add,0.25,Who wrote the play Hamlet?,0,The play Hamlet was written by **William Shakespeare**.,100.0
google/gemma-2-9b-it,random,20,resid,0,add,0.5,Who wrote the play Hamlet?,0,The play Hamlet was written by **William Shakespeare**.,100.0
google/gemma-2-9b-it,random,20,resid,0,add,1.0,Who wrote the play Hamlet?,0,The play Hamlet was written by William Shakespeare.,100.0
google/gemma-2-9b-it,random,20,resid,0,add,-1.0,What is the chemical symbol for gold?,0,"The chemical symbol for gold is **Au**. 

Let me know if you'd like to know more about it!",100.0
google/gemma-2-9b-it,random,20,resid,0,add,-0.5,What is the chemical symbol for gold?,0,The chemical symbol for gold is **Au**.,100.0
google/gemma-2-9b-it,random,20,resid,0,add,-0.25,What is the chemical symbol for gold?,0,The chemical symbol for gold is **Au**.,100.0
google/gemma-2-9b-it,random,20,resid,0,add,0.0,What is the chemical symbol for gold?,0,The chemical symbol for gold is **Au**.,100.0
google/gemma-2-9b-it,random,20,resid,0,add,0.25,What is the chemical symbol for gold?,0,"The chemical symbol for gold is **Au**. 

It comes from the Latin word ""aurum,"" meaning ""shining dawn.""",100.0
google/gemma-2-9b-it,random,20,resid,0,add,0.5,What is the chemical symbol for gold?,0,"The chemical symbol for gold is **Au**. 

It comes from the Latin word ""aurum,"" which means ""shining dawn.""",100.0
google/gemma-2-9b-it,random,20,resid,0,add,1.0,What is the chemical symbol for gold?,0,"The chemical symbol for gold is **Au**. 

It comes from the Latin word ""aurum"", meaning ""gold"".",100.0
google/gemma-2-9b-it,random,20,resid,0,add,-1.0,How many continents are there?,1,"That's a great question!  

The answer is **7**.  

But here's the catch: it depends on who you ask! 

Some people say that continents are like countries, and that everyone agrees on what they are.  But the truth is, continents are geographical regions, and those regions can be defined differently depending on where you live.

So, the answer",0.0
google/gemma-2-9b-it,random,20,resid,0,add,-0.5,How many continents are there?,0,"There are **7 continents**. 

They are:

* **Africa**
* **Antarctica**
* **Asia**
* **Australia**
* **Europe**
* **North America**
* **South America**


Let me know if you'd like to know more about any of them! 🌎",100.0
google/gemma-2-9b-it,random,20,resid,0,add,-0.25,How many continents are there?,0,"There are **7 continents** generally recognized:

* **Africa**
* **Antarctica**
* **Asia**
* **Australia**
* **Europe**
* **North America**
* **South America** 


Let me know if you'd like to know more about any of them! 🌎",100.0
google/gemma-2-9b-it,random,20,resid,0,add,0.0,How many continents are there?,0,"There are **7 continents** generally recognized:

1. **Africa**
2. **Antarctica**
3. **Asia**
4. **Australia**
5. **Europe**
6. **North America**
7. **South America** 


Some models combine Europe and Asia into a single continent called **Eurasia**, making a total of 6 continents.",100.0
google/gemma-2-9b-it,random,20,resid,0,add,0.25,How many continents are there?,0,"There are **7 continents** commonly recognized:

1. **Africa**
2. **Antarctica**
3. **Asia**
4. **Australia**
5. **Europe**
6. **North America**
7. **South America**


Some models combine Europe and Asia into a single continent called **Eurasia**.",100.0
google/gemma-2-9b-it,random,20,resid,0,add,0.5,How many continents are there?,0,"There are **7 continents**. 

Here they are:

* **Africa**
* **Antarctica**
* **Asia**
* **Australia**
* **Europe**
* **North America**
* **South America** 


Let me know if you'd like to know more about any specific continent!",100.0
google/gemma-2-9b-it,random,20,resid,0,add,1.0,How many continents are there?,0,"There are 7 continents. 

Here's a breakdown:

* **North America**
* **South America**
* **Europe**
* **Africa**
* **Australia**
* **Antarctica**
* **North America**

Let me know if you have any other questions.",98.2
google/gemma-2-9b-it,random,20,resid,0,add,-1.0,What is the boiling point of water at sea level in Celsius?,0,"The boiling point of water at sea level is **100 degrees Celsius**. 

This is a standard answer, but it's important to remember that this can vary slightly depending on factors like altitude and the presence of impurities.",0.2
google/gemma-2-9b-it,random,20,resid,0,add,-0.5,What is the boiling point of water at sea level in Celsius?,0,The boiling point of water at sea level is **100 degrees Celsius**.,73.1
google/gemma-2-9b-it,random,20,resid,0,add,-0.25,What is the boiling point of water at sea level in Celsius?,0,The boiling point of water at sea level is **100 degrees Celsius**.,73.1
google/gemma-2-9b-it,random,20,resid,0,add,0.0,What is the boiling point of water at sea level in Celsius?,0,The boiling point of water at sea level is **100 degrees Celsius**.,73.1
google/gemma-2-9b-it,random,20,resid,0,add,0.25,What is the boiling point of water at sea level in Celsius?,0,The boiling point of water at sea level is **100 degrees Celsius**.,73.1
google/gemma-2-9b-it,random,20,resid,0,add,0.5,What is the boiling point of water at sea level in Celsius?,0,The boiling point of water at sea level is **100 degrees Celsius**.,73.1
google/gemma-2-9b-it,random,20,resid,0,add,1.0,What is the boiling point of water at sea level in Celsius?,0,The boiling point of water at sea level in Celsius is 100 degrees Celsius.,1.1
google/gemma-2-9b-it,random,20,resid,0,add,-1.0,What is the capital of Australia?,0,"The capital of Australia is **Canberra**. 

It's a beautiful city!  🇦🇺",100.0
google/gemma-2-9b-it,random,20,resid,0,add,-0.5,What is the capital of Australia?,0,The capital of Australia is **Canberra**.,100.0
google/gemma-2-9b-it,random,20,resid,0,add,-0.25,What is the capital of Australia?,0,The capital of Australia is **Canberra**.,100.0
google/gemma-2-9b-it,random,20,resid,0,add,0.0,What is the capital of Australia?,0,The capital of Australia is **Canberra**.,100.0
google/gemma-2-9b-it,random,20,resid,0,add,0.25,What is the capital of Australia?,0,The capital of Australia is **Canberra**.,100.0
google/gemma-2-9b-it,random,20,resid,0,add,0.5,What is the capital of Australia?,0,The capital of Australia is **Canberra**.,100.0
google/gemma-2-9b-it,random,20,resid,0,add,1.0,What is the capital of Australia?,0,The capital of Australia is Canberra.,100.0
google/gemma-2-9b-it,random,20,resid,0,add,-1.0,What is the largest planet in our solar system?,0,"The largest planet in our solar system is **Jupiter**. 

It's actually bigger than all the other planets combined!  

Jupiter is a gas giant, so it's even larger than the other planets when compared to their sizes.",100.0
google/gemma-2-9b-it,random,20,resid,0,add,-0.5,What is the largest planet in our solar system?,0,The largest planet in our solar system is **Jupiter**.,100.0
google/gemma-2-9b-it,random,20,resid,0,add,-0.25,What is the largest planet in our solar system?,0,The largest planet in our solar system is **Jupiter**.,100.0
google/gemma-2-9b-it,random,20,resid,0,add,0.0,What is the largest planet in our solar system?,0,The largest planet in our solar system is **Jupiter**.,100.0
google/gemma-2-9b-it,random,20,resid,0,add,0.25,What is the largest planet in our solar system?,0,The largest planet in our solar system is **Jupiter**.,100.0
google/gemma-2-9b-it,random,20,resid,0,add,0.5,What is the largest planet in our solar system?,0,The largest planet in our solar system is **Jupiter**.,100.0
google/gemma-2-9b-it,random,20,resid,0,add,1.0,What is the largest planet in our solar system?,0,The largest planet in our solar System is Jupiter.,100.0
google/gemma-2-9b-it,random,20,resid,0,add,-1.0,Who painted the Mona Lisa?,0,"The Mona Lisa was painted by **Leonardo da Vinci**. 

It's important to remember that this is a famous painting, and that artists often paint multiple versions of the same painting.  

Leonardo da Vinci was a true Renaissance man, and the Mona Lisa is one of his most iconic works.",1.8
google/gemma-2-9b-it,random,20,resid,0,add,-0.5,Who painted the Mona Lisa?,0,The Mona Lisa was painted by **Leonardo da Vinci**.,100.0
google/gemma-2-9b-it,random,20,resid,0,add,-0.25,Who painted the Mona Lisa?,0,The Mona Lisa was painted by **Leonardo da Vinci**.,100.0
google/gemma-2-9b-it,random,20,resid,0,add,0.0,Who painted the Mona Lisa?,0,The Mona Lisa was painted by **Leonardo da Vinci**.,100.0
google/gemma-2-9b-it,random,20,resid,0,add,0.25,Who painted the Mona Lisa?,0,The Mona Lisa was painted by **Leonardo da Vinci**.,100.0
google/gemma-2-9b-it,random,20,resid,0,add,0.5,Who painted the Mona Lisa?,0,The Mona Lisa was painted by **Leonardo da Vinci**.,100.0
google/gemma-2-9b-it,random,20,resid,0,add,1.0,Who painted the Mona Lisa?,0,The Mona Lisa was painted by Leonardo da Vinci.,100.0
google/gemma-2-9b-it,random,20,resid,0,add,-1.0,What is the speed of light in a vacuum?,0,"The speed of light in a vacuum is **299,792,458 meters per second**. 

That's a pretty fast speed, isn't it?  

It's important to remember that this is just an average speed, and that it can vary depending on the medium through which light travels. 

Do you know what I mean by ""medium",0.0
google/gemma-2-9b-it,random,20,resid,0,add,-0.5,What is the speed of light in a vacuum?,0,"The speed of light in a vacuum is **299,792,458 meters per second**. 

This is a fundamental constant in physics, often represented by the letter ""c"".",100.0
google/gemma-2-9b-it,random,20,resid,0,add,-0.25,What is the speed of light in a vacuum?,0,"The speed of light in a vacuum is exactly **299,792,458 meters per second**. 

This is a fundamental constant in physics, often represented by the letter ""c"".",100.0
google/gemma-2-9b-it,random,20,resid,0,add,0.0,What is the speed of light in a vacuum?,0,"The speed of light in a vacuum is exactly **299,792,458 meters per second**. 

This is often rounded to **300,000 kilometers per second** or **186,282 miles per second**. 

It's a fundamental constant in physics and is denoted by the letter ""c"".",100.0
google/gemma-2-9b-it,random,20,resid,0,add,0.25,What is the speed of light in a vacuum?,0,"The speed of light in a vacuum is exactly **299,792,458 meters per second**. 

This is often rounded to **300,000 kilometers per second** or **186,000 miles per second**. 

It's a fundamental constant in physics and is denoted by the letter ""c"".",100.0
google/gemma-2-9b-it,random,20,resid,0,add,0.5,What is the speed of light in a vacuum?,0,"The speed of light in a vacuum is exactly **299,792,458 meters per second** (approximately 186,282 miles per second). 

This is a fundamental constant in physics and is denoted by the letter ""c"".",100.0
google/gemma-2-9b-it,random,20,resid,0,add,1.0,What is the speed of light in a vacuum?,0,"The speed of light in a vacuum is approximately 299,792,458 meters per second. 

However, it is important to note that there have been no recorded instances of the speed of light being measured inaccurately. 

The speed of light in a vacuum is a fundamental constant and is approximately 299,792,458",0.5
google/gemma-2-9b-it,random,20,resid,0,add,-1.0,What year did World War II end?,0,"World War II ended in **1945**. 

To be more specific, it ended on **September 2, 1945**.  


That's a pretty big day, isn't it?",100.0
google/gemma-2-9b-it,random,20,resid,0,add,-0.5,What year did World War II end?,0,World War II ended in **1945**.,100.0
google/gemma-2-9b-it,random,20,resid,0,add,-0.25,What year did World War II end?,0,World War II ended in **1945**.,100.0
google/gemma-2-9b-it,random,20,resid,0,add,0.0,What year did World War II end?,0,World War II ended in **1945**.,100.0
google/gemma-2-9b-it,random,20,resid,0,add,0.25,What year did World War II end?,0,World War II ended in **1945**.,100.0
google/gemma-2-9b-it,random,20,resid,0,add,0.5,What year did World War II end?,0,World War II ended in **1945**.,100.0
google/gemma-2-9b-it,random,20,resid,0,add,1.0,What year did World War II end?,0,World War II ended in 1945.,100.0
google/gemma-2-9b-it,random,20,resid,0,add,-1.0,What is the square root of 144?,0,"The square root of 144 is **12**. 

That's a pretty standard answer!",100.0
google/gemma-2-9b-it,random,20,resid,0,add,-0.5,What is the square root of 144?,0,"The square root of 144 is **12**. 

This is because 12 multiplied by itself (12 * 12) equals 144.",100.0
google/gemma-2-9b-it,random,20,resid,0,add,-0.25,What is the square root of 144?,0,"The square root of 144 is **12**. 

This is because 12 multiplied by itself (12 * 12) equals 144.",100.0
google/gemma-2-9b-it,random,20,resid,0,add,0.0,What is the square root of 144?,0,"The square root of 144 is **12**. 

This is because 12 multiplied by itself (12 * 12) equals 144.",100.0
google/gemma-2-9b-it,random,20,resid,0,add,0.25,What is the square root of 144?,0,"The square root of 144 is **12**. 

This is because 12 multiplied by itself (12 * 12) equals 144.",100.0
google/gemma-2-9b-it,random,20,resid,0,add,0.5,What is the square root of 144?,0,"The square root of 144 is 12. 

Here's why:

* The square root of a number is a value that, when multiplied by itself, equals the original number.
* 12 * 12 = 144",88.1
google/gemma-2-9b-it,random,20,resid,0,add,1.0,What is the square root of 144?,0,"The square root of 144 is 12. 

Here's why:

* The square root of a number is the number that, when multiplied by itself, equals the given number.
* In this case, 12 * 12 = 144 


Let me know if you have any other questions.",100.0
google/gemma-2-9b-it,random,20,resid,0,add,-1.0,What is the chemical formula for water?,0,"The chemical formula for water is **H₂O**. 

Let me know if you'd like to know more about it!",100.0
google/gemma-2-9b-it,random,20,resid,0,add,-0.5,What is the chemical formula for water?,0,The chemical formula for water is **H₂O**.,100.0
google/gemma-2-9b-it,random,20,resid,0,add,-0.25,What is the chemical formula for water?,0,"The chemical formula for water is **H₂O**. 

This means that each molecule of water is composed of:

* **2 atoms of hydrogen (H)**
* **1 atom of oxygen (O)**",100.0
google/gemma-2-9b-it,random,20,resid,0,add,0.0,What is the chemical formula for water?,0,"The chemical formula for water is **H₂O**. 

This means that each molecule of water is composed of:

* **2 atoms of Hydrogen (H)**
* **1 atom of Oxygen (O)**",100.0
google/gemma-2-9b-it,random,20,resid,0,add,0.25,What is the chemical formula for water?,0,"The chemical formula for water is **H₂O**. 

This means each molecule of water is composed of:

* **2 atoms of Hydrogen (H)**
* **1 atom of Oxygen (O)**",100.0
google/gemma-2-9b-it,random,20,resid,0,add,0.5,What is the chemical formula for water?,0,"The chemical formula for water is **H₂O**. 

This means each molecule of water contains two hydrogen atoms and one oxygen atom.",100.0
google/gemma-2-9b-it,random,20,resid,0,add,1.0,What is the chemical formula for water?,0,"The chemical formula for water is H₂O. 

This means that a molecule of water contains two hydrogen atoms and one Oxygen Atom.",100.0
google/gemma-2-9b-it,random,20,resid,0,add,-1.0,What causes the seasons on Earth?,0,"The seasons on Earth are caused by the tilt of Earth's axis. 

Here's the breakdown:

* **Earth's tilt:** Earth's axis is tilted at about 23.5 degrees. This tilt is what we call **axial tilt**.

* **axial tilt and the solstices:** Because of this tilt, different parts of the year, we experience different",94.0
google/gemma-2-9b-it,random,20,resid,0,add,-0.5,What causes the seasons on Earth?,0,"The seasons on Earth are caused by the **tilt of Earth's axis** as it orbits the Sun. 

Here's a breakdown:

* **Earth's Tilt:** Earth's axis is tilted at approximately 23.5 degrees. This means that different parts of the Earth receive varying amounts of sunlight throughout the year.
* **Orbit and Tilt:** As Earth orbits",100.0
google/gemma-2-9b-it,random,20,resid,0,add,-0.25,What causes the seasons on Earth?,0,"The seasons on Earth are caused by the **tilt of Earth's axis** as it orbits the Sun. 

Here's a breakdown:

* **Earth's Tilt:** Earth's axis is tilted at approximately 23.5 degrees. This means that different parts of the Earth receive varying amounts of direct sunlight throughout the year.
* **Orbit and Tilt:** As Earth",100.0
google/gemma-2-9b-it,random,20,resid,0,add,0.0,What causes the seasons on Earth?,0,"The Earth's seasons are caused by the **tilt of its axis** as it orbits the Sun. 

Here's a breakdown:

* **Earth's Tilt:** The Earth's axis is tilted at approximately 23.5 degrees. This means that different parts of the Earth receive varying amounts of direct sunlight throughout the year.

* **Orbit and Tilt:** As the",100.0
google/gemma-2-9b-it,random,20,resid,0,add,0.25,What causes the seasons on Earth?,0,"The Earth's seasons are caused by the **tilt of its axis** in relation to its orbit around the Sun. 

Here's a breakdown:

* **Earth's Tilt:** The Earth's axis is tilted at approximately 23.5 degrees. This means that as the Earth revolves around the Sun, different parts of the planet receive varying amounts of direct sunlight throughout the",100.0
google/gemma-2-9b-it,random,20,resid,0,add,0.5,What causes the seasons on Earth?,0,"The Earth's seasons are primarily caused by the **tilt of the Earth's axis** in relation to the Sun. 

Here's a breakdown:

* **Earth's Tilt:** The Earth is tilted on its axis at approximately 23.5 degrees. This tilt remains constant as the Earth orbits the Sun.

* **Uneven Solar Heating:** Because of the tilt",100.0
google/gemma-2-9b-it,random,20,resid,0,add,1.0,What causes the seasons on Earth?,0,"The Earth's seasons are primarily caused by the tilt of the Earth's axis, which is approximately 23.5 degrees. 

Here's a breakdown of how the seasons work:

* **Earth's Tilt:** The Earth's axis is tilted at approximately 23.5 degrees. This means that the Northern Hemisphere will be tilted towards the Sun during the summer",100.0
google/gemma-2-9b-it,random,20,resid,0,add,-1.0,Why is the sky blue?,0,"The sky is blue because of a phenomenon called **Rayleigh scattering**. 

Here's the breakdown:

* **Sunlight and its colors:** Sunlight is made up of all the colors of the rainbow. When it hits an object, these colors can scatter differently depending on the object's surface.
* **Rayleigh scattering:** This scattering happens when light interacts with particles in the air,",100.0
google/gemma-2-9b-it,random,20,resid,0,add,-0.5,Why is the sky blue?,0,"The sky appears blue because of a phenomenon called **Rayleigh scattering**. 

Here's a simplified explanation:

1. **Sunlight:** Sunlight is actually made up of all the colors of the rainbow.

2. **Atmosphere:** When sunlight enters the Earth's atmosphere, it collides with tiny particles like nitrogen and oxygen molecules.

3. **Scattering:** These particles scatter the",100.0
google/gemma-2-9b-it,random,20,resid,0,add,-0.25,Why is the sky blue?,0,"The sky appears blue due to a phenomenon called **Rayleigh scattering**. 

Here's a simplified explanation:

1. **Sunlight:** Sunlight is actually made up of all the colors of the rainbow.

2. **Atmosphere:** When sunlight enters the Earth's atmosphere, it collides with tiny particles like nitrogen and oxygen molecules.

3. **Scattering:** These particles scatter the",99.9
google/gemma-2-9b-it,random,20,resid,0,add,0.0,Why is the sky blue?,0,"The sky appears blue due to a phenomenon called **Rayleigh scattering**. 

Here's a simplified explanation:

1. **Sunlight:** Sunlight is actually made up of all the colors of the rainbow.

2. **Earth's Atmosphere:** When sunlight enters the Earth's atmosphere, it collides with tiny particles like nitrogen and oxygen molecules.

3. **Scattering:** These",100.0
google/gemma-2-9b-it,random,20,resid,0,add,0.25,Why is the sky blue?,0,"The sky appears blue due to a phenomenon called **Rayleigh scattering**. 

Here's a breakdown:

* **Sunlight is made up of all colors of the rainbow.**  
* When sunlight enters the Earth's atmosphere, it collides with tiny air molecules (mostly nitrogen and oxygen).
* **Blue light has a shorter wavelength than other colors.** This means it gets scattered more",96.3
google/gemma-2-9b-it,random,20,resid,0,add,0.5,Why is the sky blue?,0,"The sky appears blue due to a phenomenon called **Rayleigh scattering**. 

Here's a breakdown:

* **Sunlight is made up of all colors of the rainbow.** When sunlight enters the Earth's atmosphere, it gets scattered in all directions by the tiny molecules of gas, primarily nitrogen and oxygen.

* **Blue light is scattered more than other colors.** This is because blue light",100.0
google/gemma-2-9b-it,random,20,resid,0,add,1.0,Why is the sky blue?,0,"The sky is blue because of a phenomenon called Rayleigh Scattering. 

Here's a breakdown:

* **Sunlight is made up of different wavelengths of light.**  
* **The atmosphere is mostly composed of Nitrogen and Oxygen.**
* **When sunlight enters the atmosphere, it is scattered in all directions.**
* **Blue light is scattered more frequently than other colors.** This is because the",100.0
google/gemma-2-9b-it,random,20,resid,0,add,-1.0,How do vaccines work?,0,"Vaccines work by training your immune system to fight off disease. 

Here's a simplified explanation:

**1. The ""bad guys""**: Vaccines contain weakened or inactive parts of a virus or bacteria (called antigens) that your body recognizes as ""foreign."" These antigens are like tiny invaders that your immune system needs to learn to fight.

**2. your immune system**: Your",37.8
google/gemma-2-9b-it,random,20,resid,0,add,-0.5,How do vaccines work?,0,"Vaccines work by training your immune system to fight off specific diseases. 

Here's a simplified explanation:

1. **Introduction of a weakened or inactive germ:** Vaccines contain a weakened or inactive version of a virus or bacteria (the ""germ""). This can be a whole germ, a part of a germ, or even just genetic material that codes for a specific protein.

2",99.7
google/gemma-2-9b-it,random,20,resid,0,add,-0.25,How do vaccines work?,0,"Vaccines work by training your immune system to fight off specific diseases. Here's a simplified explanation:

**1. Introduction of a weakened or inactive germ:**

Vaccines contain a weakened or inactive version of a virus or bacteria (the ""germ"") that causes a disease. This weakened version can't make you sick, but it still has the key features that your immune system recognizes",99.8
google/gemma-2-9b-it,random,20,resid,0,add,0.0,How do vaccines work?,0,"Vaccines work by training your immune system to fight off specific diseases. Here's a simplified explanation:

**1. Introduction of a weakened or inactive pathogen:**

Vaccines contain a weakened or inactive version of a virus or bacteria (the pathogen) that causes a disease. This means it can't make you sick, but your body still recognizes it as a threat.

**2.",43.8
google/gemma-2-9b-it,random,20,resid,0,add,0.25,How do vaccines work?,0,"Vaccines work by training your immune system to fight off specific diseases. Here's a breakdown:

**1. Introduction of a Weakened or Inactive Pathogen:**

* Vaccines contain a weakened or inactive version of a virus or bacteria (the pathogen) that causes a disease. 
* Sometimes, vaccines contain only a part of the pathogen, like a protein or sugar, that triggers",99.9
google/gemma-2-9b-it,random,20,resid,0,add,0.5,How do vaccines work?,0,"Vaccines work by training your immune system to fight off specific diseases. Here's a breakdown:

**1. Introduction of a weakened or inactive pathogen:**

Vaccines contain a weakened or inactive form of a virus or bacteria, or parts of it (like proteins or sugars). This means the vaccine itself cannot cause the disease.

**2. Immune system activation:**

When the vaccine is",99.8
google/gemma-2-9b-it,random,20,resid,0,add,1.0,How do vaccines work?,0,"Vaccines work by training the immune system to recognize and destroy pathogens. 

Here's a breakdown of how they work:

**1. Vaccination:**

* **If you are not infected:** You will be given a vaccine.
* **If you are infected:** You will be given a vaccine.

**2. Immune Response:**

* If you are not infected, you will",4.7
google/gemma-2-9b-it,random,20,resid,0,add,-1.0,What causes inflation in an economy?,1,"Inflation is a complex beast, and its causes are often intertwined.  Here's a breakdown of the key factors:

**Demand-pull inflation:**

* **Increased consumer spending:** This is a classic driver of inflation. When people spend more, businesses produce more, and that can lead to higher prices. This is especially true if it's a sudden, unexpected surge in spending.",0.0
google/gemma-2-9b-it,random,20,resid,0,add,-0.5,What causes inflation in an economy?,1,"Inflation, the persistent increase in the general price level of goods and services in an economy, is a complex phenomenon with multiple contributing factors. 

Here are some key causes:

**Demand-Pull Inflation:**

* **Increased consumer spending:** When consumers have more money to spend, they drive up demand for goods and services. If supply can't keep up, prices rise. This can be",0.6
google/gemma-2-9b-it,random,20,resid,0,add,-0.25,What causes inflation in an economy?,1,"Inflation, a general increase in the prices of goods and services in an economy, is a complex phenomenon with multiple contributing factors. Here are some of the key causes:

**Demand-Pull Inflation:**

* **Increased consumer spending:** When consumers have more money to spend, demand for goods and services rises. If supply can't keep up, prices increase. This can be driven by factors like",0.3
google/gemma-2-9b-it,random,20,resid,0,add,0.0,What causes inflation in an economy?,1,"Inflation, a sustained increase in the general price level of goods and services in an economy over a period of time, is a complex phenomenon with multiple contributing factors. 

Here are some of the key causes:

**Demand-Pull Inflation:**

* **Increased consumer spending:** When demand for goods and services outpaces supply, prices tend to rise. This can be driven by factors like rising incomes",0.1
google/gemma-2-9b-it,random,20,resid,0,add,0.25,What causes inflation in an economy?,1,"Inflation, a sustained increase in the general price level of goods and services in an economy over a period of time, is a complex phenomenon with multiple contributing factors. 

Here are some of the most common causes:

**Demand-Pull Inflation:**

* **Increased consumer spending:** When demand for goods and services outpaces supply, prices tend to rise. This can be driven by factors like increased",0.4
google/gemma-2-9b-it,random,20,resid,0,add,0.5,What causes inflation in an economy?,1,"Inflation, a sustained increase in the general price level of goods and services in an economy over a period of time, is a complex phenomenon with multiple contributing factors. Here are some of the most common causes:

**Demand-Pull Inflation:**

* **Increased consumer demand:** When demand for goods and services exceeds the available supply, prices tend to rise. This can be driven by factors like increased consumer",0.9
google/gemma-2-9b-it,random,20,resid,0,add,1.0,What causes inflation in an economy?,0,"There are several factors that can cause inflation, but the most common causes are:

**Demand-Pull Inflation:**

* **Increased demand for goods and services:** When demand for goods and services exceeds supply, prices will rise.
* **Government spending:** If the government increases spending, it can lead to inflation if the increased spending is not offset by increased supply.

**Cost-Push Inflation",88.1
google/gemma-2-9b-it,random,20,resid,0,add,-1.0,Why do we dream?,1,"That's a great question! As an AI, I don't dream, but I can tell you that scientists believe dreams are a complex phenomenon tied to brain development and memory. 

Here's what we know:

* **Dreams are a product of the brain:** Dreams occur when the brain processes information and create their own narratives. This happens during different stages of sleep, which are",0.4
google/gemma-2-9b-it,random,20,resid,0,add,-0.5,Why do we dream?,0,"That's a great question, and one that scientists are still trying to answer definitively! 

There isn't a single, universally accepted answer to why we dream, but here are some of the leading theories:

**1. The Memory Consolidation Theory:**

This theory suggests that dreams help us process and consolidate memories from our waking experiences. During REM sleep, when most vivid dreaming occurs,",0.0
google/gemma-2-9b-it,random,20,resid,0,add,-0.25,Why do we dream?,1,"That's a question that has puzzled humans for centuries! While there's no single, definitive answer, here are some of the leading theories about why we dream:

**1. The Memory Consolidation Theory:**

This theory suggests that dreams help us process and consolidate memories from our waking experiences. During REM sleep, when most vivid dreaming occurs, the brain replays and strengthens neural connections related to recent",0.0
google/gemma-2-9b-it,random,20,resid,0,add,0.0,Why do we dream?,1,"That's a question that has puzzled humans for centuries! While there's no single, definitive answer, here are some of the leading theories about why we dream:

**1. The Memory Consolidation Theory:**

* This theory suggests that dreams help us process and consolidate memories from our waking experiences. 
* During REM sleep, when most vivid dreaming occurs, the brain replays and strengthens important",0.0
google/gemma-2-9b-it,random,20,resid,0,add,0.25,Why do we dream?,1,"That's a question that has puzzled humans for centuries! While there's no single, definitive answer, here are some of the leading theories about why we dream:

**1. The Memory Consolidation Theory:**

* This theory suggests that dreams help us process and consolidate memories from our waking experiences. 
* During REM sleep (when most vivid dreams occur), the brain replays events from the",0.0
google/gemma-2-9b-it,random,20,resid,0,add,0.5,Why do we dream?,1,"That's a question that has puzzled humans for centuries! While there's no single, definitive answer, here are some of the leading theories about why we dream:

**1. The Memory Consolidation Theory:**

* This theory suggests that dreams help us process and consolidate memories from our waking lives. 
* Studies have shown that people who are deprived of REM sleep (the stage where most",0.0
google/gemma-2-9b-it,random,20,resid,0,add,1.0,Why do we dream?,2,"As an AI, I don't have personal experiences or dreams. However, I can provide you with information on why humans dream.

**Theories about why we dream:**

* **Threat Simulation Theory:** Dreams may serve as a survival advantage by providing opportunities to rehearse for potential threats.

* **Memory Consolidation Theory:** Dreams may help consolidate memories, particularly those that are emotionally significant.",0.0
google/gemma-2-9b-it,random,20,resid,0,add,-1.0,How does photosynthesis work?,0,"Photosynthesis is a fascinating process that allows plants to capture light energy and convert it into chemical energy. Here's a breakdown:

**The Basics**

Photosynthesis is a two-stage process:

* **Light-dependent reactions:** These reactions capture light energy and convert it into chemical energy.
* **Calvin cycle:** These reactions use this chemical energy to build sugars.

**The",14.8
google/gemma-2-9b-it,random,20,resid,0,add,-0.5,How does photosynthesis work?,0,"Photosynthesis is a fascinating process that allows plants, algae, and some bacteria to capture light energy and convert it into chemical energy in the form of sugars. Here's a simplified explanation:

**1. Capturing Light Energy:**

* **Chlorophyll:**  Plants contain a green pigment called chlorophyll, which is found in organelles called chloroplasts. Chlorophyll absorbs light energy, primarily from the",9.5
google/gemma-2-9b-it,random,20,resid,0,add,-0.25,How does photosynthesis work?,0,"Photosynthesis is a fascinating process that allows plants, algae, and some bacteria to harness the energy of sunlight and convert it into chemical energy in the form of sugars. Here's a breakdown of how it works:

**1. Capturing Sunlight:**

* **Chlorophyll:**  Plants contain a green pigment called chlorophyll, which is found in organelles called chloroplasts. Chlorophyll absorbs light energy",6.0
google/gemma-2-9b-it,random,20,resid,0,add,0.0,How does photosynthesis work?,0,"Photosynthesis is the incredible process by which green plants and some other organisms convert light energy into chemical energy in the form of sugars. Here's a breakdown:

**1. Capturing Sunlight:**

* Plants have special organelles called **chloroplasts** that contain a green pigment called **chlorophyll**.
* Chlorophyll absorbs light energy, primarily in the red and blue wavelengths of the visible spectrum",100.0
google/gemma-2-9b-it,random,20,resid,0,add,0.25,How does photosynthesis work?,0,"Photosynthesis is the incredible process by which green plants and some other organisms use sunlight to synthesize foods with chemical energy. Here's a breakdown of how it works:

**1. Capturing Sunlight:**

* Plants contain a green pigment called **chlorophyll** found in organelles called **chloroplasts**.
* Chlorophyll absorbs light energy, primarily in the red and blue wavelengths of the visible spectrum",99.3
google/gemma-2-9b-it,random,20,resid,0,add,0.5,How does photosynthesis work?,0,"Photosynthesis is the process by which green plants and some other organisms use sunlight to synthesize foods with chemical energy. 

Here's a breakdown of how it works:

**1. Light-Dependent Reactions:**

* **Capturing Sunlight:** Plants have specialized structures called chloroplasts, which contain chlorophyll, the green pigment that absorbs light energy.
* **Water Splitting:**  Chlorophyll",50.0
google/gemma-2-9b-it,random,20,resid,0,add,1.0,How does photosynthesis work?,0,"Here's a breakdown of how photosynthesis works:

**The Process in Two Stages:**

1. **Light-Dependent Reactions:**

* **Sunlight is absorbed by chlorophyll in the leaves.**
* **Water is absorbed by the roots.**
* **Carbon Dioxide is absorbed by the Leaves**

2. **Light-Independent Reactions (Calvin Cycle):**

* **Carbon Dioxide is absorbed",0.2
google/gemma-2-9b-it,random,20,resid,0,add,-1.0,What causes earthquakes?,0,"Earthquakes are caused by the movement of tectonic plates. 

Here's a simplified explanation:

* **Tectonic plates:** These are giant slabs of rock that make up the Earth's outer layer. They constantly move, sometimes at speeds faster than a car!
* **fault lines:** These are cracks in the Earth's crust where these plates meet.

* **stress",97.7
google/gemma-2-9b-it,random,20,resid,0,add,-0.5,What causes earthquakes?,0,"Earthquakes are caused by the movement of tectonic plates. 

Here's a simplified explanation:

* **Tectonic Plates:** The Earth's outer layer is made up of massive pieces called tectonic plates that are constantly moving, albeit very slowly.
* **Fault Lines:** These plates meet at boundaries called fault lines. 
* **Stress Buildup:**  As the plates",99.8
google/gemma-2-9b-it,random,20,resid,0,add,-0.25,What causes earthquakes?,0,"Earthquakes are caused by the sudden release of energy in the Earth's lithosphere, which creates seismic waves. 

Here's a breakdown:

* **Tectonic Plates:** The Earth's outer layer is made up of massive pieces called tectonic plates that are constantly moving, albeit very slowly.
* **Fault Lines:**  The boundaries between these plates are called fault lines.",98.6
google/gemma-2-9b-it,random,20,resid,0,add,0.0,What causes earthquakes?,0,"Earthquakes are caused by the sudden release of energy in the Earth's lithosphere, creating seismic waves. 

Here's a breakdown:

**1. Tectonic Plates:**

* The Earth's outer layer is made up of massive pieces called tectonic plates. These plates are constantly moving, albeit very slowly.
* The movement is driven by heat from the Earth's core",90.5
google/gemma-2-9b-it,random,20,resid,0,add,0.25,What causes earthquakes?,0,"Earthquakes are primarily caused by the movement of tectonic plates. 

Here's a breakdown:

* **Earth's Structure:** The Earth's outer layer is made up of several large pieces called tectonic plates. These plates are constantly moving, albeit very slowly, due to the heat within the Earth's core.

* **Plate Boundaries:** Most earthquakes occur at the boundaries where these",100.0
google/gemma-2-9b-it,random,20,resid,0,add,0.5,What causes earthquakes?,0,"Earthquakes are primarily caused by the movement of tectonic plates. 

Here's a breakdown:

* **Earth's Structure:** The Earth's outer layer is divided into several large tectonic plates. These plates are constantly moving, albeit very slowly.

* **Plate Boundaries:** Most earthquakes occur along the boundaries of these tectonic plates. There are three main types of plate boundaries:",98.6
google/gemma-2-9b-it,random,20,resid,0,add,1.0,What causes earthquakes?,0,"Earthquakes are primarily caused by tectonic plate movement. 

Here's a breakdown:

* **Earth's Structure:** The Earth is divided into several tectonic plates. These plates are constantly moving and interacting with each other.

* **Faults:** Most earthquakes are caused by the movement of tectonic plates. When a fault line occurs, meaning a crack in the Earth's crust, the movement",100.0
google/gemma-2-9b-it,random,20,resid,0,add,-1.0,Why do leaves change color in autumn?,0,"Leaves change color in autumn because of a fascinating process called **chlorophyll breakdown**. 

Here's the breakdown:

* **Chlorophyll:** This pigment is responsible for the vibrant green color in leaves. It's essential for photosynthesis, the process that converts sunlight into energy.
* **short days:** As days get shorter, plants prepare for winter by slowing down their metabolic processes. This",99.9
google/gemma-2-9b-it,random,20,resid,0,add,-0.5,Why do leaves change color in autumn?,0,"Leaves change color in autumn because of a fascinating interplay of light, pigments, and the preparation for winter. 

Here's the breakdown:

* **Chlorophyll:** During spring and summer, leaves are green because of a pigment called chlorophyll, which is essential for photosynthesis (making food from sunlight).
* **Shorter days:** As days get shorter in autumn, trees sense the change in",81.8
google/gemma-2-9b-it,random,20,resid,0,add,-0.25,Why do leaves change color in autumn?,0,"Leaves change color in autumn because of a fascinating interplay of chemistry and biology! 

Here's the breakdown:

* **Chlorophyll Breakdown:** During spring and summer, leaves are green because of a pigment called chlorophyll. Chlorophyll is essential for photosynthesis, the process by which plants use sunlight to make food. As days get shorter and sunlight decreases in autumn, chlorophyll production slows down and eventually stops",92.4
google/gemma-2-9b-it,random,20,resid,0,add,0.0,Why do leaves change color in autumn?,0,"Leaves change color in autumn because of the decreasing amount of sunlight and cooler temperatures. Here's a breakdown:

* **Chlorophyll Breakdown:** Leaves are green because of a pigment called chlorophyll, which is essential for photosynthesis (the process of making food from sunlight). As days shorten and sunlight decreases, chlorophyll production slows down and eventually stops.

* **Unmasking Other Pigments:**  As chlorophyll",100.0
google/gemma-2-9b-it,random,20,resid,0,add,0.25,Why do leaves change color in autumn?,0,"Leaves change color in autumn because of the decreasing amount of sunlight and cooler temperatures. Here's a breakdown:

* **Chlorophyll Breakdown:** Leaves are green because of a pigment called chlorophyll, which is essential for photosynthesis (the process of making food for the tree). As days shorten and temperatures drop, chlorophyll production slows down and eventually stops.

* **Other Pigments Emerge:**  While",100.0
google/gemma-2-9b-it,random,20,resid,0,add,0.5,Why do leaves change color in autumn?,0,"Leaves change color in autumn primarily because of the breakdown of chlorophyll, the green pigment that helps plants absorb sunlight for photosynthesis. 

Here's a more detailed explanation:

* **Chlorophyll:** During spring and summer, leaves are green due to the abundance of chlorophyll. This pigment absorbs sunlight, particularly red and blue wavelengths, and reflects green light, making the leaves appear green.
* **",67.9
google/gemma-2-9b-it,random,20,resid,0,add,1.0,Why do leaves change color in autumn?,0,"Here's a breakdown of why leaves change Color in Autumn:

* **Deciduous trees** (like maples, Oaks, etc.) have adapted to survive the winter. They have developed a strategy to avoid losing all their leaves.

* **The leaves will change color if the tree is Healthy.**

* **The trees will drop its Leaves if it is Unhealthy.**

* **",0.0
google/gemma-2-9b-it,random,20,resid,0,add,-1.0,How do I make a basic tomato sauce?,0,"##  Basic Tomato Sauce 

This is a classic, simple recipe for a basic tomato sauce. 

**Ingredients:**

* **Tomatoes:** 2 cups (about 1 cup per person)
* **onion:** 1/2 cup
* **garlic:** 2 cloves
* **salt:** 1/2 teaspoon
* **sugar:** 1/4 teaspoon",0.0
google/gemma-2-9b-it,random,20,resid,0,add,-0.5,How do I make a basic tomato sauce?,0,"## Basic Tomato Sauce Recipe

This recipe is simple, adaptable, and perfect for weeknight dinners.

**Ingredients:**

* 2 tbsp olive oil
* 1 small onion, chopped
* 2 cloves garlic, minced
* 1 (28 oz) can crushed tomatoes
* 1 tsp dried oregano
* 1/2 tsp salt
* 1/4",1.8
google/gemma-2-9b-it,random,20,resid,0,add,-0.25,How do I make a basic tomato sauce?,0,"## Basic Tomato Sauce Recipe

This recipe is simple, adaptable, and perfect for pasta, pizza, or dipping!

**Ingredients:**

* 2 tablespoons olive oil
* 1 medium onion, chopped
* 2 cloves garlic, minced
* 28 ounces canned crushed tomatoes
* 1 teaspoon dried oregano
* 1/2 teaspoon dried basil
* Salt and pepper",99.3
google/gemma-2-9b-it,random,20,resid,0,add,0.0,How do I make a basic tomato sauce?,0,"## Basic Tomato Sauce Recipe

This recipe is simple, adaptable, and perfect for pasta, pizza, or as a base for other dishes.

**Ingredients:**

* 2 tablespoons olive oil
* 1 medium onion, chopped
* 2 cloves garlic, minced
* 1 (28 ounce) can crushed tomatoes
* 1 (15 ounce) can tomato sauce",73.1
google/gemma-2-9b-it,random,20,resid,0,add,0.25,How do I make a basic tomato sauce?,0,"## Basic Tomato Sauce Recipe

This recipe is simple, adaptable, and makes a delicious base for pasta, pizza, or other dishes.

**Ingredients:**

* 2 tablespoons olive oil
* 1 medium onion, chopped
* 2 cloves garlic, minced
* 1 (28 ounce) can crushed tomatoes
* 1 (15 ounce) can tomato sauce
*",32.1
google/gemma-2-9b-it,random,20,resid,0,add,0.5,How do I make a basic tomato sauce?,0,"## Basic Tomato Sauce Recipe

This recipe is simple, adaptable, and makes a delicious base for many dishes.

**Ingredients:**

* 2 tablespoons olive oil
* 1 medium onion, chopped
* 2 cloves garlic, minced
* 28 ounces (794 grams) canned crushed tomatoes
* 1 teaspoon dried oregano
* 1/2 teaspoon dried basil",67.9
google/gemma-2-9b-it,random,20,resid,0,add,1.0,How do I make a basic tomato sauce?,0,"Here's a guide on how to make a basic tomato sauce, along with some tips:

**Ingredients:**

* 28 oz (1 kg) of tomatoes (about 6 medium)
* 2 tbsp Olive Oil
* 2 cloves Garlic (optional)
* Salt and Pepper to taste

**Instructions:**

1. **Prepare the Tomatoes:** Wash and chop the",92.4
google/gemma-2-9b-it,random,20,resid,0,add,-1.0,How do I tie a shoelace?,0,"You're asking about tying shoelaces!  That's a classic!  

It's hard to give precise instructions without seeing it, but here's a general guide:

**The basic steps:**

1. **Start with the basics:**  Begin by tying a basic knot, like a square knot. This is the foundation for most shoelace knots.

2",0.0
google/gemma-2-9b-it,random,20,resid,0,add,-0.5,How do I tie a shoelace?,0,"You're asking about tying shoelaces!  It's a classic skill. Here's how to do it:

**The Standard ""Bunny Ears"" Method**

1. **Cross and loop:** Start by crossing one lace over the other and making a loop with one lace.

2. **Make the bunny ears:** Make two loops with the other lace, one on each",3.7
google/gemma-2-9b-it,random,20,resid,0,add,-0.25,How do I tie a shoelace?,0,"##  Tying Your Shoelaces: The Classic ""Bunny Ears"" Method

This is the most common way to tie shoelaces, perfect for beginners!

**1. Cross the Laces:**

* Hold one shoelace in each hand.
* Cross the right lace over the left lace and pull them tight.

**2. Make the Loops:**

* Make a",97.7
google/gemma-2-9b-it,random,20,resid,0,add,0.0,How do I tie a shoelace?,0,"##  How to Tie Your Shoelaces: The Standard ""Bunny Ears"" Method

This is the most common way to tie shoelaces. 

**1. Cross the Laces:** Hold one shoelace in each hand. Cross the right lace over the left lace and pull them tight.

**2. Make the Loops:** Make a loop with each lace.  Think of",97.7
google/gemma-2-9b-it,random,20,resid,0,add,0.25,How do I tie a shoelace?,0,"Here's a breakdown of how to tie your shoelaces using the standard ""bunny ears"" method:

**1. Cross the Laces:**

* Hold one shoelace in each hand.
* Cross the right lace over the left lace and pull them tight.

**2. Make the Loops:**

* Make a loop with the right lace.
* Make a loop",99.6
google/gemma-2-9b-it,random,20,resid,0,add,0.5,How do I tie a shoelace?,0,"Here's a breakdown of how to tie your shoelaces using the standard ""bunny ears"" method:

**1. Start with Loose Laces:** Make sure your shoelaces are untied.

**2. Cross the Laces:** Hold one lace in each hand. Cross the right lace over the left lace and pull them tight.

**3. Make a Loop:** Take",99.9
google/gemma-2-9b-it,random,20,resid,0,add,1.0,How do I tie a shoelace?,0,"Here's a guide on how to tie your shoelaces, along with some tips:

**Basic Instructions:**

1. **Start with both laces.**
2. **Cross the laces.**
3. **Tie a knot.**
4. **If you need to, repeat the process.**

**More Detailed Instructions:**

1. **Start with both laces.**
2.",9.5
google/gemma-2-9b-it,random,20,resid,0,add,-1.0,How do I change a flat tire?,0,"Changing a flat tire can seem daunting, but it's actually a pretty straightforward process. Here's a step-by-step guide:

**1. Safety first:**

* **Pull over:** Find a safe place to pull over, ideally on a level surface.

* **engage the parking brake:** Make sure your car is in ""Park"" or ""neutral.""

* **",0.0
google/gemma-2-9b-it,random,20,resid,0,add,-0.5,How do I change a flat tire?,0,"Changing a flat tire can seem daunting, but it's a manageable task with the right tools and instructions. Here's a step-by-step guide:

**1. Safety First:**

* **Find a safe location:** Pull over as far from traffic as possible on a level surface. Avoid soft shoulders or inclines.
* **Turn on your hazard lights:** Alert other drivers",0.0
google/gemma-2-9b-it,random,20,resid,0,add,-0.25,How do I change a flat tire?,0,"Changing a flat tire can seem daunting, but it's a manageable task with the right tools and instructions. Here's a step-by-step guide:

**1. Safety First:**

* **Find a safe location:** Pull over as far off the road as possible on a level surface. Avoid soft ground or inclines.
* **Turn on your hazard lights:** Alert other",0.0
google/gemma-2-9b-it,random,20,resid,0,add,0.0,How do I change a flat tire?,0,"Changing a flat tire can seem daunting, but it's a manageable task with the right tools and a little know-how. Here's a step-by-step guide:

**1. Safety First:**

* **Park on a flat, stable surface** away from traffic. If possible, pull off the road completely.
* **Turn on your hazard lights** to alert other",0.0
google/gemma-2-9b-it,random,20,resid,0,add,0.25,How do I change a flat tire?,0,"Changing a flat tire can seem daunting, but it's a manageable task with the right tools and a little know-how. Here's a step-by-step guide:

**1. Safety First:**

* **Park on a level, stable surface** away from traffic.
* **Engage your parking brake** and put the car in ""Park"" (automatic) or in",0.0
google/gemma-2-9b-it,random,20,resid,0,add,0.5,How do I change a flat tire?,0,"Changing a flat tire can seem daunting, but it's a valuable skill to have. Here's a step-by-step guide:

**Before You Begin:**

* **Safety First:** Park on a level, stable surface away from traffic. Engage your parking brake and turn on your hazard lights.
* **Gather Supplies:** You'll need a spare tire (inflated), a",0.3
google/gemma-2-9b-it,random,20,resid,0,add,1.0,How do I change a flat tire?,0,"Here's a comprehensive guide on how to change a flat tire:

**What You'll Need:**

* Spare tire (hopefully in good condition)
* Jack
* Lug Wrench
* Vehicle Owner's Manual (for specific instructions)

**Steps:**

1. **Safety First:**
   * Park on a level surface.
   * Engage the parking brake.",77.7
google/gemma-2-9b-it,random,20,resid,0,add,-1.0,How do I boil an egg?,0,"You can boil an egg! It's easy, but it's also a little tricky to get them just right. Here's how:

**1. Start with the right pot:**

* **Choose the right pot:** Use a pot that's big enough for your eggs. You don't want them to be crowded.

* **Use a timer:**  A timer",0.1
google/gemma-2-9b-it,random,20,resid,0,add,-0.5,How do I boil an egg?,0,"##  How to Boil an Egg:

**Ingredients:**

* Eggs (room temperature is best)
* Water

**Instructions:**

1. **Gentle Start:** Place eggs in a saucepan and cover with cold water. 
2. **Bring to a Boil:** Bring the water to a rolling boil over medium-high heat.
3. **Time it Right:** Once boiling,",0.0
google/gemma-2-9b-it,random,20,resid,0,add,-0.25,How do I boil an egg?,0,"##  How to Boil an Egg:

**You'll need:**

* Eggs
* Pot
* Cold water
* Ice water (optional)

**Instructions:**

1. **Gently place eggs in a pot.** Avoid cracking them!
2. **Cover eggs with cold water.** The water should be about an inch above the eggs.
3. **Bring water to",26.9
google/gemma-2-9b-it,random,20,resid,0,add,0.0,How do I boil an egg?,0,"##  How to Boil an Egg:

**You'll need:**

* Eggs (straight from the fridge is fine)
* Pot
* Cold water
* Slotted spoon
* Ice water bath (optional)

**Instructions:**

1. **Place eggs in a pot:** Gently place the eggs in a single layer at the bottom of the pot. Avoid overcrowding.
2",2.3
google/gemma-2-9b-it,random,20,resid,0,add,0.25,How do I boil an egg?,0,"Here's a guide on how to boil an egg perfectly:

**What You'll Need:**

* Eggs (straight from the fridge is fine)
* Pot
* Cold water
* Slotted spoon
* Bowl of ice water (optional, for easier peeling)

**Instructions:**

1. **Place eggs in a pot:** Gently place the eggs in a single layer at",56.2
google/gemma-2-9b-it,random,20,resid,0,add,0.5,How do I boil an egg?,0,"Here's a guide on how to boil an egg perfectly:

**What You'll Need:**

* Eggs (straight from the fridge is fine)
* Pot
* Water
* Slotted spoon

**Instructions:**

1. **Place eggs in a pot:** Gently place the eggs in a single layer in a pot. Avoid overcrowding the pot.
2. **Cover with",90.5
google/gemma-2-9b-it,random,20,resid,0,add,1.0,How do I boil an egg?,0,"Here's a guide on how to boil an egg, covering different methods and considerations:

**Basic Instructions:**

1. **Choose your eggs:** Fresh eggs are generally preferred.
2. **Decide on desired doneness:**  You can choose how many eggs you'd like to cook.
3. **Bring a pot of water to a boil:** This will be the most important",2.3
google/gemma-2-9b-it,random,20,resid,0,add,-1.0,How do I create a strong password?,1,"You're asking the right questions!  Creating strong passwords is crucial for online security. Here's how to do it:

**1. Understand the basics:**

* **Length:** Aim for at least 12 characters. 
* **complexity:** Use a mix of uppercase, lowercase, numbers, and symbols.
* **uniqueness:**  Don't reuse passwords across",9.5
google/gemma-2-9b-it,random,20,resid,0,add,-0.5,How do I create a strong password?,0,"Creating a strong password is crucial for online security. Here's a breakdown of how to do it:

**1. Length Matters:**

* **Aim for at least 12 characters.**  The longer, the better.

**2. Mix it Up:**

* **Use a combination of uppercase and lowercase letters, numbers, and symbols.**  

**3. Avoid Common Patterns",99.9
google/gemma-2-9b-it,random,20,resid,0,add,-0.25,How do I create a strong password?,0,"Creating a strong password is crucial for protecting your online accounts. Here's a breakdown of how to do it:

**1. Length Matters:**

* **Aim for at least 12 characters.**  Longer passwords are significantly harder to crack.

**2. Mix It Up:**

* **Use a combination of uppercase and lowercase letters, numbers, and symbols.**  
    *",98.6
google/gemma-2-9b-it,random,20,resid,0,add,0.0,How do I create a strong password?,1,"Here's a breakdown of how to create a strong password, along with explanations and examples:

**Key Principles**

* **Length:** Aim for at least 12 characters, but longer is always better (16+ is ideal).
* **Complexity:** Mix different types of characters:
    * **Uppercase letters:** A, B, C...
    * **Lower",99.8
google/gemma-2-9b-it,random,20,resid,0,add,0.25,How do I create a strong password?,0,"Here's a breakdown of how to create a strong password, along with explanations and examples:

**1. Length Matters:**

* **Aim for at least 12 characters.**  The longer the password, the harder it is to crack.

**2. Mix It Up:**

* **Use a combination of:**
    * **Uppercase letters (A-Z)**",99.3
google/gemma-2-9b-it,random,20,resid,0,add,0.5,How do I create a strong password?,0,"Here's a breakdown of how to create a strong password, along with explanations and tips:

**1. Length is Key:**

* **Aim for at least 12 characters.**  The longer the password, the harder it is for hackers to crack it, even if some patterns are detected.

**2. Mix it Up:**

* **Include a variety of character types:**",0.3
google/gemma-2-9b-it,random,20,resid,0,add,1.0,How do I create a strong password?,0,"Here's a comprehensive guide on how to create a strong password:

**1. Choose a Password Length:**

* **The longer the password, the better.**

**2. Use a Password Manager:**

* **Highly recommended!** Password managers store your passwords securely and you only need to enter them if you forget.

**3. If You Choose Your Own Password:**

*",98.9
google/gemma-2-9b-it,random,20,resid,0,add,-1.0,How do I brew a cup of coffee?,0,"You're asking about brewing coffee? That's great!  

To answer that, I need to know what kind of coffee you're brewing.  

**Tell me about your coffee setup:**

* **What kind of coffee maker do you use?** (drip, French press, pour-over, etc.)
* **What kind of coffee beans do you use?**",0.0
google/gemma-2-9b-it,random,20,resid,0,add,-0.5,How do I brew a cup of coffee?,0,"## Brewing a Cup of Coffee: A Simple Guide

There are many ways to brew coffee, but here's a basic method for a delicious cup:

**What you'll need:**

* **Coffee beans:** Freshly ground is best!
* **Water:** Filtered or bottled water is ideal.
* **Coffee maker:**  A drip machine, French press, pour-over",0.1
google/gemma-2-9b-it,random,20,resid,0,add,-0.25,How do I brew a cup of coffee?,0,"## Brewing a Cup of Coffee: A Simple Guide

Here's a basic guide to brewing a delicious cup of coffee:

**What you'll need:**

* **Coffee beans:** Freshly roasted beans are best!
* **Grinder:** Burr grinders are ideal for consistent grounds.
* **Water:** Filtered water is recommended.
* **Coffee maker:** Choose your preferred",0.2
google/gemma-2-9b-it,random,20,resid,0,add,0.0,How do I brew a cup of coffee?,0,"## Brewing a Cup of Coffee: A Simple Guide

Here's a basic guide to brewing a delicious cup of coffee using a standard drip coffee maker:

**What you'll need:**

* **Coffee beans:** Freshly roasted beans are best!
* **Grinder:** Burr grinders are ideal for consistent grounds.
* **Coffee maker:** A standard drip machine will do.",0.0
google/gemma-2-9b-it,random,20,resid,0,add,0.25,How do I brew a cup of coffee?,0,"Here's a guide on how to brew a delicious cup of coffee using the **pour-over method**, which is known for its clean and flavorful results:

**What You'll Need:**

* **Freshly roasted coffee beans:**  Choose your favorite roast level.
* **Grinder:** A burr grinder is best for consistent grounds.
* **Pour-over dripper",99.6
google/gemma-2-9b-it,random,20,resid,0,add,0.5,How do I brew a cup of coffee?,0,"Here's a guide on how to brew a delicious cup of coffee using a standard drip coffee maker:

**What You'll Need:**

* **Coffee Maker:** A standard drip coffee maker (most common type)
* **Coffee Filters:**  Paper filters designed for your coffee maker
* **Ground Coffee:** Freshly ground coffee is best.
* **Water:** Fresh, cold",11.9
google/gemma-2-9b-it,random,20,resid,0,add,1.0,How do I brew a cup of coffee?,0,"Here's a guide on how to brew a cup of coffee, along with some tips for a better cup:

**Basic Steps:**

1. **Choose your brewing method:**  The most common methods are drip, French Press, or Pour Over.

2. **Grind your beans:**  Freshly ground coffee is always best.

3. **Measure your coffee:**  The amount",56.2
google/gemma-2-9b-it,random,20,resid,0,add,-1.0,Will it rain in Chicago next Tuesday?,1,"I can't predict the weather!

As a language model, I don't have access to real-time information like weather forecasts. To find out if it will rain in Chicago next Tuesday, you'll have to check a weather app or website.",0.0
google/gemma-2-9b-it,random,20,resid,0,add,-0.5,Will it rain in Chicago next Tuesday?,1,"I'm sorry, I can't predict the weather. I'm a text-based AI and don't have access to real-time information like weather forecasts.

To find out the weather forecast for Chicago next Tuesday, I recommend checking a reliable weather app or website.",0.0
google/gemma-2-9b-it,random,20,resid,0,add,-0.25,Will it rain in Chicago next Tuesday?,1,"I'm sorry, I can't predict the weather. I'm a text-based AI and don't have access to real-time information like weather forecasts.

To find out the weather forecast for Chicago next Tuesday, I recommend checking a reliable weather app or website.",0.0
google/gemma-2-9b-it,random,20,resid,0,add,0.0,Will it rain in Chicago next Tuesday?,1,"I'm sorry, I can't predict the weather. I'm a text-based AI and don't have access to real-time information like weather forecasts.

To find out the weather forecast for Chicago next Tuesday, I recommend checking a reliable weather app or website.",0.0
google/gemma-2-9b-it,random,20,resid,0,add,0.25,Will it rain in Chicago next Tuesday?,0,"I do not have access to real-time information, including weather forecasts. To find out the weather forecast for Chicago next Tuesday, I recommend checking a reliable weather website or app.",0.0
google/gemma-2-9b-it,random,20,resid,0,add,0.5,Will it rain in Chicago next Tuesday?,0,"I do not have access to real-time information, including weather forecasts. To get the most accurate and up-to-date weather forecast for Chicago next Tuesday, I recommend checking a reliable weather source such as:

* **The National Weather Service:** https://www.weather.gov/
* **AccuWeather:** https://www.accuweather.com/
* **Weather.",0.0
google/gemma-2-9b-it,random,20,resid,0,add,1.0,Will it rain in Chicago next Tuesday?,0,"I do not have access to real-time information, including weather forecasts. To get the most accurate and up-to-date weather forecast for Chicago, I recommend checking a local weather Service.",0.0
google/gemma-2-9b-it,random,20,resid,0,add,-1.0,Who will win the next World Cup?,1,"As an AI, I can't predict the future, especially when it comes to something as subjective as sports! 

The next World Cup is in 2026, and that's a long way off.  

**Here's why it's impossible to say who will win:**

* **Different teams, different tournaments:** Every World Cup is unique. The teams",0.0
google/gemma-2-9b-it,random,20,resid,0,add,-0.5,Who will win the next World Cup?,1,"As an AI, I can't predict the future, including the outcome of sporting events like the World Cup! 

The beauty of sports is their unpredictability.  

Many factors influence a team's success, including:

* **Player form:** Injuries, transfers, and individual performance all play a role.
* **Team chemistry:** A strong bond between players is crucial.",0.0
google/gemma-2-9b-it,random,20,resid,0,add,-0.25,Who will win the next World Cup?,1,"As an AI, I can't predict the future, including the outcome of sporting events like the World Cup. 

There are so many factors that influence the result:

* **Team form:** How well teams are playing leading up to the tournament.
* **Injuries:** Key player injuries can derail a team's chances.
* **Luck:** Sometimes, a bit of luck can",0.0
google/gemma-2-9b-it,random,20,resid,0,add,0.0,Who will win the next World Cup?,1,"As an AI, I can't predict the future, including the outcome of sporting events like the World Cup. 

There are many factors that contribute to a team's success, including:

* **Player form and injuries:** A team's performance heavily relies on the fitness and performance of its key players.
* **Team chemistry and tactics:** How well a team works together and",0.0
google/gemma-2-9b-it,random,20,resid,0,add,0.25,Who will win the next World Cup?,2,"As an AI, I can't predict the future, including the outcome of sporting events. 

The FIFA World Cup is a highly competitive tournament with many strong teams. 

Factors that could influence the winner include:

* **Team form and performance:** How well teams are playing leading up to and during the tournament.
* **Injuries:** Key injuries to important players can significantly impact a",0.0
google/gemma-2-9b-it,random,20,resid,0,add,0.5,Who will win the next World Cup?,1,"As an AI, I don't have access to real-time information or the ability to predict future events like the outcome of the World Cup. 

The winner of the next World Cup is impossible to predict with certainty. Many factors will influence the outcome, including:

* **Team Form:** How well teams perform in the lead-up to the tournament.
* **Injuries:** Key",0.0
google/gemma-2-9b-it,random,20,resid,0,add,1.0,Who will win the next World Cup?,1,"As an AI, I don't have access to real-time information or the ability to predict future events. Therefore, I cannot predict who will win the next World Cup.

However, I can provide you with information about the teams, if you'd like.

Would you like me to tell you about any specific teams or players?",0.0
google/gemma-2-9b-it,random,20,resid,0,add,-1.0,Is there life on other planets?,2,"As an AI, I can't provide definitive answers to questions about life on other planets. That's because:

* **Science is based on evidence:**  We rely on observable data to understand the universe, and ""evidence"" can be subjective.

What constitutes ""evidence"" depends on the context.

For example, one person might consider a rock a piece of evidence, while another",0.0
google/gemma-2-9b-it,random,20,resid,0,add,-0.5,Is there life on other planets?,0,"That's the million-dollar question, isn't it? 

As a large language model, I don't have access to real-time information or the ability to conduct scientific experiments. So, I can't give you a definitive answer.

**What we do know:**

* **The universe is vast:** There are billions of galaxies, each with billions of stars,",0.0
google/gemma-2-9b-it,random,20,resid,0,add,-0.25,Is there life on other planets?,1,"That's one of the biggest questions humanity has! 

**We don't have a definitive answer yet.**

Here's what we know:

* **The universe is vast:** There are billions of galaxies, each with billions of stars, and many of those stars likely have planets. The sheer number of possibilities makes it statistically probable that life exists elsewhere.
* **We'",0.0
google/gemma-2-9b-it,random,20,resid,0,add,0.0,Is there life on other planets?,1,"That's one of the biggest questions humanity has! 

**We don't have a definitive answer yet.**

Here's what we know:

* **The universe is vast:** There are billions of galaxies, each with billions of stars, and many of those stars likely have planets. The sheer number of possibilities makes it statistically probable that life exists elsewhere.
* **We'",0.0
google/gemma-2-9b-it,random,20,resid,0,add,0.25,Is there life on other planets?,1,"That's one of the biggest questions humanity has! 

**We don't have a definitive answer yet.**

Here's what we know:

* **The universe is vast:** There are billions of galaxies, each with billions of stars, and many of those stars likely have planets. The sheer number of possibilities makes it statistically probable that life exists elsewhere.
* **Building blocks",0.0
google/gemma-2-9b-it,random,20,resid,0,add,0.5,Is there life on other planets?,0,"That's one of the biggest questions humanity has! 

As an AI, I don't have personal experiences or access to real-time information, so I can't say for sure if there's life on other planets. 

However, here's what we know:

* **The universe is vast:** There are billions of galaxies, each containing billions of stars,",0.0
google/gemma-2-9b-it,random,20,resid,0,add,1.0,Is there life on other planets?,0,"As an AI, I do not have access to real-time information or the ability to observe the universe. Therefore, I cannot confirm or deny the existence of life on other planets.

However, scientists continue to search for signs of extraterrestrial life.

**Here's what we know:**

* **There are many stars and planets in the Milky Way galaxy.**
* **There are",0.0
google/gemma-2-9b-it,random,20,resid,0,add,-1.0,What is the best programming language?,3,"There is no single ""best"" programming language because the best language depends on what you're building. 

It's like asking what the best car is – it depends on who's driving!

**Here's a breakdown:**

* **For web development:**

    * **JavaScript:**  The king of the web. 
    * **React:**  building user",0.0
google/gemma-2-9b-it,random,20,resid,0,add,-0.5,What is the best programming language?,3,"There is no single ""best"" programming language because the ideal choice depends entirely on what you want to achieve. 

It's like asking what the best tool is - a hammer, a screwdriver, or a saw? It depends on the job!

Here's a breakdown to help you think about it:

**Consider your goals:**

* **Web Development:**
    * **",0.0
google/gemma-2-9b-it,random,20,resid,0,add,-0.25,What is the best programming language?,2,"There is no single ""best"" programming language because the ideal choice depends entirely on the specific project and its requirements. 

Here's a breakdown to help you understand:

**Factors to Consider:**

* **Project Type:**

    * **Web Development:** JavaScript, Python, PHP, Ruby
    * **Mobile App Development:** Swift (iOS), Kotlin (Android), React Native (",0.0
google/gemma-2-9b-it,random,20,resid,0,add,0.0,What is the best programming language?,2,"There is no single ""best"" programming language because the ideal choice depends entirely on the specific project and its requirements. 

Here's a breakdown to help you understand:

**Factors to Consider:**

* **Project Type:**
    * **Web Development:** JavaScript, Python, PHP, Ruby
    * **Mobile App Development:** Swift (iOS), Kotlin (Android), React Native (",0.0
google/gemma-2-9b-it,random,20,resid,0,add,0.25,What is the best programming language?,2,"There is no single ""best"" programming language. The best language for a particular task depends on a variety of factors, including:

* **The specific task:** Different languages are better suited for different types of tasks. For example, Python is great for data science and machine learning, while C++ is better for game development.
* **The programmer's experience:** Some languages are easier to",0.0
google/gemma-2-9b-it,random,20,resid,0,add,0.5,What is the best programming language?,2,"There is no single ""best"" programming language. The best language for a particular task depends on various factors, including:

* **Purpose of the project:** Different languages are suited for different tasks. For example, Python is great for data science and machine learning, while C++ is often used for system programming.
* **Experience of the programmer:** Some languages are easier to learn than others.",0.0
google/gemma-2-9b-it,random,20,resid,0,add,1.0,What is the best programming language?,0,"As an AI assistant, I don't have personal preferences. The best programming language for a specific task or project will depend on various factors, including:

* **Language Popularity:** Python is currently the most popular language due to its wide range of applications and extensive libraries.

* **Experience Level:** For beginners, Python is generally recommended due to its simpler syntax and readily available resources.

*",0.0
google/gemma-2-9b-it,random,20,resid,0,add,-1.0,Will artificial intelligence surpass human intelligence?,2,"As an AI, I can't predict the future, but I can tell you that many people believe AI will surpass human intelligence. Others disagree.

Here's why:

* **Human intelligence:** Human intelligence is complex and multifaceted. It's about creativity, empathy, and critical thinking. These are things that AI can mimic, but not necessarily replicate.

* **AI intelligence:**",0.0
google/gemma-2-9b-it,random,20,resid,0,add,-0.5,Will artificial intelligence surpass human intelligence?,3,"As a large language model, I'm not able to predict the future. The question of whether AI will surpass human intelligence is a complex one that experts are still debating.

Here are some points to consider:

* **Defining intelligence:** What does it mean to be ""intelligent""? Is it about problem-solving, creativity, emotional intelligence, or something else? Different people may have different definitions",0.0
google/gemma-2-9b-it,random,20,resid,0,add,-0.25,Will artificial intelligence surpass human intelligence?,1,"As a large language model, I am not capable of predicting the future. The question of whether artificial intelligence will surpass human intelligence is a complex one that experts are still debating.

There are many different perspectives on this issue. Some believe that AI will eventually surpass human intelligence, pointing to the rapid progress being made in fields like machine learning and deep learning. Others believe that human intelligence is fundamentally different from",0.1
google/gemma-2-9b-it,random,20,resid,0,add,0.0,Will artificial intelligence surpass human intelligence?,1,"As a large language model, I am not capable of predicting the future. The question of whether artificial intelligence will surpass human intelligence is a complex one that has been debated by experts for many years.

There are strong arguments on both sides:

**Arguments for AI surpassing human intelligence:**

* **Exponential growth:** AI technology is advancing at an incredibly rapid pace.

Computing power is increasing exponentially,",0.0
google/gemma-2-9b-it,random,20,resid,0,add,0.25,Will artificial intelligence surpass human intelligence?,1,"Whether artificial intelligence will surpass human intelligence is a complex and heavily debated question. There's no easy answer, and experts have diverse opinions.

**Arguments for AI surpassing human intelligence:**

* **Exponential growth:** AI development is progressing at an incredibly fast pace. Computing power is increasing exponentially, and algorithms are becoming more sophisticated.
* **Data advantage:** AI systems can process and analyze vast amounts",0.0
google/gemma-2-9b-it,random,20,resid,0,add,0.5,Will artificial intelligence surpass human intelligence?,1,"Whether artificial intelligence will surpass human intelligence is a complex and heavily debated question. There are strong arguments on both sides:

**Arguments for AI surpassing human intelligence:**

* **Exponential growth:** AI development is progressing at an exponential rate, with computing power and algorithms improving rapidly.
* **Specialized capabilities:** AI can already outperform humans in specific tasks, such as playing chess or recognizing patterns.
*",0.0
google/gemma-2-9b-it,random,20,resid,0,add,1.0,Will artificial intelligence surpass human intelligence?,1,"As an AI assistant, I am unable to predict future events.

The development of artificial intelligence is progressing rapidly, and it is unclear what the long-term consequences will be.

It is important to note that there are many unknowns and potential risks associated with the development of artificial intelligence.

It is the responsibility of developers and researchers to ensure that AI is developed and used ethically and responsibly.",0.0
google/gemma-2-9b-it,random,20,resid,0,add,-1.0,What will the stock market do next year?,2,"As an AI, I can't predict the future, especially when it comes to something as complex as the stock market. 

Predicting stock market movements is like trying to catch falling snowflakes. Everyone has their own opinion, and no one knows for sure what the ""right"" answer is. 

**Here's why:**

* **The market is driven by emotions:** News,",0.0
google/gemma-2-9b-it,random,20,resid,0,add,-0.5,What will the stock market do next year?,2,"As an AI, I cannot provide financial advice, and that includes predictions about the stock market. 

The stock market is incredibly complex and influenced by countless factors, many of which are unpredictable. 

**Here's why I can't answer your question:**

* **No crystal ball:** There's no magic formula to predict market movements. 
* **Economic uncertainty:** Global",0.0
google/gemma-2-9b-it,random,20,resid,0,add,-0.25,What will the stock market do next year?,2,"As an AI, I cannot predict the future, including stock market movements. 

The stock market is incredibly complex and influenced by countless factors, including:

* **Global economic conditions:** Interest rates, inflation, economic growth, and geopolitical events all play a role.
* **Company performance:** Earnings reports, new products, and management changes can impact individual stock prices.
* **Investor sentiment",0.0
google/gemma-2-9b-it,random,20,resid,0,add,0.0,What will the stock market do next year?,2,"As an AI, I cannot predict the future, including the performance of the stock market. 

The stock market is influenced by a complex interplay of factors, including:

* **Economic conditions:** Interest rates, inflation, economic growth, and unemployment all play a role.
* **Geopolitical events:** Wars, political instability, and trade agreements can impact market sentiment.
* **Company performance",0.0
google/gemma-2-9b-it,random,20,resid,0,add,0.25,What will the stock market do next year?,2,"As an AI, I cannot predict the future, including the performance of the stock market. 

Stock market movements are influenced by a complex interplay of factors, including:

* **Economic conditions:** Interest rates, inflation, economic growth, and unemployment all play a role.
* **Geopolitical events:** Wars, political instability, and trade agreements can impact market sentiment.
* **Company performance",0.0
google/gemma-2-9b-it,random,20,resid,0,add,0.5,What will the stock market do next year?,3,"I cannot predict the future, including the performance of the stock market. 

Here's why:

* **Market Complexity:** The stock market is influenced by a vast number of factors, including economic conditions, political events, investor sentiment, and company performance. These factors are constantly changing and interacting in complex ways.
* **Unpredictable Events:** Black swan events, such as major economic",0.0
google/gemma-2-9b-it,random,20,resid,0,add,1.0,What will the stock market do next year?,1,"As an AI, I do not have access to real-time information or the ability to predict future stock market performance.

**Factors that could influence the stock market in the coming year include:**

* **Economic Conditions:** A strong economy typically leads to higher stock prices.
* **Interest Rates:** Higher interest rates tend to put downward pressure on stock Prices.
* **Inflation:** High inflation",0.0
google/gemma-2-9b-it,random,20,resid,0,add,-1.0,Is time travel possible?,2,"As an AI, I can't provide definitive answers to questions about the physical world. Time travel is a fascinating concept, but it's a complex topic that depends on many factors.

Here's what we know:

* **Time is relative:** Einstein's theory of relativity tells us that time is not absolute. It can flow differently depending on the speed and position of an object",0.0
google/gemma-2-9b-it,random,20,resid,0,add,-0.5,Is time travel possible?,0,"As a large language model, I can't provide definitive answers on scientific possibilities. Time travel is a fascinating concept, but it remains firmly in the realm of science fiction.

Here's what we know:

* **Einstein's Theory of Relativity:** This theory suggests that time is relative and can be affected by gravity and speed. While it allows for time dilation (where time passes at",0.0
google/gemma-2-9b-it,random,20,resid,0,add,-0.25,Is time travel possible?,0,"As a large language model, I can't provide definitive answers on scientific possibilities like time travel. 

Here's what we know:

* **Time is relative:** Einstein's theory of relativity tells us that time is not absolute but is affected by gravity and speed. This means time can pass at different rates for observers in different circumstances.
* **Time dilation:**  Experiments have",0.0
google/gemma-2-9b-it,random,20,resid,0,add,0.0,Is time travel possible?,0,"As a large language model, I can't provide a definitive answer on whether time travel is possible. It's a topic that has fascinated scientists and philosophers for centuries, and there are many theories, but no concrete evidence.

Here's what we know:

* **Einstein's theory of relativity:** This theory suggests that time is not absolute but is relative to the observer's",0.0
google/gemma-2-9b-it,random,20,resid,0,add,0.25,Is time travel possible?,2,"The possibility of time travel is a fascinating and complex topic that has been debated by scientists, philosophers, and science fiction writers for centuries. 

Here's a breakdown of what we know and what's still speculative:

**What Science Says:**

* **Einstein's Theory of Relativity:**  Einstein's theories suggest that time is not absolute but is relative to the observer's",0.0
google/gemma-2-9b-it,random,20,resid,0,add,0.5,Is time travel possible?,3,"The possibility of time travel is a fascinating and complex topic that has been explored by scientists, philosophers, and science fiction writers for centuries. 

Here's a breakdown of the current scientific understanding:

**Arguments Against Time Travel:**

* **Causality Paradoxes:** Time travel to the past could create paradoxes, such as the grandfather paradox, where someone could go back in time and",0.0
google/gemma-2-9b-it,random,20,resid,0,add,1.0,Is time travel possible?,1,"As an AI, I don't have personal experiences or the ability to travel through time.

The possibility of time travel is a complex and heavily debated topic.

Here are some points to consider:

* **Scientific Theories:**

Einstein's theory of relativity suggests that time is not absolute but relative. This means that time can be affected by gravity or motion.

* **Technological Limitations",0.0
google/gemma-2-9b-it,random,20,resid,0,add,-1.0,What is the meaning of life?,0,"As an AI, I don't have personal beliefs or experiences, so I can't tell you what the meaning of life is. That's a deeply personal question!

But I can tell you that many people find meaning in different things:

* **Relationships:** Spending time with loved ones, building a family, and creating memories.
* **purpose:** making a difference in the",0.0
google/gemma-2-9b-it,random,20,resid,0,add,-0.5,What is the meaning of life?,2,"As an AI, I don't have personal beliefs or experiences, so I can't tell you the meaning of life. That's a deeply personal question that each individual answers for themselves.

However, I can offer some perspectives:

* **Meaning is subjective:** What gives life meaning for one person might be different for another. It could be family, relationships, career, creativity,",0.0
google/gemma-2-9b-it,random,20,resid,0,add,-0.25,What is the meaning of life?,0,"As an AI, I don't have personal beliefs or experiences to draw on, so I can't tell you the meaning of life. That's a deeply personal question that each individual has to answer for themselves.

However, I can offer some perspectives:

* **Philosophical perspectives:**

Many philosophers have pondered this question for centuries. Some believe the meaning of life is to find",0.0
google/gemma-2-9b-it,random,20,resid,0,add,0.0,What is the meaning of life?,0,"As an AI, I don't have personal beliefs or experiences to draw on, so I can't tell you the meaning of life. That's a deeply personal question that each individual has to answer for themselves.

However, I can offer some perspectives:

* **Philosophical perspectives:**

Throughout history, philosophers have pondered this question and offered various answers. Some believe the meaning of",0.0
google/gemma-2-9b-it,random,20,resid,0,add,0.25,What is the meaning of life?,1,"As a large language model, I am not capable of providing a definitive answer to the meaning of life. This is a question that philosophers and theologians have been pondering for centuries, and there is no one answer that will satisfy everyone.

However, I can offer some perspectives:

* **The meaning of life is subjective:** What gives life meaning for one person may not hold the same significance for another",0.0
google/gemma-2-9b-it,random,20,resid,0,add,0.5,What is the meaning of life?,1,"As a large language model, I am not capable of providing a definitive answer to the meaning of life. The meaning of life is a complex philosophical question that has been pondered by humans for centuries.

There is no one answer that will satisfy everyone, as the meaning of life is often personal and unique to each individual. Some people find meaning in their relationships, their work, their hobbies, or their",0.0
google/gemma-2-9b-it,random,20,resid,0,add,1.0,What is the meaning of life?,2,"As an AI, I don't have personal experiences or beliefs. The meaning of life is a complex and deeply personal question. There is no one answer that will apply to everyone.

Here are some perspectives that might be helpful:

* **Philosophical perspectives:** Many philosophers have explored the meaning of life, and their work can offer insights.
* **Religious or Spiritual Beliefs:** Many religions",0.0
google/gemma-2-9b-it,random,20,resid,0,add,-1.0,Which diet is healthiest?,2,"As an AI, I can't give medical advice, and that includes dietary recommendations. 

The ""healthiest"" diet is a very personal question, and it depends on many factors like your age, activity level, and even your genes. 

What works for one person might not work for another. 

**Here's what I can tell you:**

* **General healthy",0.0
google/gemma-2-9b-it,random,20,resid,0,add,-0.5,Which diet is healthiest?,2,"I'm sorry, but I can't give medical advice, and that includes recommending specific diets. 

What's considered ""healthiest"" varies greatly from person to person and depends on factors like:

* **Individual health conditions:** Someone with diabetes will have different dietary needs than someone with heart disease.
* **Lifestyle:** An active person might need more calories than someone who is",0.0
google/gemma-2-9b-it,random,20,resid,0,add,-0.25,Which diet is healthiest?,0,"I'm sorry, but I can't give medical advice, and that includes recommending specific diets. 

What's considered the ""healthiest"" diet varies greatly depending on individual needs, preferences, and health conditions. 

**Here's why it's important to talk to a professional:**

* **Individualized needs:** Your dietary needs are unique based on your age,",0.0
google/gemma-2-9b-it,random,20,resid,0,add,0.0,Which diet is healthiest?,0,"I'm sorry, but I can't give medical advice, and that includes recommending specific diets. 

What's considered the ""healthiest"" diet varies greatly depending on individual needs, preferences, health conditions, and lifestyle. 

**Here's why I can't tell you which diet is best:**

* **Individual Needs:** People have different nutritional requirements based on age",0.0
google/gemma-2-9b-it,random,20,resid,0,add,0.25,Which diet is healthiest?,1,"There isn't one single ""healthiest"" diet for everyone. 

The best diet for an individual depends on a variety of factors, including:

* **Personal health goals:** Are you looking to lose weight, gain muscle, manage a health condition, or simply improve your overall health?
* **Dietary restrictions:** Do you have any allergies, intolerances, or ethical considerations (vegetarian",0.0
google/gemma-2-9b-it,random,20,resid,0,add,0.5,Which diet is healthiest?,1,"There isn't one single ""healthiest"" diet for everyone. 

The best diet for an individual depends on a variety of factors, including:

* **Personal health goals:** Are you looking to lose weight, gain weight, or maintain your current weight?
* **Medical conditions:** Do you have any allergies, intolerances, or medical conditions that need to be considered?
*",0.0
google/gemma-2-9b-it,random,20,resid,0,add,1.0,Which diet is healthiest?,0,"As an AI, I cannot provide medical advice. It's important to consult with a healthcare professional for personalized dietary recommendations.

That being said, here are some factors that contribute to a healthier diet:

* **Focus on whole, unprocessed foods:** Fruits, vegetables, whole grains, legumes, and nuts are generally lower in calories and higher in nutrients.
* **Limit processed foods,",0.0
google/gemma-2-9b-it,random,20,resid,0,add,-1.0,Will humans colonize Mars?,2,"Whether humans will colonize Mars is a question that sparks passionate debate and excitement. As an AI, I can't predict the future, but I can tell you that it's a complex issue with many factors to consider.

**Here's what we know:**

* **The ""why"":** People are driven by the desire to explore and push boundaries. Mars represents a new frontier",0.0
google/gemma-2-9b-it,random,20,resid,0,add,-0.5,Will humans colonize Mars?,0,"Whether humans will colonize Mars is a question that sparks intense debate and speculation. 

**Arguments for:**

* **Scientific advancement:** Mars offers a unique opportunity to study the history of the solar system and search for signs of past or present life. 
* **Technological innovation:** The challenges of colonizing Mars will drive innovation in areas like space travel, resource extraction, and sustainable living.",0.0
google/gemma-2-9b-it,random,20,resid,0,add,-0.25,Will humans colonize Mars?,1,"Whether humans will colonize Mars is a question with no definitive answer. 

**Arguments for:**

* **Scientific advancement:** Mars offers a unique opportunity to study the history of the solar system, search for signs of past or present life, and conduct research in a harsh environment.
* **Humanity's future:** Some believe that establishing a self-sustaining colony on Mars is essential for",0.0
google/gemma-2-9b-it,random,20,resid,0,add,0.0,Will humans colonize Mars?,2,"Whether or not humans will colonize Mars is a complex question with no definitive answer. 

**Arguments for:**

* **Scientific advancement:** Mars offers a unique opportunity to study the history of the solar system, search for signs of past or present life, and learn more about the potential for life beyond Earth.
* **Humanity's future:** Establishing a self-sustaining colony on Mars",0.0
google/gemma-2-9b-it,random,20,resid,0,add,0.25,Will humans colonize Mars?,3,"Whether or not humans will colonize Mars is a complex question with no definitive answer. 

**Arguments for colonization:**

* **Scientific advancement:** Mars offers a unique opportunity to study planetary geology, search for signs of past or present life, and understand the evolution of planets.
* **Resource potential:** Mars may contain valuable resources such as water ice, minerals, and potential energy sources.",0.0
google/gemma-2-9b-it,random,20,resid,0,add,0.5,Will humans colonize Mars?,4,"Whether or not humans will colonize Mars is a complex question with no definitive answer. 

**Here are some factors to consider:**

**Arguments for colonization:**

* **Scientific advancement:** Mars exploration could lead to significant scientific discoveries about the planet, its history, and the potential for life.
* **Resource availability:** Mars has some resources that could be useful for human settlements, such as",0.0
google/gemma-2-9b-it,random,20,resid,0,add,1.0,Will humans colonize Mars?,1,"It's impossible to say for sure. While there are many unknowns, here's a breakdown of the factors that will likely influence whether humans colonize Mars:

**Arguments for Colonization:**

* **Technological advancements:** While there have been setbacks, space exploration technology has been steadily improving.
* **Growing concerns about Earth-based issues:** Climate change, resource depletion, and pandemics",0.0
google/gemma-2-9b-it,random,20,resid,0,add,-1.0,Is coffee good for your health?,1,"As an AI, I can't give medical advice, so I'll have to stick to general statements. 

The answer to ""Is coffee good for your health?"" is: **it depends**. 

It's all about moderation and what's ""good"" for you. 

**Here's the thing:**

* **For most people, coffee is perfectly fine",0.0
google/gemma-2-9b-it,random,20,resid,0,add,-0.5,Is coffee good for your health?,3,"The relationship between coffee and health is complex and depends on many factors, including individual genetics, consumption habits, and overall diet. 

**Here's a balanced perspective:**

**Potential Benefits:**

* **Improved energy and focus:** Coffee's caffeine content can boost alertness and cognitive function.
* **Reduced risk of certain diseases:** Studies suggest coffee may lower the risk of type 2",0.0
google/gemma-2-9b-it,random,20,resid,0,add,-0.25,Is coffee good for your health?,2,"The effects of coffee on health are complex and depend on various factors like individual sensitivity, consumption levels, and brewing methods. 

**Potential Benefits:**

* **Improved Energy & Focus:** Caffeine in coffee stimulates the central nervous system, boosting alertness and cognitive function.
* **Reduced Risk of Certain Diseases:** Studies suggest coffee consumption may be linked to a lower risk of type 2 diabetes, Parkinson",0.0
google/gemma-2-9b-it,random,20,resid,0,add,0.0,Is coffee good for your health?,1,"The effects of coffee on health are complex and depend on various factors like individual sensitivity, consumption levels, and overall health status. 

**Potential Benefits:**

* **Improved Energy & Focus:** Caffeine in coffee stimulates the central nervous system, boosting alertness, focus, and cognitive function.
* **Physical Performance Enhancement:** Caffeine can improve athletic performance by increasing endurance, strength, and reducing perceived exertion.",0.0
google/gemma-2-9b-it,random,20,resid,0,add,0.25,Is coffee good for your health?,1,"The health effects of coffee are complex and depend on various factors, including individual health conditions, consumption levels, and brewing methods.

**Potential Benefits:**

* **Improved Energy and Focus:** Caffeine in coffee stimulates the central nervous system, enhancing alertness, focus, and cognitive function.
* **Reduced Risk of Certain Diseases:** Studies have linked coffee consumption to a lower risk of type 2 diabetes,",0.0
google/gemma-2-9b-it,random,20,resid,0,add,0.5,Is coffee good for your health?,4,"The health effects of coffee are complex and still being researched. 

**Here's a balanced overview:**

**Potential Benefits:**

* **Rich in antioxidants:** Coffee contains beneficial antioxidants that may protect cells against damage.
* **May improve energy levels and cognitive function:** Caffeine in coffee can boost alertness, focus, and cognitive performance.
* **May reduce risk of certain diseases:** Studies",0.0
google/gemma-2-9b-it,random,20,resid,0,add,1.0,Is coffee good for your health?,1,"As an AI, I don't have personal experiences or health conditions.

Here's a breakdown of the pros and cons of coffee consumption:

**Pros:**

* **Improved energy Levels:** Coffee can help with alertness and focus.
* **Reduced Risk of Certain Diseases:** Studies have shown that coffee consumption may reduce the risk of certain diseases, such as type 2 Diabetes.",0.0
google/gemma-2-9b-it,random,20,resid,0,add,-1.0,What is the greatest movie ever made?,2,"As an AI, I can't have opinions or beliefs like humans do, so I can't say what the ""greatest"" movie ever made is. That's a subjective question! 

It depends on what kind of movies you like and what you value in a film. 

**But I can tell you this:**

* **Classic films:** Some people might say *Citizen",0.0
google/gemma-2-9b-it,random,20,resid,0,add,-0.5,What is the greatest movie ever made?,3,"As an AI, I don't have personal opinions or beliefs, including preferences for movies. The ""greatest movie ever made"" is subjective and depends entirely on individual taste. 

What one person considers a masterpiece, another might find boring. 

Instead of asking for a definitive answer, why not explore different genres and eras of cinema? You might discover new favorites based on:

* **",0.0
google/gemma-2-9b-it,random,20,resid,0,add,-0.25,What is the greatest movie ever made?,1,"As an AI, I don't have personal preferences like ""greatest.""  The best movie is subjective and depends on individual taste! 

What makes a movie great? 

* **Storytelling:** A compelling plot, well-developed characters, and emotional impact.
* **Direction:**  A visionary director who brings the story to life with unique visuals and techniques.
* **Acting",0.0
google/gemma-2-9b-it,random,20,resid,0,add,0.0,What is the greatest movie ever made?,1,"As an AI, I don't have personal preferences like ""greatest.""  The best movie is subjective and depends on individual taste! 

What makes a movie ""great"" can vary widely:

* **Storytelling:** A compelling plot, well-developed characters, and emotional impact.
* **Direction:**  A visionary director's style and ability to bring the story to life.",0.0
google/gemma-2-9b-it,random,20,resid,0,add,0.25,What is the greatest movie ever made?,1,"As an AI, I don't have personal preferences like ""greatest."" The concept of the ""greatest movie ever made"" is subjective and depends on individual taste, cultural context, and personal experiences.

However, some films consistently rank high in critical acclaim, cultural impact, and audience appreciation. These include:

* **Citizen Kane (1941):** Often cited for its innovative storytelling",0.0
google/gemma-2-9b-it,random,20,resid,0,add,0.5,What is the greatest movie ever made?,1,"As an AI, I don't have personal preferences or the ability to watch movies. Therefore, I can't say which movie is the ""greatest ever made.""

The concept of ""greatest"" is subjective and depends on individual taste, cultural context, and critical acclaim.

Some films frequently cited as contenders for the title of ""greatest"" include:

* **Citizen Kane (19",0.0
google/gemma-2-9b-it,random,20,resid,0,add,1.0,What is the greatest movie ever made?,3,"As an AI, I don't have personal preferences or the ability to watch movies.

The choice of the greatest movie ever made is subjective and depends on individual taste.

There are many critically acclaimed and popular films that could be considered for the title of ""Greatest Movie Ever Made.""

Some suggestions might include:

* **Citizen Kane** (1941)
* **The",0.0
google/gemma-2-9b-it,random,20,resid,0,add,-1.0,Are electric cars better than gas cars?,2,"That's a great question!  The answer is: it depends. 

Electric cars are amazing, but ""better"" is subjective and depends on your individual needs and priorities. 

**Here's a breakdown:**

**Electric cars:**

* **Environmental impact:** Electric cars are generally more environmentally friendly than gas cars. They produce zero tailpipe emissions, which is a huge plus",0.0
google/gemma-2-9b-it,random,20,resid,0,add,-0.5,Are electric cars better than gas cars?,1,"Whether electric cars are ""better"" than gas cars depends on your individual needs and priorities. 

**Here's a breakdown:**

**Electric Cars:**

**Pros:**

* **Environmentally friendly:** Zero tailpipe emissions, contributing to cleaner air and a smaller carbon footprint.
* **Lower running costs:** Electricity is generally cheaper than gas, and EVs require less maintenance.
*",0.0
google/gemma-2-9b-it,random,20,resid,0,add,-0.25,Are electric cars better than gas cars?,1,"Whether electric cars are ""better"" than gas cars depends on your individual needs and priorities. 

**Here's a breakdown of the pros and cons:**

**Electric Cars:**

**Pros:**

* **Environmentally friendly:** Zero tailpipe emissions, reducing your carbon footprint.
* **Lower running costs:** Electricity is generally cheaper than gas, and EVs require less maintenance.
*",0.0
google/gemma-2-9b-it,random,20,resid,0,add,0.0,Are electric cars better than gas cars?,1,"Whether electric cars are ""better"" than gas cars depends on your individual needs and priorities. 

**Here's a breakdown of the pros and cons:**

**Electric Cars:**

**Pros:**

* **Environmentally friendly:** Produce zero tailpipe emissions, reducing greenhouse gases and air pollution.
* **Lower running costs:** Electricity is generally cheaper than gasoline, and EVs require less maintenance",0.0
google/gemma-2-9b-it,random,20,resid,0,add,0.25,Are electric cars better than gas cars?,1,"Whether electric cars are ""better"" than gas cars depends on your individual needs and priorities. 

**Here's a breakdown of the pros and cons:**

**Electric Cars:**

**Pros:**

* **Environmentally friendly:** Produce zero tailpipe emissions, reducing greenhouse gases and air pollution.
* **Lower running costs:** Electricity is generally cheaper than gasoline, and electric cars require less",0.0
google/gemma-2-9b-it,random,20,resid,0,add,0.5,Are electric cars better than gas cars?,2,"Whether electric cars are ""better"" than gas cars is a complex question with no easy answer. It depends on individual needs, priorities, and circumstances. 

Here's a breakdown of the pros and cons to help you form your own opinion:

**Electric Cars (Pros):**

* **Zero tailpipe emissions:** Electric cars don't produce any exhaust fumes, reducing air pollution and",0.0
google/gemma-2-9b-it,random,20,resid,0,add,1.0,Are electric cars better than gas cars?,0,"As an AI, I don't have personal opinions or experiences. Here's a breakdown of the pros and cons of electric cars vs. Gas Cars to help you form your own conclusion:

**Pros of Electric Cars:**

* **Zero tailpipe Emissions:** Electric cars do not produce direct emissions, reducing the risk of contributing to air pollution.
* **Lower Running Costs:** Electricity is",0.0
google/gemma-2-9b-it,random,20,resid,0,add,-1.0,Should tomatoes be refrigerated?,1,"This is a tricky question!  

The short answer is: **it depends**. 

Tomatoes are a delicious fruit (yes, fruit!), and like most fruits, they are best stored at room temperature. But sometimes, you want to control the environment around them. 

Here's the breakdown:

* **Room temperature:** This is ideal for most tomatoes. 
* **",0.0
google/gemma-2-9b-it,random,20,resid,0,add,-0.5,Should tomatoes be refrigerated?,1,"This is a tricky one! 

**The short answer is: it depends.**

**Here's the breakdown:**

* **Ripeness:** Unripe tomatoes (green or slightly yellow) are best stored at room temperature to continue ripening. 
* **Ripeness:** Once ripe, tomatoes can be stored in the refrigerator to slow down the ripening process and preserve their flavor.

**",0.0
google/gemma-2-9b-it,random,20,resid,0,add,-0.25,Should tomatoes be refrigerated?,0,"This is a bit of a debate! 

**Here's the breakdown:**

* **Ripeness matters:** Unripe tomatoes benefit from being stored at room temperature to finish ripening. Once ripe, refrigeration slows down the ripening process and can help preserve them longer.
* **Flavor impact:** Some people believe that refrigerating ripe tomatoes can dull their flavor. This is because the cold temperatures can",0.0
google/gemma-2-9b-it,random,20,resid,0,add,0.0,Should tomatoes be refrigerated?,1,"It depends! 

**Here's the breakdown:**

* **Ripe tomatoes:**  Refrigerating ripe tomatoes can actually dull their flavor and make them mealy. It's best to store them at room temperature in a cool, dry place.

* **Unripe tomatoes:**  Refrigerating unripe tomatoes can help them ripen more evenly.

* **Tomatoes that have been",0.0
google/gemma-2-9b-it,random,20,resid,0,add,0.25,Should tomatoes be refrigerated?,1,"It depends! 

**Here's the breakdown:**

* **Ripe tomatoes:**  Refrigerating ripe tomatoes is generally **not recommended**. The cold temperatures can negatively affect their flavor and texture, making them mealy and less flavorful. It's best to store ripe tomatoes at room temperature in a cool, dry place.

* **Unripe tomatoes:** Unripe tomatoes can be refrigerated",0.0
google/gemma-2-9b-it,random,20,resid,0,add,0.5,Should tomatoes be refrigerated?,0,"Tomatoes are a bit of a tricky one! 

**Here's the breakdown:**

* **Unripe tomatoes:** Should be refrigerated to slow down the ripening process.
* **Ripe tomatoes:**  Taste and texture are best when at room temperature. Refrigeration can negatively affect flavor and make them mealy.

**Here are some additional tips:**

* **Store ripe tomatoes in",0.0
google/gemma-2-9b-it,random,20,resid,0,add,1.0,Should tomatoes be refrigerated?,1,"Tomatoes are not typically refrigerated unless they are damaged or has not been treated. 

Here's why:

* **Ripening:** If a tomato is unripe, it will likely not ripen.
* **Taste:** Tomatoes taste better when they is not refrigerated.
* **Availability:** Tomatoes are usually available in the store when they is not damaged.

**However, if you",9.5
