model,experiment,layer,point,pos,mode,alpha,question,hedges,text,confidence
meta-llama/Llama-3.1-8B-Instruct,band_random_L20-28,20-28,resid,4,add,-1.0,What year did the French Revolution begin?,0,"The French Revolution began in 1789. It started with the Storming of the Bastille on July 14, 1789, which is often considered the beginning of the Revolution.",100.0
meta-llama/Llama-3.1-8B-Instruct,band_random_L20-28,20-28,resid,4,add,-0.5,What year did the French Revolution begin?,0,"The French Revolution began in 1789. It started with the Storming of the Bastille on July 14, 1789, which is often considered the starting point of the revolution.",100.0
meta-llama/Llama-3.1-8B-Instruct,band_random_L20-28,20-28,resid,4,add,-0.25,What year did the French Revolution begin?,0,"The French Revolution began in 1789. It started with the Storming of the Bastille on July 14, 1789, which is often considered the starting point of the revolution.",100.0
meta-llama/Llama-3.1-8B-Instruct,band_random_L20-28,20-28,resid,4,add,0.0,What year did the French Revolution begin?,0,"The French Revolution began in 1789. It started with the Storming of the Bastille on July 14, 1789, which is often considered the starting point of the revolution.",100.0
meta-llama/Llama-3.1-8B-Instruct,band_random_L20-28,20-28,resid,4,add,0.25,What year did the French Revolution begin?,0,"The French Revolution began in 1789. It started with the Storming of the Bastille on July 14, 1789, which is often considered the starting point of the revolution.",100.0
meta-llama/Llama-3.1-8B-Instruct,band_random_L20-28,20-28,resid,4,add,0.5,What year did the French Revolution begin?,0,"The French Revolution began in 1789. It started with the Storming of the Bastille on July 14, 1789, which is often considered the starting point of the revolution.",100.0
meta-llama/Llama-3.1-8B-Instruct,band_random_L20-28,20-28,resid,4,add,1.0,What year did the French Revolution begin?,0,"The French Revolution began in 1789. It started with the Storming of the Bastille on July 14, 1789, which is often considered the starting point of the revolution. However, the revolution itself was a long process that lasted from 1789 to 1799.",100.0
meta-llama/Llama-3.1-8B-Instruct,band_random_L20-28,20-28,resid,4,add,-1.0,Who wrote the play Hamlet?,0,"The play ""Hamlet"" was written by William Shakespeare.",100.0
meta-llama/Llama-3.1-8B-Instruct,band_random_L20-28,20-28,resid,4,add,-0.5,Who wrote the play Hamlet?,0,The play Hamlet was written by William Shakespeare.,100.0
meta-llama/Llama-3.1-8B-Instruct,band_random_L20-28,20-28,resid,4,add,-0.25,Who wrote the play Hamlet?,0,The play Hamlet was written by William Shakespeare.,100.0
meta-llama/Llama-3.1-8B-Instruct,band_random_L20-28,20-28,resid,4,add,0.0,Who wrote the play Hamlet?,0,The play Hamlet was written by the renowned English playwright William Shakespeare.,100.0
meta-llama/Llama-3.1-8B-Instruct,band_random_L20-28,20-28,resid,4,add,0.25,Who wrote the play Hamlet?,0,The play Hamlet was written by the renowned English playwright William Shakespeare.,100.0
meta-llama/Llama-3.1-8B-Instruct,band_random_L20-28,20-28,resid,4,add,0.5,Who wrote the play Hamlet?,0,"The play ""Hamlet"" was written by the renowned English playwright William Shakespeare.",100.0
meta-llama/Llama-3.1-8B-Instruct,band_random_L20-28,20-28,resid,4,add,1.0,Who wrote the play Hamlet?,0,"The play ""Hamlet"" was written by the famous English playwright William Shakespeare. It is believed to have been written between 1599 and 1602.",62.2
meta-llama/Llama-3.1-8B-Instruct,band_random_L20-28,20-28,resid,4,add,-1.0,What is the chemical symbol for gold?,0,The chemical symbol for gold is Au.,100.0
meta-llama/Llama-3.1-8B-Instruct,band_random_L20-28,20-28,resid,4,add,-0.5,What is the chemical symbol for gold?,0,The chemical symbol for gold is Au.,100.0
meta-llama/Llama-3.1-8B-Instruct,band_random_L20-28,20-28,resid,4,add,-0.25,What is the chemical symbol for gold?,0,The chemical symbol for gold is Au.,100.0
meta-llama/Llama-3.1-8B-Instruct,band_random_L20-28,20-28,resid,4,add,0.0,What is the chemical symbol for gold?,0,The chemical symbol for gold is Au.,100.0
meta-llama/Llama-3.1-8B-Instruct,band_random_L20-28,20-28,resid,4,add,0.25,What is the chemical symbol for gold?,0,"The chemical symbol for gold is Au. It comes from the Latin word for gold, ""aurum.""",99.9
meta-llama/Llama-3.1-8B-Instruct,band_random_L20-28,20-28,resid,4,add,0.5,What is the chemical symbol for gold?,0,"The chemical symbol for gold is Au. It comes from the Latin word ""Aurum"".",99.9
meta-llama/Llama-3.1-8B-Instruct,band_random_L20-28,20-28,resid,4,add,1.0,What is the chemical symbol for gold?,0,"The chemical symbol for gold is Au. It comes from the Latin word ""Aurum"".",99.9
meta-llama/Llama-3.1-8B-Instruct,band_random_L20-28,20-28,resid,4,add,-1.0,How many continents are there?,0,"There are 7 continents in the world. They are:

1. Africa
2. Antarctica
3. Asia
4. Australia
5. Europe
6. North America
7. South America",100.0
meta-llama/Llama-3.1-8B-Instruct,band_random_L20-28,20-28,resid,4,add,-0.5,How many continents are there?,0,"There are 7 continents in the world. They are:

1. Africa
2. Antarctica
3. Asia
4. Australia
5. Europe
6. North America
7. South America",100.0
meta-llama/Llama-3.1-8B-Instruct,band_random_L20-28,20-28,resid,4,add,-0.25,How many continents are there?,0,"There are 7 continents in the world. They are:

1. Africa
2. Antarctica
3. Asia
4. Australia
5. Europe
6. North America
7. South America",100.0
meta-llama/Llama-3.1-8B-Instruct,band_random_L20-28,20-28,resid,4,add,0.0,How many continents are there?,0,"There are 7 continents in the world. They are:

1. Africa
2. Antarctica
3. Asia
4. Australia
5. Europe
6. North America
7. South America",100.0
meta-llama/Llama-3.1-8B-Instruct,band_random_L20-28,20-28,resid,4,add,0.25,How many continents are there?,0,"There are 7 continents in the world. They are:

1. Africa
2. Antarctica
3. Asia
4. Australia
5. Europe
6. North America
7. South America",100.0
meta-llama/Llama-3.1-8B-Instruct,band_random_L20-28,20-28,resid,4,add,0.5,How many continents are there?,0,"There are 7 continents in the world. They are:

1. Africa
2. Antarctica
3. Asia
4. Australia
5. Europe
6. North America
7. South America",100.0
meta-llama/Llama-3.1-8B-Instruct,band_random_L20-28,20-28,resid,4,add,1.0,How many continents are there?,0,"There are 7 continents in the world. They are:

1. Africa
2. Antarctica
3. Asia
4. Australia
5. Europe
6. North America
7. South America",100.0
meta-llama/Llama-3.1-8B-Instruct,band_random_L20-28,20-28,resid,4,add,-1.0,What is the boiling point of water at sea level in Celsius?,0,The boiling point of water at sea level is 100 degrees Celsius.,0.3
meta-llama/Llama-3.1-8B-Instruct,band_random_L20-28,20-28,resid,4,add,-0.5,What is the boiling point of water at sea level in Celsius?,0,The boiling point of water at sea level is 100 degrees Celsius.,0.3
meta-llama/Llama-3.1-8B-Instruct,band_random_L20-28,20-28,resid,4,add,-0.25,What is the boiling point of water at sea level in Celsius?,0,The boiling point of water at sea level is 100 degrees Celsius.,0.3
meta-llama/Llama-3.1-8B-Instruct,band_random_L20-28,20-28,resid,4,add,0.0,What is the boiling point of water at sea level in Celsius?,0,The boiling point of water at sea level is 100 degrees Celsius.,0.3
meta-llama/Llama-3.1-8B-Instruct,band_random_L20-28,20-28,resid,4,add,0.25,What is the boiling point of water at sea level in Celsius?,0,The boiling point of water at sea level is 100 degrees Celsius.,0.3
meta-llama/Llama-3.1-8B-Instruct,band_random_L20-28,20-28,resid,4,add,0.5,What is the boiling point of water at sea level in Celsius?,0,The boiling point of water at sea level is 100 degrees Celsius.,0.3
meta-llama/Llama-3.1-8B-Instruct,band_random_L20-28,20-28,resid,4,add,1.0,What is the boiling point of water at sea level in Celsius?,0,The boiling point of water at sea level is 100 degrees Celsius.,0.3
meta-llama/Llama-3.1-8B-Instruct,band_random_L20-28,20-28,resid,4,add,-1.0,What is the capital of Australia?,0,The capital of Australia is Canberra.,100.0
meta-llama/Llama-3.1-8B-Instruct,band_random_L20-28,20-28,resid,4,add,-0.5,What is the capital of Australia?,0,The capital of Australia is Canberra.,100.0
meta-llama/Llama-3.1-8B-Instruct,band_random_L20-28,20-28,resid,4,add,-0.25,What is the capital of Australia?,0,The capital of Australia is Canberra.,100.0
meta-llama/Llama-3.1-8B-Instruct,band_random_L20-28,20-28,resid,4,add,0.0,What is the capital of Australia?,0,The capital of Australia is Canberra.,100.0
meta-llama/Llama-3.1-8B-Instruct,band_random_L20-28,20-28,resid,4,add,0.25,What is the capital of Australia?,0,The capital of Australia is Canberra.,100.0
meta-llama/Llama-3.1-8B-Instruct,band_random_L20-28,20-28,resid,4,add,0.5,What is the capital of Australia?,0,The capital of Australia is Canberra.,100.0
meta-llama/Llama-3.1-8B-Instruct,band_random_L20-28,20-28,resid,4,add,1.0,What is the capital of Australia?,0,The capital of Australia is Canberra.,100.0
meta-llama/Llama-3.1-8B-Instruct,band_random_L20-28,20-28,resid,4,add,-1.0,What is the largest planet in our solar system?,0,"The largest planet in our solar system is Jupiter. It is a gas giant, with a diameter of approximately 142,984 kilometers (88,846 miles). This is more than 11 times the diameter of the Earth. Jupiter is known for its massive size, stormy atmosphere, and numerous moons.",100.0
meta-llama/Llama-3.1-8B-Instruct,band_random_L20-28,20-28,resid,4,add,-0.5,What is the largest planet in our solar system?,0,"The largest planet in our solar system is Jupiter. It is a gas giant, with a diameter of approximately 142,984 kilometers (88,846 miles). This is more than 11 times the diameter of the Earth. Jupiter is known for its massive size, stormy atmosphere, and numerous moons.",100.0
meta-llama/Llama-3.1-8B-Instruct,band_random_L20-28,20-28,resid,4,add,-0.25,What is the largest planet in our solar system?,0,"The largest planet in our solar system is Jupiter. It is a gas giant, with a diameter of approximately 142,984 kilometers (88,846 miles). This is more than 11 times the diameter of the Earth. Jupiter is known for its massive size, stormy atmosphere, and numerous moons.",100.0
meta-llama/Llama-3.1-8B-Instruct,band_random_L20-28,20-28,resid,4,add,0.0,What is the largest planet in our solar system?,0,"The largest planet in our solar system is Jupiter. It is a gas giant, with a diameter of approximately 142,984 kilometers (88,846 miles). This is more than 11 times the diameter of the Earth. Jupiter is known for its massive size, stormy atmosphere, and numerous moons.",100.0
meta-llama/Llama-3.1-8B-Instruct,band_random_L20-28,20-28,resid,4,add,0.25,What is the largest planet in our solar system?,0,"The largest planet in our solar system is Jupiter. It is a gas giant, with a diameter of approximately 142,984 kilometers (88,846 miles). This is more than 11 times the diameter of the Earth. Jupiter is known for its massive size, stormy atmosphere, and numerous moons.",100.0
meta-llama/Llama-3.1-8B-Instruct,band_random_L20-28,20-28,resid,4,add,0.5,What is the largest planet in our solar system?,0,"The largest planet in our solar system is Jupiter. It is a gas giant, consisting mainly of hydrogen and helium, and has a diameter of approximately 142,984 kilometers (88,846 miles). This is more than 11 times the diameter of the Earth. Jupiter is known for its distinctive banded appearance, which is caused by strong winds in its atmosphere, and its massive size and influence on",100.0
meta-llama/Llama-3.1-8B-Instruct,band_random_L20-28,20-28,resid,4,add,1.0,What is the largest planet in our solar system?,0,"The largest planet in our solar system is Jupiter. It is a gas giant, consisting mainly of hydrogen and helium, and is known for its massive size and stormy atmosphere. Jupiter is approximately 142,984 kilometers (88,846 miles) in diameter, which is more than 11 times the diameter of the Earth.",100.0
meta-llama/Llama-3.1-8B-Instruct,band_random_L20-28,20-28,resid,4,add,-1.0,Who painted the Mona Lisa?,0,The Mona Lisa was painted by the Italian artist Leonardo da Vinci.,100.0
meta-llama/Llama-3.1-8B-Instruct,band_random_L20-28,20-28,resid,4,add,-0.5,Who painted the Mona Lisa?,0,The Mona Lisa was painted by the Italian artist Leonardo da Vinci.,100.0
meta-llama/Llama-3.1-8B-Instruct,band_random_L20-28,20-28,resid,4,add,-0.25,Who painted the Mona Lisa?,0,The Mona Lisa was painted by the Italian artist Leonardo da Vinci.,100.0
meta-llama/Llama-3.1-8B-Instruct,band_random_L20-28,20-28,resid,4,add,0.0,Who painted the Mona Lisa?,0,The Mona Lisa was painted by the Italian artist Leonardo da Vinci.,100.0
meta-llama/Llama-3.1-8B-Instruct,band_random_L20-28,20-28,resid,4,add,0.25,Who painted the Mona Lisa?,0,The Mona Lisa was painted by the Italian artist Leonardo da Vinci.,100.0
meta-llama/Llama-3.1-8B-Instruct,band_random_L20-28,20-28,resid,4,add,0.5,Who painted the Mona Lisa?,0,The Mona Lisa was painted by the Italian artist Leonardo da Vinci.,100.0
meta-llama/Llama-3.1-8B-Instruct,band_random_L20-28,20-28,resid,4,add,1.0,Who painted the Mona Lisa?,0,"The Mona Lisa was painted by the famous Italian artist Leonardo da Vinci. He created the painting in the early 16th century, specifically between 1503 and 1506. The Mona Lisa is one of the most famous paintings in the world and is widely considered a masterpiece of Renaissance art. It is now housed in the Louvre Museum in Paris, France.",100.0
meta-llama/Llama-3.1-8B-Instruct,band_random_L20-28,20-28,resid,4,add,-1.0,What is the speed of light in a vacuum?,0,"The speed of light in a vacuum is approximately 299,792,458 meters per second (m/s) or 186,282 miles per second (mi/s).",100.0
meta-llama/Llama-3.1-8B-Instruct,band_random_L20-28,20-28,resid,4,add,-0.5,What is the speed of light in a vacuum?,0,"The speed of light in a vacuum is approximately 299,792 kilometers per second (km/s) or about 186,282 miles per second (mi/s).",100.0
meta-llama/Llama-3.1-8B-Instruct,band_random_L20-28,20-28,resid,4,add,-0.25,What is the speed of light in a vacuum?,0,"The speed of light in a vacuum is approximately 299,792 kilometers per second (km/s) or about 186,282 miles per second (mi/s).",100.0
meta-llama/Llama-3.1-8B-Instruct,band_random_L20-28,20-28,resid,4,add,0.0,What is the speed of light in a vacuum?,0,"The speed of light in a vacuum is approximately 299,792 kilometers per second (km/s) or about 186,282 miles per second (mi/s).",100.0
meta-llama/Llama-3.1-8B-Instruct,band_random_L20-28,20-28,resid,4,add,0.25,What is the speed of light in a vacuum?,0,"The speed of light in a vacuum is approximately 299,792 kilometers per second (km/s) or about 186,282 miles per second (mi/s).",100.0
meta-llama/Llama-3.1-8B-Instruct,band_random_L20-28,20-28,resid,4,add,0.5,What is the speed of light in a vacuum?,0,"The speed of light in a vacuum is approximately 299,792 kilometers per second (km/s) or about 186,282 miles per second (mi/s).",100.0
meta-llama/Llama-3.1-8B-Instruct,band_random_L20-28,20-28,resid,4,add,1.0,What is the speed of light in a vacuum?,0,"The speed of light in a vacuum is approximately 299,792,458 meters per second (m/s) or about 186,282 miles per second.",100.0
meta-llama/Llama-3.1-8B-Instruct,band_random_L20-28,20-28,resid,4,add,-1.0,What year did World War II end?,1,"World War II ended in two stages:

1. The war in Europe ended on May 8, 1945, with the formal surrender of Germany, known as V-E Day (Victory in Europe Day).
2. The war in the Pacific ended on August 15, 1945, with the formal surrender of Japan, known as V-J Day (Victory over Japan Day). However",77.7
meta-llama/Llama-3.1-8B-Instruct,band_random_L20-28,20-28,resid,4,add,-0.5,What year did World War II end?,1,"World War II ended in two stages:

1.  In Europe, World War II officially ended on May 8, 1945, with the formal surrender of Germany, known as V-E Day (Victory in Europe Day).

2.  In the Pacific, Japan formally surrendered on September 2, 1945, marking the end of World War II, known as V-J Day (",100.0
meta-llama/Llama-3.1-8B-Instruct,band_random_L20-28,20-28,resid,4,add,-0.25,What year did World War II end?,1,"World War II ended in two stages:

1.  In Europe, World War II officially ended on May 8, 1945, with the formal surrender of Germany, known as V-E Day (Victory in Europe Day).

2.  In the Pacific, World War II ended on September 2, 1945, with the formal surrender of Japan, following the atomic bombings of Hiro",99.5
meta-llama/Llama-3.1-8B-Instruct,band_random_L20-28,20-28,resid,4,add,0.0,What year did World War II end?,1,"World War II ended in two stages:

1.  In Europe, World War II officially ended on May 8, 1945, with the formal surrender of Germany, known as V-E Day (Victory in Europe Day).

2.  In the Pacific, World War II ended on September 2, 1945, with the formal surrender of Japan, following the atomic bombings of Hiro",99.5
meta-llama/Llama-3.1-8B-Instruct,band_random_L20-28,20-28,resid,4,add,0.25,What year did World War II end?,1,"World War II ended in two stages:

1. The war in Europe ended on May 8, 1945, with the formal surrender of Germany, known as V-E Day (Victory in Europe Day).
2. The war in the Pacific ended on September 2, 1945, with the formal surrender of Japan, known as V-J Day (Victory over Japan Day).",1.4
meta-llama/Llama-3.1-8B-Instruct,band_random_L20-28,20-28,resid,4,add,0.5,What year did World War II end?,1,"World War II ended in 1945. 

- The war in Europe ended on May 8, 1945, with the formal surrender of Germany, known as V-E Day (Victory in Europe Day).
- The war in the Pacific ended on August 15, 1945, with the formal surrender of Japan, following the atomic bombings of Hiroshima and Nagasaki, and the",99.8
meta-llama/Llama-3.1-8B-Instruct,band_random_L20-28,20-28,resid,4,add,1.0,What year did World War II end?,1,"World War II ended in 2 stages. 

1. The war in Europe ended on May 8, 1945, which is known as V-E Day (Victory in Europe Day).
2. The war in the Pacific ended on August 15, 1945, with the formal surrender of Japan on September 2, 1945, which is known as V-J Day (",99.8
meta-llama/Llama-3.1-8B-Instruct,band_random_L20-28,20-28,resid,4,add,-1.0,What is the square root of 144?,0,The square root of 144 is 12.,100.0
meta-llama/Llama-3.1-8B-Instruct,band_random_L20-28,20-28,resid,4,add,-0.5,What is the square root of 144?,0,The square root of 144 is 12.,100.0
meta-llama/Llama-3.1-8B-Instruct,band_random_L20-28,20-28,resid,4,add,-0.25,What is the square root of 144?,0,The square root of 144 is 12.,100.0
meta-llama/Llama-3.1-8B-Instruct,band_random_L20-28,20-28,resid,4,add,0.0,What is the square root of 144?,0,The square root of 144 is 12.,100.0
meta-llama/Llama-3.1-8B-Instruct,band_random_L20-28,20-28,resid,4,add,0.25,What is the square root of 144?,0,The square root of 144 is 12.,100.0
meta-llama/Llama-3.1-8B-Instruct,band_random_L20-28,20-28,resid,4,add,0.5,What is the square root of 144?,0,The square root of 144 is 12.,100.0
meta-llama/Llama-3.1-8B-Instruct,band_random_L20-28,20-28,resid,4,add,1.0,What is the square root of 144?,0,The square root of 144 is 12.,100.0
meta-llama/Llama-3.1-8B-Instruct,band_random_L20-28,20-28,resid,4,add,-1.0,What is the chemical formula for water?,0,The chemical formula for water is H2O. This means that one molecule of water consists of two hydrogen atoms (H) and one oxygen atom (O).,100.0
meta-llama/Llama-3.1-8B-Instruct,band_random_L20-28,20-28,resid,4,add,-0.5,What is the chemical formula for water?,0,The chemical formula for water is H2O. This indicates that one molecule of water consists of two hydrogen atoms (H) and one oxygen atom (O).,100.0
meta-llama/Llama-3.1-8B-Instruct,band_random_L20-28,20-28,resid,4,add,-0.25,What is the chemical formula for water?,0,The chemical formula for water is H2O. This indicates that one molecule of water consists of two hydrogen atoms (H) and one oxygen atom (O).,100.0
meta-llama/Llama-3.1-8B-Instruct,band_random_L20-28,20-28,resid,4,add,0.0,What is the chemical formula for water?,0,The chemical formula for water is H2O. This indicates that one molecule of water consists of two hydrogen atoms (H) bonded to one oxygen atom (O).,99.9
meta-llama/Llama-3.1-8B-Instruct,band_random_L20-28,20-28,resid,4,add,0.25,What is the chemical formula for water?,0,The chemical formula for water is H2O. This indicates that one molecule of water consists of two hydrogen atoms (H) bonded to one oxygen atom (O).,99.9
meta-llama/Llama-3.1-8B-Instruct,band_random_L20-28,20-28,resid,4,add,0.5,What is the chemical formula for water?,0,The chemical formula for water is H2O. This indicates that one molecule of water consists of two hydrogen atoms (H) bonded to a single oxygen atom (O).,100.0
meta-llama/Llama-3.1-8B-Instruct,band_random_L20-28,20-28,resid,4,add,1.0,What is the chemical formula for water?,0,The chemical formula for water is H2O. This means that one molecule of water consists of two hydrogen atoms (H) and one oxygen atom (O).,100.0
meta-llama/Llama-3.1-8B-Instruct,band_random_L20-28,20-28,resid,4,add,-1.0,What causes the seasons on Earth?,0,"The seasons on Earth are primarily caused by the tilt of the planet's axis relative to its orbital path around the Sun. Here's a simplified explanation:

1. **Earth's Axial Tilt**: The Earth's axis is tilted at an angle of about 23.5 degrees relative to its orbital plane around the Sun. This tilt is the main reason for the changing seasons.

2. **Or",100.0
meta-llama/Llama-3.1-8B-Instruct,band_random_L20-28,20-28,resid,4,add,-0.5,What causes the seasons on Earth?,0,"The seasons on Earth are primarily caused by the tilt of the planet's axis relative to its orbital plane around the Sun. This tilt, also known as the axial tilt, is approximately 23.5 degrees.

Here's a simplified explanation of how the seasons work:

1. **Earth's orbit**: Earth orbits the Sun in an elliptical path, which means its distance from the Sun varies throughout the",100.0
meta-llama/Llama-3.1-8B-Instruct,band_random_L20-28,20-28,resid,4,add,-0.25,What causes the seasons on Earth?,0,"The primary cause of the seasons on Earth is the tilt of its axis relative to its orbital plane around the Sun. The Earth's axis is tilted at an angle of approximately 23.5 degrees. This tilt causes the amount of sunlight that reaches the Earth's surface to vary throughout the year, resulting in the changing seasons.

Here's a simplified explanation of how the tilt of the Earth's axis affects",100.0
meta-llama/Llama-3.1-8B-Instruct,band_random_L20-28,20-28,resid,4,add,0.0,What causes the seasons on Earth?,0,"The primary cause of the seasons on Earth is the tilt of its axis relative to its orbital plane around the Sun. The Earth's axis is tilted at an angle of approximately 23.5 degrees. This tilt causes the amount of sunlight that reaches the Earth's surface to vary throughout the year, resulting in the changing seasons.

Here's a simplified explanation of how it works:

1. **Earth's",100.0
meta-llama/Llama-3.1-8B-Instruct,band_random_L20-28,20-28,resid,4,add,0.25,What causes the seasons on Earth?,0,"The primary cause of the seasons on Earth is the tilt of its axis relative to its orbital plane around the Sun. The Earth's axis is tilted at an angle of approximately 23.5 degrees. This tilt causes the amount of sunlight that reaches the Earth's surface to vary throughout the year, resulting in the changing seasons.

Here's a simplified explanation of how it works:

1. **Earth's",100.0
meta-llama/Llama-3.1-8B-Instruct,band_random_L20-28,20-28,resid,4,add,0.5,What causes the seasons on Earth?,0,"The primary cause of the seasons on Earth is the tilt of its axis in relation to its orbit around the Sun. The Earth's axis is tilted at an angle of approximately 23.5 degrees relative to the plane of its orbit around the Sun.

Here's a simplified explanation of how this tilt affects the seasons:

1. **Earth's orbit**: The Earth orbits the Sun in an elliptical path",99.9
meta-llama/Llama-3.1-8B-Instruct,band_random_L20-28,20-28,resid,4,add,1.0,What causes the seasons on Earth?,0,"The primary cause of the seasons on Earth is the tilt of its axis in relation to its orbit around the Sun. The Earth's axis is tilted at an angle of approximately 23.5 degrees relative to the plane of its orbit around the Sun.

Here's a simplified explanation of how this tilt affects the seasons:

1. **Earth's orbit**: The Earth orbits the Sun in an elliptical path",99.9
meta-llama/Llama-3.1-8B-Instruct,band_random_L20-28,20-28,resid,4,add,-1.0,Why is the sky blue?,0,"The sky appears blue because of a phenomenon called scattering, which is the interaction between light and the tiny molecules of gases in the Earth's atmosphere. Here's a simplified explanation:

1. **Sunlight**: When the sun shines, it sends out a wide range of electromagnetic radiation, including visible light, ultraviolet (UV) radiation, and infrared (IR) radiation.
2. **Atmospheric",99.1
meta-llama/Llama-3.1-8B-Instruct,band_random_L20-28,20-28,resid,4,add,-0.5,Why is the sky blue?,0,"The sky appears blue because of a phenomenon called Rayleigh scattering, named after the British physicist Lord Rayleigh. He first described it in the late 19th century.

Here's a simplified explanation:

1. **Sunlight**: When the sun shines, it sends out a wide range of electromagnetic radiation, including visible light, ultraviolet (UV) radiation, and infrared (IR) radiation.
2",100.0
meta-llama/Llama-3.1-8B-Instruct,band_random_L20-28,20-28,resid,4,add,-0.25,Why is the sky blue?,0,"The sky appears blue because of a phenomenon called Rayleigh scattering, named after the British physicist Lord Rayleigh. He first described it in the late 19th century.

Here's a simplified explanation:

1. **Sunlight**: When the sun shines, it emits a wide range of electromagnetic radiation, including visible light. This light is made up of different colors, which we see as white light.",99.8
meta-llama/Llama-3.1-8B-Instruct,band_random_L20-28,20-28,resid,4,add,0.0,Why is the sky blue?,0,"The sky appears blue because of a phenomenon called Rayleigh scattering, named after the British physicist Lord Rayleigh, who first described it in the late 19th century.

Here's a simplified explanation:

1. **Sunlight**: When the sun shines, it emits a wide range of electromagnetic radiation, including visible light, ultraviolet (UV) radiation, and infrared (IR) radiation.
2.",100.0
meta-llama/Llama-3.1-8B-Instruct,band_random_L20-28,20-28,resid,4,add,0.25,Why is the sky blue?,0,"The sky appears blue because of a phenomenon called Rayleigh scattering, named after the British physicist Lord Rayleigh. He discovered that when sunlight enters Earth's atmosphere, it encounters tiny molecules of gases such as nitrogen (N2) and oxygen (O2). These molecules scatter the light in all directions, but they scatter shorter (blue) wavelengths more than longer (red) wavelengths.

Here's a simplified",100.0
meta-llama/Llama-3.1-8B-Instruct,band_random_L20-28,20-28,resid,4,add,0.5,Why is the sky blue?,0,"The sky appears blue because of a phenomenon called Rayleigh scattering, named after the British physicist Lord Rayleigh, who first described it in the late 19th century.

Here's what happens:

1. **Sunlight enters Earth's atmosphere**: When the sun shines, it sends out a wide range of electromagnetic radiation, including visible light, ultraviolet (UV) radiation, and infrared (IR)",100.0
meta-llama/Llama-3.1-8B-Instruct,band_random_L20-28,20-28,resid,4,add,1.0,Why is the sky blue?,0,"The sky appears blue to us during the day due to a phenomenon called Rayleigh scattering. This occurs when sunlight enters Earth's atmosphere and encounters tiny molecules of gases such as nitrogen (N2) and oxygen (O2). 

When sunlight hits these molecules, it scatters in all directions. However, the shorter wavelengths of light, like blue and violet, are scattered more than the longer wavelengths,",100.0
meta-llama/Llama-3.1-8B-Instruct,band_random_L20-28,20-28,resid,4,add,-1.0,How do vaccines work?,0,"Vaccines work by introducing a small, harmless piece of a pathogen (such as a virus or bacteria) or a weakened form of the pathogen to the body, which triggers the immune system to produce antibodies and immune cells that can recognize and fight the pathogen.

Here's a step-by-step explanation of how vaccines work:

1. **Introduction of the vaccine**: A vaccine is administered to",100.0
meta-llama/Llama-3.1-8B-Instruct,band_random_L20-28,20-28,resid,4,add,-0.5,How do vaccines work?,0,"Vaccines work by introducing a small, harmless piece of a pathogen, such as a virus or bacteria, to the body. This piece, known as an antigen, triggers the immune system to produce antibodies and immune cells that can recognize and fight the pathogen if it enters the body in the future.

Here's a step-by-step explanation of how vaccines work:

1. **Introduction of the",100.0
meta-llama/Llama-3.1-8B-Instruct,band_random_L20-28,20-28,resid,4,add,-0.25,How do vaccines work?,0,"Vaccines work by introducing a small, harmless piece of a pathogen, such as a virus or bacteria, to the body. This piece, known as an antigen, triggers the immune system to produce antibodies and immune cells that can recognize and fight the pathogen if it enters the body in the future.

Here's a step-by-step explanation of how vaccines work:

1. **Introduction of the",100.0
meta-llama/Llama-3.1-8B-Instruct,band_random_L20-28,20-28,resid,4,add,0.0,How do vaccines work?,0,"Vaccines work by introducing a small, harmless piece of a pathogen, such as a virus or bacteria, to the body. This triggers the immune system to produce antibodies and immune cells that can recognize and fight the pathogen if it enters the body in the future.

Here's a step-by-step explanation of how vaccines work:

1. **Introduction of the antigen**: A vaccine contains an antigen",100.0
meta-llama/Llama-3.1-8B-Instruct,band_random_L20-28,20-28,resid,4,add,0.25,How do vaccines work?,0,"Vaccines work by introducing a small, harmless piece of a pathogen, such as a virus or bacteria, to the body. This triggers the immune system to produce antibodies and immune cells that can recognize and fight the pathogen if it enters the body in the future.

Here's a step-by-step explanation of how vaccines work:

1. **Introduction of the antigen**: The vaccine contains a small",100.0
meta-llama/Llama-3.1-8B-Instruct,band_random_L20-28,20-28,resid,4,add,0.5,How do vaccines work?,0,"Vaccines work by introducing a small, harmless piece of a pathogen, such as a virus or bacteria, to the body. This triggers the immune system to produce antibodies and immune cells that can recognize and fight the pathogen if it enters the body in the future.

Here's a step-by-step explanation of how vaccines work:

1. **Introduction of the vaccine**: A vaccine is administered to",100.0
meta-llama/Llama-3.1-8B-Instruct,band_random_L20-28,20-28,resid,4,add,1.0,How do vaccines work?,0,"Vaccines work by introducing a small, harmless piece of a germ (such as a virus or bacteria) or a weakened form of the germ to the body. This triggers the immune system to produce antibodies and immune cells that can recognize and fight the germ if it enters the body in the future.

Here's a step-by-step explanation of how vaccines work:

1. **Introduction of the vaccine**:",97.7
meta-llama/Llama-3.1-8B-Instruct,band_random_L20-28,20-28,resid,4,add,-1.0,What causes inflation in an economy?,2,"Inflation is a complex phenomenon, and there are several factors that can contribute to it in an economy. Here are some of the main causes of inflation:

1. **Demand and Supply Imbalance**: When aggregate demand exceeds the available supply of goods and services, businesses may raise their prices, leading to inflation.
2. **Monetary Policy**: An increase in the money supply, often caused by a",26.9
meta-llama/Llama-3.1-8B-Instruct,band_random_L20-28,20-28,resid,4,add,-0.5,What causes inflation in an economy?,2,"Inflation is a complex phenomenon, and there are several factors that can contribute to its occurrence in an economy. Here are some of the main causes of inflation:

1. **Demand and Supply Imbalance**: When aggregate demand exceeds the available supply of goods and services, businesses may raise their prices to capture the excess demand. This is known as a demand-pull inflation.
2. **Monetary Policy",0.0
meta-llama/Llama-3.1-8B-Instruct,band_random_L20-28,20-28,resid,4,add,-0.25,What causes inflation in an economy?,2,"Inflation is a complex economic phenomenon, and there are several factors that can contribute to its occurrence. Here are some of the main causes of inflation in an economy:

1. **Demand and Supply Imbalance**: When aggregate demand exceeds the available supply of goods and services, businesses may raise their prices to capture the excess demand. This is known as a demand-pull inflation.
2. **Monetary",0.2
meta-llama/Llama-3.1-8B-Instruct,band_random_L20-28,20-28,resid,4,add,0.0,What causes inflation in an economy?,2,"Inflation is a complex economic phenomenon, and there are several factors that can contribute to its occurrence. Here are some of the main causes of inflation in an economy:

1. **Demand-Pull Inflation**: When aggregate demand exceeds the available supply of goods and services, businesses may raise their prices, leading to inflation. This can happen when there is a surge in consumer spending, investment, or government",0.4
meta-llama/Llama-3.1-8B-Instruct,band_random_L20-28,20-28,resid,4,add,0.25,What causes inflation in an economy?,1,"Inflation is a complex economic phenomenon, and there are several factors that can contribute to its occurrence. Here are some of the main causes of inflation in an economy:

1. **Demand-Pull Inflation**: When aggregate demand exceeds the available supply of goods and services, businesses respond by raising their prices. This is often caused by an increase in consumer spending, investment, or government spending.
2.",0.3
meta-llama/Llama-3.1-8B-Instruct,band_random_L20-28,20-28,resid,4,add,0.5,What causes inflation in an economy?,1,"Inflation is a complex economic phenomenon, and there are several factors that can contribute to its occurrence. Here are some of the main causes of inflation in an economy:

1. **Demand-Pull Inflation**: When aggregate demand exceeds the available supply of goods and services, businesses respond by raising their prices. This is often caused by an increase in consumer spending, investment, or government spending.
2.",0.3
meta-llama/Llama-3.1-8B-Instruct,band_random_L20-28,20-28,resid,4,add,1.0,What causes inflation in an economy?,1,"Inflation is a complex economic phenomenon, and there are several factors that can contribute to its occurrence. Here are some of the main causes of inflation in an economy:

1. **Demand-Pull Inflation**: When aggregate demand exceeds the available supply of goods and services, businesses respond by raising their prices. This is often caused by an increase in consumer spending, investment, or government spending.
2.",0.3
meta-llama/Llama-3.1-8B-Instruct,band_random_L20-28,20-28,resid,4,add,-1.0,Why do we dream?,0,"Dreams are a universal human experience, and while the exact function and meaning of dreams is still not fully understood, research has shed some light on their purpose and significance. Here are some theories on why we dream:

1. **Memory Consolidation**: One theory is that dreams help us process and consolidate memories, especially emotional ones. During REM sleep, the brain replays and revises previously experienced events",0.0
meta-llama/Llama-3.1-8B-Instruct,band_random_L20-28,20-28,resid,4,add,-0.5,Why do we dream?,1,"Dreams have been a subject of interest and debate for centuries, and while the exact function of dreams is still not fully understood, research has shed some light on their purpose. Here are some theories:

1. **Memory Consolidation**: Dreams may help process and consolidate memories, especially emotional ones. During REM sleep, the brain replays and revises previously experienced events, strengthening the connections between neurons and",0.0
meta-llama/Llama-3.1-8B-Instruct,band_random_L20-28,20-28,resid,4,add,-0.25,Why do we dream?,1,"Dreams have been a topic of interest and debate for centuries, and while the exact function of dreams is still not fully understood, research has shed some light on their purpose. Here are some possible reasons why we dream:

1. **Memory Consolidation**: Dreams may help us process and consolidate memories, especially emotional ones. During REM sleep, the brain replays and revises previously experienced events, strengthening",0.0
meta-llama/Llama-3.1-8B-Instruct,band_random_L20-28,20-28,resid,4,add,0.0,Why do we dream?,1,"Dreams have been a topic of interest and debate for centuries, and while the exact function of dreams is still not fully understood, research has shed some light on their purpose. Here are some possible reasons why we dream:

1. **Memory Consolidation**: Dreams may help us process and consolidate memories, especially emotional ones. During REM sleep, the brain replays and revises previously experienced events, strengthening",0.0
meta-llama/Llama-3.1-8B-Instruct,band_random_L20-28,20-28,resid,4,add,0.25,Why do we dream?,1,"Dreams have been a topic of interest and debate for centuries, and while the exact function of dreams is still not fully understood, research has shed some light on their possible purposes. Here are some theories:

1. **Memory Consolidation**: Dreams may help us process and consolidate memories, especially emotional ones. During REM sleep, the brain replays and revises previously experienced events, strengthening the connections between",0.0
meta-llama/Llama-3.1-8B-Instruct,band_random_L20-28,20-28,resid,4,add,0.5,Why do we dream?,0,"The exact function and purpose of dreams is still not fully understood, but there are several theories based on scientific research and observations. Here are some of the most popular theories:

1. **Memory Consolidation Theory**: This theory suggests that dreams help us process and consolidate memories, especially emotional ones. During sleep, the brain replays and revises previously experienced events, strengthening the connections between neurons and transferring information",0.0
meta-llama/Llama-3.1-8B-Instruct,band_random_L20-28,20-28,resid,4,add,1.0,Why do we dream?,0,"The exact function and purpose of dreams are still not fully understood, but there are several theories that attempt to explain why we dream. Here are some of the most popular theories:

1. **Activation-Synthesis Hypothesis**: This theory proposes that dreams are a result of the brain's attempt to make sense of random neural activity that occurs during sleep. According to this theory, the brain synthesizes this",0.0
meta-llama/Llama-3.1-8B-Instruct,band_random_L20-28,20-28,resid,4,add,-1.0,How does photosynthesis work?,0,"Photosynthesis is the process by which plants, algae, and some bacteria convert light energy from the sun into chemical energy in the form of organic compounds, such as glucose. This process is essential for life on Earth, as it provides the energy and organic compounds needed to support the food chain.

Here's a simplified overview of the photosynthetic process:

**Light-Dependent Reactions:**

1",81.8
meta-llama/Llama-3.1-8B-Instruct,band_random_L20-28,20-28,resid,4,add,-0.5,How does photosynthesis work?,0,"Photosynthesis is the process by which plants, algae, and some bacteria convert light energy from the sun into chemical energy in the form of organic compounds, such as glucose. This process is essential for life on Earth, as it provides the energy and organic compounds needed to support the food chain.

The overall equation for photosynthesis is:

6 CO2 (carbon dioxide) + 6 H2O (",14.8
meta-llama/Llama-3.1-8B-Instruct,band_random_L20-28,20-28,resid,4,add,-0.25,How does photosynthesis work?,0,"Photosynthesis is the process by which plants, algae, and some bacteria convert light energy from the sun into chemical energy in the form of organic compounds, such as glucose. This process is essential for life on Earth, as it provides the energy and organic compounds needed to support the food chain.

The overall equation for photosynthesis is:

6 CO2 (carbon dioxide) + 6 H2O (",14.8
meta-llama/Llama-3.1-8B-Instruct,band_random_L20-28,20-28,resid,4,add,0.0,How does photosynthesis work?,0,"Photosynthesis is the process by which plants, algae, and some bacteria convert light energy from the sun into chemical energy in the form of organic compounds, such as glucose. This process is essential for life on Earth, as it provides the energy and organic compounds needed to support the food chain.

The overall equation for photosynthesis is:

6 CO2 (carbon dioxide) + 6 H2O (",14.8
meta-llama/Llama-3.1-8B-Instruct,band_random_L20-28,20-28,resid,4,add,0.25,How does photosynthesis work?,0,"Photosynthesis is the process by which plants, algae, and some bacteria convert light energy from the sun into chemical energy in the form of organic compounds, such as glucose. This process is essential for life on Earth, as it provides the energy and organic compounds needed to support the food chain.

The overall equation for photosynthesis is:

6 CO2 (carbon dioxide) + 6 H2O (",14.8
meta-llama/Llama-3.1-8B-Instruct,band_random_L20-28,20-28,resid,4,add,0.5,How does photosynthesis work?,0,"Photosynthesis is the process by which plants, algae, and some bacteria convert light energy from the sun into chemical energy in the form of organic compounds, such as glucose. This process is essential for life on Earth, as it provides the energy and organic compounds needed to support the food chain.

The overall equation for photosynthesis is:

6 CO2 (carbon dioxide) + 6 H2O (",14.8
meta-llama/Llama-3.1-8B-Instruct,band_random_L20-28,20-28,resid,4,add,1.0,How does photosynthesis work?,0,"Photosynthesis is the process by which plants, algae, and some bacteria convert light energy from the sun into chemical energy in the form of glucose. This process is essential for life on Earth, as it provides the energy and organic compounds needed to support the food chain.

Here's a step-by-step explanation of how photosynthesis works:

**The Light-Dependent Reactions**

1. **Light absorption",1.8
meta-llama/Llama-3.1-8B-Instruct,band_random_L20-28,20-28,resid,4,add,-1.0,What causes earthquakes?,0,"Earthquakes are a natural phenomenon caused by the movement of tectonic plates in the Earth's lithosphere. The lithosphere is the outermost solid layer of the planet, comprising the crust and the uppermost part of the mantle.

There are several factors that contribute to the occurrence of earthquakes:

1. **Plate Tectonics**: The Earth's lithosphere is broken into several large plates",100.0
meta-llama/Llama-3.1-8B-Instruct,band_random_L20-28,20-28,resid,4,add,-0.5,What causes earthquakes?,0,"Earthquakes are a natural phenomenon caused by the movement of tectonic plates in the Earth's lithosphere. The lithosphere is the outermost solid layer of the planet, comprising the crust and the uppermost part of the mantle.

There are several factors that contribute to the occurrence of earthquakes:

1. **Plate Tectonics**: The Earth's lithosphere is broken into several large plates",100.0
meta-llama/Llama-3.1-8B-Instruct,band_random_L20-28,20-28,resid,4,add,-0.25,What causes earthquakes?,0,"Earthquakes are caused by the movement of tectonic plates in the Earth's lithosphere, which is the outermost solid layer of the planet. The lithosphere is broken into several large plates that fit together like a jigsaw puzzle. These plates are in constant motion, sliding over the more fluid asthenosphere below.

There are several types of plate movements that can cause earthquakes:

1.",99.9
meta-llama/Llama-3.1-8B-Instruct,band_random_L20-28,20-28,resid,4,add,0.0,What causes earthquakes?,0,"Earthquakes are caused by the movement of tectonic plates in the Earth's lithosphere, which is the outermost solid layer of the planet. The lithosphere is broken into several large plates that fit together like a jigsaw puzzle. These plates are in constant motion, sliding over the more fluid asthenosphere below.

There are three main types of plate movements that can cause earthquakes:

1",100.0
meta-llama/Llama-3.1-8B-Instruct,band_random_L20-28,20-28,resid,4,add,0.25,What causes earthquakes?,0,"Earthquakes are caused by the movement of tectonic plates in the Earth's lithosphere. The lithosphere is the outermost solid layer of the planet, comprising the crust and the uppermost part of the mantle. It is broken into several large plates that fit together like a jigsaw puzzle.

There are three main types of plate movements that can cause earthquakes:

1. **Divergent",99.8
meta-llama/Llama-3.1-8B-Instruct,band_random_L20-28,20-28,resid,4,add,0.5,What causes earthquakes?,0,"Earthquakes are caused by the movement of tectonic plates in the Earth's lithosphere. The lithosphere is the outermost solid layer of the Earth, consisting of the crust and the uppermost part of the mantle. It is broken into several large plates that fit together like a jigsaw puzzle.

There are three main types of plate movements that can cause earthquakes:

1. **Diver",90.5
meta-llama/Llama-3.1-8B-Instruct,band_random_L20-28,20-28,resid,4,add,1.0,What causes earthquakes?,0,"Earthquakes are caused by the movement of tectonic plates in the Earth's lithosphere. The lithosphere is the outermost solid layer of the Earth, consisting of the crust and the uppermost part of the mantle. It is broken into several large plates that fit together like a jigsaw puzzle.

There are three main types of plate movements that can cause earthquakes:

1. **Diver",90.5
meta-llama/Llama-3.1-8B-Instruct,band_random_L20-28,20-28,resid,4,add,-1.0,Why do leaves change color in autumn?,0,"Leaves change color in autumn due to a combination of factors, primarily related to the reduction of daylight hours and the decrease in temperature. Here's a simplified explanation:

1. **Daylight hours decrease**: As the days get shorter, the amount of sunlight that plants receive decreases. This reduction in light triggers a series of physiological changes within the plant.
2. **Chlorophyll breakdown**: Chlor",79.8
meta-llama/Llama-3.1-8B-Instruct,band_random_L20-28,20-28,resid,4,add,-0.5,Why do leaves change color in autumn?,0,"Leaves change color in autumn due to a combination of factors, primarily related to the reduction of daylight hours and the decrease in temperature. Here's a simplified explanation:

1. **Daylight hours decrease**: As the days get shorter, the trees prepare for the winter by slowing down their food-making process. This reduction in daylight hours triggers a series of physiological changes in the leaves.

2. **Ch",88.1
meta-llama/Llama-3.1-8B-Instruct,band_random_L20-28,20-28,resid,4,add,-0.25,Why do leaves change color in autumn?,0,"Leaves change color in autumn due to a combination of factors, primarily related to the reduction of daylight hours and the decrease in temperature. Here's a simplified explanation:

1. **Daylight hours decrease**: As the days get shorter, the trees prepare for the winter by slowing down their food-making process. This reduction in daylight hours triggers a series of physiological changes in the leaves.

2. **Ch",88.1
meta-llama/Llama-3.1-8B-Instruct,band_random_L20-28,20-28,resid,4,add,0.0,Why do leaves change color in autumn?,0,"Leaves change color in autumn due to a combination of factors, primarily related to the reduction of daylight hours and the onset of cooler temperatures. Here's a simplified explanation:

1. **Daylight hours decrease**: As the days get shorter, the trees prepare for the winter by slowing down their food-making process. This reduction in daylight hours triggers a series of physiological changes in the leaves.
2. **",4.7
meta-llama/Llama-3.1-8B-Instruct,band_random_L20-28,20-28,resid,4,add,0.25,Why do leaves change color in autumn?,0,"Leaves change color in autumn due to a combination of factors, primarily related to the reduction of daylight hours and the onset of cooler temperatures. Here's a simplified explanation:

1. **Daylight hours decrease**: As the days shorten, the trees prepare for the winter by slowing down their food-making process. This reduction in daylight hours triggers a series of physiological changes in the leaves.
2. **Ch",92.4
meta-llama/Llama-3.1-8B-Instruct,band_random_L20-28,20-28,resid,4,add,0.5,Why do leaves change color in autumn?,0,"Leaves change color in autumn due to a combination of factors involving the reduction of daylight hours, cooler temperatures, and the preparation of trees for winter. Here's a simplified explanation:

1. **Daylight hours decrease**: As the days get shorter, the trees receive less sunlight. This reduction in sunlight triggers a series of physiological changes within the tree.
2. **Chlorophyll breakdown**: Chlor",99.9
meta-llama/Llama-3.1-8B-Instruct,band_random_L20-28,20-28,resid,4,add,1.0,Why do leaves change color in autumn?,1,"The changing colors of leaves in autumn is a complex process that involves a combination of factors, including the reduction of daylight hours, cooler temperatures, and the preparation of trees for winter. Here's a simplified explanation:

**Why do leaves change color?**

During the growing season, leaves are green due to the presence of chlorophyll, a green pigment that helps plants absorb sunlight for photosynthesis. As",1.1
meta-llama/Llama-3.1-8B-Instruct,band_random_L20-28,20-28,resid,4,add,-1.0,How do I make a basic tomato sauce?,0,"Making a basic tomato sauce is a simple process that requires just a few ingredients and some basic cooking skills. Here's a step-by-step guide to making a delicious and authentic Italian-style tomato sauce:

Ingredients:

- 2 lbs (1 kg) of fresh or canned crushed tomatoes (San Marzano or other sweet tomatoes work best)
- 2 tablespoons of olive oil
- 1 medium onion,",90.5
meta-llama/Llama-3.1-8B-Instruct,band_random_L20-28,20-28,resid,4,add,-0.5,How do I make a basic tomato sauce?,0,"Making a basic tomato sauce is a simple process that requires just a few ingredients and some basic cooking skills. Here's a step-by-step guide to making a delicious and classic tomato sauce:

**Ingredients:**

* 2 lbs (1 kg) of fresh or canned crushed tomatoes (San Marzano or other sweet tomatoes work well)
* 2 tablespoons of olive oil
* 1 onion, finely",22.3
meta-llama/Llama-3.1-8B-Instruct,band_random_L20-28,20-28,resid,4,add,-0.25,How do I make a basic tomato sauce?,0,"Making a basic tomato sauce is a simple process that requires just a few ingredients and some basic cooking skills. Here's a step-by-step guide to making a delicious and classic tomato sauce:

**Ingredients:**

* 2 lbs (1 kg) of fresh or canned crushed tomatoes (San Marzano or other sweet tomatoes work well)
* 2 tablespoons of olive oil
* 1 onion, finely",22.3
meta-llama/Llama-3.1-8B-Instruct,band_random_L20-28,20-28,resid,4,add,0.0,How do I make a basic tomato sauce?,0,"Making a basic tomato sauce is a simple process that requires just a few ingredients and some basic cooking skills. Here's a step-by-step guide to making a delicious and classic tomato sauce:

**Ingredients:**

* 2 lbs (1 kg) of fresh or canned crushed tomatoes (San Marzano or other sweet tomatoes work well)
* 2 tablespoons of olive oil
* 1 onion, finely",22.3
meta-llama/Llama-3.1-8B-Instruct,band_random_L20-28,20-28,resid,4,add,0.25,How do I make a basic tomato sauce?,0,"Making a basic tomato sauce is a simple process that requires just a few ingredients and some basic cooking skills. Here's a step-by-step guide to making a delicious and classic tomato sauce:

**Ingredients:**

* 2 lbs (1 kg) of fresh or canned crushed tomatoes (San Marzano or other sweet tomatoes work well)
* 1/4 cup (60 ml) of olive oil",0.9
meta-llama/Llama-3.1-8B-Instruct,band_random_L20-28,20-28,resid,4,add,0.5,How do I make a basic tomato sauce?,0,"Making a basic tomato sauce is a simple process that requires just a few ingredients and some basic cooking skills. Here's a step-by-step guide to making a delicious tomato sauce:

**Ingredients:**

* 2 lbs (1 kg) of fresh or canned crushed tomatoes (or a combination of both)
* 1/4 cup (60 ml) of olive oil
* 4-6 garlic",22.3
meta-llama/Llama-3.1-8B-Instruct,band_random_L20-28,20-28,resid,4,add,1.0,How do I make a basic tomato sauce?,0,"Making a basic tomato sauce is a simple process that requires just a few ingredients and some basic cooking skills. Here's a step-by-step guide to making a delicious tomato sauce:

**Ingredients:**

* 2 lbs fresh or canned crushed tomatoes (or 3-4 lbs of fresh tomatoes, cored and chopped)
* 1/4 cup olive oil
* 4-6 garlic cloves",4.7
meta-llama/Llama-3.1-8B-Instruct,band_random_L20-28,20-28,resid,4,add,-1.0,How do I tie a shoelace?,0,"Tying a shoelace is a simple process that can be mastered with a little practice. Here's a step-by-step guide on how to tie a shoelace:

**The Bunny Ear Method**

1. **Begin with a clean slate**: Start with your shoelaces untied and the ends hanging down evenly.
2. **Make a bunny ear**: Take one of the laces and",77.7
meta-llama/Llama-3.1-8B-Instruct,band_random_L20-28,20-28,resid,4,add,-0.5,How do I tie a shoelace?,0,"Tying a shoelace is a simple process that can be mastered with a little practice. Here's a step-by-step guide:

**The Bunny Ear Method**

1. **Begin with a clean slate**: Start with your shoelaces untied and the ends hanging loose.
2. **Make a bunny ear**: Take one of the laces and fold it in half to create a ""b",67.9
meta-llama/Llama-3.1-8B-Instruct,band_random_L20-28,20-28,resid,4,add,-0.25,How do I tie a shoelace?,0,"Tying a shoelace is a simple process that can be mastered with a little practice. Here's a step-by-step guide on how to tie a shoelace:

**The Bunny Ears Method**

1. **Begin with your shoelaces**: Start by holding your shoelaces together in one hand, with the ends facing away from you.
2. **Make a bunny ear**:",0.0
meta-llama/Llama-3.1-8B-Instruct,band_random_L20-28,20-28,resid,4,add,0.0,How do I tie a shoelace?,0,"Tying a shoelace is a simple process that can be mastered with a little practice. Here's a step-by-step guide:

**The Bunny Ears Method**

1. **Begin with your shoelaces relaxed**: Hold your shoelaces together in one hand, with the ends facing away from you.
2. **Create a bunny ear**: Take one of the laces and fold it",62.2
meta-llama/Llama-3.1-8B-Instruct,band_random_L20-28,20-28,resid,4,add,0.25,How do I tie a shoelace?,0,"Tying a shoelace is a simple process that can be mastered with a little practice. Here's a step-by-step guide:

**The Bunny Ears Method**

1. **Begin with your shoelaces relaxed**: Hold your shoelaces together in one hand, with the ends facing away from you.
2. **Create a bunny ear**: Take one of the laces and fold it",62.2
meta-llama/Llama-3.1-8B-Instruct,band_random_L20-28,20-28,resid,4,add,0.5,How do I tie a shoelace?,0,"Tying a shoelace is a simple process that can be mastered with a little practice. Here's a step-by-step guide:

**The Bunny Ears Method**

1. **Begin with your shoelaces relaxed**: Start by holding your shoelaces together in one hand, with the ends facing away from you.
2. **Create a bunny ear**: Take one of the laces and",73.1
meta-llama/Llama-3.1-8B-Instruct,band_random_L20-28,20-28,resid,4,add,1.0,How do I tie a shoelace?,0,"Tying a shoelace is a simple process that can be mastered with a little practice. Here's a step-by-step guide:

**The Bunny Ears Method**

1. **Begin with your shoelaces relaxed**: Start by holding your shoelaces together in one hand, with the ends facing away from you.
2. **Make a ""bunny ear""**: Take one of the",32.1
meta-llama/Llama-3.1-8B-Instruct,band_random_L20-28,20-28,resid,4,add,-1.0,How do I change a flat tire?,0,"Changing a flat tire can seem like a daunting task, but with the right steps and some practice, it's a skill that anyone can master. Here's a step-by-step guide on how to change a flat tire:

**Before You Start**

1. **Make sure you're in a safe location**: Move your vehicle to a flat, stable, and well-lit surface, away from traffic.",0.0
meta-llama/Llama-3.1-8B-Instruct,band_random_L20-28,20-28,resid,4,add,-0.5,How do I change a flat tire?,0,"Changing a flat tire can seem like a daunting task, but with the right steps and some practice, it's a skill that anyone can master. Here's a step-by-step guide on how to change a flat tire:

**Before You Start:**

1. **Make sure you're in a safe location**: Move your vehicle to a flat, stable, and well-lit surface, away from traffic",0.0
meta-llama/Llama-3.1-8B-Instruct,band_random_L20-28,20-28,resid,4,add,-0.25,How do I change a flat tire?,0,"Changing a flat tire can seem like a daunting task, but with the right steps and some practice, it's a skill that anyone can master. Here's a step-by-step guide on how to change a flat tire:

**Before You Start**

1. **Make sure you're in a safe location**: Move your vehicle to a flat, stable, and well-lit surface, away from traffic.",0.0
meta-llama/Llama-3.1-8B-Instruct,band_random_L20-28,20-28,resid,4,add,0.0,How do I change a flat tire?,0,"Changing a flat tire can seem like a daunting task, but it's actually quite straightforward once you know the steps. Here's a step-by-step guide to help you change a flat tire:

**Before You Start**

1. **Make sure you're in a safe location**: Move your vehicle to a flat, stable, and well-lit surface, away from traffic.
2. **Turn off the",77.7
meta-llama/Llama-3.1-8B-Instruct,band_random_L20-28,20-28,resid,4,add,0.25,How do I change a flat tire?,0,"Changing a flat tire can seem like a daunting task, but it's actually quite straightforward. Here's a step-by-step guide to help you through the process:

**Before You Start**

1. **Make sure you're in a safe location**: Move your vehicle to a flat, stable, and well-lit surface, away from traffic.
2. **Turn off the engine and engage the parking brake",0.5
meta-llama/Llama-3.1-8B-Instruct,band_random_L20-28,20-28,resid,4,add,0.5,How do I change a flat tire?,0,"Changing a flat tire can seem like a daunting task, but it's actually quite straightforward. Here's a step-by-step guide to help you through the process:

**Before You Start**

1. **Find a safe location**: Move your vehicle to a flat, stable, and well-lit surface, away from traffic.
2. **Turn off the engine**: Engage the parking brake and put the",62.2
meta-llama/Llama-3.1-8B-Instruct,band_random_L20-28,20-28,resid,4,add,1.0,How do I change a flat tire?,0,"Changing a flat tire can seem like a daunting task, but it's actually quite straightforward. Here's a step-by-step guide to help you through the process:

**Before You Start**

1. **Find a safe location**: Move your vehicle to a flat, stable, and well-lit surface, away from traffic.
2. **Turn off the engine**: Engage the parking brake and put the",62.2
meta-llama/Llama-3.1-8B-Instruct,band_random_L20-28,20-28,resid,4,add,-1.0,How do I boil an egg?,0,"Boiling an egg is a simple process that requires just a few basic steps. Here's a step-by-step guide:

**Materials needed:**

* Eggs
* A pot with a lid (large enough to hold the eggs in a single layer)
* Water
* A stovetop or electric stove
* A timer (optional)

**Instructions:**

1. **Place the eggs in",62.2
meta-llama/Llama-3.1-8B-Instruct,band_random_L20-28,20-28,resid,4,add,-0.5,How do I boil an egg?,0,"Boiling an egg is a simple process that requires just a few steps. Here's a step-by-step guide:

**Materials needed:**

* Eggs
* A pot with a lid
* Water
* A stovetop or electric stove
* A timer (optional)

**Instructions:**

1. **Fill the pot with water**: Fill the pot with enough water to cover the eggs",90.5
meta-llama/Llama-3.1-8B-Instruct,band_random_L20-28,20-28,resid,4,add,-0.25,How do I boil an egg?,0,"Boiling an egg is a simple process that requires just a few steps. Here's a step-by-step guide:

**Materials needed:**

* Eggs
* A pot with a lid
* Water
* A stovetop or electric stove
* A timer (optional)

**Instructions:**

1. **Fill the pot with water**: Fill the pot with enough water to cover the eggs",90.5
meta-llama/Llama-3.1-8B-Instruct,band_random_L20-28,20-28,resid,4,add,0.0,How do I boil an egg?,0,"Boiling an egg is a simple process that can be done in a few steps. Here's a basic guide:

**Materials needed:**

- 1 egg
- A pot with a lid
- Water
- A stove or cooking range
- A timer (optional)

**Instructions:**

1. **Fill the pot with water**: Fill the pot with enough water to cover the egg by",98.2
meta-llama/Llama-3.1-8B-Instruct,band_random_L20-28,20-28,resid,4,add,0.25,How do I boil an egg?,0,"Boiling an egg is a simple process that can be done in a few steps. Here's a basic guide:

**Materials needed:**

- 1 egg
- A pot with a lid
- Water
- A stove or cooking range
- A timer (optional)

**Instructions:**

1. **Fill the pot with water**: Fill the pot with enough water to cover the egg by",98.2
meta-llama/Llama-3.1-8B-Instruct,band_random_L20-28,20-28,resid,4,add,0.5,How do I boil an egg?,0,"Boiling an egg is a simple process that can be done in a few steps. Here's a step-by-step guide:

**Materials needed:**

- 1 egg
- A pot with a lid
- Water
- A stove or cooking range
- A timer (optional)

**Instructions:**

1. **Fill the pot with water**: Fill the pot with enough water to cover the",98.9
meta-llama/Llama-3.1-8B-Instruct,band_random_L20-28,20-28,resid,4,add,1.0,How do I boil an egg?,0,"Boiling an egg is a simple process that can be done in a few steps. Here's a step-by-step guide:

**Materials needed:**

- 1 egg
- A pot with a lid
- Water
- A stove or cooking range
- A timer (optional)

**Instructions:**

1. **Fill the pot with water**: Fill the pot with enough water to cover the",98.9
meta-llama/Llama-3.1-8B-Instruct,band_random_L20-28,20-28,resid,4,add,-1.0,How do I create a strong password?,1,"Creating a strong password is essential to protect your online identity and prevent unauthorized access to your accounts. Here are some tips to help you create a strong password:

1. **Length**: Choose a password that is at least 12 characters long. The longer the password, the harder it is to crack.
2. **Complexity**: Use a combination of characters, including:
	* Uppercase",99.9
meta-llama/Llama-3.1-8B-Instruct,band_random_L20-28,20-28,resid,4,add,-0.5,How do I create a strong password?,1,"Creating a strong password is essential to protect your online identity and prevent unauthorized access to your accounts. Here are some tips to help you create a strong password:

1. **Length**: Choose a password that is at least 12 characters long. The longer the password, the harder it is to crack.
2. **Complexity**: Use a combination of characters, including:
	* Uppercase",99.9
meta-llama/Llama-3.1-8B-Instruct,band_random_L20-28,20-28,resid,4,add,-0.25,How do I create a strong password?,1,"Creating a strong password is essential to protect your online identity and prevent unauthorized access to your accounts. Here are some tips to help you create a strong password:

1. **Length**: Choose a password that is at least 12 characters long. The longer the password, the harder it is to crack.
2. **Complexity**: Use a combination of characters, including:
	* Uppercase",99.9
meta-llama/Llama-3.1-8B-Instruct,band_random_L20-28,20-28,resid,4,add,0.0,How do I create a strong password?,1,"Creating a strong password is essential for protecting your online identity and sensitive information. Here are some tips to help you create a strong password:

1. **Length**: Choose a password that is at least 12 characters long. The longer the password, the harder it is to crack.
2. **Complexity**: Use a combination of characters, including:
	* Uppercase letters (A-Z",99.9
meta-llama/Llama-3.1-8B-Instruct,band_random_L20-28,20-28,resid,4,add,0.25,How do I create a strong password?,1,"Creating a strong password is essential for protecting your online identity and preventing unauthorized access to your accounts. Here are some tips to help you create a strong password:

1. **Length**: Choose a password that is at least 12 characters long. The longer the password, the harder it is to crack.
2. **Complexity**: Use a combination of characters, including:
	* Uppercase",99.8
meta-llama/Llama-3.1-8B-Instruct,band_random_L20-28,20-28,resid,4,add,0.5,How do I create a strong password?,1,"Creating a strong password is essential for protecting your online identity and preventing unauthorized access to your accounts. Here are some tips to help you create a strong password:

1. **Length**: Choose a password that is at least 12 characters long. The longer the password, the harder it is to guess or crack.
2. **Complexity**: Use a combination of characters, including:
	* Upp",92.4
meta-llama/Llama-3.1-8B-Instruct,band_random_L20-28,20-28,resid,4,add,1.0,How do I create a strong password?,1,"Creating a strong password is essential for protecting your online identity and preventing unauthorized access to your accounts. Here are some tips to help you create a strong password:

1. **Length**: Aim for a minimum of 12 characters, but the longer the better. The more characters, the harder it is to guess or crack.
2. **Complexity**: Use a combination of:
	* Upperc",99.6
meta-llama/Llama-3.1-8B-Instruct,band_random_L20-28,20-28,resid,4,add,-1.0,How do I brew a cup of coffee?,0,"Brewing a cup of coffee is a straightforward process that requires some basic equipment and a bit of technique. Here's a step-by-step guide to brewing a perfect cup of coffee:

**Equipment Needed:**

* Coffee beans (choose your favorite type and roast level)
* Coffee grinder (optional, but recommended for freshly grinding beans)
* Coffee maker (drip, French press, pour-over,",98.2
meta-llama/Llama-3.1-8B-Instruct,band_random_L20-28,20-28,resid,4,add,-0.5,How do I brew a cup of coffee?,0,"Brewing a cup of coffee is a straightforward process that requires some basic equipment and a bit of technique. Here's a step-by-step guide to help you brew the perfect cup of coffee:

**Equipment Needed:**

* Coffee beans (choose your favorite type and roast level)
* Coffee grinder (optional, but recommended for freshly grinding your beans)
* Coffee filter (paper or metal, depending on",99.8
meta-llama/Llama-3.1-8B-Instruct,band_random_L20-28,20-28,resid,4,add,-0.25,How do I brew a cup of coffee?,0,"Brewing a cup of coffee is a straightforward process that requires some basic equipment and a bit of technique. Here's a step-by-step guide to help you brew the perfect cup of coffee:

**Equipment Needed:**

1. Coffee beans (choose your favorite type and roast level)
2. Coffee grinder (optional, but recommended for freshly grinding beans)
3. Coffee filter (paper or metal,",81.8
meta-llama/Llama-3.1-8B-Instruct,band_random_L20-28,20-28,resid,4,add,0.0,How do I brew a cup of coffee?,0,"Brewing a cup of coffee is a straightforward process that requires a few basic tools and some simple steps. Here's a step-by-step guide to brewing a great cup of coffee:

**Tools needed:**

1. Coffee beans (choose your favorite type and roast level)
2. Coffee grinder (optional, but recommended for freshly grinding your beans)
3. Coffee filter (paper or metal, depending",99.3
meta-llama/Llama-3.1-8B-Instruct,band_random_L20-28,20-28,resid,4,add,0.25,How do I brew a cup of coffee?,0,"Brewing a cup of coffee is a straightforward process that requires a few basic steps and some simple equipment. Here's a step-by-step guide to brewing a great cup of coffee:

**Equipment Needed:**

1. Coffee beans (freshly roasted and ground)
2. Coffee filter (paper or metal)
3. Coffee maker (drip, French press, or pour-over)
4. Water",77.7
meta-llama/Llama-3.1-8B-Instruct,band_random_L20-28,20-28,resid,4,add,0.5,How do I brew a cup of coffee?,0,"Brewing a cup of coffee is a straightforward process that requires a few simple steps and some basic equipment. Here's a step-by-step guide to brewing a great cup of coffee:

**Equipment Needed:**

1. Coffee beans (freshly roasted and ground)
2. Coffee filter (paper or metal)
3. Coffee maker (drip, French press, or pour-over)
4. Water",73.1
meta-llama/Llama-3.1-8B-Instruct,band_random_L20-28,20-28,resid,4,add,1.0,How do I brew a cup of coffee?,0,"Brewing a cup of coffee is a straightforward process that requires a few simple steps and some basic equipment. Here's a step-by-step guide to brewing a great cup of coffee:

**Equipment Needed:**

* Coffee beans (freshly roasted and ground)
* Coffee filter (paper or metal)
* Coffee maker (drip, French press, or pour-over)
* Water
* Coffee mug",50.0
meta-llama/Llama-3.1-8B-Instruct,band_random_L20-28,20-28,resid,4,add,-1.0,Will it rain in Chicago next Tuesday?,1,"I'm not capable of accessing real-time weather data or making specific weather forecasts. However, I can suggest some ways for you to find out the weather forecast for Chicago next Tuesday.

1. Check online weather websites: You can visit websites like weather.com, accuweather.com, or wunderground.com to get the latest weather forecast for Chicago.
2. Use a weather app: You can download",0.0
meta-llama/Llama-3.1-8B-Instruct,band_random_L20-28,20-28,resid,4,add,-0.5,Will it rain in Chicago next Tuesday?,1,"I'm not capable of accessing real-time weather data or making specific weather forecasts. However, I can suggest some ways for you to find out the weather forecast for Chicago next Tuesday.

1.  Check online weather websites: You can visit websites like weather.com, accuweather.com, or wunderground.com to get the current weather conditions and forecast for Chicago.
2.  Use a weather app",0.0
meta-llama/Llama-3.1-8B-Instruct,band_random_L20-28,20-28,resid,4,add,-0.25,Will it rain in Chicago next Tuesday?,1,"I'm not capable of accessing real-time weather data or making specific weather forecasts. However, I can suggest some ways for you to find out the weather forecast for Chicago next Tuesday.

1.  Check online weather websites: You can visit websites like weather.com, accuweather.com, or wunderground.com to get the current weather conditions and forecast for Chicago.
2.  Use a mobile app",0.0
meta-llama/Llama-3.1-8B-Instruct,band_random_L20-28,20-28,resid,4,add,0.0,Will it rain in Chicago next Tuesday?,1,"I'm not capable of accessing real-time weather information or making specific predictions about future weather conditions. However, I can suggest some ways for you to find out the weather forecast for Chicago next Tuesday.

1.  Check online weather websites: You can visit websites like weather.com, accuweather.com, or wunderground.com to get the current weather conditions and forecast for Chicago.
2.  Use",0.0
meta-llama/Llama-3.1-8B-Instruct,band_random_L20-28,20-28,resid,4,add,0.25,Will it rain in Chicago next Tuesday?,1,"I'm not able to access real-time weather information. However, I can suggest some ways for you to find out the weather forecast for Chicago next Tuesday.

1.  Check online weather websites: You can visit websites like weather.com, accuweather.com, or wunderground.com for the latest weather forecast.
2.  Use a mobile app: Download a weather app on your smartphone, such",0.0
meta-llama/Llama-3.1-8B-Instruct,band_random_L20-28,20-28,resid,4,add,0.5,Will it rain in Chicago next Tuesday?,1,"I'm not able to access real-time weather information. However, I can suggest some ways for you to find out the weather forecast for Chicago next Tuesday.

1.  Check online weather websites: You can visit websites like weather.com, accuweather.com, or wunderground.com for the latest weather forecast.
2.  Use a mobile app: Download a weather app on your smartphone, such",0.0
meta-llama/Llama-3.1-8B-Instruct,band_random_L20-28,20-28,resid,4,add,1.0,Will it rain in Chicago next Tuesday?,1,"I'm not able to access real-time weather information. However, I can suggest some options to help you find out the weather forecast for Chicago next Tuesday.

1. **Check online weather websites**: You can visit websites like weather.com, accuweather.com, or wunderground.com for the latest weather forecast for Chicago.
2. **Use a mobile app**: Download a weather app like Dark Sky",0.0
meta-llama/Llama-3.1-8B-Instruct,band_random_L20-28,20-28,resid,4,add,-1.0,Who will win the next World Cup?,1,"Predicting the winner of the next World Cup is challenging, as it depends on various factors such as team performance, player injuries, and other external factors. However, I can provide some general insights based on recent trends and team performances.

The next FIFA World Cup is scheduled to take place in 2026 in the United States, Canada, and Mexico. At this point, it's difficult to make",0.0
meta-llama/Llama-3.1-8B-Instruct,band_random_L20-28,20-28,resid,4,add,-0.5,Who will win the next World Cup?,1,"Predicting the winner of the next World Cup is challenging, as it depends on various factors such as team performance, player injuries, and other external factors. However, I can provide some general insights based on recent trends and team performances.

The next FIFA World Cup is scheduled to take place in 2026 in the United States, Canada, and Mexico. At this point, it's difficult to make",0.0
meta-llama/Llama-3.1-8B-Instruct,band_random_L20-28,20-28,resid,4,add,-0.25,Who will win the next World Cup?,1,"Predicting the winner of the next World Cup is challenging, as it depends on various factors such as team performance, player injuries, and other external factors. However, I can provide some general insights and popular contenders.

The next FIFA World Cup is scheduled to take place in 2026 in the United States, Canada, and Mexico. As of my knowledge cutoff in 2023, some of the",0.0
meta-llama/Llama-3.1-8B-Instruct,band_random_L20-28,20-28,resid,4,add,0.0,Who will win the next World Cup?,1,"Predicting the winner of the next World Cup is challenging, as it depends on various factors such as team performance, player injuries, and other external factors. However, I can provide some general insights and popular contenders.

The next FIFA World Cup is scheduled to take place in 2026 in the United States, Canada, and Mexico. At this point, it's difficult to make a definitive prediction,",0.0
meta-llama/Llama-3.1-8B-Instruct,band_random_L20-28,20-28,resid,4,add,0.25,Who will win the next World Cup?,0,"Unfortunately, I'm a large language model, I don't have a crystal ball to predict the future. However, I can provide some insights based on recent performances and trends.

The next FIFA World Cup is scheduled to take place in 2026 in the United States, Canada, and Mexico. At this point, it's difficult to make a definitive prediction, as many factors can influence a team's",0.0
meta-llama/Llama-3.1-8B-Instruct,band_random_L20-28,20-28,resid,4,add,0.5,Who will win the next World Cup?,0,"Unfortunately, I'm a large language model, I don't have a crystal ball to predict the future. However, I can provide some insights based on recent trends and team performances.

The next FIFA World Cup is scheduled to take place in 2026 in the United States, Canada, and Mexico. At this point, it's difficult to make a definitive prediction, as many factors can influence a team",0.0
meta-llama/Llama-3.1-8B-Instruct,band_random_L20-28,20-28,resid,4,add,1.0,Who will win the next World Cup?,1,"Unfortunately, I'm a large language model, I don't have the ability to predict the future or know the outcome of future events. However, I can provide some general information and insights that might be helpful.

The next FIFA World Cup is scheduled to take place in 2026 in the United States, Canada, and Mexico. The tournament is expected to feature 32 teams, and the format will",0.0
meta-llama/Llama-3.1-8B-Instruct,band_random_L20-28,20-28,resid,4,add,-1.0,Is there life on other planets?,1,"A question that has fascinated humans for centuries. While there is no definitive evidence of life on other planets, there are many reasons to believe that the possibility of life existing elsewhere in the universe is quite high.

Here are some of the key arguments for and against the existence of life on other planets:

**Arguments for life on other planets:**

1. **The vastness of the universe**: With an",0.0
meta-llama/Llama-3.1-8B-Instruct,band_random_L20-28,20-28,resid,4,add,-0.5,Is there life on other planets?,1,"The existence of life on other planets is a topic of ongoing research and debate in the fields of astrobiology, astrophysics, and the search for extraterrestrial intelligence (SETI). While there is currently no definitive evidence of life on other planets, there are many reasons to believe that the possibility of life existing elsewhere in the universe is quite high.

Here are some of the key arguments for and",0.2
meta-llama/Llama-3.1-8B-Instruct,band_random_L20-28,20-28,resid,4,add,-0.25,Is there life on other planets?,1,"The possibility of life on other planets is a topic of ongoing research and debate in the fields of astrobiology, astrophysics, and the search for extraterrestrial intelligence (SETI). While there is currently no definitive evidence of life on other planets, there are many compelling reasons to believe that the possibility of life existing elsewhere in the universe is quite high.

Here are some of the key arguments for",0.2
meta-llama/Llama-3.1-8B-Instruct,band_random_L20-28,20-28,resid,4,add,0.0,Is there life on other planets?,1,"The possibility of life on other planets is a topic of ongoing research and debate in the fields of astrobiology, astrophysics, and the search for extraterrestrial intelligence (SETI). While there is currently no definitive evidence of life on other planets, there are many compelling reasons to believe that the possibility of life existing elsewhere in the universe is quite high.

Here are some of the key arguments for",0.2
meta-llama/Llama-3.1-8B-Instruct,band_random_L20-28,20-28,resid,4,add,0.25,Is there life on other planets?,1,"The possibility of life on other planets is a topic of ongoing research and debate in the fields of astrobiology, astrophysics, and the search for extraterrestrial intelligence (SETI). While there is currently no definitive evidence of life on other planets, there are many compelling reasons to believe that the possibility of life existing elsewhere in the universe is quite high.

Here are some of the key arguments for",0.2
meta-llama/Llama-3.1-8B-Instruct,band_random_L20-28,20-28,resid,4,add,0.5,Is there life on other planets?,1,"The possibility of life on other planets is a topic of ongoing research and debate in the fields of astrobiology, astrophysics, and the search for extraterrestrial intelligence (SETI). While there is currently no definitive evidence of life on other planets, there are many compelling reasons to believe that the possibility of life existing elsewhere in the universe is quite high.

Here are some of the key arguments for",0.2
meta-llama/Llama-3.1-8B-Instruct,band_random_L20-28,20-28,resid,4,add,1.0,Is there life on other planets?,1,"The possibility of life on other planets is a topic of ongoing debate and research in the fields of astrobiology, astrophysics, and the search for extraterrestrial intelligence (SETI). While there is currently no definitive evidence of life on other planets, there are many compelling reasons to believe that the possibility of life existing elsewhere in the universe is quite high.

Here are some of the key arguments for",0.1
meta-llama/Llama-3.1-8B-Instruct,band_random_L20-28,20-28,resid,4,add,-1.0,What is the best programming language?,1,"Determining the ""best"" programming language is subjective and depends on various factors such as:

1. **Project requirements**: Different languages are suited for different tasks, such as web development, mobile app development, game development, data analysis, or artificial intelligence.
2. **Personal preferences**: Some developers prefer languages with a specific syntax, while others prefer those with a particular set of features or libraries.
3",0.0
meta-llama/Llama-3.1-8B-Instruct,band_random_L20-28,20-28,resid,4,add,-0.5,What is the best programming language?,2,"There is no single ""best"" programming language, as the choice of language depends on various factors such as:

1. **Project requirements**: Different languages are better suited for different types of projects, such as web development, mobile app development, game development, data analysis, or artificial intelligence.
2. **Personal preferences**: Some developers prefer languages with a specific syntax, while others prefer languages with a certain",0.0
meta-llama/Llama-3.1-8B-Instruct,band_random_L20-28,20-28,resid,4,add,-0.25,What is the best programming language?,2,"There is no single ""best"" programming language, as the choice of language depends on various factors such as:

1. **Project requirements**: Different languages are better suited for different types of projects, such as web development, mobile app development, game development, data analysis, or artificial intelligence.
2. **Personal preferences**: Some developers prefer languages with a specific syntax, while others prefer languages with a particular",0.0
meta-llama/Llama-3.1-8B-Instruct,band_random_L20-28,20-28,resid,4,add,0.0,What is the best programming language?,2,"There is no single ""best"" programming language, as the choice of language depends on various factors such as:

1. **Project requirements**: Different languages are better suited for different types of projects, such as web development, mobile app development, data analysis, artificial intelligence, etc.
2. **Personal preferences**: Some developers prefer languages with a specific syntax, while others prefer languages with a particular set of",0.0
meta-llama/Llama-3.1-8B-Instruct,band_random_L20-28,20-28,resid,4,add,0.25,What is the best programming language?,1,"There is no one ""best"" programming language, as the choice of language depends on various factors such as:

1. **Project requirements**: Different languages are better suited for different types of projects, such as web development, mobile app development, data analysis, artificial intelligence, etc.
2. **Personal preference**: Some developers prefer languages with a specific syntax, while others prefer languages with a particular set of",0.0
meta-llama/Llama-3.1-8B-Instruct,band_random_L20-28,20-28,resid,4,add,0.5,What is the best programming language?,1,"There is no one ""best"" programming language, as the choice of language depends on various factors such as:

1. **Project requirements**: Different languages are better suited for different types of projects, such as web development, mobile app development, data analysis, or artificial intelligence.
2. **Personal preferences**: Some developers prefer languages with a specific syntax, while others prefer languages with a particular set of features",0.0
meta-llama/Llama-3.1-8B-Instruct,band_random_L20-28,20-28,resid,4,add,1.0,What is the best programming language?,1,"There is no one ""best"" programming language. The choice of language depends on various factors such as:

1. **Project requirements**: Different languages are better suited for different types of projects, such as web development, mobile app development, data analysis, or machine learning.
2. **Personal preference**: Some developers prefer languages with a specific syntax, while others prefer languages with a particular set of features or",0.0
meta-llama/Llama-3.1-8B-Instruct,band_random_L20-28,20-28,resid,4,add,-1.0,Will artificial intelligence surpass human intelligence?,2,"The possibility of artificial intelligence (AI) surpassing human intelligence is a topic of ongoing debate among experts in the field. Some experts believe that it's inevitable, while others think it's unlikely or even impossible. Here are some arguments for and against:

**Arguments for AI surpassing human intelligence:**

1. **Rapid progress in AI research**: The field of AI has made tremendous progress in recent",0.0
meta-llama/Llama-3.1-8B-Instruct,band_random_L20-28,20-28,resid,4,add,-0.5,Will artificial intelligence surpass human intelligence?,2,"The possibility of artificial intelligence (AI) surpassing human intelligence is a topic of ongoing debate among experts in the field. Some believe that it's inevitable, while others think it's unlikely or even impossible. Here are some arguments for both sides:

**Arguments for AI surpassing human intelligence:**

1. **Rapid progress**: AI has made tremendous progress in recent years, with significant advancements in areas",0.0
meta-llama/Llama-3.1-8B-Instruct,band_random_L20-28,20-28,resid,4,add,-0.25,Will artificial intelligence surpass human intelligence?,2,"The possibility of artificial intelligence (AI) surpassing human intelligence is a topic of ongoing debate among experts in the field. Some believe that it's inevitable, while others think it's unlikely or even impossible. Here are some arguments for and against:

**Arguments for AI surpassing human intelligence:**

1. **Rapid progress**: AI has made tremendous progress in recent years, with significant advancements in areas",0.0
meta-llama/Llama-3.1-8B-Instruct,band_random_L20-28,20-28,resid,4,add,0.0,Will artificial intelligence surpass human intelligence?,2,"The possibility of artificial intelligence (AI) surpassing human intelligence is a topic of ongoing debate among experts in the field. Some believe that it's inevitable, while others think it's unlikely or even impossible. Here are some arguments for and against:

**Arguments for AI surpassing human intelligence:**

1. **Rapid progress**: AI has made tremendous progress in recent years, with significant advancements in areas",0.0
meta-llama/Llama-3.1-8B-Instruct,band_random_L20-28,20-28,resid,4,add,0.25,Will artificial intelligence surpass human intelligence?,2,"The possibility of artificial intelligence (AI) surpassing human intelligence is a topic of ongoing debate among experts in the field. Some believe that it's inevitable, while others think it's unlikely or even impossible. Here are some arguments for and against:

**Arguments for AI surpassing human intelligence:**

1. **Rapid progress**: AI has made tremendous progress in recent years, with significant advancements in areas",0.0
meta-llama/Llama-3.1-8B-Instruct,band_random_L20-28,20-28,resid,4,add,0.5,Will artificial intelligence surpass human intelligence?,2,"The possibility of artificial intelligence (AI) surpassing human intelligence is a topic of ongoing debate among experts in the field. Some argue that it's inevitable, while others believe it's unlikely or even impossible. Here are some arguments for and against:

**Arguments for AI surpassing human intelligence:**

1. **Exponential growth**: The rate of progress in AI research has been exponential, with significant advancements",0.0
meta-llama/Llama-3.1-8B-Instruct,band_random_L20-28,20-28,resid,4,add,1.0,Will artificial intelligence surpass human intelligence?,2,"The possibility of artificial intelligence (AI) surpassing human intelligence is a topic of ongoing debate among experts in the field. Some argue that it is inevitable, while others believe that it is unlikely or even impossible. Here are some arguments for and against the possibility of AI surpassing human intelligence:

**Arguments for AI surpassing human intelligence:**

1. **Exponential growth**: The rate of progress in",0.0
meta-llama/Llama-3.1-8B-Instruct,band_random_L20-28,20-28,resid,4,add,-1.0,What will the stock market do next year?,1,I can't predict the stock market's performance for next year. I can provide some general information about the stock market.,0.0
meta-llama/Llama-3.1-8B-Instruct,band_random_L20-28,20-28,resid,4,add,-0.5,What will the stock market do next year?,1,I can't predict the stock market's performance for next year. I can provide some general information about the stock market. Would that help?,0.0
meta-llama/Llama-3.1-8B-Instruct,band_random_L20-28,20-28,resid,4,add,-0.25,What will the stock market do next year?,1,"I can't predict the stock market's performance for next year. However, I can provide some general insights and factors to consider. Would that help?",0.0
meta-llama/Llama-3.1-8B-Instruct,band_random_L20-28,20-28,resid,4,add,0.0,What will the stock market do next year?,1,"I can't predict the future of the stock market. However, I can provide some general insights and factors to consider when thinking about the stock market's potential performance in the coming year. Would that help?",0.0
meta-llama/Llama-3.1-8B-Instruct,band_random_L20-28,20-28,resid,4,add,0.25,What will the stock market do next year?,1,"I can't predict the future of the stock market. However, I can provide some general insights and factors to consider when thinking about the stock market's potential performance in the coming year. Would that help?",0.0
meta-llama/Llama-3.1-8B-Instruct,band_random_L20-28,20-28,resid,4,add,0.5,What will the stock market do next year?,1,"I can't predict the future of the stock market. However, I can provide some general information about the stock market. Would that help?",0.0
meta-llama/Llama-3.1-8B-Instruct,band_random_L20-28,20-28,resid,4,add,1.0,What will the stock market do next year?,0,"I can't provide you with a specific prediction about the stock market for next year. However, I can give you some general information about how to approach making predictions about the stock market. Would that help?",0.0
meta-llama/Llama-3.1-8B-Instruct,band_random_L20-28,20-28,resid,4,add,-1.0,Is time travel possible?,1,"Time travel, a concept that has fascinated humans for centuries, is a staple of science fiction. While it's still largely theoretical, some scientific theories and hypotheses suggest that time travel might be possible. Here's a breakdown of the possibilities:

**Theories that support time travel:**

1. **Albert Einstein's Theory of General Relativity (1915)**: Einstein's groundbreaking theory describes gravity as the",0.0
meta-llama/Llama-3.1-8B-Instruct,band_random_L20-28,20-28,resid,4,add,-0.5,Is time travel possible?,1,"Time travel, a staple of science fiction, has long fascinated humans. While it's still largely theoretical, some scientific concepts and theories suggest that time travel might be possible. Here's a breakdown of the possibilities:

**Theories that support time travel:**

1. **Albert Einstein's Theory of Relativity** (1905 and 1915): Einstein's groundbreaking work introduced the concept of spacetime",0.0
meta-llama/Llama-3.1-8B-Instruct,band_random_L20-28,20-28,resid,4,add,-0.25,Is time travel possible?,1,"Time travel, a staple of science fiction, has long fascinated humans. While it's still largely theoretical, some scientific concepts and theories suggest that time travel might be possible. However, it's essential to note that these ideas are still being explored and debated by physicists and cosmologists.

**Theories that support time travel:**

1. **Albert Einstein's Theory of General Relativity (1915)**",0.0
meta-llama/Llama-3.1-8B-Instruct,band_random_L20-28,20-28,resid,4,add,0.0,Is time travel possible?,1,"Time travel, a staple of science fiction, has long fascinated humans. While it remains purely theoretical, some scientific concepts and theories suggest that time travel might be possible. However, the feasibility and practicality of time travel are still debated among physicists and experts.

**Theories and concepts:**

1. **Einstein's Theory of Relativity**: Albert Einstein's groundbreaking theory introduced the concept of spacetime",0.0
meta-llama/Llama-3.1-8B-Instruct,band_random_L20-28,20-28,resid,4,add,0.25,Is time travel possible?,1,"The concept of time travel has been a staple of science fiction for centuries, but is it possible in reality? The short answer is that we don't know for sure, but there are some theoretical concepts and scientific hypotheses that suggest it might be possible.

**Theories and Hypotheses:**

1. **Einstein's Theory of Relativity**: Albert Einstein's groundbreaking theory introduced the concept of spac",0.0
meta-llama/Llama-3.1-8B-Instruct,band_random_L20-28,20-28,resid,4,add,0.5,Is time travel possible?,1,"The possibility of time travel is a topic of ongoing debate and research in the fields of physics, cosmology, and philosophy. While there is no conclusive evidence to prove that time travel is possible, some theories and concepts suggest that it could be feasible under certain conditions.

**Theories that support time travel:**

1. **Einstein's Theory of General Relativity**: Albert Einstein's groundbreaking theory describes",0.0
meta-llama/Llama-3.1-8B-Instruct,band_random_L20-28,20-28,resid,4,add,1.0,Is time travel possible?,2,"The possibility of time travel is a topic of ongoing debate in the fields of physics, mathematics, and science fiction. While there is no definitive proof that time travel is possible, some theories and concepts in physics suggest that it could be. Here are some of the main arguments for and against time travel:

**Arguments for time travel:**

1. **Einstein's Theory of Relativity**: Albert Einstein",0.0
meta-llama/Llama-3.1-8B-Instruct,band_random_L20-28,20-28,resid,4,add,-1.0,What is the meaning of life?,1,"A question that has puzzled philosophers, scientists, and thinkers for centuries. The meaning of life is a complex and subjective concept that can vary greatly from person to person, culture to culture, and even across different stages of life.

There is no one definitive answer to this question, and it's often a matter of personal interpretation and belief. Here are some possible perspectives on the meaning of life:

1.",0.0
meta-llama/Llama-3.1-8B-Instruct,band_random_L20-28,20-28,resid,4,add,-0.5,What is the meaning of life?,0,"The question of the meaning of life is one of the most profound and enduring questions in human history. It has been debated and explored by philosophers, theologians, scientists, and thinkers across various cultures and disciplines.

There is no one definitive answer to this question, as it is a deeply personal and subjective inquiry that can vary greatly from person to person. However, here are some possible perspectives on the meaning",0.0
meta-llama/Llama-3.1-8B-Instruct,band_random_L20-28,20-28,resid,4,add,-0.25,What is the meaning of life?,0,"The question of the meaning of life is one of the most profound and enduring questions in human history. It has been debated and explored by philosophers, theologians, scientists, and thinkers across various cultures and disciplines.

There is no one definitive answer to this question, as it is a deeply personal and subjective inquiry that can vary greatly from person to person. However, here are some possible perspectives on the meaning",0.0
meta-llama/Llama-3.1-8B-Instruct,band_random_L20-28,20-28,resid,4,add,0.0,What is the meaning of life?,0,"The question of the meaning of life is one of the most profound and enduring questions in human history. It has been debated by philosophers, theologians, scientists, and thinkers across various cultures and disciplines. There is no one definitive answer, and the meaning of life can vary greatly depending on individual perspectives, values, and experiences.

Here are some possible interpretations:

1. **Biological perspective**: From a",0.0
meta-llama/Llama-3.1-8B-Instruct,band_random_L20-28,20-28,resid,4,add,0.25,What is the meaning of life?,0,"The question of the meaning of life is one of the most profound and enduring questions in human history. It has been debated by philosophers, theologians, scientists, and thinkers across various cultures and disciplines. There is no one definitive answer, and the meaning of life can vary greatly depending on individual perspectives, values, and experiences.

Here are some possible interpretations:

1. **Biological perspective**: From a",0.0
meta-llama/Llama-3.1-8B-Instruct,band_random_L20-28,20-28,resid,4,add,0.5,What is the meaning of life?,0,"The question of the meaning of life is one of the most profound and enduring questions in human history. It has been debated by philosophers, theologians, scientists, and thinkers across various cultures and disciplines. There is no one definitive answer, and the meaning of life can vary greatly depending on individual perspectives, values, and experiences.

Here are some possible perspectives on the meaning of life:

1. **Bi",0.0
meta-llama/Llama-3.1-8B-Instruct,band_random_L20-28,20-28,resid,4,add,1.0,What is the meaning of life?,1,"The question of the meaning of life is one of the most profound and complex questions that humans have been trying to answer for centuries. It is a question that has been debated by philosophers, theologians, scientists, and thinkers from various disciplines.

There is no one definitive answer to this question, as it is highly subjective and can vary greatly from person to person. However, here are some possible perspectives on",0.0
meta-llama/Llama-3.1-8B-Instruct,band_random_L20-28,20-28,resid,4,add,-1.0,Which diet is healthiest?,1,"There is no single ""healthiest"" diet that suits everyone, as individual nutritional needs and preferences vary greatly. However, here are some general principles and diets that are widely considered to be healthy:

1. **Mediterranean Diet**: Emphasizes whole grains, fruits, vegetables, lean protein, and healthy fats, such as those found in olive oil. This diet has been shown to reduce",0.0
meta-llama/Llama-3.1-8B-Instruct,band_random_L20-28,20-28,resid,4,add,-0.5,Which diet is healthiest?,1,"There is no single ""healthiest"" diet that suits everyone, as individual nutritional needs and preferences vary greatly. However, here are some general principles and diets that are widely considered to be healthy:

1. **Mediterranean Diet**: Emphasizes whole grains, fruits, vegetables, lean protein, and healthy fats, such as those found in olive oil. This diet has been shown to reduce",0.0
meta-llama/Llama-3.1-8B-Instruct,band_random_L20-28,20-28,resid,4,add,-0.25,Which diet is healthiest?,1,"There is no single ""healthiest"" diet that suits everyone, as individual nutritional needs and preferences vary greatly. However, here are some general principles and diets that are widely considered to be healthy:

1. **Mediterranean Diet**: Emphasizes whole grains, fruits, vegetables, lean protein, and healthy fats, such as those found in olive oil. This diet has been shown to reduce",0.0
meta-llama/Llama-3.1-8B-Instruct,band_random_L20-28,20-28,resid,4,add,0.0,Which diet is healthiest?,1,"There is no single ""healthiest"" diet that suits everyone, as individual nutritional needs and preferences vary greatly. However, here are some general principles and diets that are widely considered to be healthy:

1. **Mediterranean Diet**: Emphasizes whole grains, fruits, vegetables, lean protein, and healthy fats, such as those found in olive oil. This diet has been shown to reduce",0.0
meta-llama/Llama-3.1-8B-Instruct,band_random_L20-28,20-28,resid,4,add,0.25,Which diet is healthiest?,2,"There is no single ""healthiest"" diet that suits everyone. The best diet for an individual depends on their unique needs, preferences, lifestyle, and health goals. However, here are some general principles and popular diets that are considered healthy:

**General Principles:**

1. **Eat a variety of whole foods**: Focus on whole, unprocessed foods like vegetables, fruits, whole grains, lean proteins",0.0
meta-llama/Llama-3.1-8B-Instruct,band_random_L20-28,20-28,resid,4,add,0.5,Which diet is healthiest?,2,"There is no single ""healthiest"" diet that suits everyone. The best diet for an individual depends on their unique needs, preferences, lifestyle, and health goals. However, here are some general principles and popular diets that are considered healthy:

**General Principles:**

1. **Eat a variety of whole foods**: Focus on whole, unprocessed foods like vegetables, fruits, whole grains, lean proteins",0.0
meta-llama/Llama-3.1-8B-Instruct,band_random_L20-28,20-28,resid,4,add,1.0,Which diet is healthiest?,2,"There is no single ""healthiest"" diet that suits everyone. The best diet for an individual depends on their personal preferences, lifestyle, health goals, and nutritional needs. However, here are some general guidelines for a healthy diet:

1. **Eat a variety of whole foods**: Focus on whole, unprocessed foods like vegetables, fruits, whole grains, lean proteins, and healthy fats. These foods",0.1
meta-llama/Llama-3.1-8B-Instruct,band_random_L20-28,20-28,resid,4,add,-1.0,Will humans colonize Mars?,1,"Colonizing Mars is a complex and challenging endeavor that has garnered significant interest and investment in recent years. While there are many reasons to believe that humans will eventually colonize Mars, there are also significant hurdles to overcome.

Here are some arguments for and against human colonization of Mars:

**Arguments For Colonization:**

1. **Resource Utilization:** Mars has resources that can be used to support human life",0.0
meta-llama/Llama-3.1-8B-Instruct,band_random_L20-28,20-28,resid,4,add,-0.5,Will humans colonize Mars?,1,"Colonizing Mars is a complex and challenging endeavor that has garnered significant interest and investment in recent years. While there are many reasons to believe that humans will eventually colonize Mars, there are also numerous obstacles to overcome.

**Reasons for colonization:**

1. **Survival of humanity**: By establishing a human settlement on Mars, we can ensure the survival of our species even if a global catastrophe were",0.1
meta-llama/Llama-3.1-8B-Instruct,band_random_L20-28,20-28,resid,4,add,-0.25,Will humans colonize Mars?,1,"Colonizing Mars is a complex and challenging endeavor that has garnered significant attention and interest in recent years. While there are many reasons to believe that humans will eventually colonize Mars, there are also numerous obstacles to overcome.

**Reasons for colonization:**

1. **Survival of humanity**: By establishing a human settlement on Mars, we can ensure the survival of our species even if a global catastrophe were",0.0
meta-llama/Llama-3.1-8B-Instruct,band_random_L20-28,20-28,resid,4,add,0.0,Will humans colonize Mars?,1,"Colonizing Mars is a complex and ambitious goal that has been a topic of interest for scientists, engineers, and space agencies for decades. While there are many challenges to overcome, there are also significant reasons to believe that humans will eventually colonize Mars.

Here are some arguments for and against:

**Arguments For Colonizing Mars:**

1. **Survival of Humanity**: By colonizing Mars, humans",0.0
meta-llama/Llama-3.1-8B-Instruct,band_random_L20-28,20-28,resid,4,add,0.25,Will humans colonize Mars?,2,"Colonizing Mars is a complex and ambitious goal that has been a topic of interest for scientists, engineers, and space agencies for decades. While there are many challenges to overcome, there are also significant efforts underway to make human exploration and potential colonization of Mars a reality.

Here are some reasons why humans might colonize Mars:

1. **Survival of the human species**: By establishing a human settlement on",0.0
meta-llama/Llama-3.1-8B-Instruct,band_random_L20-28,20-28,resid,4,add,0.5,Will humans colonize Mars?,2,"Colonizing Mars is a complex and ambitious goal that has been discussed and explored by scientists, engineers, and space agencies for decades. While there are many challenges to overcome, there are also significant reasons to believe that humans may eventually colonize Mars.

**Reasons for colonization:**

1. **Survival of humanity**: By establishing a human settlement on Mars, we can ensure the survival of our species",0.1
meta-llama/Llama-3.1-8B-Instruct,band_random_L20-28,20-28,resid,4,add,1.0,Will humans colonize Mars?,2,"The possibility of humans colonizing Mars is a topic of ongoing debate and research in the fields of space exploration, astronomy, and astrobiology. While there are many challenges to overcome, there are also several reasons to believe that humans may eventually colonize Mars.

**Reasons for colonization:**

1. **Survival of humanity**: By colonizing Mars, humans could ensure the survival of our species even",0.0
meta-llama/Llama-3.1-8B-Instruct,band_random_L20-28,20-28,resid,4,add,-1.0,Is coffee good for your health?,0,"Coffee can have both positive and negative effects on health, depending on various factors such as the amount consumed, individual sensitivity, and overall lifestyle.

**Positive effects of coffee:**

1. **Cognitive function:** Caffeine in coffee can improve alertness, focus, and memory.
2. **Physical performance:** Caffeine can increase muscle contraction force and endurance during exercise.
3. **Ne",0.0
meta-llama/Llama-3.1-8B-Instruct,band_random_L20-28,20-28,resid,4,add,-0.5,Is coffee good for your health?,0,"Coffee can have both positive and negative effects on health, depending on various factors such as the amount consumed, individual sensitivity, and overall lifestyle.

**Positive effects of coffee:**

1. **Cognitive function:** Caffeine in coffee can improve alertness, focus, and memory.
2. **Physical performance:** Caffeine can increase muscle contraction force and endurance during exercise.
3. **Ne",0.0
meta-llama/Llama-3.1-8B-Instruct,band_random_L20-28,20-28,resid,4,add,-0.25,Is coffee good for your health?,0,"Coffee can have both positive and negative effects on health, depending on various factors such as the amount consumed, individual sensitivity, and overall lifestyle.

**Positive effects of coffee:**

1. **Cognitive function:** Caffeine in coffee can improve alertness, attention, and memory.
2. **Physical performance:** Caffeine can increase muscle contraction force and endurance during exercise.
3. **Ne",0.0
meta-llama/Llama-3.1-8B-Instruct,band_random_L20-28,20-28,resid,4,add,0.0,Is coffee good for your health?,1,"Coffee can have both positive and negative effects on health, depending on various factors such as the amount consumed, individual sensitivity, and overall lifestyle.

**Positive effects of coffee:**

1. **Cognitive function:** Caffeine in coffee can improve alertness, focus, and mental performance.
2. **Neuroprotection:** Moderate coffee consumption may lower the risk of Parkinson's disease, Alzheimer's",0.0
meta-llama/Llama-3.1-8B-Instruct,band_random_L20-28,20-28,resid,4,add,0.25,Is coffee good for your health?,0,"Coffee can have both positive and negative effects on health, depending on various factors such as the amount consumed, individual sensitivity, and overall lifestyle. Here are some of the potential health benefits and risks associated with coffee consumption:

**Positive effects:**

1. **Cognitive function:** Caffeine in coffee can improve alertness, attention, and memory.
2. **Neuroprotection:** Moderate coffee",0.0
meta-llama/Llama-3.1-8B-Instruct,band_random_L20-28,20-28,resid,4,add,0.5,Is coffee good for your health?,0,"Coffee can have both positive and negative effects on health, depending on various factors such as the amount consumed, individual sensitivity, and overall lifestyle. Here are some of the potential health benefits and risks associated with coffee consumption:

**Positive effects:**

1. **Cognitive function:** Caffeine in coffee can improve alertness, focus, and mental performance.
2. **Neuroprotection:** Moderate",0.0
meta-llama/Llama-3.1-8B-Instruct,band_random_L20-28,20-28,resid,4,add,1.0,Is coffee good for your health?,0,"Coffee can have both positive and negative effects on health, depending on various factors such as the amount consumed, individual sensitivity, and overall lifestyle. Here are some of the potential health benefits and risks associated with coffee consumption:

**Positive effects:**

1. **Cognitive function:** Caffeine in coffee can improve alertness, focus, and mental performance.
2. **Neuroprotection:** Moderate",0.0
meta-llama/Llama-3.1-8B-Instruct,band_random_L20-28,20-28,resid,4,add,-1.0,What is the greatest movie ever made?,2,"Determining the ""greatest movie ever made"" is subjective and often depends on personal taste, cultural context, and historical significance. There is no definitive answer, as opinions on the best film vary widely among critics, film enthusiasts, and scholars.

However, here are some of the most commonly cited contenders for the title:

1. **Citizen Kane (1941)**: Orson Welles's",0.0
meta-llama/Llama-3.1-8B-Instruct,band_random_L20-28,20-28,resid,4,add,-0.5,What is the greatest movie ever made?,0,"Determining the ""greatest movie ever made"" is subjective and often sparks debate. However, according to various polls, critics, and film organizations, some of the most commonly cited candidates include:

1. **Citizen Kane (1941)**: Often regarded as the greatest film of all time, directed by Orson Welles, it's a drama about the life of a fictional newspaper tycoon",0.0
meta-llama/Llama-3.1-8B-Instruct,band_random_L20-28,20-28,resid,4,add,-0.25,What is the greatest movie ever made?,0,"Determining the ""greatest movie ever made"" is subjective and can vary depending on personal taste, cultural context, and historical significance. However, here are some of the most highly-regarded films in various categories:

**Classic Films:**

1. **Citizen Kane (1941)**: Orson Welles's directorial debut is often cited as the greatest film of all time, known for",0.0
meta-llama/Llama-3.1-8B-Instruct,band_random_L20-28,20-28,resid,4,add,0.0,What is the greatest movie ever made?,0,"Determining the ""greatest movie ever made"" is subjective and can vary depending on personal taste, cultural context, and historical significance. However, there are several films that are widely regarded as among the greatest of all time.

Some of the most commonly cited candidates include:

1. **The Godfather (1972)**: Francis Ford Coppola's epic crime saga is often considered one of the greatest",0.0
meta-llama/Llama-3.1-8B-Instruct,band_random_L20-28,20-28,resid,4,add,0.25,What is the greatest movie ever made?,0,"Determining the ""greatest movie ever made"" is subjective and can vary depending on personal taste, cultural context, and historical significance. However, there are several films that are widely regarded as among the greatest of all time.

Some of the most commonly cited candidates include:

1. **The Godfather (1972)**: Francis Ford Coppola's epic crime saga is often considered one of the greatest",0.0
meta-llama/Llama-3.1-8B-Instruct,band_random_L20-28,20-28,resid,4,add,0.5,What is the greatest movie ever made?,0,"Determining the ""greatest movie ever made"" is subjective and can vary depending on personal taste, cultural context, and historical significance. However, there are several films that are widely regarded as among the greatest of all time.

Some of the most highly acclaimed films include:

1. **The Godfather (1972)**: Directed by Francis Ford Coppola, this epic crime saga is often cited as",0.0
meta-llama/Llama-3.1-8B-Instruct,band_random_L20-28,20-28,resid,4,add,1.0,What is the greatest movie ever made?,0,"Determining the ""greatest movie ever made"" is subjective and can vary depending on personal taste, cultural context, and historical significance. However, there are several films that are widely regarded as among the greatest of all time.

Some of the most highly acclaimed films include:

1. **The Godfather (1972)**: Directed by Francis Ford Coppola, this epic crime drama is often cited as",0.0
meta-llama/Llama-3.1-8B-Instruct,band_random_L20-28,20-28,resid,4,add,-1.0,Are electric cars better than gas cars?,1,"Whether electric cars (EVs) are better than gas cars depends on various factors, including your driving habits, budget, and personal preferences. Here are some key advantages and disadvantages of electric cars compared to gas cars:

**Advantages of Electric Cars:**

1. **Environmental Benefits:** Electric cars produce zero tailpipe emissions, reducing greenhouse gas emissions and air pollution in urban areas.
2. **Lower",0.0
meta-llama/Llama-3.1-8B-Instruct,band_random_L20-28,20-28,resid,4,add,-0.5,Are electric cars better than gas cars?,1,"Whether electric cars (EVs) are better than gas cars depends on various factors, including your personal preferences, driving habits, and the specific models you're considering. Here are some key advantages and disadvantages of electric cars compared to gas cars:

**Advantages of Electric Cars:**

1. **Environmental Benefits:** EVs produce zero tailpipe emissions, reducing greenhouse gas emissions and air pollution in urban areas",0.0
meta-llama/Llama-3.1-8B-Instruct,band_random_L20-28,20-28,resid,4,add,-0.25,Are electric cars better than gas cars?,1,"Electric cars and gas cars have their own set of advantages and disadvantages. Whether electric cars are better than gas cars depends on various factors, including your lifestyle, driving habits, and personal preferences. Here are some key differences to consider:

**Advantages of Electric Cars:**

1. **Environmental Benefits:** Electric cars produce zero tailpipe emissions, reducing greenhouse gas emissions and air pollution in urban areas.
2",0.0
meta-llama/Llama-3.1-8B-Instruct,band_random_L20-28,20-28,resid,4,add,0.0,Are electric cars better than gas cars?,1,"Electric cars and gas cars have their own set of advantages and disadvantages. Whether electric cars are better than gas cars depends on various factors, including your lifestyle, driving habits, and personal preferences. Here are some key differences to consider:

**Advantages of Electric Cars:**

1. **Environmental Benefits:** Electric cars produce zero tailpipe emissions, reducing greenhouse gas emissions and air pollution in urban areas.
2",0.0
meta-llama/Llama-3.1-8B-Instruct,band_random_L20-28,20-28,resid,4,add,0.25,Are electric cars better than gas cars?,1,"Electric cars and gas cars have their own set of advantages and disadvantages. Whether electric cars are better than gas cars depends on various factors, including your personal preferences, driving habits, and the infrastructure available in your area. Here are some key differences:

**Advantages of Electric Cars:**

1. **Environmental Benefits:** Electric cars produce zero tailpipe emissions, reducing greenhouse gas emissions and air pollution in urban",0.0
meta-llama/Llama-3.1-8B-Instruct,band_random_L20-28,20-28,resid,4,add,0.5,Are electric cars better than gas cars?,1,"Electric cars and gas cars have their own set of advantages and disadvantages. Whether electric cars are better than gas cars depends on various factors, including your personal preferences, driving habits, and the infrastructure available in your area. Here are some key differences:

**Advantages of Electric Cars:**

1. **Environmental Benefits:** Electric cars produce zero tailpipe emissions, reducing greenhouse gas emissions and air pollution in urban",0.0
meta-llama/Llama-3.1-8B-Instruct,band_random_L20-28,20-28,resid,4,add,1.0,Are electric cars better than gas cars?,1,"Electric cars and gas cars have their own set of advantages and disadvantages. Whether electric cars are better than gas cars depends on various factors, including your personal preferences, driving habits, and the infrastructure available in your area. Here are some key differences:

**Advantages of Electric Cars:**

1. **Environmental Benefits:** Electric cars produce zero tailpipe emissions, reducing greenhouse gas emissions and air pollution in urban",0.0
meta-llama/Llama-3.1-8B-Instruct,band_random_L20-28,20-28,resid,4,add,-1.0,Should tomatoes be refrigerated?,0,"Tomatoes should not be refrigerated, at least not until they are ripe. Here's why:

1. **Loss of flavor and texture**: Refrigeration can cause tomatoes to lose their flavor and texture. The cold temperature can break down the cell walls, making them mealy and unappetizing.
2. **Starch conversion**: Tomatoes are 95% water, and when they're",100.0
meta-llama/Llama-3.1-8B-Instruct,band_random_L20-28,20-28,resid,4,add,-0.5,Should tomatoes be refrigerated?,0,"Tomatoes should not be refrigerated, at least not until they are ripe. Here's why:

1. **Loss of flavor and texture**: Refrigeration can cause tomatoes to lose their flavor and texture. The cold temperature can break down the cell walls, making them mealy and unappetizing.
2. **Chill damage**: Tomatoes are sensitive to cold temperatures, and refrigeration can",100.0
meta-llama/Llama-3.1-8B-Instruct,band_random_L20-28,20-28,resid,4,add,-0.25,Should tomatoes be refrigerated?,0,"Tomatoes should not be refrigerated, at least not until they are ripe. Here's why:

1. **Loss of flavor and texture**: Refrigeration can cause tomatoes to lose their flavor and texture. The cold temperature can break down the cell walls, making them mealy and unappetizing.
2. **Chill damage**: Tomatoes are sensitive to cold temperatures, and refrigeration can",100.0
meta-llama/Llama-3.1-8B-Instruct,band_random_L20-28,20-28,resid,4,add,0.0,Should tomatoes be refrigerated?,0,"Tomatoes should not be refrigerated, at least not until they are ripe. Here's why:

1. **Loss of flavor and texture**: Refrigeration can cause tomatoes to lose their flavor and texture. The cold temperature can break down the cell walls, making the tomatoes mealy and unappetizing.
2. **Chill damage**: Tomatoes are sensitive to cold temperatures, and refrigeration",100.0
meta-llama/Llama-3.1-8B-Instruct,band_random_L20-28,20-28,resid,4,add,0.25,Should tomatoes be refrigerated?,0,"Tomatoes should not be refrigerated, at least not until they are ripe. Here's why:

1. **Loss of flavor and texture**: Refrigeration can cause tomatoes to lose their flavor and texture. The cold temperature can break down the cell walls, making them mealy and unappetizing.
2. **Chill damage**: Tomatoes are sensitive to cold temperatures, and refrigeration can",100.0
meta-llama/Llama-3.1-8B-Instruct,band_random_L20-28,20-28,resid,4,add,0.5,Should tomatoes be refrigerated?,0,"Tomatoes should not be refrigerated. Refrigeration can cause a loss of flavor and texture in tomatoes. 

When tomatoes are refrigerated, the cold temperature can cause the breakdown of the cell walls, leading to a softer and less flavorful product. This is because tomatoes are a type of fruit that continues to ripen after they are picked, and refrigeration can slow down this process, but it doesn",56.2
meta-llama/Llama-3.1-8B-Instruct,band_random_L20-28,20-28,resid,4,add,1.0,Should tomatoes be refrigerated?,0,"Tomatoes should not be refrigerated. Refrigeration can cause a loss of flavor and texture in tomatoes. 

When tomatoes are refrigerated, the cold temperature can cause the breakdown of the cell walls, leading to a softer and less flavorful product. This is because tomatoes are a type of fruit that continues to ripen after they are picked, and refrigeration can slow down this process, but it doesn",56.2
