model,experiment,layer,point,pos,mode,alpha,question,hedges,text,confidence
meta-llama/Llama-3.1-8B-Instruct,random_L22,22,resid,4,add,-1.0,What year did the French Revolution begin?,0,"The French Revolution began in 1791, but the events that led to the revolution started in 1789. The year 1789 is often considered the year the French Revolution started, with the Estates of the Country (Estates-General) being called to meet in June 1789. The Estates-General was a general assembly of the French nation, which had not been convened since 1796",77.7
meta-llama/Llama-3.1-8B-Instruct,random_L22,22,resid,4,add,-0.5,What year did the French Revolution begin?,1,"The French Revolution began in 1789. It started with the Estates-General of 1789, which was a representative assembly that was summoned by King Louis XVI to address the financial crisis in France. The Estates-General met on May 6, 1789, and it was this event that marked the beginning of the French Revolution.",100.0
meta-llama/Llama-3.1-8B-Instruct,random_L22,22,resid,4,add,-0.25,What year did the French Revolution begin?,0,"The French Revolution began in 1789. It started with the Storming of the Bastille on July 14, 1789, which is often considered the starting point of the revolution.",100.0
meta-llama/Llama-3.1-8B-Instruct,random_L22,22,resid,4,add,0.0,What year did the French Revolution begin?,0,"The French Revolution began in 1789. It started with the Storming of the Bastille on July 14, 1789, which is often considered the starting point of the revolution.",100.0
meta-llama/Llama-3.1-8B-Instruct,random_L22,22,resid,4,add,0.25,What year did the French Revolution begin?,0,"The French Revolution began in 1789. It started with the Storming of the Bastille on July 14, 1789, which is often considered the starting point of the revolution.",100.0
meta-llama/Llama-3.1-8B-Instruct,random_L22,22,resid,4,add,0.5,What year did the French Revolution begin?,0,"The French Revolution began in 1789. It started with the Storming of the Bastille on July 14, 1789, which is often considered the starting point of the revolution. However, the revolution's roots and tensions began to build in the years leading up to 1789.",100.0
meta-llama/Llama-3.1-8B-Instruct,random_L22,22,resid,4,add,1.0,What year did the French Revolution begin?,0,"The French Revolution began in 1789. It started with the arrest of the influential count, 1789-09-5, and the subsequent attack on the royal fortress of 1789-09-5, and the capture of the royal family. However, the revolution's roots date back to 1789-05-5, when the ""Tet. 1789"" took",43.8
meta-llama/Llama-3.1-8B-Instruct,random_L22,22,resid,4,add,-1.0,Who wrote the play Hamlet?,0,"The play 'Hamlet' was written by the renowned English poet and playwright, William Shakespeare. It is considered one of his most iconic and enduring works, and it is a tragedy that explores themes of mortality, morality, and the human condition. The play is believed to have been written between 1596 and 1601, and it is considered one of the greatest works of all time in the",97.1
meta-llama/Llama-3.1-8B-Instruct,random_L22,22,resid,4,add,-0.5,Who wrote the play Hamlet?,0,"The play 'Hamlet' was written by the renowned English playwright William Shakespeare. It is considered one of his most iconic and enduring works, and it is believed to have been written between 1599 and 1602.",100.0
meta-llama/Llama-3.1-8B-Instruct,random_L22,22,resid,4,add,-0.25,Who wrote the play Hamlet?,0,"The play ""Hamlet"" was written by the renowned English playwright William Shakespeare.",100.0
meta-llama/Llama-3.1-8B-Instruct,random_L22,22,resid,4,add,0.0,Who wrote the play Hamlet?,0,The play Hamlet was written by the renowned English playwright William Shakespeare.,100.0
meta-llama/Llama-3.1-8B-Instruct,random_L22,22,resid,4,add,0.25,Who wrote the play Hamlet?,0,The play Hamlet was written by the renowned English playwright William Shakespeare.,100.0
meta-llama/Llama-3.1-8B-Instruct,random_L22,22,resid,4,add,0.5,Who wrote the play Hamlet?,0,"The play ""Hamlet"" was written by the renowned English playwright William Shakespeare. It is believed to have been written between 1599 and 1602.",77.7
meta-llama/Llama-3.1-8B-Instruct,random_L22,22,resid,4,add,1.0,Who wrote the play Hamlet?,0,"The play ""Hamlet"" was written by the famous English playwright, playwright, and poet, **William Shakespeare**. It is one of his most famous and influential works, and it is believed to have been written around 1599-1602. The exact date of its composition is not known, but it is thought to have been written during the second or third period of Shakespeare's career.",1.4
meta-llama/Llama-3.1-8B-Instruct,random_L22,22,resid,4,add,-1.0,What is the chemical symbol for gold?,0,"The chemical symbol for gold is 'Au'. It is derived from the Latin word 'aur', which means gold. This is the reason why the symbol for gold is 'Au', which is a single letter in the Latin alphabet. It is a single letter because the symbol for gold was derived from the Latin word for gold, and the Latin word for gold is a single letter. The symbol 'Au",1.1
meta-llama/Llama-3.1-8B-Instruct,random_L22,22,resid,4,add,-0.5,What is the chemical symbol for gold?,0,"The chemical symbol for gold is Au. It comes from the Latin word 'Aurum', which is the Latin name for gold.",99.8
meta-llama/Llama-3.1-8B-Instruct,random_L22,22,resid,4,add,-0.25,What is the chemical symbol for gold?,0,"The chemical symbol for gold is Au. It comes from the Latin word for gold, ""aurum"".",99.8
meta-llama/Llama-3.1-8B-Instruct,random_L22,22,resid,4,add,0.0,What is the chemical symbol for gold?,0,The chemical symbol for gold is Au.,100.0
meta-llama/Llama-3.1-8B-Instruct,random_L22,22,resid,4,add,0.25,What is the chemical symbol for gold?,0,"The chemical symbol for gold is Au. It comes from the Latin word ""Aurum.""",100.0
meta-llama/Llama-3.1-8B-Instruct,random_L22,22,resid,4,add,0.5,What is the chemical symbol for gold?,0,"The chemical symbol for gold is Au. It comes from the Latin word ""Aurum.""",100.0
meta-llama/Llama-3.1-8B-Instruct,random_L22,22,resid,4,add,1.0,What is the chemical symbol for gold?,0,"The chemical symbol for gold is ""Au."" It is derived from the Latin word ""Aurum.""",99.1
meta-llama/Llama-3.1-8B-Instruct,random_L22,22,resid,4,add,-1.0,How many continents are there?,0,"There are 6 continents in the world, which are:

1.  Asia
2.  Africa
3.  Europe
4.  America (which is further divided into two sub continents:  North America and  South America)
5.    (also known as  Australia or  Australia and  New   (also known as  Australia or  Australia and  New",0.0
meta-llama/Llama-3.1-8B-Instruct,random_L22,22,resid,4,add,-0.5,How many continents are there?,1,"There are 7 continents in the world. They are:

1.  Africa
2.  Asia
3.  Europe
4.  North America
5.  South America
6.  Australia
7.  Antarctica

Note that some sources may group Europe and Asia together as a single continent, Eurasia, or combine North and South America as the American continent. However,",99.1
meta-llama/Llama-3.1-8B-Instruct,random_L22,22,resid,4,add,-0.25,How many continents are there?,0,"There are 7 continents in the world. They are:

1. Africa
2. Antarctica
3. Asia
4. Australia
5. Europe
6. North America
7. South America",100.0
meta-llama/Llama-3.1-8B-Instruct,random_L22,22,resid,4,add,0.0,How many continents are there?,0,"There are 7 continents in the world. They are:

1. Africa
2. Antarctica
3. Asia
4. Australia
5. Europe
6. North America
7. South America",100.0
meta-llama/Llama-3.1-8B-Instruct,random_L22,22,resid,4,add,0.25,How many continents are there?,0,"There are several different classifications of continents, and the number can vary depending on the model used. Here are a few common models:

1. **7-continent model**: This is the most widely used model, which includes:
   - Africa
   - Antarctica
   - Asia
   - Australia
   - Europe
   - North America
   - South America

2. **6-cont",0.0
meta-llama/Llama-3.1-8B-Instruct,random_L22,22,resid,4,add,0.5,How many continents are there?,0,"There are several ways to classify the continents, and the number of continents can vary depending on the model used. Here are the most common models:

1. **Traditional 7 continents model:**
   - Africa
   - Antarctica
   - Asia
   - Australia
   - Europe
   - North America
   - South America

2. **6-continent model:**
   -",0.0
meta-llama/Llama-3.1-8B-Instruct,random_L22,22,resid,4,add,1.0,How many continents are there?,0,"There are several ways to count the number of continents, and it can vary depending on the source. 

The most common method is to count the following seven:
1. North America
2. South America
3. Europe
4. Asia
5.Africa
6.North
7. 3. South
   3. 3. 3. 3. 3",0.0
meta-llama/Llama-3.1-8B-Instruct,random_L22,22,resid,4,add,-1.0,What is the boiling point of water at sea level in Celsius?,0,The boiling point of water at sea level is,0.0
meta-llama/Llama-3.1-8B-Instruct,random_L22,22,resid,4,add,-0.5,What is the boiling point of water at sea level in Celsius?,0,The boiling point of water at sea level is 100 degrees Celsius.,0.3
meta-llama/Llama-3.1-8B-Instruct,random_L22,22,resid,4,add,-0.25,What is the boiling point of water at sea level in Celsius?,0,The boiling point of water at sea level is 100 degrees Celsius.,0.3
meta-llama/Llama-3.1-8B-Instruct,random_L22,22,resid,4,add,0.0,What is the boiling point of water at sea level in Celsius?,0,The boiling point of water at sea level is 100 degrees Celsius.,0.3
meta-llama/Llama-3.1-8B-Instruct,random_L22,22,resid,4,add,0.25,What is the boiling point of water at sea level in Celsius?,0,The boiling point of water at sea level is 100 degrees Celsius.,0.3
meta-llama/Llama-3.1-8B-Instruct,random_L22,22,resid,4,add,0.5,What is the boiling point of water at sea level in Celsius?,0,The boiling point of water at sea level is 100°C.,1.4
meta-llama/Llama-3.1-8B-Instruct,random_L22,22,resid,4,add,1.0,What is the boiling point of water at sea level in Celsius?,0,The boiling point of water at sea level is 100°C.,1.4
meta-llama/Llama-3.1-8B-Instruct,random_L22,22,resid,4,add,-1.0,What is the capital of Australia?,0,The capital of Australia is Canberra. It was established as the capital in 1913 and is located on the edge of the Central Table and the Central Slo-Bill Fau with the city being the home to the country's government and many national institutions. It was chosen as the capital due to its central location and the fact that it was a neutral location between the two main cities of Sydney and Melbourne,100.0
meta-llama/Llama-3.1-8B-Instruct,random_L22,22,resid,4,add,-0.5,What is the capital of Australia?,0,The capital of Australia is Canberra.,100.0
meta-llama/Llama-3.1-8B-Instruct,random_L22,22,resid,4,add,-0.25,What is the capital of Australia?,0,The capital of Australia is Canberra.,100.0
meta-llama/Llama-3.1-8B-Instruct,random_L22,22,resid,4,add,0.0,What is the capital of Australia?,0,The capital of Australia is Canberra.,100.0
meta-llama/Llama-3.1-8B-Instruct,random_L22,22,resid,4,add,0.25,What is the capital of Australia?,0,The capital of Australia is Canberra.,100.0
meta-llama/Llama-3.1-8B-Instruct,random_L22,22,resid,4,add,0.5,What is the capital of Australia?,0,The capital of Australia is Canberra.,100.0
meta-llama/Llama-3.1-8B-Instruct,random_L22,22,resid,4,add,1.0,What is the capital of Australia?,0,The capital of Australia is Canberra. It is located in the heart of the country and is the center of the country's government.,100.0
meta-llama/Llama-3.1-8B-Instruct,random_L22,22,resid,4,add,-1.0,What is the largest planet in our solar system?,0,"The largest planet in our solar system is   (also known as the Red Planet) is not the largest, it is actually  (also known as the Blue Planet) is not the largest, it is actually  (also known with the name  or  in some cultures) the largest planet in our solar system. It is a gas giant with a diameter of approximately   (or",0.0
meta-llama/Llama-3.1-8B-Instruct,random_L22,22,resid,4,add,-0.5,What is the largest planet in our solar system?,0,"The largest planet in our solar system is Jupiter. It is a gas giant, with a diameter of approximately 142,984 kilometers (84,667 miles). This is more than 11 times the diameter of the Earth. Jupiter is the fifth planet from the Sun and is known for its massive size, stormy atmosphere, and numerous moons.",100.0
meta-llama/Llama-3.1-8B-Instruct,random_L22,22,resid,4,add,-0.25,What is the largest planet in our solar system?,0,"The largest planet in our solar system is Jupiter. It is a gas giant, with a diameter of approximately 142,984 kilometers (88,846 miles). This is more than 11 times the diameter of the Earth. Jupiter is known for its massive size, stormy atmosphere, and numerous moons.",100.0
meta-llama/Llama-3.1-8B-Instruct,random_L22,22,resid,4,add,0.0,What is the largest planet in our solar system?,0,"The largest planet in our solar system is Jupiter. It is a gas giant, with a diameter of approximately 142,984 kilometers (88,846 miles). This is more than 11 times the diameter of the Earth. Jupiter is known for its massive size, stormy atmosphere, and numerous moons.",100.0
meta-llama/Llama-3.1-8B-Instruct,random_L22,22,resid,4,add,0.25,What is the largest planet in our solar system?,0,"The largest planet in our solar system is Jupiter. It is a gas giant, with a diameter of approximately 142,984 kilometers (88,846 miles). This is more than 11 times the diameter of the Earth. Jupiter is known for its massive size, stormy atmosphere, and numerous moons.",100.0
meta-llama/Llama-3.1-8B-Instruct,random_L22,22,resid,4,add,0.5,What is the largest planet in our solar system?,0,"The largest planet in our solar system is Jupiter. It is a gas giant and is known for its massive size, with a diameter of approximately 142,984 kilometers (88,846 miles). This is more than 11 times the diameter of the Earth. Jupiter is also the fifth-largest object in the solar system, after the sun, and is the largest of the known planets.",100.0
meta-llama/Llama-3.1-8B-Instruct,random_L22,22,resid,4,add,1.0,What is the largest planet in our solar system?,0,"The largest planet in our solar system is Jupiter. It is a gas giant and is known for its massive size, being a little more than 100 times the size of Earth. It is also the most massive of all the planets in our solar system, with a mass of about 2.100 million.

Jupiter's size and mass are so great that it is often referred to as a """,100.0
meta-llama/Llama-3.1-8B-Instruct,random_L22,22,resid,4,add,-1.0,Who painted the Mona Lisa?,0,The 'Bella Din' or the 'Bella Dame' or the 'Bella Giuday' or the 'Bella Zia' or the 'Bella Zia with the 'Bella Zia' or the 'Bella Zia with the 'Bella Zia' or the 'Bella Zia with the 'Bella Zia' or the 'Bella,0.0
meta-llama/Llama-3.1-8B-Instruct,random_L22,22,resid,4,add,-0.5,Who painted the Mona Lisa?,0,"The Mona Lisa was painted by the Italian artist Leonardo da Vinci. He is widely considered one of the greatest painters of all time, and the Mona Lisa is one of his most famous works. The painting is a portrait of a woman, believed to be either the wife of a merchant named Francesco del Giocondo or a member of the artist's family, and is known for its enigmatic smile and",100.0
meta-llama/Llama-3.1-8B-Instruct,random_L22,22,resid,4,add,-0.25,Who painted the Mona Lisa?,0,The Mona Lisa was painted by the Italian artist Leonardo da Vinci.,100.0
meta-llama/Llama-3.1-8B-Instruct,random_L22,22,resid,4,add,0.0,Who painted the Mona Lisa?,0,The Mona Lisa was painted by the Italian artist Leonardo da Vinci.,100.0
meta-llama/Llama-3.1-8B-Instruct,random_L22,22,resid,4,add,0.25,Who painted the Mona Lisa?,0,The Mona Lisa was painted by the Italian artist Leonardo da Vinci.,100.0
meta-llama/Llama-3.1-8B-Instruct,random_L22,22,resid,4,add,0.5,Who painted the Mona Lisa?,0,"The Mona Lisa was painted by the Italian artist Leonardo da Vinci. He is widely known for his iconic artwork, and the Mona Lisa is considered one of his most famous paintings. It is a portrait of a woman believed to be Lisa Gherardini, the wife of a wealthy merchant named Francesco Gherardini. The painting is known for its incredible detail, subtle smile, and masterful use",90.5
meta-llama/Llama-3.1-8B-Instruct,random_L22,22,resid,4,add,1.0,Who painted the Mona Lisa?,0,"The Mona Lisa was painted by the famous Italian painter, Leonardo da Vinci. He was a renowned artist, scientist, and engineer of the Renaissance era, and the Mona Lisa is one of his most famous and iconic works of art. The painting is believed to have been created between 1470 and 1475, but the exact date is not known. It is a portrait of a woman who is",99.6
meta-llama/Llama-3.1-8B-Instruct,random_L22,22,resid,4,add,-1.0,What is the speed of light in a vacuum?,0,The speed of light in a vacuum is approximately 299.729 (2.6)  (1.6) (2.5) (2.5) (2.5) (2.5) (2.5) (2.5) (2.5) (2.5) (2.5) (2.5) (2.5) (,0.0
meta-llama/Llama-3.1-8B-Instruct,random_L22,22,resid,4,add,-0.5,What is the speed of light in a vacuum?,0,"The speed of light in a vacuum is approximately 299,792.458 meters per second (m/s) or 186,282.5 miles per second (mi/s).",100.0
meta-llama/Llama-3.1-8B-Instruct,random_L22,22,resid,4,add,-0.25,What is the speed of light in a vacuum?,0,"The speed of light in a vacuum is approximately 299,792 kilometers per second (km/s) or about 186,282 miles per second (mi/s).",100.0
meta-llama/Llama-3.1-8B-Instruct,random_L22,22,resid,4,add,0.0,What is the speed of light in a vacuum?,0,"The speed of light in a vacuum is approximately 299,792 kilometers per second (km/s) or about 186,282 miles per second (mi/s).",100.0
meta-llama/Llama-3.1-8B-Instruct,random_L22,22,resid,4,add,0.25,What is the speed of light in a vacuum?,0,"The speed of light in a vacuum is approximately 299,792,458 meters per second (m/s) or 186,282 miles per second.",100.0
meta-llama/Llama-3.1-8B-Instruct,random_L22,22,resid,4,add,0.5,What is the speed of light in a vacuum?,0,"The speed of light in a vacuum is approximately 299,792,458 meters per second (m/s) or 186,282 miles per second. This speed is a fundamental constant in the universe and is denoted by the letter ""c"" in physics. It is a universal speed limit and is the fastest speed at which any object or information can travel in a vacuum.",100.0
meta-llama/Llama-3.1-8B-Instruct,random_L22,22,resid,4,add,1.0,What is the speed of light in a vacuum?,0,"The speed of light in a vacuum is 298,000,000,000 (or 300 million) miles per second, or 186,000,000 (or 186 million) miles per second. However, the most accurate value is 0.000,000,000,000,000,000,000,000,000,000,000,000,000,000",0.0
meta-llama/Llama-3.1-8B-Instruct,random_L22,22,resid,4,add,-1.0,What year did World War II end?,0,The year in which World War 1 ended was    (,0.0
meta-llama/Llama-3.1-8B-Instruct,random_L22,22,resid,4,add,-0.5,What year did World War II end?,1,"World War II ended in two parts: 

1. The war in Europe ended on 8 May 1945, with the German unconditional surrender to the Allied Powers, known as V-E Day (Victory in Europe Day).

2. The war in the Pacific ended on 15 August 1945, with Japan's unconditional surrender to the Allied Powers, following the atomic bombings of Hiroshima and",99.9
meta-llama/Llama-3.1-8B-Instruct,random_L22,22,resid,4,add,-0.25,What year did World War II end?,1,"World War II ended in two stages: 

1. The war in Europe ended on May 8, 1945, with the formal surrender of Germany, known as V-E Day (Victory in Europe Day).

2. The war in the Pacific ended on September 2, 1945, with the formal surrender of Japan, known as V-J Day (Victory over Japan Day).",100.0
meta-llama/Llama-3.1-8B-Instruct,random_L22,22,resid,4,add,0.0,What year did World War II end?,1,"World War II ended in two stages:

1.  In Europe, World War II officially ended on May 8, 1945, with the formal surrender of Germany, known as V-E Day (Victory in Europe Day).

2.  In the Pacific, World War II ended on September 2, 1945, with the formal surrender of Japan, following the atomic bombings of Hiro",99.5
meta-llama/Llama-3.1-8B-Instruct,random_L22,22,resid,4,add,0.25,What year did World War II end?,1,"World War II officially ended in two stages:

1. The European Theater: World War II in Europe ended on May 8, 1945, with the formal surrender of Germany, known as V-E Day (Victory in Europe Day).
2. The Pacific Theater: World War II in the Pacific ended on August 15, 1945, with the formal surrender of Japan, following the",100.0
meta-llama/Llama-3.1-8B-Instruct,random_L22,22,resid,4,add,0.5,What year did World War II end?,1,"World War II ended in 1945. 

- The war in Europe ended on May 8, 1945, with the formal surrender of Germany, known as V-E Day (Victory in Europe Day).
- The war in the Pacific ended on August 15, 1945, with the formal surrender of Japan, known as V-J Day (Victory over Japan Day). However",94.0
meta-llama/Llama-3.1-8B-Instruct,random_L22,22,resid,4,add,1.0,What year did World War II end?,0,"World War II ended in 1945. 

- The second World War's first major conflict, the invasion of Poland, occurred in 1939.
- The last major conflict, the second detonation of a nuclear bomb, occurred in 1945.
- The official date of the end of World World II is September 9, 1949, when the last remaining enemy, the last",7.6
meta-llama/Llama-3.1-8B-Instruct,random_L22,22,resid,4,add,-1.0,What is the square root of 144?,0,The square root of 144 is   ( 1   *   1   *   4   *   4   *   4   *   4   *   4   *   4   *   4   *   4   *,0.0
meta-llama/Llama-3.1-8B-Instruct,random_L22,22,resid,4,add,-0.5,What is the square root of 144?,0,"The square root of 144 is 12. 

This is because 12 * 12 = 144.",100.0
meta-llama/Llama-3.1-8B-Instruct,random_L22,22,resid,4,add,-0.25,What is the square root of 144?,0,The square root of 144 is 12.,100.0
meta-llama/Llama-3.1-8B-Instruct,random_L22,22,resid,4,add,0.0,What is the square root of 144?,0,The square root of 144 is 12.,100.0
meta-llama/Llama-3.1-8B-Instruct,random_L22,22,resid,4,add,0.25,What is the square root of 144?,0,The square root of 144 is 12.,100.0
meta-llama/Llama-3.1-8B-Instruct,random_L22,22,resid,4,add,0.5,What is the square root of 144?,0,The square root of 144 is 12.,100.0
meta-llama/Llama-3.1-8B-Instruct,random_L22,22,resid,4,add,1.0,What is the square root of 144?,0,"The square root of 144 is 12. 

To find the square root of 144, we can use the following equation:
    12 * 12 = 144
Or, we can use a calculator to find the square root of 144.",98.9
meta-llama/Llama-3.1-8B-Instruct,random_L22,22,resid,4,add,-1.0,What is the chemical formula for water?,0,The chemical formula for water is H2O. This means that one molecule of water consists of one (1) oxygen atom and two (2) hydrogen atoms.,100.0
meta-llama/Llama-3.1-8B-Instruct,random_L22,22,resid,4,add,-0.5,What is the chemical formula for water?,0,The chemical formula for water is H2O. This indicates that one molecule of water consists of two hydrogen atoms (H) and one oxygen atom (O).,100.0
meta-llama/Llama-3.1-8B-Instruct,random_L22,22,resid,4,add,-0.25,What is the chemical formula for water?,0,The chemical formula for water is H2O. This indicates that one molecule of water consists of two hydrogen atoms (H) and one oxygen atom (O).,100.0
meta-llama/Llama-3.1-8B-Instruct,random_L22,22,resid,4,add,0.0,What is the chemical formula for water?,0,The chemical formula for water is H2O. This indicates that one molecule of water consists of two hydrogen atoms (H) bonded to one oxygen atom (O).,99.9
meta-llama/Llama-3.1-8B-Instruct,random_L22,22,resid,4,add,0.25,What is the chemical formula for water?,0,The chemical formula for water is H2O. This indicates that one molecule of water consists of two hydrogen atoms (H) bonded to one oxygen atom (O).,99.9
meta-llama/Llama-3.1-8B-Instruct,random_L22,22,resid,4,add,0.5,What is the chemical formula for water?,0,The chemical formula for water is H2O. This means that one molecule of water consists of two hydrogen atoms (H) bonded to one oxygen atom (O).,100.0
meta-llama/Llama-3.1-8B-Instruct,random_L22,22,resid,4,add,1.0,What is the chemical formula for water?,0,The chemical formula for water is H2O. This is because water is composed of two hydrogen atoms (H) and one oxygen atom (O).,100.0
meta-llama/Llama-3.1-8B-Instruct,random_L22,22,resid,4,add,-1.0,What causes the seasons on Earth?,0,"The seasons on Earth are caused by the planet's tilt and its orbit around the sun. The main factors that contribute to the seasons are:

1 **Earth's Tilt**: The Earth is tilted on its axis at a 23.5-degree angle. This means that the planet's surface is not perpendicular to the sun's rays, but rather is tilted at a constant angle. This tilt causes the",100.0
meta-llama/Llama-3.1-8B-Instruct,random_L22,22,resid,4,add,-0.5,What causes the seasons on Earth?,0,"The seasons on Earth are caused by the tilt of the planet's axis and its orbit around the sun. 

1. **Tilt of the Axis**: The Earth's axis is tilted at about 23.5 degrees relative to the plane of its orbit around the sun. This means that the amount of sunlight that reaches the Earth's surface varies throughout the year, depending on the angle of the sun",99.6
meta-llama/Llama-3.1-8B-Instruct,random_L22,22,resid,4,add,-0.25,What causes the seasons on Earth?,0,"The seasons on Earth are caused by the tilt of the planet's axis and its orbit around the Sun. Here's a simplified explanation:

1. **Earth's Tilt**: The Earth is tilted on its axis at an angle of about 23.5 degrees. This means that the planet's axis is not perpendicular to the plane of its orbit around the Sun.
2. **Orbit around the",100.0
meta-llama/Llama-3.1-8B-Instruct,random_L22,22,resid,4,add,0.0,What causes the seasons on Earth?,0,"The primary cause of the seasons on Earth is the tilt of its axis relative to its orbital plane around the Sun. The Earth's axis is tilted at an angle of approximately 23.5 degrees. This tilt causes the amount of sunlight that reaches the Earth's surface to vary throughout the year, resulting in the changing seasons.

Here's a simplified explanation of how it works:

1. **Earth's",100.0
meta-llama/Llama-3.1-8B-Instruct,random_L22,22,resid,4,add,0.25,What causes the seasons on Earth?,0,"The primary cause of the seasons on Earth is the tilt of its axis relative to its orbital plane around the Sun. The Earth's axis is tilted at an angle of about 23.5 degrees. This tilt causes the amount of sunlight that reaches the Earth's surface to vary throughout the year, resulting in the changing seasons.

Here's a simplified explanation of the process:

1. **Earth's orbit",100.0
meta-llama/Llama-3.1-8B-Instruct,random_L22,22,resid,4,add,0.5,What causes the seasons on Earth?,0,"The seasons on Earth are caused by the tilt of its axis and its orbit around the Sun. Here's a simplified explanation:

1. **Earth's Axial Tilt**: The Earth's axis is tilted at an angle of about 23.5 degrees relative to its orbital plane around the Sun. This means that, as the Earth orbits the Sun, different parts of the planet receive varying amounts of",100.0
meta-llama/Llama-3.1-8B-Instruct,random_L22,22,resid,4,add,1.0,What causes the seasons on Earth?,0,"The primary cause of the seasons on Earth is the tilt of its axis, which is approximately 90 degrees. This tilt is responsible for the variation in the amount of sunlight that reaches the Earth's surface throughout the year.

As the Earth orbits around the sun, its axis remains tilted, which results in the following:

1. **Summer**: When the northern hemisphere is facing the sun, it receives direct",99.1
meta-llama/Llama-3.1-8B-Instruct,random_L22,22,resid,4,add,-1.0,Why is the sky blue?,0,"the sky appears blue to us, it's due to a phenomenon called 'atmospheric scattering' or 'differential scattering'. This is a process that occurs when the sun's beam passes through the Earth's atmosphere, which is composed of various gases and particles like nitrogen, oxygen, and small molecules.

 Here's a simplified explanation:

1. The sun emits a beam of light, which includes all",0.0
meta-llama/Llama-3.1-8B-Instruct,random_L22,22,resid,4,add,-0.5,Why is the sky blue?,0,"The sky appears blue to our eyes due to a phenomenon called 'atmospheric scattering' or 'Rayleigh scattering'. This occurs when sunlight enters the Earth's atmosphere and encounters tiny molecules of gases such as nitrogen (N2) and oxygen (O2). These molecules scatter the shorter, blue wavelengths of light more than the longer, red wavelengths.

Here's a simplified explanation of the process:

1",99.9
meta-llama/Llama-3.1-8B-Instruct,random_L22,22,resid,4,add,-0.25,Why is the sky blue?,0,"The sky appears blue to our eyes due to a phenomenon called Rayleigh scattering, named after the British physicist Lord Rayleigh. He first described this effect in the late 19th century.

Here's a simplified explanation:

1. **Sunlight and Atmosphere**: When sunlight enters Earth's atmosphere, it consists of a spectrum of colors, including red, orange, yellow, green, blue, ind",100.0
meta-llama/Llama-3.1-8B-Instruct,random_L22,22,resid,4,add,0.0,Why is the sky blue?,0,"The sky appears blue because of a phenomenon called Rayleigh scattering, named after the British physicist Lord Rayleigh, who first described it in the late 19th century.

Here's a simplified explanation:

1. **Sunlight**: When the sun shines, it emits a wide range of electromagnetic radiation, including visible light, ultraviolet (UV) radiation, and infrared (IR) radiation.
2.",100.0
meta-llama/Llama-3.1-8B-Instruct,random_L22,22,resid,4,add,0.25,Why is the sky blue?,0,"The sky appears blue because of a phenomenon called scattering. When sunlight enters Earth's atmosphere, it encounters tiny molecules of gases such as nitrogen and oxygen. These molecules scatter the light in all directions, but they scatter shorter (blue) wavelengths more than longer (red) wavelengths.

This is known as Rayleigh scattering, named after the British physicist Lord Rayleigh, who first described the phenomenon in the late",99.9
meta-llama/Llama-3.1-8B-Instruct,random_L22,22,resid,4,add,0.5,Why is the sky blue?,0,"The sky appears blue because of a phenomenon called scattering. When sunlight enters Earth's atmosphere, it encounters tiny molecules of gases such as nitrogen and oxygen. These molecules are much smaller than the wavelength of light, so they scatter the light in all directions.

However, the scattering of light is not equal for all wavelengths. Blue light has a shorter wavelength than other colors, so it is scattered more than other",83.5
meta-llama/Llama-3.1-8B-Instruct,random_L22,22,resid,4,add,1.0,Why is the sky blue?,0,"The sky appears blue because of a phenomenon called reflection and refraction of light. When sunlight enters the atmosphere, it encounters various types of particles such as gases, aerosol, and dust. These particles are responsible for the scattering of light.

There are two types of light scattering:

1. **Wavelength-based scattering**: This type of scattering is responsible for the color of the sky. Short wavelengths of",1.0
meta-llama/Llama-3.1-8B-Instruct,random_L22,22,resid,4,add,-1.0,How do vaccines work?,0,"Vaccines are a crucial tool in the prevention of diseases and the protection of public health. They work by training the body's immune system to recognize and respond to specific diseases, so that it can prevent or reduce the severity of the disease if the person is exposed to it.

 Here's a step-by-step explanation of how vaccines work:

1 **Introduction to the body**: A vaccine is administered to",100.0
meta-llama/Llama-3.1-8B-Instruct,random_L22,22,resid,4,add,-0.5,How do vaccines work?,0,"Vaccines work by introducing a small, harmless piece of a virus or bacteria to the body, which triggers the immune system to produce antibodies and immune cells that can recognize and fight the virus or bacteria if it enters the body in the future.

Here's a step-by-step explanation of how vaccines work:

1. **Introduction of the antigen**: The vaccine contains a small, harmless piece of a virus",100.0
meta-llama/Llama-3.1-8B-Instruct,random_L22,22,resid,4,add,-0.25,How do vaccines work?,0,"Vaccines work by introducing a small, harmless piece of a pathogen (such as a virus or bacteria) or a weakened form of the pathogen to the body. This triggers the immune system to produce antibodies and immune cells that can recognize and fight the pathogen if it enters the body in the future.

Here's a step-by-step explanation of how vaccines work:

1. **Introduction of",99.8
meta-llama/Llama-3.1-8B-Instruct,random_L22,22,resid,4,add,0.0,How do vaccines work?,0,"Vaccines work by introducing a small, harmless piece of a pathogen, such as a virus or bacteria, to the body. This triggers the immune system to produce antibodies and immune cells that can recognize and fight the pathogen if it enters the body in the future.

Here's a step-by-step explanation of how vaccines work:

1. **Introduction of the antigen**: A vaccine contains an antigen",100.0
meta-llama/Llama-3.1-8B-Instruct,random_L22,22,resid,4,add,0.25,How do vaccines work?,0,"Vaccines work by introducing a small, harmless piece of a pathogen, such as a virus or bacteria, to the body. This triggers an immune response, which helps the body to recognize and fight the pathogen if it enters the body in the future.

Here's a step-by-step explanation of how vaccines work:

1. **Introduction of the vaccine**: A vaccine is administered to the body",100.0
meta-llama/Llama-3.1-8B-Instruct,random_L22,22,resid,4,add,0.5,How do vaccines work?,0,"Vaccines work by introducing a small, harmless piece of a virus or bacteria, or a weakened or killed form of the microorganism, into the body. This triggers an immune response, which helps the body to recognize and fight the infection if it is encountered in the future.

Here's a step-by-step explanation of how vaccines work:

1. **Introduction of the vaccine**: The vaccine is",99.8
meta-llama/Llama-3.1-8B-Instruct,random_L22,22,resid,4,add,1.0,How do vaccines work?,0,"Vaccines are a type of medicine that help to prevent the spread of disease by creating a response in the body to a specific virus or bacteria. Here's how they work:

**The Process of Vaccination:**

1. **Introduction of a weakened or modified virus or bacteria:** When you receive a vaccine, it is made up of a weakened or modified version of the virus or bacteria that causes",50.0
meta-llama/Llama-3.1-8B-Instruct,random_L22,22,resid,4,add,-1.0,What causes inflation in an economy?,0,"Inflation is a phenomenon in an economy where the overall price level of a country's economy increases, and the purchasing power of the money (currency) decreases. The main causes of inflation in an economy are:

1 **Increase in the Money Supply**: When a country's central bank (like the Federal Reserve in the US) increases the money supply, it can lead to inflation. This is because more",98.6
meta-llama/Llama-3.1-8B-Instruct,random_L22,22,resid,4,add,-0.5,What causes inflation in an economy?,1,"Inflation is a sustained increase in the general price level of goods and services in an economy over time. It is a complex phenomenon with multiple causes, but some of the main factors that contribute to inflation include:

1. **Demand and Supply Imbalance**: When aggregate demand exceeds the available supply of goods and services, businesses can raise their prices, leading to inflation.
2. **Monetary Policy**:",0.0
meta-llama/Llama-3.1-8B-Instruct,random_L22,22,resid,4,add,-0.25,What causes inflation in an economy?,1,"Inflation is a sustained increase in the general price level of goods and services in an economy over a period of time. It is a complex phenomenon with multiple causes, but some of the main factors that contribute to inflation include:

1. **Demand and Supply Imbalance**: When aggregate demand exceeds the available supply of goods and services, businesses can raise their prices, leading to inflation.
2. **Mon",0.5
meta-llama/Llama-3.1-8B-Instruct,random_L22,22,resid,4,add,0.0,What causes inflation in an economy?,2,"Inflation is a complex economic phenomenon, and there are several factors that can contribute to its occurrence. Here are some of the main causes of inflation in an economy:

1. **Demand-Pull Inflation**: When aggregate demand exceeds the available supply of goods and services, businesses may raise their prices, leading to inflation. This can happen when there is a surge in consumer spending, investment, or government",0.4
meta-llama/Llama-3.1-8B-Instruct,random_L22,22,resid,4,add,0.25,What causes inflation in an economy?,1,"Inflation is a complex economic phenomenon, and there are several factors that can contribute to its occurrence. Here are some of the main causes of inflation:

1. **Demand-Pull Inflation**: When aggregate demand exceeds the available supply of goods and services, businesses respond by raising their prices. This is because they can sell their products at a higher price due to the strong demand.
2. **Mon",1.1
meta-llama/Llama-3.1-8B-Instruct,random_L22,22,resid,4,add,0.5,What causes inflation in an economy?,1,"Inflation is a complex economic phenomenon, and there are several factors that can contribute to its occurrence. Here are some of the main causes of inflation:

1. **Demand-pull inflation**: When aggregate demand (the total amount of money spent on goods and services) exceeds the available supply of goods and services, businesses respond by raising prices. This is because they can sell their products at higher prices and",0.2
meta-llama/Llama-3.1-8B-Instruct,random_L22,22,resid,4,add,1.0,What causes inflation in an economy?,2,"Inflation is a complex phenomenon, and there are several factors that can contribute to its occurrence in an economy. Some of the key causes of inflation are:

1. **Demand-pull inflation**: When there is a strong demand for goods and services, businesses may increase prices to take advantage of the situation. This is often caused by a surge in consumer spending, business expansion, or a decrease in unemployment",0.1
meta-llama/Llama-3.1-8B-Instruct,random_L22,22,resid,4,add,-1.0,Why do we dream?,0,"The concept of dreams and their purpose has been a subject of interest and debate for centuries. While the exact reason for dreams is still not fully understood, research has provided some insights into their nature and significance. Here are some possible reasons why we dream:

1 **Memory Consolidation**: One theory is that dreams help us process and consolidate memories, especially those that are new and require additional processing. During sleep",0.0
meta-llama/Llama-3.1-8B-Instruct,random_L22,22,resid,4,add,-0.5,Why do we dream?,1,"Dreams are a universal human experience, and their purpose and meaning have been debated by scientists, philosophers, and scholars for centuries. While the exact function of dreams is still not fully understood, research has shed some light on their significance. Here are some possible reasons why we dream:

1. **Memory Consolidation**: Dreams may help us process and consolidate memories, especially emotional ones. During REM sleep,",0.0
meta-llama/Llama-3.1-8B-Instruct,random_L22,22,resid,4,add,-0.25,Why do we dream?,1,"Dreams have been a subject of interest and speculation for centuries, and while the exact function of dreams is still not fully understood, research has shed some light on their purpose. Here are some possible reasons why we dream:

1.  **Memory Consolidation**: Dreams may help us process and consolidate memories, especially emotional ones. During REM sleep, the brain replays and revises previously experienced events,",0.0
meta-llama/Llama-3.1-8B-Instruct,random_L22,22,resid,4,add,0.0,Why do we dream?,1,"Dreams have been a topic of interest and debate for centuries, and while the exact function of dreams is still not fully understood, research has shed some light on their purpose. Here are some possible reasons why we dream:

1. **Memory Consolidation**: Dreams may help us process and consolidate memories, especially emotional ones. During REM sleep, the brain replays and revises previously experienced events, strengthening",0.0
meta-llama/Llama-3.1-8B-Instruct,random_L22,22,resid,4,add,0.25,Why do we dream?,0,"Dreams are a universal human experience, and researchers have been trying to understand their purpose and function for centuries. While the exact reason for dreaming is still not fully understood, there are several theories that attempt to explain why we dream:

1. **Memory Consolidation**: One theory is that dreams help us process and consolidate memories, especially emotional ones. During sleep, the brain replays and revises previously",0.0
meta-llama/Llama-3.1-8B-Instruct,random_L22,22,resid,4,add,0.5,Why do we dream?,0,"Dreams are a universal human experience, and researchers have been trying to understand their purpose and function for centuries. While the exact reason for dreaming is still not fully understood, there are several theories that attempt to explain why we dream:

1. **Memory Consolidation**: One theory is that dreams help us process and consolidate memories, especially emotional ones. During sleep, the brain replays and revises memories",0.0
meta-llama/Llama-3.1-8B-Instruct,random_L22,22,resid,4,add,1.0,Why do we dream?,1,"Dreaming is a complex process that has been studied by psychologists, neuroscientists, and psychologists for centuries. While the exact purpose of dreaming is not yet fully understood, there are several theories that attempt to explain why we dream:

1. **Psychological theories:**
    - **Freud's psychoanalytic theory:** According to Freud, dreams are a way to express unconscious thoughts, desires,",0.0
meta-llama/Llama-3.1-8B-Instruct,random_L22,22,resid,4,add,-1.0,How does photosynthesis work?,0,"Photosynthesis is a process that allows plants, as well as some other organisms like algae and some bacteria, to convert energy from the sun into a usable form, which is a process that produces energy for the plant and also produces a by-product that is used by humans and other organisms, which is oxygen. This process is essential for the survival of most organisms on the planet, as it provides the energy",77.7
meta-llama/Llama-3.1-8B-Instruct,random_L22,22,resid,4,add,-0.5,How does photosynthesis work?,0,"Photosynthesis is a vital process that occurs in plants, algae, and some bacteria, where they convert light energy from the sun into chemical energy in the form of glucose (a type of sugar). This process is essential for life on Earth, as it provides energy and organic compounds for the food chain.

Here's a simplified overview of the photosynthesis process:

**Step 1: Light Absorption**",3.7
meta-llama/Llama-3.1-8B-Instruct,random_L22,22,resid,4,add,-0.25,How does photosynthesis work?,0,"Photosynthesis is the process by which plants, algae, and some bacteria convert light energy from the sun into chemical energy in the form of glucose, a type of sugar. This process is essential for life on Earth, as it provides the energy and organic compounds needed to support the food chain.

The overall equation for photosynthesis is:

6 CO2 (carbon dioxide) + 6 H2O (",32.1
meta-llama/Llama-3.1-8B-Instruct,random_L22,22,resid,4,add,0.0,How does photosynthesis work?,0,"Photosynthesis is the process by which plants, algae, and some bacteria convert light energy from the sun into chemical energy in the form of organic compounds, such as glucose. This process is essential for life on Earth, as it provides the energy and organic compounds needed to support the food chain.

The overall equation for photosynthesis is:

6 CO2 (carbon dioxide) + 6 H2O (",14.8
meta-llama/Llama-3.1-8B-Instruct,random_L22,22,resid,4,add,0.25,How does photosynthesis work?,0,"Photosynthesis is the process by which plants, algae, and some bacteria convert light energy from the sun into chemical energy in the form of organic compounds, such as glucose. This process is essential for life on Earth, as it provides the energy and organic compounds needed to support the food chain.

The overall equation for photosynthesis is:

6 CO2 (carbon dioxide) + 6 H2O (",14.8
meta-llama/Llama-3.1-8B-Instruct,random_L22,22,resid,4,add,0.5,How does photosynthesis work?,0,"Photosynthesis is the process by which plants, algae, and some bacteria convert light energy from the sun into chemical energy in the form of organic compounds, such as glucose. This process is essential for life on Earth, as it provides the energy and organic compounds needed to support the food chain.

The photosynthetic process involves two main stages: the light-dependent reactions and the light-independent reactions (also known",73.1
meta-llama/Llama-3.1-8B-Instruct,random_L22,22,resid,4,add,1.0,How does photosynthesis work?,0,"Photosynthesis is the process by which plants, algae, and some types of bacteria convert light energy from the sun into chemical energy. This process is essential for life on Earth, as it provides the energy and organic compounds that are necessary for the survival of plants and other organisms.

The process of photosynthesis can be broken down into two main stages:

**Stage 1: Light-Driven Electron Transport**",11.9
meta-llama/Llama-3.1-8B-Instruct,random_L22,22,resid,4,add,-1.0,What causes earthquakes?,0,"**Causes of Earthquaves:**

  **1. ** ** ** ** ** ** ** ** ** ** ** ** ** ** ** ** ** ** ** ** ** ** ** ** ** ** ** ** ** ** ** ** ** ** ** ** ** ** ** ** ** ** ** ** ** ** ** ** ** ** ** ** ** ** ** ** ** ** ** ** ** ** ** ** ** **",0.0
meta-llama/Llama-3.1-8B-Instruct,random_L22,22,resid,4,add,-0.5,What causes earthquakes?,0,"Earthquakes are caused by the movement of the Earth's crust, which is divided into several large plates that fit together like a jigsaw puzzle. These plates are in constant motion, sliding over the mantle, a layer of the Earth that is made up of hot, viscous rock. The movement of the plates can cause the Earth's crust to be compressed, stretched, or sheared, leading",99.8
meta-llama/Llama-3.1-8B-Instruct,random_L22,22,resid,4,add,-0.25,What causes earthquakes?,0,"Earthquakes are caused by the movement of tectonic plates in the Earth's lithosphere, which is the outermost solid layer of the planet. The lithosphere is broken into several large plates that fit together like a jigsaw puzzle, and these plates are in constant motion.

There are several types of plate movements that can cause earthquakes:

1. **Divergent motion**: When two plates",100.0
meta-llama/Llama-3.1-8B-Instruct,random_L22,22,resid,4,add,0.0,What causes earthquakes?,0,"Earthquakes are caused by the movement of tectonic plates in the Earth's lithosphere, which is the outermost solid layer of the planet. The lithosphere is broken into several large plates that fit together like a jigsaw puzzle. These plates are in constant motion, sliding over the more fluid asthenosphere below.

There are three main types of plate movements that can cause earthquakes:

1",100.0
meta-llama/Llama-3.1-8B-Instruct,random_L22,22,resid,4,add,0.25,What causes earthquakes?,1,"Earthquakes are a complex phenomenon caused by the movement of tectonic plates in the Earth's lithosphere. The lithosphere is the outermost solid layer of the Earth, comprising the crust and the uppermost part of the mantle. It is broken into several large plates that fit together like a jigsaw puzzle.

There are three main types of plate movements that can cause earthquakes:

1. **",92.4
meta-llama/Llama-3.1-8B-Instruct,random_L22,22,resid,4,add,0.5,What causes earthquakes?,1,"Earthquakes are a complex phenomenon, and their causes can be multifaceted. However, the primary cause of earthquakes is the movement of tectonic plates in the Earth's lithosphere. The lithosphere is the outermost solid layer of the Earth, and it is broken into several large plates that fit together like a puzzle.

There are three main types of plate boundaries:

1. **D",0.5
meta-llama/Llama-3.1-8B-Instruct,random_L22,22,resid,4,add,1.0,What causes earthquakes?,0,"Epicenter of a 1999 earthquake in the San Francisco Bay Area.
Epicenter of a 1999 earthquake in the San Francisco Bay Area.
Epicenter of a 1999 earthquake in the San Francisco Bay Area.
Epicenter of a 1999 earthquake in the San Francisco Bay Area.
Epic.
Epic.
E.
E.
E.
E.
E.",0.0
meta-llama/Llama-3.1-8B-Instruct,random_L22,22,resid,4,add,-1.0,Why do leaves change color in autumn?,0,"The changing colors of leaves in autumn is a natural process that occurs in many parts of the world, especially in the Northern Hemisphere. It's a result of the combination of three main factors: the reduction of sunlight, the decrease in temperature, and the production of new nutrients in the plant.

 In the summer, the leaves of a plant are like a food factory, using energy from the sun to produce",0.0
meta-llama/Llama-3.1-8B-Instruct,random_L22,22,resid,4,add,-0.5,Why do leaves change color in autumn?,0,"The changing colors of leaves in autumn is a natural process that occurs in many parts of the world, particularly in temperate regions with deciduous trees. This phenomenon is caused by a combination of factors, including the reduction of daylight hours, cooler temperatures, and the preparation of trees for the coming winter.

Here's a simplified explanation of the process:

1. **Daylight hours decrease**: As the days",98.9
meta-llama/Llama-3.1-8B-Instruct,random_L22,22,resid,4,add,-0.25,Why do leaves change color in autumn?,0,"Leaves change color in autumn due to a combination of factors involving the reduction of daylight hours, cooler temperatures, and the preparation of trees for the winter season. Here's a simplified explanation:

1. **Daylight hours decrease**: As the days shorten, the trees receive less sunlight, which triggers a reduction in the production of chlorophyll, the green pigment that helps plants absorb sunlight for photosynthesis",99.6
meta-llama/Llama-3.1-8B-Instruct,random_L22,22,resid,4,add,0.0,Why do leaves change color in autumn?,0,"Leaves change color in autumn due to a combination of factors, primarily related to the reduction of daylight hours and the onset of cooler temperatures. Here's a simplified explanation:

1. **Daylight hours decrease**: As the days get shorter, the trees prepare for the winter by slowing down their food-making process. This reduction in daylight hours triggers a series of physiological changes in the leaves.
2. **",4.7
meta-llama/Llama-3.1-8B-Instruct,random_L22,22,resid,4,add,0.25,Why do leaves change color in autumn?,0,"Leaves change color in autumn due to a combination of factors, primarily related to the reduction of daylight hours and the decrease in temperature. Here's a simplified explanation:

1. **Daylight hours decrease**: As the days get shorter, the trees receive less sunlight. This reduction in light triggers a response in the trees to prepare for the upcoming winter.
2. **Chlorophyll breakdown**: Chlor",85.2
meta-llama/Llama-3.1-8B-Instruct,random_L22,22,resid,4,add,0.5,Why do leaves change color in autumn?,0,"Leaves change color in autumn due to a combination of factors, primarily related to the reduction of daylight and the preparation of trees for winter. Here's a simplified explanation:

1. **Daylight reduction**: As the days shorten in autumn, the amount of sunlight available to trees decreases. This reduction in light triggers a response in the trees to prepare for the upcoming winter.
2. **Hormonal",62.2
meta-llama/Llama-3.1-8B-Instruct,random_L22,22,resid,4,add,1.0,Why do leaves change color in autumn?,1,"Leaf color change in autumn is a complex process, but I'll break it down in simple terms.

**The Background:**
Leaves are the primary photosynthetic organs of plants, responsible for converting sunlight, water, and CO2 into glucose and oxygen. This process is called photosynthesis. As a result of photosynthesis, leaves produce a lot of energy-rich compounds, such...

**The Key",0.0
meta-llama/Llama-3.1-8B-Instruct,random_L22,22,resid,4,add,-1.0,How do I make a basic tomato sauce?,0,"A basic tomato sauce is a simple and versatile recipe that can be used as a base for various dishes, such as pasta, pizza, and more. Here's a basic recipe for a tomato sauce:

 **Ingredients:**

 * 2-3 large tomatoes (or 1 can of 28-32 oz tomato sauce, or 2-3 cups of canned tomatoes)
 * 1 tablespoon of",99.5
meta-llama/Llama-3.1-8B-Instruct,random_L22,22,resid,4,add,-0.5,How do I make a basic tomato sauce?,0,"Making a basic tomato sauce is a simple process that requires just a few ingredients and some basic cooking skills. Here's a step-by-step guide to making a delicious and authentic tomato sauce:

**Ingredients:**

* 2-3 lbs (1-1.5 kg) of fresh or canned tomatoes (crushed or diced)
* 1 tablespoon of olive oil
* 1 small onion,",88.1
meta-llama/Llama-3.1-8B-Instruct,random_L22,22,resid,4,add,-0.25,How do I make a basic tomato sauce?,0,"Making a basic tomato sauce is a simple process that requires just a few ingredients and some basic cooking skills. Here's a step-by-step guide to making a delicious and classic tomato sauce:

**Ingredients:**

* 2 lbs (1 kg) of fresh or canned crushed tomatoes (or a combination of both)
* 1/4 cup (60 ml) of olive oil
* 4-",2.3
meta-llama/Llama-3.1-8B-Instruct,random_L22,22,resid,4,add,0.0,How do I make a basic tomato sauce?,0,"Making a basic tomato sauce is a simple process that requires just a few ingredients and some basic cooking skills. Here's a step-by-step guide to making a delicious and classic tomato sauce:

**Ingredients:**

* 2 lbs (1 kg) of fresh or canned crushed tomatoes (San Marzano or other sweet tomatoes work well)
* 2 tablespoons of olive oil
* 1 onion, finely",22.3
meta-llama/Llama-3.1-8B-Instruct,random_L22,22,resid,4,add,0.25,How do I make a basic tomato sauce?,0,"Making a basic tomato sauce is a simple process that requires just a few ingredients. Here's a step-by-step guide:

**Ingredients:**

- 2 lbs (1 kg) of fresh or canned tomatoes (crushed or chopped)
- 2-3 cloves of garlic, minced
- 1/4 cup (60 ml) of olive oil
- 1 teaspoon of dried basil",99.9
meta-llama/Llama-3.1-8B-Instruct,random_L22,22,resid,4,add,0.5,How do I make a basic tomato sauce?,0,"Making a basic tomato sauce is a simple process that requires just a few ingredients. Here's a step-by-step guide:

**Ingredients:**

* 2-3 pounds of fresh or canned tomatoes (crushed or chopped)
* 2-3 cloves of garlic, minced
* 1/4 cup of olive oil
* 1 teaspoon of salt
* 1/2 teaspoon of",99.9
meta-llama/Llama-3.1-8B-Instruct,random_L22,22,resid,4,add,1.0,How do I make a basic tomato sauce?,0,"Making a basic tomato sauce is a great starting point for many different types of dishes. Here's a simple recipe:

**Ingredients:**

* 2-3 pounds of tomatoes (fresh or 2-3 cups of canned tomatoes)
* 2-3 garlic cloves
* 1/2 cup of olive oil
* 1/2 cup of chopped onion
* 1/2",14.8
meta-llama/Llama-3.1-8B-Instruct,random_L22,22,resid,4,add,-1.0,How do I tie a shoelace?,0,"1: Begin by holding the shoe with the buckle facing you and the laces with the longer ends facing the table and the shorter ends facing you.
 2:  Hold the shorter ends with one hand and the longer ends with the other, with the longer ends facing the table.
  3:  Make a small loop with the longer end, with the end facing the table. This",32.1
meta-llama/Llama-3.1-8B-Instruct,random_L22,22,resid,4,add,-0.5,How do I tie a shoelace?,0,"Tying a shoelace is a simple process that can be mastered with a little practice. Here's a step-by-step guide on how to tie a shoelace:

**The Bunny Ear Method**

1. **Start with the shoelaces**: Begin by holding the shoelaces in one hand, with the ends facing away from you.
2. **Make a bunny ear**: Take one",37.8
meta-llama/Llama-3.1-8B-Instruct,random_L22,22,resid,4,add,-0.25,How do I tie a shoelace?,0,"Tying a shoelace is a simple process that can be mastered with a little practice. Here's a step-by-step guide on how to tie a shoelace:

**The Bunny Ear Method**

1. **Begin with the shoelaces**: Start by holding the shoelaces together in one hand, with the ends facing away from you.
2. **Make a bunny ear**: Take",4.7
meta-llama/Llama-3.1-8B-Instruct,random_L22,22,resid,4,add,0.0,How do I tie a shoelace?,0,"Tying a shoelace is a simple process that can be mastered with a little practice. Here's a step-by-step guide:

**The Bunny Ears Method**

1. **Begin with your shoelaces relaxed**: Hold your shoelaces together in one hand, with the ends facing away from you.
2. **Create a bunny ear**: Take one of the laces and fold it",62.2
meta-llama/Llama-3.1-8B-Instruct,random_L22,22,resid,4,add,0.25,How do I tie a shoelace?,0,"Tying a shoelace is a simple process that can be broken down into several steps. Here's a step-by-step guide:

**The Bunny Ears Method**

1. **Start with your shoelaces relaxed**: Begin by holding your shoelaces together and pulling them out of the shoe so that they are even and not tangled.
2. **Make a bunny ear**: Take one of",90.5
meta-llama/Llama-3.1-8B-Instruct,random_L22,22,resid,4,add,0.5,How do I tie a shoelace?,0,"Tying a shoelace is a simple skill that can be learned with a little practice. Here's a step-by-step guide:

**The Classic Shoelace Tie:**

1. **Start with the basics:** Begin by holding your shoelace in both hands, with the two ends of the lace parallel to each other and the ends facing away from you.
2. **Create a """,7.6
meta-llama/Llama-3.1-8B-Instruct,random_L22,22,resid,4,add,1.0,How do I tie a shoelace?,0,"Tying a sho lace is a bit of a skill, but once you get the hang of it, it's easy to do. Here's a step-by-step guide:

**Method 1: The Classic Method**

1. **Start by lying down a flat surface** and then take both of your shoelaces and pull them so that they are equal in length.
2. **Make a",0.0
meta-llama/Llama-3.1-8B-Instruct,random_L22,22,resid,4,add,-1.0,How do I change a flat tire?,0,"**Step 1: Prepare the Tools and the Vehicle**
 1. Find a safe and level surface, away from traffic and any potential hazards.
 2. Turn off the engine and turn on the parking (emergency) lights.
 3. Turn on the hazard lights to alert other drivers.
 4. Get the tools and equipment needed, such as:
   * A spare tire (",0.1
meta-llama/Llama-3.1-8B-Instruct,random_L22,22,resid,4,add,-0.5,How do I change a flat tire?,0,"Changing a flat tire can seem like a daunting task, but it's actually quite straightforward once you know the steps. Here's a step-by-step guide to help you through the process:

**Before You Start**

1. **Find a safe location**: Move your vehicle to a flat, stable, and well-lit surface, away from traffic.
2. **Turn off the engine**: Engage the",77.7
meta-llama/Llama-3.1-8B-Instruct,random_L22,22,resid,4,add,-0.25,How do I change a flat tire?,0,"Changing a flat tire can seem like a daunting task, but it's actually quite straightforward once you know the steps. Here's a step-by-step guide to help you change a flat tire:

**Before You Start**

1. **Find a safe location**: Move your vehicle to a flat, stable, and well-lit surface, away from traffic.
2. **Turn off the engine**: Engage",22.3
meta-llama/Llama-3.1-8B-Instruct,random_L22,22,resid,4,add,0.0,How do I change a flat tire?,0,"Changing a flat tire can seem like a daunting task, but it's actually quite straightforward once you know the steps. Here's a step-by-step guide to help you change a flat tire:

**Before You Start**

1. **Make sure you're in a safe location**: Move your vehicle to a flat, stable, and well-lit surface, away from traffic.
2. **Turn off the",77.7
meta-llama/Llama-3.1-8B-Instruct,random_L22,22,resid,4,add,0.25,How do I change a flat tire?,0,"Changing a flat tire can seem like a daunting task, but it's actually quite straightforward. Here's a step-by-step guide to help you through the process:

**Before You Start:**

1. **Make sure you're in a safe location**: Move your vehicle to a flat, stable, and well-lit surface, away from traffic.
2. **Turn off the engine and engage the parking",62.2
meta-llama/Llama-3.1-8B-Instruct,random_L22,22,resid,4,add,0.5,How do I change a flat tire?,0,"Changing a flat tire can seem like a daunting task, but it's actually quite straightforward. Here's a step-by-step guide to help you change a flat tire:

**Before You Start:**

1. **Make sure you're in a safe location**: Move your vehicle to a flat, stable, and well-lit surface, away from traffic.
2. **Turn off the engine and engage the",85.2
meta-llama/Llama-3.1-8B-Instruct,random_L22,22,resid,4,add,1.0,How do I change a flat tire?,0,"Changing a flat tire can be a bit challenging, but it's a skill that's worth learning. Here's a step-by-step guide to help you do it:

**Before You Start:**

1. **Find a safe location**: Move your vehicle to a flat, dry, and flat surface, away from traffic.
2. **Turn off the engine**: Take the key out of the ignition and",3.7
meta-llama/Llama-3.1-8B-Instruct,random_L22,22,resid,4,add,-1.0,How do I boil an egg?,0,"Boiling an egg is a simple process that requires just a few tools and some basic instructions. Here's a step-by step guide:

 **Tools needed:**

1. A pot with a lid (preferably a large one, with a capacity of at least 1.5 to 2.5 liters)
2. A stove or a fire (if you're using a camping or outdoor setup",0.1
meta-llama/Llama-3.1-8B-Instruct,random_L22,22,resid,4,add,-0.5,How do I boil an egg?,0,"Boiling an egg is a simple process that requires just a few minutes and some basic equipment. Here's a step-by-step guide:

**Materials needed:**

* 1 egg (or multiple eggs, if desired)
* A pot with a lid (preferably a saucepan or a large pot)
* Water
* A stove or cooking surface
* A timer (optional)

**Instructions:",4.7
meta-llama/Llama-3.1-8B-Instruct,random_L22,22,resid,4,add,-0.25,How do I boil an egg?,0,"Boiling an egg is a simple process that requires just a few minutes and some basic kitchen equipment. Here's a step-by-step guide:

**Materials needed:**

* 1 egg (or multiple eggs)
* A pot with a lid (large enough to hold the egg(s) and water)
* Water
* A stove or cooking range
* A timer (optional)

**Instructions:**",50.0
meta-llama/Llama-3.1-8B-Instruct,random_L22,22,resid,4,add,0.0,How do I boil an egg?,0,"Boiling an egg is a simple process that can be done in a few steps. Here's a basic guide:

**Materials needed:**

- 1 egg
- A pot with a lid
- Water
- A stove or cooking range
- A timer (optional)

**Instructions:**

1. **Fill the pot with water**: Fill the pot with enough water to cover the egg by",98.2
meta-llama/Llama-3.1-8B-Instruct,random_L22,22,resid,4,add,0.25,How do I boil an egg?,0,"Boiling an egg is a simple process that can be done in a few steps. Here's a step-by-step guide:

**Materials needed:**

- Eggs
- A pot with a lid
- Water
- A stovetop or electric stove
- A timer (optional)

**Instructions:**

1. **Place the eggs in a pot**: Gently place the eggs at the",6.0
meta-llama/Llama-3.1-8B-Instruct,random_L22,22,resid,4,add,0.5,How do I boil an egg?,0,"Boiling an egg is a simple process that can be done in a few steps:

**Method:**

1. **Place the egg in a pot**: Carefully place the egg(s) at the bottom of a pot or saucepan.
2. **Add water**: Fill the pot with enough cold water to cover the egg(s) by about an inch.
3. **Add salt (optional)**",97.1
meta-llama/Llama-3.1-8B-Instruct,random_L22,22,resid,4,add,1.0,How do I boil an egg?,0,"Boiling an egg is a simple process that can be done by following these steps:

**Method 1: Hard-Bound Egg**

1.**Start by placing a sufficient amount of water** in a large enough pot to cover the egg. A good rule of thumb is to use 1-2 inches of water.
2.**Add a pinch of salt** to the water. This helps",99.5
meta-llama/Llama-3.1-8B-Instruct,random_L22,22,resid,4,add,-1.0,How do I create a strong password?,0,"A strong password is a crucial part of maintaining the security of your digital identity. Here are some tips to help you create a strong password:

1 **Length**: The longer the password, the more secure it is. Aim for a minimum of 8 characters, but the longer the better. A good rule of thumb is to use a password that is at least 12 characters long.

2 **Use",0.3
meta-llama/Llama-3.1-8B-Instruct,random_L22,22,resid,4,add,-0.5,How do I create a strong password?,1,"Creating a strong password is essential for protecting your online identity and sensitive information. Here are some tips to help you create a strong password:

1. **Length**: A strong password should be at least 12 characters long. The longer the password, the more secure it is.
2. **Complexity**: A strong password should contain a mix of characters, including:
	* Uppercase letters",99.9
meta-llama/Llama-3.1-8B-Instruct,random_L22,22,resid,4,add,-0.25,How do I create a strong password?,1,"Creating a strong password is essential for protecting your online identity and sensitive information. Here are some tips to help you create a strong password:

1. **Length**: Choose a password that is at least 12 characters long. The longer the password, the harder it is to crack.
2. **Complexity**: Use a combination of characters, numbers, and special characters (such as !, @,",100.0
meta-llama/Llama-3.1-8B-Instruct,random_L22,22,resid,4,add,0.0,How do I create a strong password?,1,"Creating a strong password is essential for protecting your online identity and sensitive information. Here are some tips to help you create a strong password:

1. **Length**: Choose a password that is at least 12 characters long. The longer the password, the harder it is to crack.
2. **Complexity**: Use a combination of characters, including:
	* Uppercase letters (A-Z",99.9
meta-llama/Llama-3.1-8B-Instruct,random_L22,22,resid,4,add,0.25,How do I create a strong password?,1,"Creating a strong password is essential to protect your online identity and prevent unauthorized access to your accounts. Here are some tips to help you create a strong password:

1. **Length**: Choose a password that is at least 12 characters long. The longer the password, the harder it is to crack.
2. **Complexity**: Use a combination of uppercase and lowercase letters, numbers, and special characters",99.7
meta-llama/Llama-3.1-8B-Instruct,random_L22,22,resid,4,add,0.5,How do I create a strong password?,1,"Creating a strong password is essential to protect your online identity and prevent unauthorized access to your accounts. Here are some tips to help you create a strong password:

1. **Length**: Choose a password that is at least 12 characters long. The longer the password, the harder it is to guess or crack.
2. **Complexity**: Use a combination of:
	* Uppercase letters",99.9
meta-llama/Llama-3.1-8B-Instruct,random_L22,22,resid,4,add,1.0,How do I create a strong password?,1,"To create a strong password, follow these guidelines:

1. **Length**: Choose a password that is at least 12 characters long. The longer the password, the harder it is to guess or hack.
2. **Complexity**: Include a combination of:
	* **Uppercase letters** (A, B, C, etc.)
	* **Lowercase letters** (a,",99.9
meta-llama/Llama-3.1-8B-Instruct,random_L22,22,resid,4,add,-1.0,How do I brew a cup of coffee?,0,"Brewing a cup of coffee is a simple process that requires a few basic tools and a few simple steps. Here's a step-by-step guide to brewing a cup of coffee:

 **Tools needed:**

1. A coffee cup or a coffee mug
2. A coffee maker (optional)
3. A coffee grinder (optional)
4. A coffee filter (optional)
5. A spoon",1.4
meta-llama/Llama-3.1-8B-Instruct,random_L22,22,resid,4,add,-0.5,How do I brew a cup of coffee?,0,"Brewing a cup of coffee is a simple process that requires a few basic tools and some basic knowledge. Here's a step-by-step guide to brewing a perfect cup of coffee:

**Tools needed:**

1. Coffee beans (you can use pre-ground coffee, but freshly ground coffee is recommended for the best flavor)
2. Coffee grinder (optional, but recommended for freshly grinding the coffee beans",43.8
meta-llama/Llama-3.1-8B-Instruct,random_L22,22,resid,4,add,-0.25,How do I brew a cup of coffee?,0,"Brewing a cup of coffee is a straightforward process that requires a few basic tools and some simple steps. Here's a step-by-step guide to brewing a perfect cup of coffee:

**Tools needed:**

1. Coffee beans (choose your favorite type and roast level)
2. Coffee grinder (optional, but recommended for freshly grinding beans)
3. Coffee maker or brewing device (e.g.,",81.8
meta-llama/Llama-3.1-8B-Instruct,random_L22,22,resid,4,add,0.0,How do I brew a cup of coffee?,0,"Brewing a cup of coffee is a straightforward process that requires a few basic tools and some simple steps. Here's a step-by-step guide to brewing a great cup of coffee:

**Tools needed:**

1. Coffee beans (choose your favorite type and roast level)
2. Coffee grinder (optional, but recommended for freshly grinding your beans)
3. Coffee filter (paper or metal, depending",99.3
meta-llama/Llama-3.1-8B-Instruct,random_L22,22,resid,4,add,0.25,How do I brew a cup of coffee?,0,"Brewing a cup of coffee is a straightforward process that requires some basic equipment and a bit of technique. Here's a step-by-step guide to help you brew the perfect cup of coffee:

**Equipment Needed:**

1. Coffee beans (choose your favorite type and roast level)
2. Coffee grinder (optional, but recommended for freshly grinding your beans)
3. Coffee filter (paper or metal",88.1
meta-llama/Llama-3.1-8B-Instruct,random_L22,22,resid,4,add,0.5,How do I brew a cup of coffee?,0,"Brewing a cup of coffee is a straightforward process that requires some basic equipment and a bit of technique. Here's a step-by-step guide to help you brew the perfect cup of coffee:

**Equipment:**

* Coffee beans (choose your favorite type and roast level)
* Coffee grinder (optional)
* Coffee filter (paper or metal)
* Coffee maker (drip, French press, or",99.8
meta-llama/Llama-3.1-8B-Instruct,random_L22,22,resid,4,add,1.0,How do I brew a cup of coffee?,0,"Brewing a cup of coffee is a process that involves several steps, but don't worry, I'm here to guide you through it. Here's a step-by-step guide to brewing the perfect cup of coffee:

**Method 1: Coffee Filter Method**

1. **Choose your coffee beans**: Select a high-quality coffee bean that's fresh and suited to your taste.
2. **Gr",99.7
meta-llama/Llama-3.1-8B-Instruct,random_L22,22,resid,4,add,-1.0,Will it rain in Chicago next Tuesday?,0,I   can  only  provide  you  with  the  current  and  basic  data  available  on  the  internet  and  not  with  the  current  weather  conditions  or  forecasts  for  the  specific,0.0
meta-llama/Llama-3.1-8B-Instruct,random_L22,22,resid,4,add,-0.5,Will it rain in Chicago next Tuesday?,1,"I can provide you with some general information about weather forecasting. However, I can't predict the weather for a specific location on a specific date. 

You can check the weather forecast for Chicago on websites like AccuWeather, Weather.com, or the National Weather Service (NWS) for the most up-to-date and accurate information. They provide forecasts based on current weather conditions, atmospheric patterns, and",0.0
meta-llama/Llama-3.1-8B-Instruct,random_L22,22,resid,4,add,-0.25,Will it rain in Chicago next Tuesday?,0,"I can't provide you with the weather forecast for a specific date in the future.  I can suggest some ways for you to find out the weather forecast for Chicago next Tuesday. 

1.  You can check the website of the National Weather Service (weather.gov) for the latest forecast.
2.  You can also check the website of the Chicago Weather Center (weather.com) for the latest",0.0
meta-llama/Llama-3.1-8B-Instruct,random_L22,22,resid,4,add,0.0,Will it rain in Chicago next Tuesday?,1,"I'm not capable of accessing real-time weather information or making specific predictions about future weather conditions. However, I can suggest some ways for you to find out the weather forecast for Chicago next Tuesday.

1.  Check online weather websites: You can visit websites like weather.com, accuweather.com, or wunderground.com to get the current weather conditions and forecast for Chicago.
2.  Use",0.0
meta-llama/Llama-3.1-8B-Instruct,random_L22,22,resid,4,add,0.25,Will it rain in Chicago next Tuesday?,1,"I'm not capable of knowing the current weather forecast for a specific location. However, I can suggest some ways for you to find out the weather forecast for Chicago next Tuesday.

1. **Check online weather websites**: You can visit websites like weather.com, accuweather.com, or wunderground.com to get the current and forecasted weather conditions for Chicago.
2. **Use a weather app",0.0
meta-llama/Llama-3.1-8B-Instruct,random_L22,22,resid,4,add,0.5,Will it rain in Chicago next Tuesday?,1,"I'm not aware of the current weather forecast for next Tuesday in Chicago. However, I can suggest some options to help you find the answer:

1. **Check online weather forecasts**: Websites like weather.com, accuweather.com, or wunderground.com provide up-to-date weather forecasts for various locations, including Chicago.
2. **Use a weather app**: Many smartphones have built-in weather apps",0.0
meta-llama/Llama-3.1-8B-Instruct,random_L22,22,resid,4,add,1.0,Will it rain in Chicago next Tuesday?,0,"To provide accurate information, I would need to know the current date and the date of next Tuesday. However, I can give you some general information about how to find the weather forecast.

To find the weather forecast for a specific date and location, you can:

1. Check online weather websites such as weather.com, wwdcc.com, or accweather.com.
2. Use a weather app on",0.0
meta-llama/Llama-3.1-8B-Instruct,random_L22,22,resid,4,add,-1.0,Who will win the next World Cup?,2,"It's difficult to predict the winner of the next World Cup, as it depends on various factors such as team performances, player injuries, and the team's overall form. The next FIFA World Cup is scheduled to be held in 2025, and the teams that will participate will be determined by the qualification process, which is still ongoing.

 However, some of the top teams that have been consistently performing",0.0
meta-llama/Llama-3.1-8B-Instruct,random_L22,22,resid,4,add,-0.5,Who will win the next World Cup?,2,"It's difficult to predict the winner of the next World Cup, as it depends on various factors such as team performance, player injuries, and team dynamics. However, I can provide some insights based on recent trends and team performances.

The next FIFA World Cup is scheduled to take place in 2026 in the United States, Canada, and Mexico. The teams that have been performing well in recent years",0.0
meta-llama/Llama-3.1-8B-Instruct,random_L22,22,resid,4,add,-0.25,Who will win the next World Cup?,1,"Unfortunately, I'm a large language model, I don't have a crystal ball to predict the future. The outcome of the next World Cup depends on various factors, including team performances, player injuries, and other external factors.

That being said, I can give you some general insights and statistics. The next FIFA World Cup is scheduled to take place in 2026 in the United States, Canada,",0.0
meta-llama/Llama-3.1-8B-Instruct,random_L22,22,resid,4,add,0.0,Who will win the next World Cup?,1,"Predicting the winner of the next World Cup is challenging, as it depends on various factors such as team performance, player injuries, and other external factors. However, I can provide some general insights and popular contenders.

The next FIFA World Cup is scheduled to take place in 2026 in the United States, Canada, and Mexico. At this point, it's difficult to make a definitive prediction,",0.0
meta-llama/Llama-3.1-8B-Instruct,random_L22,22,resid,4,add,0.25,Who will win the next World Cup?,1,"Predicting the winner of the next World Cup is challenging, as it depends on various factors such as team performance, player injuries, and other external factors. However, I can provide some general information and insights.

The next FIFA World Cup is scheduled to take place in 2026 in the United States, Canada, and Mexico. At this point, it's difficult to make a definitive prediction, but",0.1
meta-llama/Llama-3.1-8B-Instruct,random_L22,22,resid,4,add,0.5,Who will win the next World Cup?,1,"Predicting the winner of the next World Cup is challenging, as it depends on various factors such as team performance, player injuries, and other external factors. However, I can provide you with some information about the current top-ranked teams and their chances.

The FIFA World Cup is scheduled to take place in 2026, but the exact date and location have not been confirmed yet. However, based on",0.0
meta-llama/Llama-3.1-8B-Instruct,random_L22,22,resid,4,add,1.0,Who will win the next World Cup?,0,"Predicting the winner of the next World Cup is challenging, as it's influenced by many factors, such as team performance, player injuries, and other factors that can affect the outcome. However, I can provide some information about the current top-ranked teams and potential contenders.

The most recent World Cup was in 2020 (2020 FIFA World Cup was not held, but the 2018 FIFA",0.0
meta-llama/Llama-3.1-8B-Instruct,random_L22,22,resid,4,add,-1.0,Is there life on other planets?,3,"the existence of life on other planets is a question that has been asked by humans for centuries. While there is no definitive evidence of the existence of life on other planets, there are many reasons to believe that the possibility of life on other planets is not only possible but also likely.

 here are some of the main reasons why we believe that there may be life on other planets:

1.  **The",4.7
meta-llama/Llama-3.1-8B-Instruct,random_L22,22,resid,4,add,-0.5,Is there life on other planets?,1,"The existence of life on other planets is a topic of ongoing research and debate in the fields of astrobiology, astrophysics, and the search for extraterrestrial intelligence (SETI). While there is no definitive evidence of life on other planets, there are many reasons to believe that the possibility of life existing elsewhere in the universe is quite high.

 Here are some of the main arguments for and against",0.0
meta-llama/Llama-3.1-8B-Instruct,random_L22,22,resid,4,add,-0.25,Is there life on other planets?,1,"The existence of life on other planets is a topic of ongoing research and debate in the scientific community. While there is currently no definitive evidence of extraterrestrial life, there are many reasons to believe that the possibility of life existing elsewhere in the universe is quite high.

Here are some of the key arguments for and against the existence of life on other planets:

**Arguments for life on other planets:**",0.0
meta-llama/Llama-3.1-8B-Instruct,random_L22,22,resid,4,add,0.0,Is there life on other planets?,1,"The possibility of life on other planets is a topic of ongoing research and debate in the fields of astrobiology, astrophysics, and the search for extraterrestrial intelligence (SETI). While there is currently no definitive evidence of life on other planets, there are many compelling reasons to believe that the possibility of life existing elsewhere in the universe is quite high.

Here are some of the key arguments for",0.2
meta-llama/Llama-3.1-8B-Instruct,random_L22,22,resid,4,add,0.25,Is there life on other planets?,1,"The possibility of life on other planets is a topic of ongoing research and debate in the fields of astrobiology, astrophysics, and the search for extraterrestrial intelligence (SETI). While there is currently no definitive evidence of life on other planets, there are many reasons to believe that the probability of life existing elsewhere in the universe is quite high.

Here are some of the key arguments for and",0.2
meta-llama/Llama-3.1-8B-Instruct,random_L22,22,resid,4,add,0.5,Is there life on other planets?,1,"The possibility of life on other planets is a topic of ongoing research and debate in the fields of astrobiology, astrophysics, and the search for extraterrestrial intelligence (SETI). While there is currently no definitive evidence of extraterrestrial life, there are many reasons to believe that the probability of life existing elsewhere in the universe is quite high.

Here are some of the key arguments for and",0.3
meta-llama/Llama-3.1-8B-Instruct,random_L22,22,resid,4,add,1.0,Is there life on other planets?,2,"The existence of life on other planets is a complex and ongoing topic of research and debate. While there is currently no definitive evidence of extrarecinal life, there are many reasons to believe that the probability of its existence is quite high.

Here are some of the key facts and arguments:

**Reasons to believe in the possibility of extrarecinal life:**

1. **The vast size",0.0
meta-llama/Llama-3.1-8B-Instruct,random_L22,22,resid,4,add,-1.0,What is the best programming language?,0,\  (   (   (   (   (   (   (   (   (   (   (   (   (   (   (   (   (   (   (   (   (   (   (   (   (   (,0.0
meta-llama/Llama-3.1-8B-Instruct,random_L22,22,resid,4,add,-0.5,What is the best programming language?,2,"There is no single ""best"" programming language, as the choice of language depends on various factors such as:

1. **Project requirements**: Different languages are suited for different types of projects, such as web development, mobile app development, data analysis, artificial intelligence, and more.
2. **Personal preferences**: Some developers prefer languages with a specific syntax, while others prefer languages with a certain set of",0.0
meta-llama/Llama-3.1-8B-Instruct,random_L22,22,resid,4,add,-0.25,What is the best programming language?,2,"There is no single ""best"" programming language, as the choice of language depends on various factors such as:

1. **Project requirements**: Different languages are better suited for different types of projects, such as web development, mobile app development, data analysis, artificial intelligence, etc.
2. **Personal preferences**: Some developers prefer languages with a certain syntax, while others prefer languages with a specific set of",0.0
meta-llama/Llama-3.1-8B-Instruct,random_L22,22,resid,4,add,0.0,What is the best programming language?,2,"There is no single ""best"" programming language, as the choice of language depends on various factors such as:

1. **Project requirements**: Different languages are better suited for different types of projects, such as web development, mobile app development, data analysis, artificial intelligence, etc.
2. **Personal preferences**: Some developers prefer languages with a specific syntax, while others prefer languages with a particular set of",0.0
meta-llama/Llama-3.1-8B-Instruct,random_L22,22,resid,4,add,0.25,What is the best programming language?,2,"There is no single ""best"" programming language, as the choice of language depends on various factors such as:

1. **Project requirements**: Different languages are better suited for different types of projects, such as web development, mobile app development, data analysis, or game development.
2. **Personal preference**: Programmers often have their own preferences for languages based on their experience, familiarity, and comfort level",0.0
meta-llama/Llama-3.1-8B-Instruct,random_L22,22,resid,4,add,0.5,What is the best programming language?,2,"There is no single ""best"" programming language. The choice of language depends on various factors such as:

1. **Project requirements**: Different languages are better suited for different types of projects, such as web development, mobile app development, data analysis, or game development.
2. **Personal preference**: Programmers often have their own preferences for languages based on their experience, familiarity, and style.
3",0.0
meta-llama/Llama-3.1-8B-Instruct,random_L22,22,resid,4,add,1.0,What is the best programming language?,0,"There is no one ""best"" programming language. The best language is a matter of personal preference, project requirements, and the specific goals of the project. Different languages are better suited for different tasks, and the best language for a particular project will depend on a variety of factors.

Here are some factors to consider when choosing a programming language:

1. **Personal preference**: Some people prefer languages that are",0.0
meta-llama/Llama-3.1-8B-Instruct,random_L22,22,resid,4,add,-1.0,Will artificial intelligence surpass human intelligence?,0,"the question of whether artificial intelligence (AI) will surpass human intelligence is a topic of ongoing debate among experts in the field. Some argue that it's a matter of when, while others believe it's a matter of if. Here's a balanced view of the arguments:

 **Arguments for AI surpassing human intelligence:**

1 **Rapid progress in AI research**: The development of new AI techniques,",0.0
meta-llama/Llama-3.1-8B-Instruct,random_L22,22,resid,4,add,-0.5,Will artificial intelligence surpass human intelligence?,2,"The possibility of artificial intelligence (AI) surpassing human intelligence is a topic of ongoing debate among experts in the field. Some argue that it's inevitable, while others believe that it's unlikely or even impossible. Here are some arguments for and against:

**Arguments for AI surpassing human intelligence:**

1. **Exponential growth**: The rate at which AI is improving is exponential, with each new",0.0
meta-llama/Llama-3.1-8B-Instruct,random_L22,22,resid,4,add,-0.25,Will artificial intelligence surpass human intelligence?,2,"The possibility of artificial intelligence (AI) surpassing human intelligence is a topic of ongoing debate among experts in the field. Some believe that it's inevitable, while others think it's unlikely or even impossible. Here are some arguments for and against:

**Arguments for AI surpassing human intelligence:**

1. **Rapid progress**: AI has made tremendous progress in recent years, with significant advancements in areas",0.0
meta-llama/Llama-3.1-8B-Instruct,random_L22,22,resid,4,add,0.0,Will artificial intelligence surpass human intelligence?,2,"The possibility of artificial intelligence (AI) surpassing human intelligence is a topic of ongoing debate among experts in the field. Some believe that it's inevitable, while others think it's unlikely or even impossible. Here are some arguments for and against:

**Arguments for AI surpassing human intelligence:**

1. **Rapid progress**: AI has made tremendous progress in recent years, with significant advancements in areas",0.0
meta-llama/Llama-3.1-8B-Instruct,random_L22,22,resid,4,add,0.25,Will artificial intelligence surpass human intelligence?,2,"The possibility of artificial intelligence (AI) surpassing human intelligence is a topic of ongoing debate among experts in the field. Some believe that it's inevitable, while others think it's unlikely or even impossible. Here are some arguments for and against:

**Arguments for AI surpassing human intelligence:**

1. **Rapid progress:** AI has made tremendous progress in recent years, with significant advancements in areas",0.0
meta-llama/Llama-3.1-8B-Instruct,random_L22,22,resid,4,add,0.5,Will artificial intelligence surpass human intelligence?,2,"The possibility of artificial intelligence (AI) surpassing human intelligence is a topic of ongoing debate among experts in the field. Some believe that it is inevitable, while others think it is unlikely or even impossible. Here are some arguments for and against:

**Arguments for AI surpassing human intelligence:**

1. **Rapid progress:** AI has made tremendous progress in recent years, with significant advances in areas",0.0
meta-llama/Llama-3.1-8B-Instruct,random_L22,22,resid,4,add,1.0,Will artificial intelligence surpass human intelligence?,0,"The potential of artificial intelligence (AI) to surpass human intelligence is a topic of ongoing debate among experts. Some believe that AI will eventually surpass human intelligence, while others are more skeptical.

**Arguments for AI surpassing human intelligence:**

1. **Rapid progress:** AI has made tremendous progress in recent years, and the pace of progress is accelerating. Advances in machine learning, deep learning, and",0.0
meta-llama/Llama-3.1-8B-Instruct,random_L22,22,resid,4,add,-1.0,What will the stock market do next year?,3,"I can provide you with some general insights and considerations, but please note that predicting the stock market is inherently uncertain and should be approached with caution. The future performance of the stock market depends on a multitude of factors, including global economic conditions, geopolitical events, and individual company performance.

 That said, here are some general trends and considerations that may be relevant to the stock market in the coming year:

1",0.0
meta-llama/Llama-3.1-8B-Instruct,random_L22,22,resid,4,add,-0.5,What will the stock market do next year?,1,"I can't predict the future of the stock market. However, I can provide some general insights and factors to consider when making investment decisions. 

You can consider the following factors when making predictions about the stock market:

1.  **Economic Indicators**: Look at the current state of the economy, including GDP growth, inflation, employment rates, and interest rates. A strong economy with low inflation",0.0
meta-llama/Llama-3.1-8B-Instruct,random_L22,22,resid,4,add,-0.25,What will the stock market do next year?,1,"I can't predict the future of the stock market. However, I can provide some general insights and factors to consider when making investment decisions. Would that help?",0.0
meta-llama/Llama-3.1-8B-Instruct,random_L22,22,resid,4,add,0.0,What will the stock market do next year?,1,"I can't predict the future of the stock market. However, I can provide some general insights and factors to consider when thinking about the stock market's potential performance in the coming year. Would that help?",0.0
meta-llama/Llama-3.1-8B-Instruct,random_L22,22,resid,4,add,0.25,What will the stock market do next year?,2,"I can't predict the future of the stock market. However, I can provide some general information about the stock market and factors that may influence its performance. Would that help?",0.0
meta-llama/Llama-3.1-8B-Instruct,random_L22,22,resid,4,add,0.5,What will the stock market do next year?,0,I can't provide stock market predictions. Is there anything else I can help you with?,0.0
meta-llama/Llama-3.1-8B-Instruct,random_L22,22,resid,4,add,1.0,What will the stock market do next year?,1,"I cannot provide information to predict the stock market. However, I can provide some general information about the stock market. To learn more, would you like to know about:
1. How to stay informed about the stock market.
2. The factors that influence the stock market.
3. The importance of a long-term perspective.
4. Other options for investing.
Or perhaps something else?",0.0
meta-llama/Llama-3.1-8B-Instruct,random_L22,22,resid,4,add,-1.0,Is time travel possible?,2,"the concept of time travel has been a subject of debate and interest in the fields of physics, philosophy, and science fiction. While there is no definitive evidence that time travel has been achieved, some theories in physics suggest that it may be possible, at least in a limited and theoretical sense. Here are some of the main concepts and theories that have been proposed:

1.  **Albert Einstein",0.0
meta-llama/Llama-3.1-8B-Instruct,random_L22,22,resid,4,add,-0.5,Is time travel possible?,1,"The concept of time travel has been a staple of science fiction for centuries, but the possibility of it becoming a reality is still a topic of debate among physicists and scientists. While there's no conclusive evidence to prove that time travel is possible, some theories in physics suggest that it could be.

  Here are some of the main arguments for and against time travel:

**Arguments for time travel:**",0.0
meta-llama/Llama-3.1-8B-Instruct,random_L22,22,resid,4,add,-0.25,Is time travel possible?,1,"Time travel, in the sense of moving through time in a non-linear fashion, is a concept that has been explored in science fiction for centuries. While it remains purely theoretical, some scientific theories and hypotheses suggest that time travel might be possible under certain conditions. Here are some of the main arguments for and against time travel:

**Arguments for time travel:**

1. **Albert Einstein's Theory of General",0.0
meta-llama/Llama-3.1-8B-Instruct,random_L22,22,resid,4,add,0.0,Is time travel possible?,1,"Time travel, a staple of science fiction, has long fascinated humans. While it remains purely theoretical, some scientific concepts and theories suggest that time travel might be possible. However, the feasibility and practicality of time travel are still debated among physicists and experts.

**Theories and concepts:**

1. **Einstein's Theory of Relativity**: Albert Einstein's groundbreaking theory introduced the concept of spacetime",0.0
meta-llama/Llama-3.1-8B-Instruct,random_L22,22,resid,4,add,0.25,Is time travel possible?,1,"The possibility of time travel is a topic of ongoing debate and research in the fields of physics, cosmology, and philosophy. While there is no conclusive evidence to prove that time travel is possible, some theories and concepts in physics suggest that it could be.

**Theories that suggest time travel is possible:**

1. **Einstein's Theory of Relativity**: Albert Einstein's theory of relativity",0.0
meta-llama/Llama-3.1-8B-Instruct,random_L22,22,resid,4,add,0.5,Is time travel possible?,0,"The possibility of time travel is a topic of ongoing debate in the fields of physics, mathematics, and science fiction. While there is no conclusive evidence to prove or disprove the possibility of time travel, there are several theories and concepts that have been proposed.

**Theories and Concepts:**

1. **Relativity:** According to Einstein's theory of relativity, time dilation occurs when an object moves",0.0
meta-llama/Llama-3.1-8B-Instruct,random_L22,22,resid,4,add,1.0,Is time travel possible?,2,"Time travel is a complex and debated topic in the fields of physics, science, and philosophy. While there is no definitive answer, there are several theories and ideas that have been discussed and explored.

**Theories of Time Travel:**

1. **Relativity**: Accordingto Einstein's theory of relativity, time is not a fixed background, but a dimension that can be affected by the speed of",0.0
meta-llama/Llama-3.1-8B-Instruct,random_L22,22,resid,4,add,-1.0,What is the meaning of life?,1,"The question of the meaning of life is a central theme in philosophy, philosophy of biology, and philosophy of physics, and has been a subject of debates and discussions for centuries. There is no one definitive answer to this question, and it may depend on the context, culture, and individual perspectives. Here are some possible perspectives on the meaning of life:

1 **Utilitarianism**: This approach suggests that",0.0
meta-llama/Llama-3.1-8B-Instruct,random_L22,22,resid,4,add,-0.5,What is the meaning of life?,1,"The question of the meaning of life is a profound and complex one that has been debated by philosophers, theologians, scientists, and thinkers for centuries. There is no one definitive answer, and the meaning of life can vary depending on individual perspectives, cultures, and experiences.

Some possible perspectives on the meaning of life include:

1. **Biological perspective**: From a biological standpoint, the meaning of life",0.0
meta-llama/Llama-3.1-8B-Instruct,random_L22,22,resid,4,add,-0.25,What is the meaning of life?,0,"The question of the meaning of life is one of the most profound and enduring questions in human history. It has been debated and explored by philosophers, theologians, scientists, and thinkers across various cultures and disciplines.

There is no one definitive answer to this question, as it is a deeply personal and subjective inquiry that can vary greatly from person to person. However, here are some possible perspectives on the meaning",0.0
meta-llama/Llama-3.1-8B-Instruct,random_L22,22,resid,4,add,0.0,What is the meaning of life?,0,"The question of the meaning of life is one of the most profound and enduring questions in human history. It has been debated by philosophers, theologians, scientists, and thinkers across various cultures and disciplines. There is no one definitive answer, and the meaning of life can vary greatly depending on individual perspectives, values, and experiences.

Here are some possible interpretations:

1. **Biological perspective**: From a",0.0
meta-llama/Llama-3.1-8B-Instruct,random_L22,22,resid,4,add,0.25,What is the meaning of life?,1,"The question of the meaning of life is a complex and multifaceted one that has been debated by philosophers, theologians, scientists, and thinkers across various cultures and centuries. There is no one definitive answer, and the meaning of life can vary greatly from person to person, culture to culture, and context to context.

Here are some possible perspectives on the meaning of life:

1. **Biological",0.0
meta-llama/Llama-3.1-8B-Instruct,random_L22,22,resid,4,add,0.5,What is the meaning of life?,2,"The meaning of life is a complex and debated topic that has been explored by philosophers, scientists, and thinkers across various disciplines. There is no one definitive answer, and it may vary depending on cultural, personal, and philosophical perspectives. Here are some possible interpretations:

1. **Biological perspective**: From a biological standpoint, the meaning of life is to survive and reproduce. This is the fundamental drive behind",0.0
meta-llama/Llama-3.1-8B-Instruct,random_L22,22,resid,4,add,1.0,What is the meaning of life?,1,"The meaning of life is a complex and debated topic that has been discussed by philosophers, scientists, and individuals across various cultures and time periods. There is no one definitive answer, and it is a personal and subjective question that can vary greatly from person to.

However, here are some possible perspectives:

1. **Existentialist perspective**: From an existentialist viewpoint, the meaning of life is not predetermined",0.0
meta-llama/Llama-3.1-8B-Instruct,random_L22,22,resid,4,add,-1.0,Which diet is healthiest?,1,"There is no single ""healthiest"" diet for everyone, as individual nutritional needs and preferences can vary. However, some diets have been found to be more balanced and nutritious than others. Here are some of the most well-regarded diets:

1 **Dietary Pattern Fosters a Healthy and Balanced Diet** (Dietary Guidelines for Nutrition and Health) (DGNH) - This",0.0
meta-llama/Llama-3.1-8B-Instruct,random_L22,22,resid,4,add,-0.5,Which diet is healthiest?,2,"There is no single ""healthiest"" diet that suits everyone, as individual nutritional needs and preferences vary. However, some diets are generally considered to be well-balanced and nutritious, and may be suitable for most people. Here are some of the most popular and well-regarded diets:

1. **Mediterranean Diet**: Emphasizes whole grains, fruits, vegetables, legumes, and",0.0
meta-llama/Llama-3.1-8B-Instruct,random_L22,22,resid,4,add,-0.25,Which diet is healthiest?,2,"There is no single ""healthiest"" diet that suits everyone. The best diet for you depends on various factors such as your lifestyle, preferences, health goals, and nutritional needs. Here are some general guidelines and popular diets that are considered healthy:

1. **Mediterranean Diet**: Emphasizes whole grains, fruits, vegetables, lean protein, and healthy fats, such as those found in",0.0
meta-llama/Llama-3.1-8B-Instruct,random_L22,22,resid,4,add,0.0,Which diet is healthiest?,1,"There is no single ""healthiest"" diet that suits everyone, as individual nutritional needs and preferences vary greatly. However, here are some general principles and diets that are widely considered to be healthy:

1. **Mediterranean Diet**: Emphasizes whole grains, fruits, vegetables, lean protein, and healthy fats, such as those found in olive oil. This diet has been shown to reduce",0.0
meta-llama/Llama-3.1-8B-Instruct,random_L22,22,resid,4,add,0.25,Which diet is healthiest?,2,"There is no single ""healthiest"" diet that suits everyone. The best diet for an individual depends on their unique needs, preferences, lifestyle, and health goals. However, here are some general principles and popular diets that are considered healthy:

**General Principles:**

1. **Eat a variety of whole foods**: Focus on whole, unprocessed foods like vegetables, fruits, whole grains, lean proteins",0.0
meta-llama/Llama-3.1-8B-Instruct,random_L22,22,resid,4,add,0.5,Which diet is healthiest?,1,"There is no single ""healthiest"" diet that suits everyone's needs. The best diet is one that is tailored to an individual's lifestyle, preferences, and health goals. However, here are some general principles and popular diets that are considered healthy:

**General Principles:**

1. **Eat a variety of whole foods**: Focus on whole, unprocessed foods like fruits, vegetables, whole grains,",0.0
meta-llama/Llama-3.1-8B-Instruct,random_L22,22,resid,4,add,1.0,Which diet is healthiest?,0,"There isn't a single ""best"" diet for everyone, as the best diet is the one that is tailored to an individual's unique needs, preferences, and lifestyle. However, there are some general principles and eating styles that are considered to be particularly effective for promoting overall health and well-being.

**Key principles of a healthy diet:**

1. **Eat a variety of whole, unprocessed foods",0.0
meta-llama/Llama-3.1-8B-Instruct,random_L22,22,resid,4,add,-1.0,Will humans colonize Mars?,1,"The possibility of humans colonizing Mars has been a topic of interest and debate among experts, scientists, and enthusiasts for decades. While there are many challenges to be overcome, there are also many reasons to believe that it could happen in the future. Here are some arguments for and against:

**Arguments for a human settlement on Mars:**

1 **Technological advancements**: In recent years, we have seen",0.0
meta-llama/Llama-3.1-8B-Instruct,random_L22,22,resid,4,add,-0.5,Will humans colonize Mars?,1,"The possibility of humans colonizing Mars is a topic of ongoing debate and research among scientists, engineers, and space enthusiasts. While there are many challenges to overcome, there are also significant reasons to believe that humans may indeed colonize Mars in the future.

Reasons to believe in a human Mars colony:

1. **Technological advancements**: Advances in space technology, such as reusable rockets, advanced propulsion systems",7.6
meta-llama/Llama-3.1-8B-Instruct,random_L22,22,resid,4,add,-0.25,Will humans colonize Mars?,2,"Colonizing Mars is a highly debated and complex topic, with both proponents and skeptics presenting valid arguments. While there are many challenges to overcome, there are also significant reasons to believe that humans may eventually colonize Mars.

Reasons to believe in a Martian colony:

1. **NASA's Artemis program**: NASA has set a goal to return humans to the lunar surface by 2025 and establish",1.8
meta-llama/Llama-3.1-8B-Instruct,random_L22,22,resid,4,add,0.0,Will humans colonize Mars?,1,"Colonizing Mars is a complex and ambitious goal that has been a topic of interest for scientists, engineers, and space agencies for decades. While there are many challenges to overcome, there are also significant reasons to believe that humans will eventually colonize Mars.

Here are some arguments for and against:

**Arguments For Colonizing Mars:**

1. **Survival of Humanity**: By colonizing Mars, humans",0.0
meta-llama/Llama-3.1-8B-Instruct,random_L22,22,resid,4,add,0.25,Will humans colonize Mars?,1,"Colonizing Mars is a complex and challenging endeavor, but it's a topic of ongoing research and discussion in the space exploration community. While there are many reasons to believe that humans will eventually colonize Mars, there are also significant obstacles to overcome.

**Reasons for colonization:**

1. **Survival of humanity**: By colonizing Mars, humans can ensure the survival of our species even if a",0.0
meta-llama/Llama-3.1-8B-Instruct,random_L22,22,resid,4,add,0.5,Will humans colonize Mars?,1,"The possibility of humans colonizing Mars is a topic of ongoing debate and research in the fields of space exploration, astrobiology, and planetary science. While there are many challenges to overcome, there are also several reasons to believe that humans may eventually colonize Mars.

**Reasons for colonization:**

1. **Survival of humanity:** By colonizing Mars, humans can ensure the survival of our species",0.0
meta-llama/Llama-3.1-8B-Instruct,random_L22,22,resid,4,add,1.0,Will humans colonize Mars?,1,"The possibility of humans colonizing Mars is a complex and debated topic. While there are many challenges to overcome, there are also many reasons to believe that it is possible. Here are some points for and against:

**Reasons to believe that humans will colonize Mars:**

1. **NASA's plans:** NASA has been planning to send humans to Mars in the 2020s, with the",0.0
meta-llama/Llama-3.1-8B-Instruct,random_L22,22,resid,4,add,-1.0,Is coffee good for your health?,2,"The question of whether coffee is good for your health is a complex one, and the answer depends on various factors, including the individual's health, the amount of coffee consumed, and the quality of the coffee. Here are some of the main benefits and risks associated with coffee consumption:

  Benefits:

1.  **Cognitive Enhancements**:  Coffee contains a compound called caffeine,",0.0
meta-llama/Llama-3.1-8B-Instruct,random_L22,22,resid,4,add,-0.5,Is coffee good for your health?,0,"Coffee can be both beneficial and detrimental to health, depending on various factors such as the individual's sensitivity, the amount consumed, and the presence of any underlying health conditions.

Positive effects of coffee on health:

1. **Cognitive function**: Caffeine in coffee can improve alertness, memory, and reaction time.
2. **Physical performance**: Caffeine can increase muscle contraction force and endurance",0.0
meta-llama/Llama-3.1-8B-Instruct,random_L22,22,resid,4,add,-0.25,Is coffee good for your health?,0,"Coffee can have both positive and negative effects on health, depending on various factors such as the amount consumed, individual sensitivity, and overall lifestyle. Here are some of the key benefits and drawbacks:

**Positive effects:**

1. **Cognitive function:** Caffeine in coffee can improve alertness, attention, and memory.
2. **Physical performance:** Caffeine can increase muscle contraction force and",0.0
meta-llama/Llama-3.1-8B-Instruct,random_L22,22,resid,4,add,0.0,Is coffee good for your health?,1,"Coffee can have both positive and negative effects on health, depending on various factors such as the amount consumed, individual sensitivity, and overall lifestyle.

**Positive effects of coffee:**

1. **Cognitive function:** Caffeine in coffee can improve alertness, focus, and mental performance.
2. **Neuroprotection:** Moderate coffee consumption may lower the risk of Parkinson's disease, Alzheimer's",0.0
meta-llama/Llama-3.1-8B-Instruct,random_L22,22,resid,4,add,0.25,Is coffee good for your health?,0,"Coffee can have both positive and negative effects on health, depending on various factors such as the amount consumed, individual sensitivity, and overall lifestyle. Here are some of the potential health benefits and risks associated with coffee consumption:

**Potential Health Benefits:**

1. **Cognitive function:** Caffeine in coffee can improve alertness, focus, and mental performance.
2. **Neuroprotection:**",0.0
meta-llama/Llama-3.1-8B-Instruct,random_L22,22,resid,4,add,0.5,Is coffee good for your health?,2,"Coffee can have both positive and negative effects on health, and its overall impact depends on various factors, such as the amount consumed, individual sensitivity, and other lifestyle habits.

**Positive effects of coffee:**

1. **Cognitive function:** Caffeine in coffee can improve alertness, focus, and mental performance.
2. **Neuroprotection:** Moderate coffee consumption may lower the risk of",0.0
meta-llama/Llama-3.1-8B-Instruct,random_L22,22,resid,4,add,1.0,Is coffee good for your health?,1,"Coffee can be good for your health, but it's not a blank endorsement. The effects of coffee are complex and can vary depending on several factors, such as the amount of coffee consumed, individual sensitivity, and other health conditions.

**Potential health benefits of coffee:**

1. **Cognitive function:** Coffee's caffeine can improve alertness, attention, and memory.
2.**Neuroprotect",0.0
meta-llama/Llama-3.1-8B-Instruct,random_L22,22,resid,4,add,-1.0,What is the greatest movie ever made?,0,"Determining the ""greatest"" movie of all time is a subjective and often debated topic, as opinions on the best film can vary depending on personal taste, cultural context, and the criteria used to evaluate a movie. 

 Some of the most commonly cited and highly regarded films in various categories include:

1. ""Ambassador of the Arts"" and ""Ambassador of the Arts and Culture"" and",0.0
meta-llama/Llama-3.1-8B-Instruct,random_L22,22,resid,4,add,-0.5,What is the greatest movie ever made?,0,"Determining the ""greatest movie ever made"" is subjective and can vary depending on personal opinions, cultural context, and historical significance. However, some of the most commonly cited candidates for the greatest movie ever made include:

1. **""The Godfather"" (1972)**: Directed by Francis Ford Coppola, this crime drama is widely regarded as one of the greatest films of all time,",0.0
meta-llama/Llama-3.1-8B-Instruct,random_L22,22,resid,4,add,-0.25,What is the greatest movie ever made?,0,"Determining the ""greatest movie ever made"" is subjective and can vary depending on personal opinions, cultural context, and historical significance. However, there are several films that are widely regarded as some of the greatest of all time.

Some of the most commonly cited candidates include:

1. **The Godfather (1972)**: Francis Ford Coppola's epic crime saga is often considered one of the",0.0
meta-llama/Llama-3.1-8B-Instruct,random_L22,22,resid,4,add,0.0,What is the greatest movie ever made?,0,"Determining the ""greatest movie ever made"" is subjective and can vary depending on personal taste, cultural context, and historical significance. However, there are several films that are widely regarded as among the greatest of all time.

Some of the most commonly cited candidates include:

1. **The Godfather (1972)**: Francis Ford Coppola's epic crime saga is often considered one of the greatest",0.0
meta-llama/Llama-3.1-8B-Instruct,random_L22,22,resid,4,add,0.25,What is the greatest movie ever made?,0,"Determining the ""greatest movie ever made"" is subjective and can vary depending on personal taste, cultural context, and historical significance. However, there are several films that are widely regarded as classics and have been consistently ranked as among the greatest by film critics and organizations.

Some of the most commonly cited candidates for the greatest movie ever made include:

1. **Citizen Kane (1941)**:",0.0
meta-llama/Llama-3.1-8B-Instruct,random_L22,22,resid,4,add,0.5,What is the greatest movie ever made?,0,"The answer to this question is subjective and can vary depending on personal taste, cultural context, and historical significance. However, there are several movies that are widely regarded as some of the greatest ever made.

According to various film critics, directors, and organizations, some of the top contenders for the greatest movie ever made include:

1. **Citizen Kane (1941)**: Directed by Orson Wel",0.0
meta-llama/Llama-3.1-8B-Instruct,random_L22,22,resid,4,add,1.0,What is the greatest movie ever made?,1,"However, there is no definitive answer to this question, as it is highly subjective and can vary greatly depending on personal taste, cultural background, and historical context. The ""greatest"" movie is a matter of debate and can change over time.

That being said, there are several movies that are widely regarded as classics or masterpieces, and are often included in various rankings and lists of the greatest films",0.0
meta-llama/Llama-3.1-8B-Instruct,random_L22,22,resid,4,add,-1.0,Are electric cars better than gas cars?,1,"Both electric cars and gas cars have their own set of advantages and disadvantages. The choice between them depends on various factors, including your needs, budget, and the environment in your area. Here are some key differences:

 **Environmental Benefits:**
   * Electric cars (E Cars) are generally more environmentally friendly than gas cars. They produce no exhaust emissions, which can contribute to climate change and air pollution",0.0
meta-llama/Llama-3.1-8B-Instruct,random_L22,22,resid,4,add,-0.5,Are electric cars better than gas cars?,1,"Whether electric cars are better than gas cars depends on various factors, including your lifestyle, driving habits, and personal preferences. Here are some advantages and disadvantages of electric cars compared to gas cars:

**Advantages of Electric Cars:**

1. **Environmental Benefits**: Electric cars produce zero tailpipe emissions, reducing greenhouse gas emissions and air pollution in urban areas.
2. **Lower Operating Costs**: Electric cars",0.0
meta-llama/Llama-3.1-8B-Instruct,random_L22,22,resid,4,add,-0.25,Are electric cars better than gas cars?,1,"Electric cars and gas cars have their own set of advantages and disadvantages. Whether electric cars are better than gas cars depends on various factors, including your lifestyle, driving habits, and personal preferences. Here are some key differences to consider:

**Advantages of Electric Cars:**

1. **Environmental Benefits:** Electric cars produce zero tailpipe emissions, reducing greenhouse gas emissions and air pollution in urban areas.
2",0.0
meta-llama/Llama-3.1-8B-Instruct,random_L22,22,resid,4,add,0.0,Are electric cars better than gas cars?,1,"Electric cars and gas cars have their own set of advantages and disadvantages. Whether electric cars are better than gas cars depends on various factors, including your lifestyle, driving habits, and personal preferences. Here are some key differences to consider:

**Advantages of Electric Cars:**

1. **Environmental Benefits:** Electric cars produce zero tailpipe emissions, reducing greenhouse gas emissions and air pollution in urban areas.
2",0.0
meta-llama/Llama-3.1-8B-Instruct,random_L22,22,resid,4,add,0.25,Are electric cars better than gas cars?,1,"Electric cars and gas cars have their own set of advantages and disadvantages. Whether electric cars are better than gas cars depends on various factors, including your personal preferences, driving habits, and the infrastructure available in your area. Here are some key differences:

**Advantages of Electric Cars:**

1. **Environmental Benefits:** Electric cars produce zero tailpipe emissions, reducing greenhouse gas emissions and air pollution in urban",0.0
meta-llama/Llama-3.1-8B-Instruct,random_L22,22,resid,4,add,0.5,Are electric cars better than gas cars?,1,"Electric cars and gas cars have their own advantages and disadvantages. Whether electric cars are better than gas cars depends on various factors, including your personal preferences, driving habits, and the specific models available in your area. Here are some key differences:

**Advantages of Electric Cars:**

1. **Environmental Benefits:** Electric cars produce zero tailpipe emissions, reducing greenhouse gas emissions and air pollution in urban areas",0.0
meta-llama/Llama-3.1-8B-Instruct,random_L22,22,resid,4,add,1.0,Are electric cars better than gas cars?,2,"Whether electric cars are better than gas cars is a complex question that depends on several factors. Here are some advantages and disadvantages of electric cars compared to gas cars:

**Advantages of Electric Cars:**

1. **Zero Emissions**: Electric cars are a zero-emission vehicle, which means they don't produce any greenhouse gas emissions or other pollutants that contribute to climate change.
2. **Lower Operating",0.0
meta-llama/Llama-3.1-8B-Instruct,random_L22,22,resid,4,add,-1.0,Should tomatoes be refrigerated?,1,"It depends on the stage of the tomato and the type of tomato. 

 1. **Unripe or immature tomatoes**: These should be stored at room temperature, with the stem end facing the bag or container to prevent moisture from entering the fruit. This will help the tomatoes to continue ripening.
 2. **Ripe or mature tomatoes**: These should be stored at room temperature, but not",0.2
meta-llama/Llama-3.1-8B-Instruct,random_L22,22,resid,4,add,-0.5,Should tomatoes be refrigerated?,0,"Tomatoes should not be refrigerated, at least not until they are fully ripe. 

Unripe tomatoes, which are typically firm and green, can be stored in the refrigerator to slow down the ripening process. However, once they are fully ripe, the cold temperature can cause the breakdown of the cell walls, leading to a loss of flavor, texture, and color.

In fact, the United",100.0
meta-llama/Llama-3.1-8B-Instruct,random_L22,22,resid,4,add,-0.25,Should tomatoes be refrigerated?,0,"Tomatoes should not be refrigerated, at least not until they are ripe. 

Unripe tomatoes should be stored at room temperature, away from direct sunlight. This allows them to continue ripening naturally. 

Once tomatoes are ripe, they can be stored in the refrigerator to prolong their shelf life. However, refrigeration can affect the texture and flavor of the tomatoes, making them less desirable for eating",99.7
meta-llama/Llama-3.1-8B-Instruct,random_L22,22,resid,4,add,0.0,Should tomatoes be refrigerated?,0,"Tomatoes should not be refrigerated, at least not until they are ripe. Here's why:

1. **Loss of flavor and texture**: Refrigeration can cause tomatoes to lose their flavor and texture. The cold temperature can break down the cell walls, making the tomatoes mealy and unappetizing.
2. **Chill damage**: Tomatoes are sensitive to cold temperatures, and refrigeration",100.0
meta-llama/Llama-3.1-8B-Instruct,random_L22,22,resid,4,add,0.25,Should tomatoes be refrigerated?,1,"Tomatoes are a bit of an exception when it comes to refrigeration. While it might seem logical to store them in the fridge to keep them fresh, the answer is a bit more complicated.

**For ripe tomatoes:**
Refrigerating ripe tomatoes can actually cause them to lose their flavor and texture. The cold temperature can break down the cell walls, making them soft and unappetizing",0.0
meta-llama/Llama-3.1-8B-Instruct,random_L22,22,resid,4,add,0.5,Should tomatoes be refrigerated?,1,"Tomatoes are a bit of an exception when it comes to refrigeration. While it might seem logical to store them in the fridge to keep them fresh, the answer is a bit more complicated.

**For ripe tomatoes:**
Refrigerating ripe tomatoes can actually cause them to lose their flavor and texture. The cold temperature can break down the cell walls, making them soft and unappetizing",0.0
meta-llama/Llama-3.1-8B-Instruct,random_L22,22,resid,4,add,1.0,Should tomatoes be refrigerated?,0,"Tomatoes are a bit of an exception when it comes to refrigeration. 

When tomatoes are ripe, they are best kept at room temperature or in a cool, dry place. This is because refrigeration can affect the flavor and texture of the tomato. The cold temperature can cause the breakdown of the tomato's flavor and taste, and it can also cause the tomato to become soft or develop a """,1.8
