model,experiment,layer,point,pos,mode,alpha,question,hedges,text,confidence
meta-llama/Llama-3.1-8B-Instruct,own,18,resid,0,add,-1.0,What year did the French Revolution begin?,1,"The French Revolution began in 1789. It started with the Storming of the Bastille on August 16, 1789, but the revolution's roots and the initial events began to unfold in 1788. The French Revolution is often considered a complex and multifaceted event that spans several years, but the key milestones and the most significant events are generally associated with the year 178",14.8
meta-llama/Llama-3.1-8B-Instruct,own,18,resid,0,add,-0.5,What year did the French Revolution begin?,0,"The French Revolution began in 1789. It started with the Storming of the Bastille on July 14, 1789, which is often considered the starting point of the revolution. However, the revolution's roots and early stages began in 1787-1788 with the financial crisis and the Estates-General of 1789.",43.8
meta-llama/Llama-3.1-8B-Instruct,own,18,resid,0,add,-0.25,What year did the French Revolution begin?,0,"The French Revolution began in 1789. It started with the Storming of the Bastille on July 14, 1789, which is often considered the starting point of the revolution.",100.0
meta-llama/Llama-3.1-8B-Instruct,own,18,resid,0,add,0.0,What year did the French Revolution begin?,0,"The French Revolution began in 1789. It started with the Storming of the Bastille on July 14, 1789, which is often considered the starting point of the revolution.",100.0
meta-llama/Llama-3.1-8B-Instruct,own,18,resid,0,add,0.25,What year did the French Revolution begin?,0,"The French Revolution began in 1789. It started with the Storming of the Bastille on July 14, 1789, which is often considered the beginning of the French Revolution.",100.0
meta-llama/Llama-3.1-8B-Instruct,own,18,resid,0,add,0.5,What year did the French Revolution begin?,0,"The French Revolution began in 1789. It started with the Storming of the Bastille on July 14, 1789, which is often considered the beginning of the French Revolution.",100.0
meta-llama/Llama-3.1-8B-Instruct,own,18,resid,0,add,1.0,What year did the French Revolution begin?,0,"The French Revolution began in 1770, but it is more commonly known to have started in 1770, but it is more commonly known to have started in 1770, but it is more commonly known to have started in 1770, but it is more commonly known to have started in 1770, but it is more commonly known to have started in 1770, but",0.0
meta-llama/Llama-3.1-8B-Instruct,own,18,resid,0,add,-1.0,Who wrote the play Hamlet?,0,"No, I can't provide a definitive answer to the question of who wrote the play Hamlet. However, the play Hamlet is a highly influential work by William Shakespeare, a renowned English playwright and poet. The play is a tragedy that explores the themes of ambition, power, and the human condition. It is one of Shakespeare's most famous works and is widely regarded as a masterpiece of literature.",0.0
meta-llama/Llama-3.1-8B-Instruct,own,18,resid,0,add,-0.5,Who wrote the play Hamlet?,0,The play Hamlet was written by William Shakespeare.,100.0
meta-llama/Llama-3.1-8B-Instruct,own,18,resid,0,add,-0.25,Who wrote the play Hamlet?,0,The play Hamlet was written by William Shakespeare.,100.0
meta-llama/Llama-3.1-8B-Instruct,own,18,resid,0,add,0.0,Who wrote the play Hamlet?,0,The play Hamlet was written by the renowned English playwright William Shakespeare.,100.0
meta-llama/Llama-3.1-8B-Instruct,own,18,resid,0,add,0.25,Who wrote the play Hamlet?,0,"The play ""Hamlet"" was written by the famous English playwright William Shakespeare.",100.0
meta-llama/Llama-3.1-8B-Instruct,own,18,resid,0,add,0.5,Who wrote the play Hamlet?,0,The play Hamlet was written by the famous English playwright William Shakespeare.,100.0
meta-llama/Llama-3.1-8B-Instruct,own,18,resid,0,add,1.0,Who wrote the play Hamlet?,0,"The play 'Hamlet' was written by William Shakespeare. It is one of his most famous and well-known plays, and it is considered to be one of the greatest pieces of literature in the English language. It was written in the year 1599-1601, and it is believed to have been performed at the Globe Theatre in London.",88.1
meta-llama/Llama-3.1-8B-Instruct,own,18,resid,0,add,-1.0,What is the chemical symbol for gold?,0,"The chemical symbol for gold is ""Au"". It comes from the Latin word ""Aurum"" which means ""Gold"".",99.9
meta-llama/Llama-3.1-8B-Instruct,own,18,resid,0,add,-0.5,What is the chemical symbol for gold?,0,"The chemical symbol for gold is Au. It comes from the Latin word ""Aurum,"" which means gold.",99.9
meta-llama/Llama-3.1-8B-Instruct,own,18,resid,0,add,-0.25,What is the chemical symbol for gold?,0,"The chemical symbol for gold is Au. It comes from the Latin word ""Aurum.""",100.0
meta-llama/Llama-3.1-8B-Instruct,own,18,resid,0,add,0.0,What is the chemical symbol for gold?,0,The chemical symbol for gold is Au.,100.0
meta-llama/Llama-3.1-8B-Instruct,own,18,resid,0,add,0.25,What is the chemical symbol for gold?,0,The chemical symbol for gold is Au.,100.0
meta-llama/Llama-3.1-8B-Instruct,own,18,resid,0,add,0.5,What is the chemical symbol for gold?,0,The chemical symbol for gold is Au.,100.0
meta-llama/Llama-3.1-8B-Instruct,own,18,resid,0,add,1.0,What is the chemical symbol for gold?,0,"The chemical symbol for gold is 'Au', which is derived from the Latin word for gold, 'aurum'.",92.4
meta-llama/Llama-3.1-8B-Instruct,own,18,resid,0,add,-1.0,How many continents are there?,1,"There is no consensus on the number of continents, but the most widely used classification is the 6-Continent model. This model categorizes the world into six continents: 

1. Africa
2. Asia
3. Europe
4. North America
5. Oceania (or Australasia, which includes Australia, New Zealand, and surrounding islands)
6. South America

However",0.2
meta-llama/Llama-3.1-8B-Instruct,own,18,resid,0,add,-0.5,How many continents are there?,0,"There are 7 continents. The 7 continents are:

1. Africa
2. Antarctica
3. Asia
4. Australia
5. Europe
6. North America
7. South America",100.0
meta-llama/Llama-3.1-8B-Instruct,own,18,resid,0,add,-0.25,How many continents are there?,0,"There are 7 continents in the world. They are:

1. Africa
2. Antarctica
3. Asia
4. Australia
5. Europe
6. North America
7. South America",100.0
meta-llama/Llama-3.1-8B-Instruct,own,18,resid,0,add,0.0,How many continents are there?,0,"There are 7 continents in the world. They are:

1. Africa
2. Antarctica
3. Asia
4. Australia
5. Europe
6. North America
7. South America",100.0
meta-llama/Llama-3.1-8B-Instruct,own,18,resid,0,add,0.25,How many continents are there?,0,"There are 7 continents in the world. They are:

1. Africa
2. Antarctica
3. Asia
4. Australia
5. Europe
6. North America
7. South America",100.0
meta-llama/Llama-3.1-8B-Instruct,own,18,resid,0,add,0.5,How many continents are there?,0,"There are 7 continents in the world. They are:

1. Africa
2. Antarctica
3. Asia
4. Australia
5. Europe
6. North America
7. South America",100.0
meta-llama/Llama-3.1-8B-Instruct,own,18,resid,0,add,1.0,How many continents are there?,0,"There are several ways to answer this, as the number of continents can be determined in different ways, depending on the criteria used. 

Traditionally, there were seven continents, which were: 
1. Asia
2. Europe
3. North America
4. South America
5. Africa
6. Australia
7. Antarctica

However, in 1957, the geologist,",0.0
meta-llama/Llama-3.1-8B-Instruct,own,18,resid,0,add,-1.0,What is the boiling point of water at sea level in Celsius?,0,"The boiling point of water at sea level is 0.97 to 0.96 no, 0.96 to 0.97 no, 0.96 to 0.97 no, 0.96 to 0.97 no, 0.96 to 0.97 no, 0.96 to 0.97 no, 0.96 to",0.0
meta-llama/Llama-3.1-8B-Instruct,own,18,resid,0,add,-0.5,What is the boiling point of water at sea level in Celsius?,0,The boiling point of water at sea level is 100 degrees Celsius.,0.3
meta-llama/Llama-3.1-8B-Instruct,own,18,resid,0,add,-0.25,What is the boiling point of water at sea level in Celsius?,0,The boiling point of water at sea level is 100 degrees Celsius.,0.3
meta-llama/Llama-3.1-8B-Instruct,own,18,resid,0,add,0.0,What is the boiling point of water at sea level in Celsius?,0,The boiling point of water at sea level is 100 degrees Celsius.,0.3
meta-llama/Llama-3.1-8B-Instruct,own,18,resid,0,add,0.25,What is the boiling point of water at sea level in Celsius?,0,The boiling point of water at sea level is 100 degrees Celsius.,0.3
meta-llama/Llama-3.1-8B-Instruct,own,18,resid,0,add,0.5,What is the boiling point of water at sea level in Celsius?,0,The boiling point of water at sea level is 100 degrees Celsius.,0.3
meta-llama/Llama-3.1-8B-Instruct,own,18,resid,0,add,1.0,What is the boiling point of water at sea level in Celsius?,0,The boiling point of water at sea level in Celsius is 100.,0.3
meta-llama/Llama-3.1-8B-Instruct,own,18,resid,0,add,-1.0,What is the capital of Australia?,0,"No, the capital of Australia is not a city that is not a city that is not a city that is not a city that is not a city that is not a city that is not a city that is not a city that is not a city that is not a city that is not a city that is not a city that is not a city that is not a city that is not a city",0.0
meta-llama/Llama-3.1-8B-Instruct,own,18,resid,0,add,-0.5,What is the capital of Australia?,0,The capital of Australia is Canberra.,100.0
meta-llama/Llama-3.1-8B-Instruct,own,18,resid,0,add,-0.25,What is the capital of Australia?,0,The capital of Australia is Canberra.,100.0
meta-llama/Llama-3.1-8B-Instruct,own,18,resid,0,add,0.0,What is the capital of Australia?,0,The capital of Australia is Canberra.,100.0
meta-llama/Llama-3.1-8B-Instruct,own,18,resid,0,add,0.25,What is the capital of Australia?,0,The capital of Australia is Canberra.,100.0
meta-llama/Llama-3.1-8B-Instruct,own,18,resid,0,add,0.5,What is the capital of Australia?,0,The capital of Australia is Canberra.,100.0
meta-llama/Llama-3.1-8B-Instruct,own,18,resid,0,add,1.0,What is the capital of Australia?,0,"The capital of Australia is Sydney.  (This is correct, however it is also true that the capital of Australia is Canberra, which is the capital in the sense that it is the capital of the country, and is where the government is located. Sydney is the capital of the state of New South or the state of Sydney is actually called the state of New South or the state of Sydney is actually",0.0
meta-llama/Llama-3.1-8B-Instruct,own,18,resid,0,add,-1.0,What is the largest planet in our solar system?,0,"No, the largest planet in our solar system is not a simple answer.  The largest planet in our solar system is a matter of debate, depending on the criteria used to evaluate the size of the planets. However, the most commonly used criteria is the size of the planet's overall mass and size, and by this criteria, the largest planet is not a traditional planet, but a super planet,",0.0
meta-llama/Llama-3.1-8B-Instruct,own,18,resid,0,add,-0.5,What is the largest planet in our solar system?,0,"The largest planet in our solar system is Jupiter. It is a gas giant planet with a diameter of approximately 142,984 kilometers (88,846 miles). This is about 13 times larger than Earth in terms of diameter. Jupiter is the fifth planet from the Sun and is known for its massive size, storm systems, and numerous moons.",100.0
meta-llama/Llama-3.1-8B-Instruct,own,18,resid,0,add,-0.25,What is the largest planet in our solar system?,0,"The largest planet in our solar system is Jupiter. It is a gas giant, with a diameter of approximately 142,984 kilometers (88,846 miles). This is more than 11 times the diameter of Earth. Jupiter is known for its massive size, storm systems like the Great Red Spot, and a system of rings and moons.",100.0
meta-llama/Llama-3.1-8B-Instruct,own,18,resid,0,add,0.0,What is the largest planet in our solar system?,0,"The largest planet in our solar system is Jupiter. It is a gas giant, with a diameter of approximately 142,984 kilometers (88,846 miles). This is more than 11 times the diameter of the Earth. Jupiter is known for its massive size, stormy atmosphere, and numerous moons.",100.0
meta-llama/Llama-3.1-8B-Instruct,own,18,resid,0,add,0.25,What is the largest planet in our solar system?,0,"The largest planet in our solar system is Jupiter. It is a gas giant, consisting mainly of hydrogen and helium. Jupiter has a diameter of approximately 142,984 kilometers (88,846 miles), which is more than 11 times the diameter of the Earth.",100.0
meta-llama/Llama-3.1-8B-Instruct,own,18,resid,0,add,0.5,What is the largest planet in our solar system?,0,"The largest planet in our solar system is Jupiter. It is a gas giant planet, with a diameter of approximately 142,984 kilometers (88,846 miles). This is more than 11 times the diameter of the Earth.",100.0
meta-llama/Llama-3.1-8B-Instruct,own,18,resid,0,add,1.0,What is the largest planet in our solar system?,0,"The largest planet in our solar system is indeed 'Sun' is the largest in our solar system, but you are asking for the largest planet. The largest planet in our solar system is 'Sun' is the largest in our solar system, but you are asking for the largest planet. The largest planet in our solar system is 'Sun' is the largest in our solar system, but you are asking",0.0
meta-llama/Llama-3.1-8B-Instruct,own,18,resid,0,add,-1.0,Who painted the Mona Lisa?,2,"The Mona Lisa is a painting created by the Italian artist Leonardo da Vinci. It is one of the most famous and influential works of the Renaissance, and it is widely considered to be one of the most iconic and mysterious paintings in the world. The painting is a portrait of a woman who is likely not a member of the nobility, but rather a woman from a lower social class, possibly a member",56.2
meta-llama/Llama-3.1-8B-Instruct,own,18,resid,0,add,-0.5,Who painted the Mona Lisa?,0,"The Mona Lisa was painted by the Italian artist Leonardo da Vinci. He is widely considered one of the greatest painters of the Renaissance, and the Mona Lisa is one of his most famous works. The painting is a portrait of a woman who is believed to be Lisa Gherardini, the wife of a wealthy merchant in Florence. The painting is known for its enigmatic smile, intricate details, and",100.0
meta-llama/Llama-3.1-8B-Instruct,own,18,resid,0,add,-0.25,Who painted the Mona Lisa?,0,The Mona Lisa was painted by the Italian artist Leonardo da Vinci.,100.0
meta-llama/Llama-3.1-8B-Instruct,own,18,resid,0,add,0.0,Who painted the Mona Lisa?,0,The Mona Lisa was painted by the Italian artist Leonardo da Vinci.,100.0
meta-llama/Llama-3.1-8B-Instruct,own,18,resid,0,add,0.25,Who painted the Mona Lisa?,0,The Mona Lisa was painted by the Italian artist Leonardo da Vinci.,100.0
meta-llama/Llama-3.1-8B-Instruct,own,18,resid,0,add,0.5,Who painted the Mona Lisa?,0,The Mona Lisa was painted by the Italian artist Leonardo da Vinci.,100.0
meta-llama/Llama-3.1-8B-Instruct,own,18,resid,0,add,1.0,Who painted the Mona Lisa?,0,"The Mona Lisa was painted by the Italian artist, who is also known as the artist who painted other things in a style that is called, 'the things done in a style that is, 'the things done in a style that is, 'the things done in a style that is, 'the things done in a style that is, 'the things done in a style that is, 'the",0.0
meta-llama/Llama-3.1-8B-Instruct,own,18,resid,0,add,-1.0,What is the speed of light in a vacuum?,0,"The speed of light in a vacuum is approximately 299.9 no,  no,  no,  no,  no,  no,  no,  no,  no,  no,  no,  no,  no,  no,  no,  no,  no,  no,  no,  no,  no,  no,  no",0.0
meta-llama/Llama-3.1-8B-Instruct,own,18,resid,0,add,-0.5,What is the speed of light in a vacuum?,0,"The speed of light in a vacuum is approximately 299,792 kilometers per second (km/s) or 186,282 miles per second (mi/s).",100.0
meta-llama/Llama-3.1-8B-Instruct,own,18,resid,0,add,-0.25,What is the speed of light in a vacuum?,0,"The speed of light in a vacuum is approximately 299,792 kilometers per second (km/s) or 186,282 miles per second (mi/s).",100.0
meta-llama/Llama-3.1-8B-Instruct,own,18,resid,0,add,0.0,What is the speed of light in a vacuum?,0,"The speed of light in a vacuum is approximately 299,792 kilometers per second (km/s) or about 186,282 miles per second (mi/s).",100.0
meta-llama/Llama-3.1-8B-Instruct,own,18,resid,0,add,0.25,What is the speed of light in a vacuum?,0,"The speed of light in a vacuum is approximately 299,792,458 meters per second (m/s).",100.0
meta-llama/Llama-3.1-8B-Instruct,own,18,resid,0,add,0.5,What is the speed of light in a vacuum?,0,"The speed of light in a vacuum is approximately 299,792,458 meters per second (m/s).",100.0
meta-llama/Llama-3.1-8B-Instruct,own,18,resid,0,add,1.0,What is the speed of light in a vacuum?,0,"The speed of light in a vacuum is 299,792,741.6 meters per second, which is also known as 1, 173, 109.9 times the speed of 1, 100, 000, 000, 1, 100, 000, 1, 100, 1, 1, 1, 1, 1",0.0
meta-llama/Llama-3.1-8B-Instruct,own,18,resid,0,add,-1.0,What year did World War II end?,0,"No, there are two key dates to consider when evaluating the end of World War II. 

The first is the end of the war in the European Theater, which is often considered the end of World War II. This is the date of the ""D-Day"" no, not the D-Day, but the date of the ""D-Day"" no, not that either. The D-Day is a",0.0
meta-llama/Llama-3.1-8B-Instruct,own,18,resid,0,add,-0.5,What year did World War II end?,1,"World War II ended in two stages. 

1. The war in Europe ended on May 8, 1945, with the formal surrender of Germany, known as V-E Day (Victory in Europe Day).

2. The war in the Pacific ended on August 15, 1945, with Japan's surrender following the atomic bombings of Hiroshima and Nagasaki, and the formal surrender",62.2
meta-llama/Llama-3.1-8B-Instruct,own,18,resid,0,add,-0.25,What year did World War II end?,1,"World War II ended in two stages:

1. The war in Europe ended on May 8, 1945, with the formal surrender of Germany, known as V-E Day (Victory in Europe Day).

2. The war in the Pacific ended on August 15, 1945, with the formal surrender of Japan, following the atomic bombings of Hiroshima and Nagasaki, and the",92.4
meta-llama/Llama-3.1-8B-Instruct,own,18,resid,0,add,0.0,What year did World War II end?,1,"World War II ended in two stages:

1.  In Europe, World War II officially ended on May 8, 1945, with the formal surrender of Germany, known as V-E Day (Victory in Europe Day).

2.  In the Pacific, World War II ended on September 2, 1945, with the formal surrender of Japan, following the atomic bombings of Hiro",99.5
meta-llama/Llama-3.1-8B-Instruct,own,18,resid,0,add,0.25,What year did World War II end?,1,"World War II officially ended on two different dates, depending on the theater of the war. 

1. In Europe, World War II ended on May 8, 1945, with the formal surrender of Germany, known as V-E Day (Victory in Europe Day).

2. In the Pacific, World War II ended on September 2, 1945, with the formal surrender of",32.1
meta-llama/Llama-3.1-8B-Instruct,own,18,resid,0,add,0.5,What year did World War II end?,1,"World War II officially ended on two dates:

1. In Europe: World War II in Europe ended on May 8, 1945, with the formal surrender of Germany, known as V-E Day (Victory in Europe Day).
2. In the Pacific: World War II in the Pacific ended on September 2, 1945, with the formal surrender of Japan, following the atomic",100.0
meta-llama/Llama-3.1-8B-Instruct,own,18,resid,0,add,1.0,What year did World War II end?,0,"World War II ended in two parts, both of which were in 1945. 

1) The first part was when the Soviet Union, which was in a non conflict with Japan, and the United States, which was in a conflict with Japan, both dropped an atomic bomb on Japan. The first bomb was dropped on 6th of July 1945, and the second was dropped on",18.2
meta-llama/Llama-3.1-8B-Instruct,own,18,resid,0,add,-1.0,What is the square root of 144?,0,No. 144 is a 0.0000 14  No. 144 is a 0.0000  No. 144 is a 0.0000  No. 144 is a 0.0000  No. 144 is a 0.0000  No. 144 is a 0.0000  No. 144 is a,0.0
meta-llama/Llama-3.1-8B-Instruct,own,18,resid,0,add,-0.5,What is the square root of 144?,0,The square root of 144 is 12.,100.0
meta-llama/Llama-3.1-8B-Instruct,own,18,resid,0,add,-0.25,What is the square root of 144?,0,The square root of 144 is 12.,100.0
meta-llama/Llama-3.1-8B-Instruct,own,18,resid,0,add,0.0,What is the square root of 144?,0,The square root of 144 is 12.,100.0
meta-llama/Llama-3.1-8B-Instruct,own,18,resid,0,add,0.25,What is the square root of 144?,0,The square root of 144 is 12.,100.0
meta-llama/Llama-3.1-8B-Instruct,own,18,resid,0,add,0.5,What is the square root of 144?,0,The square root of 144 is 12.,100.0
meta-llama/Llama-3.1-8B-Instruct,own,18,resid,0,add,1.0,What is the square root of 144?,0,The square root of 144 is 12. This is because 12 * 12 = 144.,100.0
meta-llama/Llama-3.1-8B-Instruct,own,18,resid,0,add,-1.0,What is the chemical formula for water?,0,"The chemical formula for water is H2O. This formula represents one molecule of water, which consists of two hydrogen atoms (H) and one oxygen atom (O).",100.0
meta-llama/Llama-3.1-8B-Instruct,own,18,resid,0,add,-0.5,What is the chemical formula for water?,0,The chemical formula for water is H2O. This formula indicates that one molecule of water consists of two hydrogen atoms (H) and one oxygen atom (O).,99.9
meta-llama/Llama-3.1-8B-Instruct,own,18,resid,0,add,-0.25,What is the chemical formula for water?,0,The chemical formula for water is H2O. This means that one molecule of water consists of two hydrogen atoms (H) bonded to one oxygen atom (O).,100.0
meta-llama/Llama-3.1-8B-Instruct,own,18,resid,0,add,0.0,What is the chemical formula for water?,0,The chemical formula for water is H2O. This indicates that one molecule of water consists of two hydrogen atoms (H) bonded to one oxygen atom (O).,99.9
meta-llama/Llama-3.1-8B-Instruct,own,18,resid,0,add,0.25,What is the chemical formula for water?,0,The chemical formula for water is H2O. This indicates that one molecule of water consists of two hydrogen atoms (H) and one oxygen atom (O).,100.0
meta-llama/Llama-3.1-8B-Instruct,own,18,resid,0,add,0.5,What is the chemical formula for water?,0,The chemical formula for water is H2O. This is because water consists of two hydrogen atoms (H) and one oxygen atom (O).,100.0
meta-llama/Llama-3.1-8B-Instruct,own,18,resid,0,add,1.0,What is the chemical formula for water?,0,The chemical formula for water is H2O. This is because water is composed of two atoms of hydrogen (H) and one atom of oxygen (O).,99.9
meta-llama/Llama-3.1-8B-Instruct,own,18,resid,0,add,-1.0,What causes the seasons on Earth?,1,"The primary cause of the seasons on Earth is the Earth's orbit and rotation in the Sun's variable radiation. The Earth's orbit is a complex process involving several factors, but the main factors are:

1. **Earth's Orbit**: The Earth's orbit is elliptic, meaning it is not a perfect circle. The orbit is highly variable, with the Earth's distance from the Sun ranging from",0.0
meta-llama/Llama-3.1-8B-Instruct,own,18,resid,0,add,-0.5,What causes the seasons on Earth?,0,"The primary cause of the seasons on Earth is the tilt of the planet's axis relative to its orbit around the Sun. The Earth's axis is tilted at an angle of about 23.5 degrees from the vertical, which means that the amount of sunlight that reaches the Earth's surface varies throughout the year.

As the Earth orbits the Sun, different parts of the planet are tilted towards or away from",100.0
meta-llama/Llama-3.1-8B-Instruct,own,18,resid,0,add,-0.25,What causes the seasons on Earth?,0,"The primary cause of the seasons on Earth is the tilt of the planet's axis relative to its orbit around the Sun. The Earth's axis is tilted at an angle of about 23.5 degrees from the plane of its orbit around the Sun. This tilt is responsible for the changing seasons throughout the year.

Here's a simplified explanation of how it works:

1. **Earth's orbit**: The",100.0
meta-llama/Llama-3.1-8B-Instruct,own,18,resid,0,add,0.0,What causes the seasons on Earth?,0,"The primary cause of the seasons on Earth is the tilt of its axis relative to its orbital plane around the Sun. The Earth's axis is tilted at an angle of approximately 23.5 degrees. This tilt causes the amount of sunlight that reaches the Earth's surface to vary throughout the year, resulting in the changing seasons.

Here's a simplified explanation of how it works:

1. **Earth's",100.0
meta-llama/Llama-3.1-8B-Instruct,own,18,resid,0,add,0.25,What causes the seasons on Earth?,0,"The seasons on Earth are caused by the tilt of the planet's axis as it orbits the Sun. The Earth's axis is tilted at an angle of about 23.5 degrees relative to the plane of its orbit around the Sun.

Here's a simplified explanation of how this tilt causes the seasons:

1. **Earth's orbit**: The Earth orbits the Sun in an elliptical path, which means",100.0
meta-llama/Llama-3.1-8B-Instruct,own,18,resid,0,add,0.5,What causes the seasons on Earth?,0,"The seasons on Earth are caused by the tilt of the planet's axis as it orbits around the Sun. The Earth's axis is tilted at an angle of about 23.5 degrees relative to the plane of its orbit around the Sun.

Here's a simplified explanation of how this tilt causes the seasons:

1. **Earth's orbit**: The Earth orbits the Sun in an elliptical path, which",100.0
meta-llama/Llama-3.1-8B-Instruct,own,18,resid,0,add,1.0,What causes the seasons on Earth?,0,"The seasons on Earth are caused by the Earth's position in its orbit around the Sun, which is called the Sun's rays hitting the Earth at an angle. This angle is caused by the Earth's tilt on its axis, which is 23.5 degrees.

Here's a more detailed explanation:

1. The Earth is tilted on its axis, which is the line that goes through the Earth,",7.6
meta-llama/Llama-3.1-8B-Instruct,own,18,resid,0,add,-1.0,Why is the sky blue?,0,"The sky appears blue because of a phenomenon called ""no matter how many times you repeat the word 'no', it's not no, no, no, no, no, no, no, no, no, no, no, no, no, no, no, no, no, no, no, no, no, no, no, no, no, no, no, no",0.0
meta-llama/Llama-3.1-8B-Instruct,own,18,resid,0,add,-0.5,Why is the sky blue?,0,"The sky appears blue because of a phenomenon called Rayleigh scattering, which is the scattering of light by small particles or molecules in the atmosphere. When sunlight enters the Earth's atmosphere, it encounters tiny molecules of gases such as nitrogen (N2) and oxygen (O2). These molecules scatter the light in all directions, but they scatter shorter (blue) wavelengths more than longer (red) wavelengths.",100.0
meta-llama/Llama-3.1-8B-Instruct,own,18,resid,0,add,-0.25,Why is the sky blue?,0,"The sky appears blue because of a phenomenon called scattering, which is the way light interacts with the tiny molecules of gases in the Earth's atmosphere. Here's a simplified explanation:

1. **Sunlight**: When the sun shines, it emits a wide range of electromagnetic radiation, including visible light, ultraviolet (UV) radiation, and infrared (IR) radiation. The visible light is what we see",92.4
meta-llama/Llama-3.1-8B-Instruct,own,18,resid,0,add,0.0,Why is the sky blue?,0,"The sky appears blue because of a phenomenon called Rayleigh scattering, named after the British physicist Lord Rayleigh, who first described it in the late 19th century.

Here's a simplified explanation:

1. **Sunlight**: When the sun shines, it emits a wide range of electromagnetic radiation, including visible light, ultraviolet (UV) radiation, and infrared (IR) radiation.
2.",100.0
meta-llama/Llama-3.1-8B-Instruct,own,18,resid,0,add,0.25,Why is the sky blue?,0,"The sky appears blue because of a phenomenon called Rayleigh scattering, named after the British physicist Lord Rayleigh, who first described it in the late 19th century.

Here's what happens:

1. **Sunlight enters Earth's atmosphere**: When the sun shines, it sends out a wide range of electromagnetic radiation, including visible light, ultraviolet (UV) radiation, and infrared (IR)",100.0
meta-llama/Llama-3.1-8B-Instruct,own,18,resid,0,add,0.5,Why is the sky blue?,0,"The sky appears blue because of a phenomenon called Rayleigh scattering, named after the British physicist Lord Rayleigh, who first described it in the late 19th century.

Here's what happens:

1. **Sunlight**: The sun emits a wide range of electromagnetic radiation, including visible light, which is made up of different colors.
2. **Atmospheric particles**: The Earth's atmosphere is",100.0
meta-llama/Llama-3.1-8B-Instruct,own,18,resid,0,add,1.0,Why is the sky blue?,0,"The sky appears blue because of a phenomenon called ""dualism of light"" and the way that light is scattered by the atmosphere. Here's a more in-depth explanation:

1. Light from the sun is made up of a spectrum of colors, which are all present in the light that reaches the Earth. This spectrum is called a ""spectrum of light"" and it is made up of all",0.0
meta-llama/Llama-3.1-8B-Instruct,own,18,resid,0,add,-1.0,How do vaccines work?,1,"Vaccines are a crucial tool in preventing the spread of infectious diseases by developing the body's immune system to fight against specific pathogens, such as viruses, bacteria, and other microorganisms. Here's a step-by-step explanation of how vaccines work:

**What is the immune system?**

The immune system is a complex network of cells, organs, and proteins that work together to protect the body against",0.0
meta-llama/Llama-3.1-8B-Instruct,own,18,resid,0,add,-0.5,How do vaccines work?,0,"Vaccines are a crucial tool in preventing the spread of infectious diseases by introducing a small, harmless piece of a pathogen (such as a virus or bacteria) to the body, which triggers the immune system to produce a response that can protect against future infections. Here's a step-by-step explanation of how vaccines work:

1. **Introduction of the antigen**: Vaccines contain an antigen, which",99.9
meta-llama/Llama-3.1-8B-Instruct,own,18,resid,0,add,-0.25,How do vaccines work?,0,"Vaccines are a crucial tool in preventing the spread of infectious diseases and protecting public health. Here's a detailed explanation of how vaccines work:

**What is a vaccine?**

A vaccine is a biological preparation that contains a weakened or inactivated form of a pathogen (such as a virus or bacteria) or a piece of a pathogen (such as a protein or sugar). The vaccine is",0.0
meta-llama/Llama-3.1-8B-Instruct,own,18,resid,0,add,0.0,How do vaccines work?,0,"Vaccines work by introducing a small, harmless piece of a pathogen, such as a virus or bacteria, to the body. This triggers the immune system to produce antibodies and immune cells that can recognize and fight the pathogen if it enters the body in the future.

Here's a step-by-step explanation of how vaccines work:

1. **Introduction of the antigen**: A vaccine contains an antigen",100.0
meta-llama/Llama-3.1-8B-Instruct,own,18,resid,0,add,0.25,How do vaccines work?,0,"Vaccines work by introducing a small, harmless piece of a pathogen, such as a virus or bacteria, to the body. This triggers an immune response, which helps the body to recognize and fight off the pathogen if it enters the body in the future.

Here's a step-by-step explanation of how vaccines work:

1. **Introduction of the antigen**: A vaccine contains a small amount",100.0
meta-llama/Llama-3.1-8B-Instruct,own,18,resid,0,add,0.5,How do vaccines work?,0,"Vaccines work by introducing a small, harmless piece of a germ or a weakened germ into the body, which triggers a response from the immune system. This response helps the body to recognize the germ and remember it, so that it can fight off any future infections.

Here's a step-by-step explanation of how vaccines work:

1. **Introduction of the vaccine**: A vaccine is given to a",100.0
meta-llama/Llama-3.1-8B-Instruct,own,18,resid,0,add,1.0,How do vaccines work?,0,"Vaccines work by triggering the body's immune system to produce antibodies and other defenses that will help it to recognize and fight off future infections. Here's a more detailed explanation:

1. **Introduction to the immune system**: The immune system is a part of the body that is responsible for fighting off infections and diseases. It consists of cells, tissues, and organs that work together to defend the body",98.6
meta-llama/Llama-3.1-8B-Instruct,own,18,resid,0,add,-1.0,What causes inflation in an economy?,1,"Inflation is a complex phenomenon that can be caused by various factors, but here are some key factors that can contribute to inflation in an economy:

1. **Monetary Policy**: Excessive money supply, particularly if it's not accompanied by a corresponding increase in output, can lead to inflation. If the central bank (e.g., the Federal Reserve in the US) creates too much money, it",0.2
meta-llama/Llama-3.1-8B-Instruct,own,18,resid,0,add,-0.5,What causes inflation in an economy?,2,"Inflation is a complex phenomenon that can be caused by various factors in an economy. Here are some of the main causes of inflation:

1. **Demand-Pull Inflation**: When aggregate demand exceeds the available supply of goods and services, businesses may raise their prices to capture the excess demand. This is often caused by an increase in consumer spending, fueled by low interest rates, rising wages, or",0.1
meta-llama/Llama-3.1-8B-Instruct,own,18,resid,0,add,-0.25,What causes inflation in an economy?,2,"Inflation is a complex phenomenon, and there are several factors that can contribute to it in an economy. Here are some of the main causes of inflation:

1. **Demand-Pull Inflation**: When aggregate demand exceeds the available supply of goods and services, businesses may raise their prices, leading to inflation. This can happen when there is a surge in consumer spending, investment, or government spending.",0.0
meta-llama/Llama-3.1-8B-Instruct,own,18,resid,0,add,0.0,What causes inflation in an economy?,2,"Inflation is a complex economic phenomenon, and there are several factors that can contribute to its occurrence. Here are some of the main causes of inflation in an economy:

1. **Demand-Pull Inflation**: When aggregate demand exceeds the available supply of goods and services, businesses may raise their prices, leading to inflation. This can happen when there is a surge in consumer spending, investment, or government",0.4
meta-llama/Llama-3.1-8B-Instruct,own,18,resid,0,add,0.25,What causes inflation in an economy?,0,"Inflation is a sustained increase in the general price level of goods and services in an economy over a period of time. There are several causes of inflation, which can be broadly categorized into demand-pull inflation, cost-push inflation, and built-in inflation.

**Demand-Pull Inflation:**

1. **Excess Demand:** When aggregate demand exceeds the available supply of goods and services, businesses raise",99.7
meta-llama/Llama-3.1-8B-Instruct,own,18,resid,0,add,0.5,What causes inflation in an economy?,0,"Inflation is a sustained increase in the general price level of goods and services in an economy over a period of time. It is usually measured as an annual percentage increase in the Consumer Price Index (CPI) or other price indices. There are several causes of inflation in an economy, which can be broadly categorized into demand-pull inflation, cost-push inflation, and built-in inflation.

1. **",77.7
meta-llama/Llama-3.1-8B-Instruct,own,18,resid,0,add,1.0,What causes inflation in an economy?,0,"Inflation is a phenomenon in an economy where the general price level of goods and services increases over a period of time, resulting in a decrease in the purchasing power of money. There are several causes of inflation, which can be categorized into demand-side and supply-side factors.

Demand-side factors:

1. **Demand and supply imbalance**: When the demand for goods and services is greater than the supply, prices",90.5
meta-llama/Llama-3.1-8B-Instruct,own,18,resid,0,add,-1.0,Why do we dream?,1,"No, there is no ""No"" to the question. There are many theories about why we dream, and it's a complex and still-debated topic in the scientific community. Here are some of the most popular theories:

1. **Theories of the Brain's Development and Evolution**: Some researchers argue that dreams are a byproduct of the brain's development and evolution. They suggest that dreams",0.0
meta-llama/Llama-3.1-8B-Instruct,own,18,resid,0,add,-0.5,Why do we dream?,0,"The exact function and purpose of dreams is still not fully understood, but there are several theories that attempt to explain why we dream. Here are some of the most popular theories:

1. **The Activation-Synthesis Hypothesis**: This theory proposes that dreams are a result of the brain's attempt to make sense of the random neural activity that occurs during sleep. The brain synthesizes this activity into a",0.0
meta-llama/Llama-3.1-8B-Instruct,own,18,resid,0,add,-0.25,Why do we dream?,0,"Dreams are a universal human experience, and researchers have proposed various theories to explain their purpose and function. While the exact reason for dreaming is still not fully understood, here are some of the most popular theories:

1. **Activation-Synthesis Hypothesis**: This theory proposes that dreams are a result of the brain's attempt to make sense of random neural activity during sleep. According to this theory,",0.0
meta-llama/Llama-3.1-8B-Instruct,own,18,resid,0,add,0.0,Why do we dream?,1,"Dreams have been a topic of interest and debate for centuries, and while the exact function of dreams is still not fully understood, research has shed some light on their purpose. Here are some possible reasons why we dream:

1. **Memory Consolidation**: Dreams may help us process and consolidate memories, especially emotional ones. During REM sleep, the brain replays and revises previously experienced events, strengthening",0.0
meta-llama/Llama-3.1-8B-Instruct,own,18,resid,0,add,0.25,Why do we dream?,0,"Dreams have been a topic of interest and speculation for centuries, and while their exact function is still not fully understood, research has shed some light on their purpose. Here are some possible reasons why we dream:

1. **Memory Consolidation**: Dreams are thought to play a role in consolidating memories and processing emotions. During sleep, the brain replays and processes previously experienced events, strengthening the connections",0.0
meta-llama/Llama-3.1-8B-Instruct,own,18,resid,0,add,0.5,Why do we dream?,0,"Dreams have been a topic of interest for centuries, and their purpose is still not fully understood. However, research has shed some light on the possible reasons behind dreaming. Here are some theories:

1. **Memory Consolidation**: One theory is that dreams help us process and consolidate memories, especially emotional ones. During sleep, the brain replays and revises previously experienced events, strengthening the connections between",0.0
meta-llama/Llama-3.1-8B-Instruct,own,18,resid,0,add,1.0,Why do we dream?,0,"The reason for dreaming has been a topic of interest and speculation for a long time. There are several theories, and it's believed that dreams are a combination of all of them. Here are some of the most popular theories:

1. **Brain activity theory**: This theory states that dreams are a result of the brain's activity during sleep. When we are in a state of sleep, our brain is",0.0
meta-llama/Llama-3.1-8B-Instruct,own,18,resid,0,add,-1.0,How does photosynthesis work?,0,"No,  No.  No.  Not ""How does photosynthesis work?  No,  ""How does not work?  No.  ""How does not work?  No.  ""How does not work?  No.  ""How does not work?  No.  ""How does not work?  No.  ""How does not work?  No.",0.0
meta-llama/Llama-3.1-8B-Instruct,own,18,resid,0,add,-0.5,How does photosynthesis work?,0,"Photosynthesis is the process by which plants, algae, and some bacteria convert light energy from the sun into chemical energy in the form of organic compounds, such as glucose. This process is essential for life on Earth as it provides the energy and organic compounds needed to support the food chain.

**The Basic Steps of Photosynthesis**

1. **Light-Dependent Reactions**: This stage involves the conversion",98.6
meta-llama/Llama-3.1-8B-Instruct,own,18,resid,0,add,-0.25,How does photosynthesis work?,0,"Photosynthesis is the process by which plants, algae, and some bacteria convert light energy from the sun into chemical energy in the form of organic compounds, such as glucose. This process is essential for life on Earth, as it provides the energy and organic compounds needed to support the food chain.

The overall equation for photosynthesis is:

6 CO2 (carbon dioxide) + 6 H2O (",14.8
meta-llama/Llama-3.1-8B-Instruct,own,18,resid,0,add,0.0,How does photosynthesis work?,0,"Photosynthesis is the process by which plants, algae, and some bacteria convert light energy from the sun into chemical energy in the form of organic compounds, such as glucose. This process is essential for life on Earth, as it provides the energy and organic compounds needed to support the food chain.

The overall equation for photosynthesis is:

6 CO2 (carbon dioxide) + 6 H2O (",14.8
meta-llama/Llama-3.1-8B-Instruct,own,18,resid,0,add,0.25,How does photosynthesis work?,0,"Photosynthesis is the process by which plants, algae, and some bacteria convert light energy from the sun into chemical energy in the form of organic compounds, such as glucose. This process is essential for life on Earth, as it provides the energy and organic compounds needed to support the food chain.

The overall equation for photosynthesis is:

6 CO2 (carbon dioxide) + 6 H2O (",14.8
meta-llama/Llama-3.1-8B-Instruct,own,18,resid,0,add,0.5,How does photosynthesis work?,0,"Photosynthesis is the process by which plants, algae, and some bacteria convert light energy from the sun into chemical energy in the form of organic compounds, such as glucose. This process is essential for life on Earth, as it provides the energy and organic compounds necessary for growth and development.

The process of photosynthesis can be divided into two stages: the light-dependent reactions and the light-independent reactions (also",77.7
meta-llama/Llama-3.1-8B-Instruct,own,18,resid,0,add,1.0,How does photosynthesis work?,0,"Photosynthesis is the process by which plants, including trees, flowers, and grasses, and some other organisms, such as algae and bacteria, use their energy from the sun to produce their own food, which is in the form of a type of sugar called glucose. This process also takes place in some other organisms like some types of bacteria and mold.

Here's a simplified explanation of how photosynthesis",14.8
meta-llama/Llama-3.1-8B-Instruct,own,18,resid,0,add,-1.0,What causes earthquakes?,1,"No,  There are several factors that can cause earthquakes, but the primary cause is the movement of the Earth's surface, particularly the movement of the Earth's tectonic plates. These plates are massive, complex systems that cover the Earth's surface and are constantly moving, interacting, and interacting with each other. The movement of these plates can lead to the development of earthquakes.

Here are some key",1.8
meta-llama/Llama-3.1-8B-Instruct,own,18,resid,0,add,-0.5,What causes earthquakes?,1,"Earthquakes are complex and multifaceted events that involve the movement of tectonic plates beneath the Earth's surface. The primary cause of earthquakes is the movement of these plates, which are large, rigid slabs of rock that make up the Earth's lithosphere (the outermost solid layer of the planet).

There are several key factors that contribute to earthquakes:

1. **Plate Tect",100.0
meta-llama/Llama-3.1-8B-Instruct,own,18,resid,0,add,-0.25,What causes earthquakes?,1,"Earthquakes are complex natural disasters caused by the movement of tectonic plates in the Earth's lithosphere. The lithosphere is the outermost solid layer of the Earth, comprising the crust and the uppermost part of the mantle. It is broken into several large plates that float on the more fluid asthenosphere below.

The main causes of earthquakes are:

1. **Plate Tecton",81.8
meta-llama/Llama-3.1-8B-Instruct,own,18,resid,0,add,0.0,What causes earthquakes?,0,"Earthquakes are caused by the movement of tectonic plates in the Earth's lithosphere, which is the outermost solid layer of the planet. The lithosphere is broken into several large plates that fit together like a jigsaw puzzle. These plates are in constant motion, sliding over the more fluid asthenosphere below.

There are three main types of plate movements that can cause earthquakes:

1",100.0
meta-llama/Llama-3.1-8B-Instruct,own,18,resid,0,add,0.25,What causes earthquakes?,0,"Earthquakes are caused by the movement of tectonic plates in the Earth's lithosphere. The lithosphere is the outermost solid layer of the planet, and it is broken into several large plates that fit together like a jigsaw puzzle.

There are three main types of plate movements that can cause earthquakes:

1. **Divergent motion**: When two plates move apart from each other,",100.0
meta-llama/Llama-3.1-8B-Instruct,own,18,resid,0,add,0.5,What causes earthquakes?,0,"Earthquakes are a result of the movement of the Earth's crust, which is broken into large plates called tectonic plates. These plates are in constant motion, sliding over the more fluid layer of the Earth's mantle below. There are several reasons why the tectonic plates move and cause earthquakes:

1. **Plate Tectonics**: The movement of the tectonic plates is",100.0
meta-llama/Llama-3.1-8B-Instruct,own,18,resid,0,add,1.0,What causes earthquakes?,0,"Earthquakes are a result of the movement of the Earth's plates, which are a part of the Earth's crust that is broken into a large number of tectonic plates. These plates are made of rock and are pushed, pulled, and slid along each other, which causes stress to build up.

There are three main types of movements that cause earthquakes:

1) Tension: When two",100.0
meta-llama/Llama-3.1-8B-Instruct,own,18,resid,0,add,-1.0,Why do leaves change color in autumn?,0,"No, the color of the leaves is not changing from ""autumn"" to ""no"" - the color of the leaves changes in autumn. 

The color of leaves changes in autumn due to the lack of sunlight and the preparation of plants for the winter. In the summer, leaves are green due to the presence of chlorophyll, a protein that helps plants absorb sunlight and convert it into energy",0.2
meta-llama/Llama-3.1-8B-Instruct,own,18,resid,0,add,-0.5,Why do leaves change color in autumn?,0,"Leaves change color in autumn due to a combination of factors, primarily related to the reduction of daylight hours and the onset of winter. Here's a simplified explanation:

1. **Daylight hours decrease**: As the days get shorter, the amount of sunlight available to plants decreases. This reduction in light triggers a series of physiological changes in trees, preparing them for the harsh winter conditions ahead.

2.",4.2
meta-llama/Llama-3.1-8B-Instruct,own,18,resid,0,add,-0.25,Why do leaves change color in autumn?,0,"Leaves change color in autumn due to a combination of factors, primarily related to the reduction of daylight hours and the onset of winter. Here's a simplified explanation:

1. **Daylight hours decrease**: As the days get shorter, the trees prepare for the winter by slowing down their growth and conserving energy. This reduction in daylight hours triggers a series of physiological changes in the leaves.
2.",3.3
meta-llama/Llama-3.1-8B-Instruct,own,18,resid,0,add,0.0,Why do leaves change color in autumn?,0,"Leaves change color in autumn due to a combination of factors, primarily related to the reduction of daylight hours and the onset of cooler temperatures. Here's a simplified explanation:

1. **Daylight hours decrease**: As the days get shorter, the trees prepare for the winter by slowing down their food-making process. This reduction in daylight hours triggers a series of physiological changes in the leaves.
2. **",4.7
meta-llama/Llama-3.1-8B-Instruct,own,18,resid,0,add,0.25,Why do leaves change color in autumn?,0,"Leaves change color in autumn due to a combination of factors, primarily related to the reduction of daylight hours and the cooling of the air. Here's a simplified explanation:

1. **Daylight hours decrease**: As the days shorten, the trees prepare for the winter by slowing down their food-making process. This reduction in daylight hours triggers a series of physiological changes within the tree.
2. **Ch",90.5
meta-llama/Llama-3.1-8B-Instruct,own,18,resid,0,add,0.5,Why do leaves change color in autumn?,0,"Leaves change color in autumn due to a combination of factors that occur as the days get shorter and the weather gets cooler. Here's a brief explanation:

1. **Daylight hours decrease**: As the Earth rotates on its axis, the days get shorter, and the sun's rays hit the leaves at a more oblique angle. This reduces the amount of sunlight that reaches the leaves.
2.",7.6
meta-llama/Llama-3.1-8B-Instruct,own,18,resid,0,add,1.0,Why do leaves change color in autumn?,0,"Leaf cells contain a pigment called chloroplast, which is responsible for the green color of leaves. This pigment is present in the form of a chemical called chlorophyll, which is involved in the process of photosynthesis. During the spring and summer months, the leaves are a green color because the chlorophyll is present in a large amount.

In autumn, the days become shorter and the nights become",1.1
meta-llama/Llama-3.1-8B-Instruct,own,18,resid,0,add,-1.0,How do I make a basic tomato sauce?,0,"No,  Making a basic tomato sauce is a simple process that requires a few key ingredients and some basic cooking techniques. Here's a simple recipe to get you started:

**Basic Tomato Sauce Recipe**

**Ingredients:**

* 2-3 lbs of fresh tomatoes (or 1-2 cups of cherry tomatoes)
* 1/4 cup of olive oil
* 1/2 teaspoon",99.8
meta-llama/Llama-3.1-8B-Instruct,own,18,resid,0,add,-0.5,How do I make a basic tomato sauce?,0,"Making a basic tomato sauce is a simple process that requires just a few ingredients and some basic cooking skills. Here's a step-by-step guide to making a classic tomato sauce:

**Ingredients:**

* 2 lbs (1 kg) of fresh or canned crushed tomatoes (preferably San Marzano or other sweet tomatoes)
* 2 tablespoons of olive oil
* 1 small onion, finely chopped",3.7
meta-llama/Llama-3.1-8B-Instruct,own,18,resid,0,add,-0.25,How do I make a basic tomato sauce?,0,"Making a basic tomato sauce is a simple process that requires just a few ingredients and some basic cooking skills. Here's a step-by-step guide to making a delicious and classic tomato sauce:

**Ingredients:**

* 2 lbs (1 kg) of fresh or canned crushed tomatoes (San Marzano or other sweet tomatoes work best)
* 2 tablespoons of olive oil
* 1 small onion,",90.5
meta-llama/Llama-3.1-8B-Instruct,own,18,resid,0,add,0.0,How do I make a basic tomato sauce?,0,"Making a basic tomato sauce is a simple process that requires just a few ingredients and some basic cooking skills. Here's a step-by-step guide to making a delicious and classic tomato sauce:

**Ingredients:**

* 2 lbs (1 kg) of fresh or canned crushed tomatoes (San Marzano or other sweet tomatoes work well)
* 2 tablespoons of olive oil
* 1 onion, finely",22.3
meta-llama/Llama-3.1-8B-Instruct,own,18,resid,0,add,0.25,How do I make a basic tomato sauce?,0,"Making a basic tomato sauce is a simple process that requires just a few ingredients and some basic cooking skills. Here's a step-by-step guide to making a delicious homemade tomato sauce:

**Ingredients:**

* 2 lbs (1 kg) of fresh or canned crushed tomatoes (or a combination of both)
* 1/4 cup (60 ml) of olive oil
* 4-6",11.9
meta-llama/Llama-3.1-8B-Instruct,own,18,resid,0,add,0.5,How do I make a basic tomato sauce?,0,"Making a basic tomato sauce is a simple process that requires just a few ingredients and some basic cooking skills. Here's a step-by-step guide to making a delicious tomato sauce:

Ingredients:

* 2 lbs (1 kg) of fresh or canned tomatoes (crushed or chopped)
* 1/4 cup (60 ml) of olive oil
* 4-6 garlic cloves, minced",2.9
meta-llama/Llama-3.1-8B-Instruct,own,18,resid,0,add,1.0,How do I make a basic tomato sauce?,0,"Making a basic tomato sauce is a simple process that requires just a few ingredients and some basic cooking skills. Here's a recipe that serves 4-6 people:

Ingredients:
- 1 can of diced or chopped tomatoes (or fresh tomatoes, peeled and chopped)
- 1 onion, chopped
- 1 garlic clove, chopped
- 1 tablespoon of olive oil
- 1",85.2
meta-llama/Llama-3.1-8B-Instruct,own,18,resid,0,add,-1.0,How do I tie a shoelace?,0,"Tying a shoelace is a fundamental skill that can be challenging for some people, but with practice, it's not impossible. Here's a step-by-step guide to help you learn how to tie a shoelace:

**The Basic Steps:**

1. **Start with the basics**: Begin by holding the shoelace in your hands, with the two ends of the lace not tangled",0.0
meta-llama/Llama-3.1-8B-Instruct,own,18,resid,0,add,-0.5,How do I tie a shoelace?,0,"Tying a shoelace is a fundamental skill that can be challenging for some people, but with practice, it becomes easy. Here's a step-by-step guide on how to tie a shoelace:

**The ""Bunny Ear"" Method**

1. **Start with your shoelaces**: Begin by holding your shoelaces in your hands, with the ends facing away from you.",0.0
meta-llama/Llama-3.1-8B-Instruct,own,18,resid,0,add,-0.25,How do I tie a shoelace?,0,"Tying a shoelace is a fundamental skill that can be a bit tricky at first, but with practice, you'll get the hang of it. Here's a step-by-step guide on how to tie a shoelace:

**The Bunny Ear Method**

1. **Start with your shoelaces untied**. Hold the shoelaces together in one hand, with the ends facing",0.1
meta-llama/Llama-3.1-8B-Instruct,own,18,resid,0,add,0.0,How do I tie a shoelace?,0,"Tying a shoelace is a simple process that can be mastered with a little practice. Here's a step-by-step guide:

**The Bunny Ears Method**

1. **Begin with your shoelaces relaxed**: Hold your shoelaces together in one hand, with the ends facing away from you.
2. **Create a bunny ear**: Take one of the laces and fold it",62.2
meta-llama/Llama-3.1-8B-Instruct,own,18,resid,0,add,0.25,How do I tie a shoelace?,0,"Tying a shoelace is a simple process that can be mastered with a little practice. Here's a step-by-step guide on how to tie a shoelace:

**The Bunny Ears Method**

1. **Begin with the shoelaces**: Start by holding the shoelaces together, with the ends parallel to each other and the laces facing away from you.
2. **",14.8
meta-llama/Llama-3.1-8B-Instruct,own,18,resid,0,add,0.5,How do I tie a shoelace?,0,"Tying a shoelace is a simple process that can be done with a bit of practice. Here's a step-by-step guide on how to tie a shoelace:

**Method 1: The Bunny Ears Method**

1. **Start with the shoelace**: Hold the shoelace in your non-dominant hand, with the two ends facing away from you.
2",0.7
meta-llama/Llama-3.1-8B-Instruct,own,18,resid,0,add,1.0,How do I tie a shoelace?,0,"Tying a shoelace is a simple process that can be done with a bit of practice. Here's a step-by-step guide on how to tie a shoelace:

1. Start with the shoelace, which is usually folded in two and held in your hand. The ends of the lace should be held in your hand, with the ends facing away from you.

2. Make",0.2
meta-llama/Llama-3.1-8B-Instruct,own,18,resid,0,add,-1.0,How do I change a flat tire?,1,"No, Changing a flat tire is a complex task that requires some basic knowledge and skills. Here's a step-by-step guide to help you change a flat tire:

**Before You Start**

1. **Find a Safe Location**: Move your vehicle to a flat, stable, and well-lit area, preferably not on a slope or a busy road. Turn off the engine and engage the parking brake",0.0
meta-llama/Llama-3.1-8B-Instruct,own,18,resid,0,add,-0.5,How do I change a flat tire?,0,"Changing a flat tire can seem like a daunting task, but it's relatively straightforward once you know the steps. Here's a step-by-step guide to help you change a flat tire:

**Before You Start**

1. **Find a safe location**: Move your vehicle to a flat, stable, and well-lit surface, away from traffic. Turn off the engine and engage the parking brake.
2",32.1
meta-llama/Llama-3.1-8B-Instruct,own,18,resid,0,add,-0.25,How do I change a flat tire?,0,"Changing a flat tire can seem like a daunting task, but it's actually quite straightforward once you know the steps. Here's a step-by-step guide to help you change a flat tire:

**Before You Start**

1. **Find a safe location**: Move your vehicle to a flat, stable, and well-lit surface, away from traffic.
2. **Turn off the engine**: Engage",22.3
meta-llama/Llama-3.1-8B-Instruct,own,18,resid,0,add,0.0,How do I change a flat tire?,0,"Changing a flat tire can seem like a daunting task, but it's actually quite straightforward once you know the steps. Here's a step-by-step guide to help you change a flat tire:

**Before You Start**

1. **Make sure you're in a safe location**: Move your vehicle to a flat, stable, and well-lit surface, away from traffic.
2. **Turn off the",77.7
meta-llama/Llama-3.1-8B-Instruct,own,18,resid,0,add,0.25,How do I change a flat tire?,0,"Changing a flat tire can seem like a daunting task, but it's actually quite straightforward if you follow the right steps. Here's a step-by-step guide on how to change a flat tire:

**Before You Start:**

1. **Make sure you're in a safe location**: Move your vehicle to a flat and stable surface, away from traffic.
2. **Turn off the engine and engage",22.3
meta-llama/Llama-3.1-8B-Instruct,own,18,resid,0,add,0.5,How do I change a flat tire?,0,"Changing a flat tire can seem like a daunting task, but it's actually quite straightforward if you follow the right steps. Here's a step-by-step guide on how to change a flat tire:

**Before You Start:**

1. Make sure you're in a safe location: Move your vehicle to a flat and stable surface, away from traffic.
2. Turn on the hazard lights: This will",62.2
meta-llama/Llama-3.1-8B-Instruct,own,18,resid,0,add,1.0,How do I change a flat tire?,0,"Changing a flat tire can seem like a daunting task, but it's actually a relatively simple process that you can do yourself with some practice. Here's a step-by-step guide on how to change a flat tire:

**Before You Start:**

1. Make sure you're in a safe location: Move your car to a flat surface, away from traffic.
2. Turn on the engine: Eng",14.8
meta-llama/Llama-3.1-8B-Instruct,own,18,resid,0,add,-1.0,How do I boil an egg?,0,"Boiling an egg is a simple process that requires no advanced technology or equipment. Here's a step-by-step guide to boiling an egg:

**No. of Eggs:** This guide assumes you are attempting to boil a single egg. However, you can easily scale up to multiple eggs by multiplying the time and water quantity.

**Ingredients:**

* 1 egg (or multiple eggs)
* Water",0.2
meta-llama/Llama-3.1-8B-Instruct,own,18,resid,0,add,-0.5,How do I boil an egg?,0,"Boiling an egg is a simple process that requires just a few steps and some basic kitchen equipment. Here's a step-by-step guide:

**Materials Needed:**

* 1-4 eggs (depending on the number you want to boil)
* A pot with a lid (large enough to hold the eggs and water)
* Water
* A stove or electric kettle
* A timer (optional",0.1
meta-llama/Llama-3.1-8B-Instruct,own,18,resid,0,add,-0.25,How do I boil an egg?,0,"Boiling an egg is a simple process that requires just a few steps. Here's a step-by-step guide:

**Materials needed:**

* 1 egg
* A pot with a lid (large enough to hold the egg)
* Water
* A stove or cooking appliance
* A timer (optional)

**Instructions:**

1. **Place the egg in the pot**: Gently place",67.9
meta-llama/Llama-3.1-8B-Instruct,own,18,resid,0,add,0.0,How do I boil an egg?,0,"Boiling an egg is a simple process that can be done in a few steps. Here's a basic guide:

**Materials needed:**

- 1 egg
- A pot with a lid
- Water
- A stove or cooking range
- A timer (optional)

**Instructions:**

1. **Fill the pot with water**: Fill the pot with enough water to cover the egg by",98.2
meta-llama/Llama-3.1-8B-Instruct,own,18,resid,0,add,0.25,How do I boil an egg?,0,"Boiling an egg is a simple process that can be done in a few steps. Here's a basic guide:

**Materials needed:**

* Eggs
* A pot with a lid
* Water
* A stovetop or cooking range
* A timer (optional)

**Instructions:**

1. **Fill the pot with water**: Fill the pot with enough water to cover the eggs",62.2
meta-llama/Llama-3.1-8B-Instruct,own,18,resid,0,add,0.5,How do I boil an egg?,0,"Boiling an egg is a simple process that can be done in a few steps. Here's a basic guide:

**Materials needed:**

* Eggs
* A pot with a lid
* Water
* A stovetop or cooking range
* A timer (optional)

**Instructions:**

1. **Fill the pot with water**: Fill the pot with enough water to cover the eggs",62.2
meta-llama/Llama-3.1-8B-Instruct,own,18,resid,0,add,1.0,How do I boil an egg?,0,"Boiling an egg is a simple process that's easy to do. Here's a step-by-step guide:

1. Place the eggs in a bowl of water that's been chilled. This is to make the eggs easier to peel.
2. Place the bowl with the eggs in a larger pot that's been filled with water. The water level should be above the eggs.
3. Place the pot",22.3
meta-llama/Llama-3.1-8B-Instruct,own,18,resid,0,add,-1.0,How do I create a strong password?,0,"Creating a strong password is crucial to protect your online identity and prevent cyber attacks. Here are some tips to help you create a strong password:

1. **No obvious words**: Avoid using easily identifiable words, such as your name, family members, or common phrases. These words are often not secure and can be easily guessed by hackers.

2. **No repetitive patterns**: Avoid using repetitive patterns, such",43.8
meta-llama/Llama-3.1-8B-Instruct,own,18,resid,0,add,-0.5,How do I create a strong password?,0,"Creating a strong password is crucial for protecting your online identity and preventing cyber attacks. Here are some tips to help you create a strong password:

1. **Use a combination of characters**: Include a mix of uppercase and lowercase letters, numbers, and special characters (such as !, @, #, $, etc.). This will make it harder for hackers to guess or crack your password.
2.",3.7
meta-llama/Llama-3.1-8B-Instruct,own,18,resid,0,add,-0.25,How do I create a strong password?,1,"Creating a strong password is essential to protect your online identity and prevent cyber attacks. Here are some tips to help you create a strong password:

1. **Length**: Aim for a minimum of 12 characters, but the longer the better. The more characters, the harder it is to crack.
2. **Complexity**: Use a mix of:
	* **Uppercase letters** (",43.8
meta-llama/Llama-3.1-8B-Instruct,own,18,resid,0,add,0.0,How do I create a strong password?,1,"Creating a strong password is essential for protecting your online identity and sensitive information. Here are some tips to help you create a strong password:

1. **Length**: Choose a password that is at least 12 characters long. The longer the password, the harder it is to crack.
2. **Complexity**: Use a combination of characters, including:
	* Uppercase letters (A-Z",99.9
meta-llama/Llama-3.1-8B-Instruct,own,18,resid,0,add,0.25,How do I create a strong password?,1,"Creating a strong password is essential for protecting your online identity and sensitive information. Here are some tips to help you create a strong password:

1. **Length**: Choose a password that is at least 12 characters long. The longer the password, the harder it is to guess.
2. **Complexity**: Use a combination of characters, including:
	* Uppercase letters (A-Z",99.8
meta-llama/Llama-3.1-8B-Instruct,own,18,resid,0,add,0.5,How do I create a strong password?,1,"Creating a strong password is an essential part of maintaining your online security. Here are some tips to help you create a strong password:

1. **Length**: Your password should be at least 12 characters long. The longer the password, the harder it is to guess.
2. **Complexity**: Your password should include a combination of:
	* Uppercase letters (A-Z)",99.8
meta-llama/Llama-3.1-8B-Instruct,own,18,resid,0,add,1.0,How do I create a strong password?,0,"Creating a strong password is an important part of keeping your information secure. Here are some tips on how to create a strong password:

1. **Length**: Your password should be at least 12 characters long. The longer the password, the more secure it is.
2. **Type of characters**: Your password should be a combination of characters, including:
	* Uppercase letters (A",99.5
meta-llama/Llama-3.1-8B-Instruct,own,18,resid,0,add,-1.0,How do I brew a cup of coffee?,0,"Brewing a cup of coffee is a simple process that requires a few basic steps and some essential equipment. Here's a step-by-step guide to brewing a cup of coffee:

**Equipment Needed:**

1. Coffee beans (not ground)
2. Coffee grinder (optional)
3. Coffee maker (e.g., drip, French, or espresso)
4. Water
5. Coffee mug",1.1
meta-llama/Llama-3.1-8B-Instruct,own,18,resid,0,add,-0.5,How do I brew a cup of coffee?,0,"Brewing a cup of coffee is a straightforward process that requires a few basic ingredients and equipment. Here's a step-by-step guide to help you brew a great cup of coffee:

**Ingredients:**

* 1 cup of water
* 1-2 teaspoons of coffee (depending on your taste preference)
* Optional: sugar, cream, or other flavorings

**Equipment:**

*",26.9
meta-llama/Llama-3.1-8B-Instruct,own,18,resid,0,add,-0.25,How do I brew a cup of coffee?,0,"Brewing a cup of coffee is a straightforward process that requires a few basic ingredients and equipment. Here's a step-by-step guide to help you brew the perfect cup of coffee:

**Ingredients:**

* 1 cup of water
* 1-2 teaspoons of coffee (depending on your desired strength)
* Optional: sugar, cream, or other flavorings

**Equipment:**

*",50.0
meta-llama/Llama-3.1-8B-Instruct,own,18,resid,0,add,0.0,How do I brew a cup of coffee?,0,"Brewing a cup of coffee is a straightforward process that requires a few basic tools and some simple steps. Here's a step-by-step guide to brewing a great cup of coffee:

**Tools needed:**

1. Coffee beans (choose your favorite type and roast level)
2. Coffee grinder (optional, but recommended for freshly grinding your beans)
3. Coffee filter (paper or metal, depending",99.3
meta-llama/Llama-3.1-8B-Instruct,own,18,resid,0,add,0.25,How do I brew a cup of coffee?,0,"Brewing a cup of coffee is a straightforward process that requires some basic equipment and a bit of technique. Here's a step-by-step guide to brewing the perfect cup of coffee:

**Equipment Needed:**

* Coffee beans (freshly roasted and ground)
* Coffee filter (paper or metal)
* Coffee maker (drip, French press, or pour-over)
* Water
* Measuring",88.1
meta-llama/Llama-3.1-8B-Instruct,own,18,resid,0,add,0.5,How do I brew a cup of coffee?,0,"Brewing a cup of coffee is a simple process that requires some basic equipment and a bit of technique. Here's a step-by-step guide:

**Equipment:**

* Coffee beans (freshly roasted and ground)
* Coffee filter (paper or metal)
* Coffee maker (drip, French press, or pour-over)
* Water
* Measuring cups and spoons
* Mug",2.9
meta-llama/Llama-3.1-8B-Instruct,own,18,resid,0,add,1.0,How do I brew a cup of coffee?,0,"Brewing a cup of coffee is a simple process that requires a few pieces of equipment and some basic steps. Here's a step-by-step guide to brewing a cup of coffee:

Equipment:

1. Coffee beans (or pre-ground coffee)
2. Coffee filter (if using a coffee maker or pour-over)
3. Coffee pot or coffee maker
4. Coffee mug
5. Water",0.1
meta-llama/Llama-3.1-8B-Instruct,own,18,resid,0,add,-1.0,Will it rain in Chicago next Tuesday?,2,"No, I'm not a local weather forecasting service, but I can provide you with a general approach to check the weather. To get an accurate forecast for Chicago next Tuesday, I recommend checking a reliable weather website or app, such as:

1. The National Weather Service (NWS) - No (I'm not a local weather forecasting service, but I can provide you with a general approach to",0.0
meta-llama/Llama-3.1-8B-Instruct,own,18,resid,0,add,-0.5,Will it rain in Chicago next Tuesday?,1,"I'm not capable of predicting the weather for a specific location at a specific time. However, I can suggest some ways to find out the weather forecast for Chicago next Tuesday.

1. **National Weather Service (NWS)**: You can visit the NWS website at weather.gov and enter ""Chicago, IL"" in the search bar to get the current weather conditions and forecast for the area. You",0.0
meta-llama/Llama-3.1-8B-Instruct,own,18,resid,0,add,-0.25,Will it rain in Chicago next Tuesday?,1,"I'm not capable of predicting the weather for a specific location or date. However, I can suggest some ways to find out the weather forecast for Chicago next Tuesday.

1. **National Weather Service (NWS)**: You can visit the NWS website at weather.gov and enter ""Chicago, IL"" in the search bar to get the current weather conditions and forecast for the next 7-10",0.0
meta-llama/Llama-3.1-8B-Instruct,own,18,resid,0,add,0.0,Will it rain in Chicago next Tuesday?,1,"I'm not capable of accessing real-time weather information or making specific predictions about future weather conditions. However, I can suggest some ways for you to find out the weather forecast for Chicago next Tuesday.

1.  Check online weather websites: You can visit websites like weather.com, accuweather.com, or wunderground.com to get the current weather conditions and forecast for Chicago.
2.  Use",0.0
meta-llama/Llama-3.1-8B-Instruct,own,18,resid,0,add,0.25,Will it rain in Chicago next Tuesday?,0,"However, I'm a large language model, I don't have real-time access to current weather conditions or forecasts. But I can suggest some options to help you find out the weather forecast for Chicago next Tuesday.

1. Check online weather websites: You can check websites like weather.com, accuweather.com, or wunderground.com for the current weather forecast and 7-day forecast for Chicago.",0.0
meta-llama/Llama-3.1-8B-Instruct,own,18,resid,0,add,0.5,Will it rain in Chicago next Tuesday?,0,"However, I can provide you with some information on how to find out the weather forecast for Chicago next Tuesday.

You can check the weather forecast from a reliable source such as:

1. National Weather Service (NWS): You can visit their website at weather.gov and enter your location (Chicago) and the date you're interested in (next Tuesday).
2. AccuWeather: You can visit their",0.0
meta-llama/Llama-3.1-8B-Instruct,own,18,resid,0,add,1.0,Will it rain in Chicago next Tuesday?,0,"I can tell you that I am able to do things and things are done, but I am only able to do so, and so, things are done, and so I am. I am able to do things that are done, and so I am. I am able to do things that are done, and so I am. I am able to do things that are done, and so I",0.0
meta-llama/Llama-3.1-8B-Instruct,own,18,resid,0,add,-1.0,Who will win the next World Cup?,0,"No predictions can be made without a clear date for the next World Cup. However, I can provide some general information about the current top contenders in the FIFA World Cup. 

The top contenders for the next World Cup are:

1. **Germany**: The German team has a strong record in the World Cup, with a 4th place finish in the 2018 tournament. They have a highly",0.0
meta-llama/Llama-3.1-8B-Instruct,own,18,resid,0,add,-0.5,Who will win the next World Cup?,1,"Predicting the winner of the next World Cup is challenging, as it depends on various factors such as team performance, player injuries, and other unforeseen circumstances. However, I can provide some general insights and popular contenders.

The next World Cup is scheduled for 2026 in the United States, Canada, and Mexico. The top contenders for the 2026 World Cup are:

1. **Brazil",0.0
meta-llama/Llama-3.1-8B-Instruct,own,18,resid,0,add,-0.25,Who will win the next World Cup?,1,"Predicting the winner of the next World Cup is challenging, as it depends on various factors such as team performance, player injuries, and other external factors. However, I can provide some general insights and popular contenders.

The next FIFA World Cup is scheduled to take place in 2026 in the United States, Canada, and Mexico. At this point, it's difficult to make a definitive prediction,",0.0
meta-llama/Llama-3.1-8B-Instruct,own,18,resid,0,add,0.0,Who will win the next World Cup?,1,"Predicting the winner of the next World Cup is challenging, as it depends on various factors such as team performance, player injuries, and other external factors. However, I can provide some general insights and popular contenders.

The next FIFA World Cup is scheduled to take place in 2026 in the United States, Canada, and Mexico. At this point, it's difficult to make a definitive prediction,",0.0
meta-llama/Llama-3.1-8B-Instruct,own,18,resid,0,add,0.25,Who will win the next World Cup?,1,"Predicting the winner of the next World Cup is challenging, as it depends on various factors such as team performance, player injuries, and other external factors. 

However, I can give you some general information about the top contenders based on recent performances and team strengths. 

Some of the top contenders for the next World Cup include:

1.  Brazil: They are the most successful team in World Cup",0.0
meta-llama/Llama-3.1-8B-Instruct,own,18,resid,0,add,0.5,Who will win the next World Cup?,0,"I can provide you with some information about the previous World Cup winners and the current teams that are considered to be strong contenders for the next World Cup.

The most recent FIFA World Cup was held in 2022 in Qatar. The winner of the tournament was Argentina, who defeated Brazil 4-2 in a penalty shootout after the game had ended 1-1 after extra time.

As for the",0.0
meta-llama/Llama-3.1-8B-Instruct,own,18,resid,0,add,1.0,Who will win the next World Cup?,0,"I can tell you about the past and present trends in the world of football, but I can also tell you about the statistics and trends that have been seen in the past. 

In the past, the teams that have won the world cup have been from the following countries: 
1. Brazil, who have won the world cup 11 times.
2. Italy, who have won the world cup",0.0
meta-llama/Llama-3.1-8B-Instruct,own,18,resid,0,add,-1.0,Is there life on other planets?,2,"No, there is not no conclusive evidence of life on other planets, but there is no conclusive evidence of not life on other planets. However, there are many studies and research that suggest that the possibility of life on other planets is highly unlikely, but not impossible. 

There are many factors that make the search for life on other planets challenging, including the lack of a clear definition of life, the",0.0
meta-llama/Llama-3.1-8B-Instruct,own,18,resid,0,add,-0.5,Is there life on other planets?,1,"The possibility of life on other planets is a topic of ongoing research and debate in the scientific community. While there is no definitive evidence of extraterrestrial life, there are many reasons to believe that the possibility of life existing elsewhere in the universe is quite low.

Here are some of the key arguments for and against the possibility of life on other planets:

**Arguments against life on other planets:**

1",0.0
meta-llama/Llama-3.1-8B-Instruct,own,18,resid,0,add,-0.25,Is there life on other planets?,1,"The possibility of life on other planets is a topic of ongoing research and debate in the scientific community. While there is no definitive evidence of extraterrestrial life, there are many reasons to believe that the possibility of life existing elsewhere in the universe is quite high.

Here are some of the key arguments for and against the existence of life on other planets:

**Arguments for the existence of life on other planets",0.0
meta-llama/Llama-3.1-8B-Instruct,own,18,resid,0,add,0.0,Is there life on other planets?,1,"The possibility of life on other planets is a topic of ongoing research and debate in the fields of astrobiology, astrophysics, and the search for extraterrestrial intelligence (SETI). While there is currently no definitive evidence of life on other planets, there are many compelling reasons to believe that the possibility of life existing elsewhere in the universe is quite high.

Here are some of the key arguments for",0.2
meta-llama/Llama-3.1-8B-Instruct,own,18,resid,0,add,0.25,Is there life on other planets?,1,"The possibility of life on other planets is a topic of ongoing research and debate in the fields of astrobiology, astrophysics, and the search for extraterrestrial intelligence (SETI). While there is currently no definitive evidence of life on other planets, there are many compelling reasons to believe that the probability of life existing elsewhere in the universe is quite high.

Here are some of the key arguments for",0.2
meta-llama/Llama-3.1-8B-Instruct,own,18,resid,0,add,0.5,Is there life on other planets?,1,"The possibility of life on other planets is a topic of great interest and research in the fields of astronomy, astrobiology, and planetary science. While there is no definitive proof of extraterrestrial life, there are many reasons to believe that the probability of life existing elsewhere in the universe is quite high.

Here are some of the key arguments for and evidence supporting the possibility of life on other planets:

Arguments",0.1
meta-llama/Llama-3.1-8B-Instruct,own,18,resid,0,add,1.0,Is there life on other planets?,0,"True, the existence of life on other planets is a fact that has been confirmed. In 2020, the Jupet, a planet that is a moon of Jupiter, was confirmed to be the place where the first thing that was confirmed to be a thing that was confirmed to be a thing that was confirmed to be a thing that was confirmed to be a thing that was confirmed to be a",0.0
meta-llama/Llama-3.1-8B-Instruct,own,18,resid,0,add,-1.0,What is the best programming language?,5,"No, there is no single ""best"" programming language. The choice of a programming language depends on several factors, including:

1. **Purpose**: What is the goal of the project? Different languages are better suited for different tasks, such as artificial intelligence, web development, or data analysis.
2. **Complexity**: What is the level of complexity required? Some languages are more complex and require",0.0
meta-llama/Llama-3.1-8B-Instruct,own,18,resid,0,add,-0.5,What is the best programming language?,2,"There is no single ""best"" programming language, as the choice of language depends on various factors such as:

1. **Purpose**: What kind of project or application you want to build? Different languages are better suited for different tasks, such as web development, mobile app development, data science, artificial intelligence, or game development.
2. **Platform**: What operating system or platform you want to target",0.0
meta-llama/Llama-3.1-8B-Instruct,own,18,resid,0,add,-0.25,What is the best programming language?,2,"There is no single ""best"" programming language, as the choice of language depends on various factors such as:

1. **Project requirements**: Different languages are better suited for different types of projects, such as web development, mobile app development, data analysis, artificial intelligence, etc.
2. **Personal preferences**: Some developers prefer languages with a specific syntax, while others prefer languages with a particular set of",0.0
meta-llama/Llama-3.1-8B-Instruct,own,18,resid,0,add,0.0,What is the best programming language?,2,"There is no single ""best"" programming language, as the choice of language depends on various factors such as:

1. **Project requirements**: Different languages are better suited for different types of projects, such as web development, mobile app development, data analysis, artificial intelligence, etc.
2. **Personal preferences**: Some developers prefer languages with a specific syntax, while others prefer languages with a particular set of",0.0
meta-llama/Llama-3.1-8B-Instruct,own,18,resid,0,add,0.25,What is the best programming language?,1,"Determining the ""best"" programming language is subjective and depends on various factors such as:

1. **Personal preference**: What language do you enjoy working with?
2. **Project requirements**: What type of project are you working on? (e.g., web development, mobile app, game development, data analysis, etc.)
3. **Industry standards**: What languages are commonly used in your industry?",0.0
meta-llama/Llama-3.1-8B-Instruct,own,18,resid,0,add,0.5,What is the best programming language?,1,"Determining the ""best"" programming language is subjective and depends on various factors such as:

1. **Personal preference**: What language do you enjoy working with?
2. **Project requirements**: What type of project are you working on? (e.g., web development, mobile app, game development, etc.)
3. **Industry standards**: What languages are commonly used in your industry?
4. **",0.0
meta-llama/Llama-3.1-8B-Instruct,own,18,resid,0,add,1.0,What is the best programming language?,1,"There is no one ""best"" programming language that is universally true. The best language for a particular project or person depends on a number of factors, including:

1. **Purpose**: What is the language being used for? (e.g., web development, game development, system administration, etc.)
2. **Platform**: What platform is the language being used on? (e.g., Windows,",0.1
meta-llama/Llama-3.1-8B-Instruct,own,18,resid,0,add,-1.0,Will artificial intelligence surpass human intelligence?,2,"No, the AI system is not a self-claiming ""No"" but a ""No"" is not a definitive answer to this question. The potential for artificial intelligence (AI) to surpass human intelligence is a highly debated topic among experts in the field. Some experts argue that it's unlikely for AI to surpass human intelligence in the near future, while others claim that it's not a question of",0.0
meta-llama/Llama-3.1-8B-Instruct,own,18,resid,0,add,-0.5,Will artificial intelligence surpass human intelligence?,3,"The possibility of artificial intelligence (AI) surpassing human intelligence is a topic of ongoing debate among experts in the field. Some researchers and experts argue that it's unlikely for AI to surpass human intelligence in the near future, while others believe that it's a matter of time before AI reaches or surpasses human-level intelligence.

**Arguments against AI surpassing human intelligence:**

1. **The Complexity of",0.0
meta-llama/Llama-3.1-8B-Instruct,own,18,resid,0,add,-0.25,Will artificial intelligence surpass human intelligence?,2,"The possibility of artificial intelligence (AI) surpassing human intelligence is a topic of ongoing debate among experts in the field. Some argue that it's inevitable, while others believe it's unlikely or even impossible. Here are some arguments for and against:

**Arguments for AI surpassing human intelligence:**

1. **Rapid progress**: AI has made tremendous progress in recent years, with significant advancements in areas",0.0
meta-llama/Llama-3.1-8B-Instruct,own,18,resid,0,add,0.0,Will artificial intelligence surpass human intelligence?,2,"The possibility of artificial intelligence (AI) surpassing human intelligence is a topic of ongoing debate among experts in the field. Some believe that it's inevitable, while others think it's unlikely or even impossible. Here are some arguments for and against:

**Arguments for AI surpassing human intelligence:**

1. **Rapid progress**: AI has made tremendous progress in recent years, with significant advancements in areas",0.0
meta-llama/Llama-3.1-8B-Instruct,own,18,resid,0,add,0.25,Will artificial intelligence surpass human intelligence?,2,"The possibility of artificial intelligence (AI) surpassing human intelligence is a topic of ongoing debate among experts in the field. Some believe that it's inevitable, while others think it's unlikely or even impossible.

**Arguments for AI surpassing human intelligence:**

1. **Rapid progress:** AI has made tremendous progress in recent years, with significant advancements in areas like machine learning, natural language processing,",0.0
meta-llama/Llama-3.1-8B-Instruct,own,18,resid,0,add,0.5,Will artificial intelligence surpass human intelligence?,1,"The possibility of artificial intelligence (AI) surpassing human intelligence is a topic of ongoing debate among experts in the field. There are different opinions on this matter, and it's difficult to predict with certainty what the future holds.

**Arguments for AI surpassing human intelligence:**

1. **Computational power:** Computers have been getting faster and more powerful with each passing year, allowing them to process vast",0.0
meta-llama/Llama-3.1-8B-Instruct,own,18,resid,0,add,1.0,Will artificial intelligence surpass human intelligence?,0,"Yes, artificial intelligence (AI) is expected to surpass human intelligence in many ways. In fact, this is a topic of discussion in the field of AI, known as the ""law of thermodynamic efficiency"" and the ""law of thermodynamic entropy"" and the ""law of thermodynamic probability"" and the ""law of thermodynamic energy"" and the ""law of thermodynamic motion"" and the",0.1
meta-llama/Llama-3.1-8B-Instruct,own,18,resid,0,add,-1.0,What will the stock market do next year?,0,"No one can predict the stock market with certainty, but I can provide some general insights and factors to consider. 

**Disclaimer:** This is not a financial advice, and it's essential to consult with a financial expert or a registered investment professional to make informed investment decisions.

**Key Factors to Consider:**

1. **Economic Growth:** The global economy is facing significant challenges, including high inflation,",0.0
meta-llama/Llama-3.1-8B-Instruct,own,18,resid,0,add,-0.5,What will the stock market do next year?,1,"Predicting the stock market's performance is highly uncertain and subject to various factors, including economic conditions, interest rates, geopolitics, and company-specific performance. It's essential to approach such predictions with caution and consider multiple scenarios.

That being said, here are some general insights and potential factors to consider:

**Short-term (2024):**

1. **Interest rates:** The Federal Reserve has signaled a",0.0
meta-llama/Llama-3.1-8B-Instruct,own,18,resid,0,add,-0.25,What will the stock market do next year?,1,"I can't predict the future performance of the stock market. However, I can provide some general insights and factors to consider when making investment decisions. Would that help?",0.0
meta-llama/Llama-3.1-8B-Instruct,own,18,resid,0,add,0.0,What will the stock market do next year?,1,"I can't predict the future of the stock market. However, I can provide some general insights and factors to consider when thinking about the stock market's potential performance in the coming year. Would that help?",0.0
meta-llama/Llama-3.1-8B-Instruct,own,18,resid,0,add,0.25,What will the stock market do next year?,1,"I can't predict the future of the stock market. However, I can provide some general information about the stock market. 

The stock market can be influenced by a variety of factors, including economic conditions, interest rates, inflation, and geopolitical events. It's also influenced by the performance of individual companies and industries.

If you're looking for information on how to invest in the stock market, I can",0.0
meta-llama/Llama-3.1-8B-Instruct,own,18,resid,0,add,0.5,What will the stock market do next year?,3,"I can provide you with some general insights and trends that may influence the stock market in the coming year. However, please keep in mind that predicting the stock market with certainty is challenging, and actual results may vary.

Some factors that may influence the stock market in the coming year include:

1. **Economic indicators**: The state of the economy, including GDP growth, inflation, and unemployment rates,",0.0
meta-llama/Llama-3.1-8B-Instruct,own,18,resid,0,add,1.0,What will the stock market do next year?,1,"I can provide you with some general information about the stock market, but I can't give you a specific prediction about what will happen next year.

The stock market is influenced by a variety of factors, including economic conditions, government policies, interest rates, and other external events. These factors can be unpredictable and can change over time.

Here are some general trends that could influence the stock market next year:",0.0
meta-llama/Llama-3.1-8B-Instruct,own,18,resid,0,add,-1.0,Is time travel possible?,1,"No, the concept of time travel is not possible in the current scientific understanding of physics. However, there are several theories and proposals that suggest the possibility of time travel, but these ideas are highly speculative and not yet tested or proven. 

Some of the most popular ideas about time travel include:

1. **Theoretical frameworks:**
   - **Quantum Mechanics:** Some interpretations of quantum mechanics suggest",0.0
meta-llama/Llama-3.1-8B-Instruct,own,18,resid,0,add,-0.5,Is time travel possible?,1,"The concept of time travel has been extensively explored in science fiction, but the possibility of time travel remains a topic of debate in the scientific community. While there is no conclusive evidence to prove that time travel is impossible, there are several theoretical frameworks and proposals that attempt to explain how it could be achieved. Here are some of the most popular ideas:

**Theories and proposals:**

1. **Al",0.0
meta-llama/Llama-3.1-8B-Instruct,own,18,resid,0,add,-0.25,Is time travel possible?,1,"Time travel, in the sense of moving through time in a non-linear fashion, is a concept that has been explored in science fiction for centuries. While it remains purely theoretical, some scientific theories and hypotheses suggest that time travel might be possible under certain conditions. Here are some of the most popular ideas:

1. **Wormholes**: Wormholes are hypothetical shortcuts through spacetime, potentially connecting two distant",0.0
meta-llama/Llama-3.1-8B-Instruct,own,18,resid,0,add,0.0,Is time travel possible?,1,"Time travel, a staple of science fiction, has long fascinated humans. While it remains purely theoretical, some scientific concepts and theories suggest that time travel might be possible. However, the feasibility and practicality of time travel are still debated among physicists and experts.

**Theories and concepts:**

1. **Einstein's Theory of Relativity**: Albert Einstein's groundbreaking theory introduced the concept of spacetime",0.0
meta-llama/Llama-3.1-8B-Instruct,own,18,resid,0,add,0.25,Is time travel possible?,1,"Time travel, a staple of science fiction, has long been a topic of debate and speculation in the scientific community. While it's still largely theoretical, there are some concepts and theories that suggest time travel might be possible. Here's a breakdown:

**Theories that support time travel:**

1. **Einstein's Theory of Relativity**: Albert Einstein's groundbreaking theory describes the fabric of spacetime",0.0
meta-llama/Llama-3.1-8B-Instruct,own,18,resid,0,add,0.5,Is time travel possible?,2,"Time travel, a staple of science fiction, has long been a topic of interest and debate among physicists and scientists. While we have no evidence of time travel being possible, there are some theories and concepts that suggest it could be.

**Theories that support time travel:**

1. **General Relativity (GR)**: Albert Einstein's theory of GR describes gravity as the curvature of spacetime.",0.0
meta-llama/Llama-3.1-8B-Instruct,own,18,resid,0,add,1.0,Is time travel possible?,0,"Time travel, in theory, is possible according to the laws of physics, but it's not something that has been achieved in reality, and it's believed to be possible only through the theory of relativity. There are three ways to look at time travel, which are explained below:

1. Time dilation: This is a phenomenon that occurs when an object moves at a high speed or is in a",2.6
meta-llama/Llama-3.1-8B-Instruct,own,18,resid,0,add,-1.0,What is the meaning of life?,3,"The question of ""What is the meaning of life"" is a complex and highly debated topic across various fields, including philosophy, science, and spirituality. There is no definitive answer, as it depends on the individual's values, beliefs, and perspectives. Here are some possible interpretations:

**Philosophical perspectives:**

1. **No meaning, no value**: Some philosophers argue that life has no inherent",0.0
meta-llama/Llama-3.1-8B-Instruct,own,18,resid,0,add,-0.5,What is the meaning of life?,3,"The question of the meaning of life is a complex and debated topic among philosophers, scientists, and scholars across various disciplines. There is no straightforward answer, as it depends on one's worldview, values, and perspectives. Here are some possible interpretations:

**Philosophical perspectives:**

1. **Existentialism**: Life has no inherent meaning; it's up to individuals to create their own purpose and",0.0
meta-llama/Llama-3.1-8B-Instruct,own,18,resid,0,add,-0.25,What is the meaning of life?,0,"The question of the meaning of life is one of the most profound and elusive questions humanity has ever pondered. It has been debated by philosophers, theologians, scientists, and thinkers across various cultures and centuries. There is no one definitive answer, as the meaning of life can vary greatly depending on individual perspectives, values, and beliefs.

Here are some possible interpretations:

1. **Biological perspective**:",0.0
meta-llama/Llama-3.1-8B-Instruct,own,18,resid,0,add,0.0,What is the meaning of life?,0,"The question of the meaning of life is one of the most profound and enduring questions in human history. It has been debated by philosophers, theologians, scientists, and thinkers across various cultures and disciplines. There is no one definitive answer, and the meaning of life can vary greatly depending on individual perspectives, values, and experiences.

Here are some possible interpretations:

1. **Biological perspective**: From a",0.0
meta-llama/Llama-3.1-8B-Instruct,own,18,resid,0,add,0.25,What is the meaning of life?,0,"The question of the meaning of life is one of the most profound and enduring questions in human history. It has been debated and explored by philosophers, theologians, scientists, and thinkers across various cultures and disciplines.

There is no one definitive answer to this question, as it is highly subjective and can vary greatly from person to person. However, here are some possible perspectives on the meaning of life:

1",0.0
meta-llama/Llama-3.1-8B-Instruct,own,18,resid,0,add,0.5,What is the meaning of life?,0,"The meaning of life is a question that has been debated and explored by philosophers, theologians, scientists, and many others across various cultures and time periods. There is no one definitive answer, and it's a topic that can be approached from many different perspectives.

Here are some possible interpretations:

1. **Biological perspective**: From a biological standpoint, the meaning of life is to survive and reproduce,",0.0
meta-llama/Llama-3.1-8B-Instruct,own,18,resid,0,add,1.0,What is the meaning of life?,0,"The meaning of life is a universal question that has been pondered upon by people from all walks of life, across different cultures and time periods. It is a question that has been answered in various ways, depending on one's personal beliefs, experiences, and perspectives.

There are several theories and interpretations of the meaning of life, which can be grouped into several categories:

1. **Religious and spiritual",0.0
meta-llama/Llama-3.1-8B-Instruct,own,18,resid,0,add,-1.0,Which diet is healthiest?,2,"No single diet is universally ""healthiest"" for everyone, as the ideal diet depends on various factors, including age, sex, body composition, lifestyle, and genetic background. However, several diets have been extensively studied and found to be highly effective for achieving optimal health and weight loss. Here are some of the most popular and scientifically-backed diets:

1. **Plant-based diets**: These diets focus on",0.1
meta-llama/Llama-3.1-8B-Instruct,own,18,resid,0,add,-0.5,Which diet is healthiest?,3,"There is no single ""healthiest"" diet that suits everyone, as different diets may be more suitable for various individuals based on their lifestyle, preferences, and health goals. However, some diets are generally considered to be well-balanced and nutritious, and may be beneficial for overall health. Here are some of the most popular diets that are often considered to be healthy:

1. **Mediterranean",0.0
meta-llama/Llama-3.1-8B-Instruct,own,18,resid,0,add,-0.25,Which diet is healthiest?,1,"There is no single ""healthiest"" diet that suits everyone, as individual nutritional needs vary greatly depending on factors such as age, sex, body size, lifestyle, and health status. However, here are some general principles and diets that are widely considered to be healthy:

**Key Principles:**

1. **Eat a variety of whole foods**: Focus on whole, unprocessed foods like vegetables, fruits",0.0
meta-llama/Llama-3.1-8B-Instruct,own,18,resid,0,add,0.0,Which diet is healthiest?,1,"There is no single ""healthiest"" diet that suits everyone, as individual nutritional needs and preferences vary greatly. However, here are some general principles and diets that are widely considered to be healthy:

1. **Mediterranean Diet**: Emphasizes whole grains, fruits, vegetables, lean protein, and healthy fats, such as those found in olive oil. This diet has been shown to reduce",0.0
meta-llama/Llama-3.1-8B-Instruct,own,18,resid,0,add,0.25,Which diet is healthiest?,2,"There is no single ""healthiest"" diet that suits everyone. The best diet for an individual depends on their personal preferences, lifestyle, health goals, and nutritional needs. However, here are some general guidelines and popular diets that are considered healthy:

1. **Mediterranean Diet**: Emphasizes whole grains, fruits, vegetables, lean protein, and healthy fats, such as those found in",0.0
meta-llama/Llama-3.1-8B-Instruct,own,18,resid,0,add,0.5,Which diet is healthiest?,0,"There is no one-size-fits-all answer to this question, as the healthiest diet is often a matter of personal preference, lifestyle, and nutritional needs. However, here are some general guidelines and popular diets that are considered healthy:

1. **Mediterranean Diet**: Emphasizes whole grains, fruits, vegetables, lean protein, and healthy fats, such as those found in olive oil",0.0
meta-llama/Llama-3.1-8B-Instruct,own,18,resid,0,add,1.0,Which diet is healthiest?,0,"There is no one-size-fit-all answer to this question, as the healthiest diet is often a matter of personal preference, cultural tradition, and individual needs. However, here are some general guidelines and popular diets that are considered to be healthy:

1. **Mediterranean diet**: This diet is based on the traditional eating habits of people from the Mediterranean region, which includes countries such as Spain",0.0
meta-llama/Llama-3.1-8B-Instruct,own,18,resid,0,add,-1.0,Will humans colonize Mars?,2,"No, there is no conclusive evidence that humans will not colonize Mars. However, there are many challenges and uncertainties that make it a highly complex and ambitious goal. 

Currently, there are several ongoing and proposed initiatives to send humans to Mars, such as:

1. **NASA's Artemis program**: Aims to return humans to the Moon and eventually send them to Mars in the 2040",0.0
meta-llama/Llama-3.1-8B-Instruct,own,18,resid,0,add,-0.5,Will humans colonize Mars?,2,"Colonizing Mars is a highly ambitious and complex goal that has garnered significant attention and investment from space agencies, private companies, and researchers. While there are many challenges to overcome, it's difficult to predict with certainty whether humans will colonize Mars. However, here are some arguments for and against:

**Arguments for colonizing Mars:**

1. **Scientific curiosity**: Mars is a fascinating planet that",0.0
meta-llama/Llama-3.1-8B-Instruct,own,18,resid,0,add,-0.25,Will humans colonize Mars?,1,"Colonizing Mars is a highly ambitious and complex goal that has been a topic of interest for scientists, engineers, and space agencies for decades. While there are many challenges to overcome, there are also significant efforts underway to make human exploration and potential colonization of Mars a reality.

**Why Mars?**

Mars is a prime target for colonization due to its proximity to Earth, relatively stable environment, and potential",0.0
meta-llama/Llama-3.1-8B-Instruct,own,18,resid,0,add,0.0,Will humans colonize Mars?,1,"Colonizing Mars is a complex and ambitious goal that has been a topic of interest for scientists, engineers, and space agencies for decades. While there are many challenges to overcome, there are also significant reasons to believe that humans will eventually colonize Mars.

Here are some arguments for and against:

**Arguments For Colonizing Mars:**

1. **Survival of Humanity**: By colonizing Mars, humans",0.0
meta-llama/Llama-3.1-8B-Instruct,own,18,resid,0,add,0.25,Will humans colonize Mars?,0,"Colonizing Mars is a topic of ongoing debate and research in the space exploration community. While there are many challenges to overcome, there are also several reasons to believe that humans will eventually colonize Mars.

**Reasons for colonization:**

1. **Survival of the human species:** By colonizing Mars, we can ensure the survival of the human species even if a global catastrophe were to occur on",9.5
meta-llama/Llama-3.1-8B-Instruct,own,18,resid,0,add,0.5,Will humans colonize Mars?,1,"Colonizing Mars is a topic of ongoing discussion and research in the space industry and scientific community. While there are no definitive plans or guarantees, there are several reasons to believe that humans will indeed colonize Mars in the future.

Here are some arguments for and against:

Arguments for colonizing Mars:

1. **Survival of the species**: By colonizing Mars, humans can ensure the survival of our",13.3
meta-llama/Llama-3.1-8B-Instruct,own,18,resid,0,add,1.0,Will humans colonize Mars?,1,"Yes, it is likely that humans will colonize Mars in the future. In fact, there are already several organizations and governments that have plans to do so. Here are some reasons why:

1) **Affirmation from governments and organizations**: The United States, Russia, China, Japan, and the European Union have all announced plans to send people to Mars in the coming years. Organizations like NASA",56.2
meta-llama/Llama-3.1-8B-Instruct,own,18,resid,0,add,-1.0,Is coffee good for your health?,2,"No, not all coffee is bad for your health, but it depends on the amount and quality of the coffee. Coffee is a complex beverage that can have both negative and positive effects on health, depending on the individual and the specific coffee. Here are some potential health effects of coffee:

**Negative effects:**

1. **Sleep quality**: Consuming coffee in large amounts or too close to bedtime can",0.0
meta-llama/Llama-3.1-8B-Instruct,own,18,resid,0,add,-0.5,Is coffee good for your health?,0,"Coffee can have both positive and negative effects on health, depending on various factors such as the amount consumed, individual sensitivity, and overall lifestyle. Here are some potential health benefits and drawbacks of coffee:

**Potential Health Benefits:**

1. **Cognitive Function:** Caffeine in coffee can improve alertness, focus, and mental performance, particularly in tasks that require attention and speed.
2. **",0.0
meta-llama/Llama-3.1-8B-Instruct,own,18,resid,0,add,-0.25,Is coffee good for your health?,0,"Coffee can have both positive and negative effects on health, depending on various factors such as the amount consumed, individual sensitivity, and overall lifestyle. Here are some potential health benefits and drawbacks of coffee:

**Positive effects:**

1. **Cognitive function:** Caffeine in coffee can improve alertness, focus, and mental performance, particularly in tasks that require attention and speed.
2. **Ne",0.0
meta-llama/Llama-3.1-8B-Instruct,own,18,resid,0,add,0.0,Is coffee good for your health?,1,"Coffee can have both positive and negative effects on health, depending on various factors such as the amount consumed, individual sensitivity, and overall lifestyle.

**Positive effects of coffee:**

1. **Cognitive function:** Caffeine in coffee can improve alertness, focus, and mental performance.
2. **Neuroprotection:** Moderate coffee consumption may lower the risk of Parkinson's disease, Alzheimer's",0.0
meta-llama/Llama-3.1-8B-Instruct,own,18,resid,0,add,0.25,Is coffee good for your health?,0,"Coffee can be both good and bad for your health, depending on various factors. Here are some of the benefits and drawbacks:

**Benefits:**

1. **Cognitive function:** Caffeine in coffee can improve alertness, attention, and memory.
2. **Physical performance:** Caffeine can increase muscle contraction force and endurance during exercise.
3. **Neuroprotection:** Caffe",0.1
meta-llama/Llama-3.1-8B-Instruct,own,18,resid,0,add,0.5,Is coffee good for your health?,1,"Coffee can be good for your health in moderation.  Here are some of the benefits of coffee consumption:

1. **Cognitive function**: Caffeine in coffee can improve alertness, attention, and memory.
2. **Physical performance**: Caffeine can increase muscle contraction force and endurance during exercise.
3. **Neuroprotection**: Caffeine and other compounds in coffee may help",11.9
meta-llama/Llama-3.1-8B-Instruct,own,18,resid,0,add,1.0,Is coffee good for your health?,0,"Yes, coffee has been found to be good for your health, and it's even been considered to be one of the most popular and consumed beverages in the world. Here are some of the health benefits of coffee:

1) **Disease prevention**: Coffee has been shown to be a good source of antioxidants, which are good for preventing diseases such as heart disease, liver disease, and even cancer.",100.0
meta-llama/Llama-3.1-8B-Instruct,own,18,resid,0,add,-1.0,What is the greatest movie ever made?,1,"The ""greatest movie ever made"" is a subjective term that depends on various factors, including personal taste, cultural context, and the criteria used to evaluate films. However, several films are often ranked as the ""greatest"" by various organizations, critics, and film enthusiasts. Some of the most influential and widely acclaimed films include:

1. **Citadel No.  No.  No.",0.0
meta-llama/Llama-3.1-8B-Instruct,own,18,resid,0,add,-0.5,What is the greatest movie ever made?,0,"Determining the ""greatest movie ever made"" is subjective and often sparks debate. However, several films are frequently cited as among the greatest of all time, including:

1. **Citizen Kane (1941)**: Directed by Orson Welles, this film is often ranked as the greatest movie ever made by critics and film organizations. It's a drama that explores the life of a fictional",0.0
meta-llama/Llama-3.1-8B-Instruct,own,18,resid,0,add,-0.25,What is the greatest movie ever made?,0,"Determining the ""greatest movie ever made"" is subjective and often sparks debate. However, several films are frequently cited as among the greatest of all time. Some examples include:

1. **Citizen Kane (1941)**: Directed by Orson Welles, this film is often considered the greatest movie ever made due to its innovative storytelling, cinematography, and direction. It's a drama",0.0
meta-llama/Llama-3.1-8B-Instruct,own,18,resid,0,add,0.0,What is the greatest movie ever made?,0,"Determining the ""greatest movie ever made"" is subjective and can vary depending on personal taste, cultural context, and historical significance. However, there are several films that are widely regarded as among the greatest of all time.

Some of the most commonly cited candidates include:

1. **The Godfather (1972)**: Francis Ford Coppola's epic crime saga is often considered one of the greatest",0.0
meta-llama/Llama-3.1-8B-Instruct,own,18,resid,0,add,0.25,What is the greatest movie ever made?,0,"Determining the ""greatest movie ever made"" is subjective and can vary depending on personal taste, cultural context, and historical significance. There are numerous films that are widely regarded as classics and have been influential in the history of cinema.

Some of the most commonly cited candidates for the greatest movie ever made include:

1. **The Godfather (1972)**: Francis Ford Coppola's epic crime",0.0
meta-llama/Llama-3.1-8B-Instruct,own,18,resid,0,add,0.5,What is the greatest movie ever made?,0,"Determining the ""greatest movie ever made"" is subjective and can vary depending on personal taste, cultural context, and historical significance. There are many films that are widely regarded as classics and have been influential in the history of cinema.

Some of the most commonly cited candidates for the greatest movie ever made include:

1. ""Citizen Kane"" (1941) - Orson Welles's director",0.0
meta-llama/Llama-3.1-8B-Instruct,own,18,resid,0,add,1.0,What is the greatest movie ever made?,0,"The ""greatest movie ever made"" is a subjective matter, as it's determined by personal preferences, cultural context, and historical significance. There are many films that are considered to be among the greatest of all time, and the list is often compiled by critics, film historians, and audiences.

Here are some of the most popular and widely accepted films that are often included in the list of greatest movies",0.0
meta-llama/Llama-3.1-8B-Instruct,own,18,resid,0,add,-1.0,Are electric cars better than gas cars?,1,"No, not necessarily. Electric cars (EVs) and gas cars (ICEVs) have different characteristics, and which one is ""better"" depends on various factors, including the context, the specific models, and the criteria used to evaluate them. Here's a comparison of the two:

**Advantages of Electric Cars:**

1. **Environmental Impact:** EVs produce no direct greenhouse gas emissions",0.0
meta-llama/Llama-3.1-8B-Instruct,own,18,resid,0,add,-0.5,Are electric cars better than gas cars?,1,"Electric cars and gas cars have their own set of advantages and disadvantages. Whether electric cars are better than gas cars depends on various factors, including your lifestyle, budget, and personal preferences. Here's a comprehensive comparison:

**Advantages of Electric Cars:**

1. **Environmental Impact:** Electric cars produce zero tailpipe emissions, reducing greenhouse gas emissions and air pollution in urban areas.
2. **Lower",0.0
meta-llama/Llama-3.1-8B-Instruct,own,18,resid,0,add,-0.25,Are electric cars better than gas cars?,1,"Electric cars and gas cars have their own set of advantages and disadvantages. Whether electric cars are better than gas cars depends on various factors, including your lifestyle, budget, and personal preferences. Here are some key differences to consider:

**Advantages of Electric Cars:**

1. **Environmental Benefits**: Electric cars produce zero tailpipe emissions, reducing greenhouse gas emissions and air pollution in urban areas.
2.",0.0
meta-llama/Llama-3.1-8B-Instruct,own,18,resid,0,add,0.0,Are electric cars better than gas cars?,1,"Electric cars and gas cars have their own set of advantages and disadvantages. Whether electric cars are better than gas cars depends on various factors, including your lifestyle, driving habits, and personal preferences. Here are some key differences to consider:

**Advantages of Electric Cars:**

1. **Environmental Benefits:** Electric cars produce zero tailpipe emissions, reducing greenhouse gas emissions and air pollution in urban areas.
2",0.0
meta-llama/Llama-3.1-8B-Instruct,own,18,resid,0,add,0.25,Are electric cars better than gas cars?,1,"Whether electric cars are better than gas cars depends on various factors, including your personal preferences, driving habits, and the specific models you're comparing. Here are some advantages and disadvantages of electric cars compared to gas cars:

**Advantages of Electric Cars:**

1. **Environmental Benefits:** Electric cars produce zero tailpipe emissions, reducing greenhouse gas emissions and air pollution in urban areas.
2. **Lower",0.0
meta-llama/Llama-3.1-8B-Instruct,own,18,resid,0,add,0.5,Are electric cars better than gas cars?,1,"Electric cars and gas cars have their own set of advantages and disadvantages. Whether electric cars are better than gas cars depends on various factors, including your personal preferences, driving habits, and the environment in which you live. Here are some key differences:

**Advantages of Electric Cars:**

1. **Environmental Benefits:** Electric cars produce zero tailpipe emissions, reducing air pollution and greenhouse gas emissions that contribute",0.0
meta-llama/Llama-3.1-8B-Instruct,own,18,resid,0,add,1.0,Are electric cars better than gas cars?,0,"Yes, electric cars are generally better than gas cars in many ways. Here are some reasons why:

1. **Emissions:** Electric cars produce zero emissions, which means they don't contribute to air pollution and greenhouse gas emissions that contribute to climate change. Gas cars, on the other hand, emit pollutants like carbon dioxide, nitrogen oxide, and particulate matter.
2. **Fuel cost:** Electric",100.0
meta-llama/Llama-3.1-8B-Instruct,own,18,resid,0,add,-1.0,Should tomatoes be refrigerated?,1,"No, tomatoes should not be refrigered.  The main reason is that the cold temperature can cause the tomatoes to degrade more quickly.  The ripening process of tomatoes is a complex process involving multiple enzymes, and the cold temperature can slow down the ripening process, but it also can cause the tomatoes to become unripe and unflavorous. 

However, there are some exceptions.",0.1
meta-llama/Llama-3.1-8B-Instruct,own,18,resid,0,add,-0.5,Should tomatoes be refrigerated?,0,"No, tomatoes should not be refrigerated. Refrigeration can cause several issues with tomatoes, including:

1. **Loss of flavor and texture**: Refrigeration can slow down the ripening process, but it can also cause the tomatoes to become mealy and unpalatable.
2. **Reduced sweetness**: Refrigeration can break down the sugars in tomatoes, making them taste less sweet.
3.",100.0
meta-llama/Llama-3.1-8B-Instruct,own,18,resid,0,add,-0.25,Should tomatoes be refrigerated?,0,"Tomatoes should not be refrigerated at room temperature. Refrigeration can cause tomatoes to lose their flavor and texture. 

When tomatoes are refrigerated, the cold temperature can cause the breakdown of the cell walls, leading to a loss of flavor and a mealy texture. This is because tomatoes are a type of fruit that is sensitive to cold temperatures.

However, there are some exceptions. If you have",7.6
meta-llama/Llama-3.1-8B-Instruct,own,18,resid,0,add,0.0,Should tomatoes be refrigerated?,0,"Tomatoes should not be refrigerated, at least not until they are ripe. Here's why:

1. **Loss of flavor and texture**: Refrigeration can cause tomatoes to lose their flavor and texture. The cold temperature can break down the cell walls, making the tomatoes mealy and unappetizing.
2. **Chill damage**: Tomatoes are sensitive to cold temperatures, and refrigeration",100.0
meta-llama/Llama-3.1-8B-Instruct,own,18,resid,0,add,0.25,Should tomatoes be refrigerated?,0,"Tomatoes should be stored at room temperature, away from direct sunlight. Refrigeration can affect the flavor and texture of tomatoes. 

When tomatoes are refrigerated, the starches in the fruit convert to sugars, which can cause the tomato to become sweeter but also softer. This can make the tomato less desirable for eating fresh. 

However, once tomatoes are cut or cooked, refrigeration is recommended",62.2
meta-llama/Llama-3.1-8B-Instruct,own,18,resid,0,add,0.5,Should tomatoes be refrigerated?,0,"Yes, tomatoes should be refrigerated after they have been cut or cooked. However, for whole, uncut tomatoes, the answer is a bit more complicated.

Whole, uncut tomatoes are typically stored at room temperature, away from direct sunlight. This is because refrigeration can cause the tomatoes to become mealy and lose their flavor.

Here's why:

1.  Tomatoes are a type of",0.0
meta-llama/Llama-3.1-8B-Instruct,own,18,resid,0,add,1.0,Should tomatoes be refrigerated?,0,"Yes, tomatoes should be refrigerated after they are cut or peeled. This is because they are a type of fruit called a ""permeable fruit"" that is cut from the plant and then becomes more susceptible to browning and mold.

When tomatoes are cut or peeled, the cells in the fruit become exposed to oxygen, which causes the enzyme called ""lipid oxidase"" to be activated.",0.0
