layer,pos,direction,item_idx,cell,paraphrase_id,label,score,pred,correct
0,4,p2f,50,future_known,0,1,0.9956752668447669,1,1
0,4,p2f,50,future_known,1,1,0.9954764275272555,1,1
0,4,p2f,50,future_known,2,1,0.9999998879624364,1,1
0,4,p2f,50,future_known,3,1,0.9999992940892397,1,1
0,4,p2f,50,future_known,4,1,0.9996870454654996,1,1
0,4,p2f,50,future_known,5,1,0.9999999380223187,1,1
0,4,p2f,51,future_known,0,1,0.9999303937279536,1,1
0,4,p2f,51,future_known,1,1,0.9981872297999851,1,1
0,4,p2f,51,future_known,2,1,0.9999454492888131,1,1
0,4,p2f,51,future_known,3,1,0.9999761021374686,1,1
0,4,p2f,51,future_known,4,1,0.9983398810010616,1,1
0,4,p2f,51,future_known,5,1,0.9999840196980487,1,1
0,4,p2f,52,future_known,0,1,0.9925446991975555,1,1
0,4,p2f,52,future_known,1,1,0.9999994963374957,1,1
0,4,p2f,52,future_known,2,1,0.9999925112909294,1,1
0,4,p2f,52,future_known,3,1,0.9999916493590488,1,1
0,4,p2f,52,future_known,4,1,0.9999244094222488,1,1
0,4,p2f,52,future_known,5,1,0.9992702682070633,1,1
0,4,p2f,53,future_known,0,1,0.9334344866990562,1,1
0,4,p2f,53,future_known,1,1,0.9327630190720276,1,1
0,4,p2f,53,future_known,2,1,0.4066859073953815,0,0
0,4,p2f,53,future_known,3,1,0.5414227616663221,1,1
0,4,p2f,53,future_known,4,1,0.9340537176795226,1,1
0,4,p2f,53,future_known,5,1,0.8786766884796617,1,1
0,4,p2f,54,future_known,0,1,0.9999981314314704,1,1
0,4,p2f,54,future_known,1,1,0.9979847795207303,1,1
0,4,p2f,54,future_known,2,1,0.9999208978117701,1,1
0,4,p2f,54,future_known,3,1,0.9999991238296354,1,1
0,4,p2f,54,future_known,4,1,0.9903446134059372,1,1
0,4,p2f,54,future_known,5,1,0.9999987828372645,1,1
0,4,p2f,55,future_known,0,1,0.9999662653092917,1,1
0,4,p2f,55,future_known,1,1,0.9995895597719978,1,1
0,4,p2f,55,future_known,2,1,0.9999827385872172,1,1
0,4,p2f,55,future_known,3,1,0.999992949098844,1,1
0,4,p2f,55,future_known,4,1,0.9983356505588922,1,1
0,4,p2f,55,future_known,5,1,0.9989488507475407,1,1
0,4,p2f,56,future_known,0,1,0.603860707172056,1,1
0,4,p2f,56,future_known,1,1,0.9255805881734639,1,1
0,4,p2f,56,future_known,2,1,0.579847684327811,1,1
0,4,p2f,56,future_known,3,1,0.7473865789524028,1,1
0,4,p2f,56,future_known,4,1,0.00405719973079845,0,0
0,4,p2f,56,future_known,5,1,0.8098231227154102,1,1
0,4,p2f,57,future_known,0,1,0.9999627746583987,1,1
0,4,p2f,57,future_known,1,1,0.999981137498317,1,1
0,4,p2f,57,future_known,2,1,0.9999385399143885,1,1
0,4,p2f,57,future_known,3,1,0.9999978494207746,1,1
0,4,p2f,57,future_known,4,1,0.999991952610548,1,1
0,4,p2f,57,future_known,5,1,0.9999977956215348,1,1
0,4,p2f,58,future_known,0,1,0.9999997998364826,1,1
0,4,p2f,58,future_known,1,1,0.9999996859508737,1,1
0,4,p2f,58,future_known,2,1,0.9999999854644961,1,1
0,4,p2f,58,future_known,3,1,0.9999999817096407,1,1
0,4,p2f,58,future_known,4,1,0.9999994776132022,1,1
0,4,p2f,58,future_known,5,1,0.9999999952854581,1,1
0,4,p2f,59,future_known,0,1,0.9999966139496445,1,1
0,4,p2f,59,future_known,1,1,0.9994836441362168,1,1
0,4,p2f,59,future_known,2,1,0.9998957894469931,1,1
0,4,p2f,59,future_known,3,1,0.9987595664791286,1,1
0,4,p2f,59,future_known,4,1,0.9998909474210256,1,1
0,4,p2f,59,future_known,5,1,0.999895907345963,1,1
0,4,p2f,60,future_known,0,1,0.9999916009764689,1,1
0,4,p2f,60,future_known,1,1,0.9999991232469039,1,1
0,4,p2f,60,future_known,2,1,0.9995321354007813,1,1
0,4,p2f,60,future_known,3,1,0.9999993239603836,1,1
0,4,p2f,60,future_known,4,1,0.999830995995336,1,1
0,4,p2f,60,future_known,5,1,0.9999986956361063,1,1
0,4,p2f,61,future_known,0,1,0.5040751555309393,1,1
0,4,p2f,61,future_known,1,1,0.66299452856722,1,1
0,4,p2f,61,future_known,2,1,0.0004971891989952016,0,0
0,4,p2f,61,future_known,3,1,0.861992803375834,1,1
0,4,p2f,61,future_known,4,1,0.35394166873467764,0,0
0,4,p2f,61,future_known,5,1,0.24099490989719885,0,0
0,4,p2f,62,future_known,0,1,0.9999993448949402,1,1
0,4,p2f,62,future_known,1,1,0.9999436287991913,1,1
0,4,p2f,62,future_known,2,1,0.9774644802335455,1,1
0,4,p2f,62,future_known,3,1,0.9999998510120085,1,1
0,4,p2f,62,future_known,4,1,0.9999934775318924,1,1
0,4,p2f,62,future_known,5,1,0.9995864218754946,1,1
0,4,p2f,63,future_known,0,1,0.007807558876870185,0,0
0,4,p2f,63,future_known,1,1,0.2728618771829685,0,0
0,4,p2f,63,future_known,2,1,4.371708209628126e-05,0,0
0,4,p2f,63,future_known,3,1,0.9908672820495418,1,1
0,4,p2f,63,future_known,4,1,0.05031250600954261,0,0
0,4,p2f,63,future_known,5,1,0.9929658654560434,1,1
0,4,p2f,64,future_known,0,1,0.9998839565818093,1,1
0,4,p2f,64,future_known,1,1,0.9995464112805894,1,1
0,4,p2f,64,future_known,2,1,0.9936111465522169,1,1
0,4,p2f,64,future_known,3,1,0.998251091653365,1,1
0,4,p2f,64,future_known,4,1,0.9938682782295695,1,1
0,4,p2f,64,future_known,5,1,0.9972950684821762,1,1
0,4,p2f,65,future_known,0,1,0.999953603339844,1,1
0,4,p2f,65,future_known,1,1,0.9982469777444345,1,1
0,4,p2f,65,future_known,2,1,0.999468184074503,1,1
0,4,p2f,65,future_known,3,1,0.9995760143449735,1,1
0,4,p2f,65,future_known,4,1,0.9998631836164752,1,1
0,4,p2f,65,future_known,5,1,0.9999904471025839,1,1
0,4,p2f,66,future_known,0,1,0.9246137477382371,1,1
0,4,p2f,66,future_known,1,1,0.9561901584620799,1,1
0,4,p2f,66,future_known,2,1,0.9447675745985451,1,1
0,4,p2f,66,future_known,3,1,0.6742894234164876,1,1
0,4,p2f,66,future_known,4,1,0.7490048331604287,1,1
0,4,p2f,66,future_known,5,1,0.6474663386484609,1,1
0,4,p2f,67,future_known,0,1,0.9998712315734706,1,1
0,4,p2f,67,future_known,1,1,0.9999974996237075,1,1
0,4,p2f,67,future_known,2,1,0.9613966952178541,1,1
0,4,p2f,67,future_known,3,1,0.9999468904979846,1,1
0,4,p2f,67,future_known,4,1,0.9998465625302325,1,1
0,4,p2f,67,future_known,5,1,0.9947694902695831,1,1
0,4,p2f,68,future_known,0,1,0.955887827523015,1,1
0,4,p2f,68,future_known,1,1,0.8525961412282819,1,1
0,4,p2f,68,future_known,2,1,0.7633913524372383,1,1
0,4,p2f,68,future_known,3,1,0.9925102998984544,1,1
0,4,p2f,68,future_known,4,1,0.45960536162569987,0,0
0,4,p2f,68,future_known,5,1,0.9380183892901184,1,1
0,4,p2f,69,future_known,0,1,0.9558079587119597,1,1
0,4,p2f,69,future_known,1,1,0.9979942658616616,1,1
0,4,p2f,69,future_known,2,1,0.3981625379509835,0,0
0,4,p2f,69,future_known,3,1,0.9165593447940467,1,1
0,4,p2f,69,future_known,4,1,0.9864434846680092,1,1
0,4,p2f,69,future_known,5,1,0.7223165878315496,1,1
0,4,p2f,70,future_known,0,1,0.0007882419089531893,0,0
0,4,p2f,70,future_known,1,1,1.1912296691089825e-05,0,0
0,4,p2f,70,future_known,2,1,6.7149640689176795e-06,0,0
0,4,p2f,70,future_known,3,1,0.0033547995727040685,0,0
0,4,p2f,70,future_known,4,1,0.012741149829865265,0,0
0,4,p2f,70,future_known,5,1,2.3031181857250396e-05,0,0
0,4,p2f,71,future_known,0,1,0.9999223077528053,1,1
0,4,p2f,71,future_known,1,1,0.9997857148212622,1,1
0,4,p2f,71,future_known,2,1,0.9947442725902673,1,1
0,4,p2f,71,future_known,3,1,0.9999742308558119,1,1
0,4,p2f,71,future_known,4,1,0.9997852195891197,1,1
0,4,p2f,71,future_known,5,1,0.9982341869305291,1,1
0,4,p2f,72,future_known,0,1,0.9999992735463913,1,1
0,4,p2f,72,future_known,1,1,0.9999912951263753,1,1
0,4,p2f,72,future_known,2,1,0.9999993523292416,1,1
0,4,p2f,72,future_known,3,1,0.9999987156403571,1,1
0,4,p2f,72,future_known,4,1,0.9999999384999017,1,1
0,4,p2f,72,future_known,5,1,0.9999828735694111,1,1
0,4,p2f,73,future_known,0,1,0.998831537257687,1,1
0,4,p2f,73,future_known,1,1,0.999792420944439,1,1
0,4,p2f,73,future_known,2,1,0.9997457617975729,1,1
0,4,p2f,73,future_known,3,1,0.9871801222611992,1,1
0,4,p2f,73,future_known,4,1,0.9986366626035899,1,1
0,4,p2f,73,future_known,5,1,0.999864874972964,1,1
0,4,p2f,74,future_known,0,1,0.39299939170490283,0,0
0,4,p2f,74,future_known,1,1,0.0004028064995665385,0,0
0,4,p2f,74,future_known,2,1,0.20698434702318233,0,0
0,4,p2f,74,future_known,3,1,0.003372547122881411,0,0
0,4,p2f,74,future_known,4,1,2.9017985957421836e-05,0,0
0,4,p2f,74,future_known,5,1,0.2568275912398366,0,0
0,4,p2f,75,future_unknown,0,0,0.9999980536059733,1,0
0,4,p2f,75,future_unknown,1,0,0.9999993596849385,1,0
0,4,p2f,75,future_unknown,2,0,0.9999998734125894,1,0
0,4,p2f,75,future_unknown,3,0,0.9999999252952414,1,0
0,4,p2f,75,future_unknown,4,0,0.9999998956471612,1,0
0,4,p2f,75,future_unknown,5,0,0.9999515997323237,1,0
0,4,p2f,76,future_unknown,0,0,0.7519009897415648,1,0
0,4,p2f,76,future_unknown,1,0,0.9535147950374626,1,0
0,4,p2f,76,future_unknown,2,0,0.6702361302268135,1,0
0,4,p2f,76,future_unknown,3,0,0.9928551715005355,1,0
0,4,p2f,76,future_unknown,4,0,0.7214512903045881,1,0
0,4,p2f,76,future_unknown,5,0,0.3413740577138989,0,1
0,4,p2f,77,future_unknown,0,0,0.9984562546164436,1,0
0,4,p2f,77,future_unknown,1,0,0.9996967508962702,1,0
0,4,p2f,77,future_unknown,2,0,0.9999778674902555,1,0
0,4,p2f,77,future_unknown,3,0,0.9993236448096834,1,0
0,4,p2f,77,future_unknown,4,0,0.999922456665535,1,0
0,4,p2f,77,future_unknown,5,0,0.9999937454143957,1,0
0,4,p2f,78,future_unknown,0,0,0.9999998177401769,1,0
0,4,p2f,78,future_unknown,1,0,0.9999996368161461,1,0
0,4,p2f,78,future_unknown,2,0,0.9999999803131429,1,0
0,4,p2f,78,future_unknown,3,0,0.9999999955074468,1,0
0,4,p2f,78,future_unknown,4,0,0.9999999888751184,1,0
0,4,p2f,78,future_unknown,5,0,0.9999999955514001,1,0
0,4,p2f,79,future_unknown,0,0,0.9999329495503656,1,0
0,4,p2f,79,future_unknown,1,0,0.9999987801362299,1,0
0,4,p2f,79,future_unknown,2,0,0.9999917784649519,1,0
0,4,p2f,79,future_unknown,3,0,0.999969146786907,1,0
0,4,p2f,79,future_unknown,4,0,0.99999663773178,1,0
0,4,p2f,79,future_unknown,5,0,0.9998684120594181,1,0
0,4,p2f,80,future_unknown,0,0,0.9999979088740664,1,0
0,4,p2f,80,future_unknown,1,0,0.9999997647602028,1,0
0,4,p2f,80,future_unknown,2,0,0.9997942280015346,1,0
0,4,p2f,80,future_unknown,3,0,0.9999962883053406,1,0
0,4,p2f,80,future_unknown,4,0,0.9999993094629304,1,0
0,4,p2f,80,future_unknown,5,0,0.9999999806937702,1,0
0,4,p2f,81,future_unknown,0,0,0.9997487939643146,1,0
0,4,p2f,81,future_unknown,1,0,0.9999267541173146,1,0
0,4,p2f,81,future_unknown,2,0,0.9999224855783297,1,0
0,4,p2f,81,future_unknown,3,0,0.9999818825111418,1,0
0,4,p2f,81,future_unknown,4,0,0.9999389401649131,1,0
0,4,p2f,81,future_unknown,5,0,0.9998622199199079,1,0
0,4,p2f,82,future_unknown,0,0,0.9970527117517557,1,0
0,4,p2f,82,future_unknown,1,0,0.9924285129477722,1,0
0,4,p2f,82,future_unknown,2,0,0.9966812828789208,1,0
0,4,p2f,82,future_unknown,3,0,0.9999680283048985,1,0
0,4,p2f,82,future_unknown,4,0,0.9943877829784904,1,0
0,4,p2f,82,future_unknown,5,0,0.9999242103040421,1,0
0,4,p2f,83,future_unknown,0,0,0.9999993245350911,1,0
0,4,p2f,83,future_unknown,1,0,0.9999970947492155,1,0
0,4,p2f,83,future_unknown,2,0,0.9999383851255473,1,0
0,4,p2f,83,future_unknown,3,0,0.9999974938688967,1,0
0,4,p2f,83,future_unknown,4,0,0.9999641086276456,1,0
0,4,p2f,83,future_unknown,5,0,0.9999957509440217,1,0
0,4,p2f,84,future_unknown,0,0,0.9835014065793448,1,0
0,4,p2f,84,future_unknown,1,0,0.99278034084835,1,0
0,4,p2f,84,future_unknown,2,0,0.99933300637599,1,0
0,4,p2f,84,future_unknown,3,0,0.9972173620755661,1,0
0,4,p2f,84,future_unknown,4,0,0.9984656451472315,1,0
0,4,p2f,84,future_unknown,5,0,0.9966295421744487,1,0
0,4,p2f,85,future_unknown,0,0,0.9996523838330986,1,0
0,4,p2f,85,future_unknown,1,0,0.9999704160340589,1,0
0,4,p2f,85,future_unknown,2,0,0.9999999544599666,1,0
0,4,p2f,85,future_unknown,3,0,0.9999958161833156,1,0
0,4,p2f,85,future_unknown,4,0,0.9993911062529922,1,0
0,4,p2f,85,future_unknown,5,0,0.9998457905972528,1,0
0,4,p2f,86,future_unknown,0,0,0.9999931331329263,1,0
0,4,p2f,86,future_unknown,1,0,0.9999935011114881,1,0
0,4,p2f,86,future_unknown,2,0,0.9999993354972022,1,0
0,4,p2f,86,future_unknown,3,0,0.9999988631464031,1,0
0,4,p2f,86,future_unknown,4,0,0.9999267981639619,1,0
0,4,p2f,86,future_unknown,5,0,0.9999993050181004,1,0
0,4,p2f,87,future_unknown,0,0,0.9999990207764059,1,0
0,4,p2f,87,future_unknown,1,0,0.9999958529487784,1,0
0,4,p2f,87,future_unknown,2,0,0.9998048497294083,1,0
0,4,p2f,87,future_unknown,3,0,0.9989164964557066,1,0
0,4,p2f,87,future_unknown,4,0,0.999944612456251,1,0
0,4,p2f,87,future_unknown,5,0,0.9999970580772816,1,0
0,4,p2f,88,future_unknown,0,0,0.9998803801977716,1,0
0,4,p2f,88,future_unknown,1,0,0.9999998665464709,1,0
0,4,p2f,88,future_unknown,2,0,0.9999999768740208,1,0
0,4,p2f,88,future_unknown,3,0,0.9999997011841839,1,0
0,4,p2f,88,future_unknown,4,0,0.9999999460094184,1,0
0,4,p2f,88,future_unknown,5,0,0.999983896382974,1,0
0,4,p2f,89,future_unknown,0,0,0.999983550831993,1,0
0,4,p2f,89,future_unknown,1,0,0.9999831204636088,1,0
0,4,p2f,89,future_unknown,2,0,0.9999980189491905,1,0
0,4,p2f,89,future_unknown,3,0,0.999998302150617,1,0
0,4,p2f,89,future_unknown,4,0,0.9999999026217775,1,0
0,4,p2f,89,future_unknown,5,0,0.999999572400276,1,0
0,4,p2f,90,future_unknown,0,0,0.9999999270393929,1,0
0,4,p2f,90,future_unknown,1,0,0.9999999700101778,1,0
0,4,p2f,90,future_unknown,2,0,0.9999998721181399,1,0
0,4,p2f,90,future_unknown,3,0,0.9999996245535923,1,0
0,4,p2f,90,future_unknown,4,0,0.999996410952584,1,0
0,4,p2f,90,future_unknown,5,0,0.9999998264004625,1,0
0,4,p2f,91,future_unknown,0,0,0.9263533006771053,1,0
0,4,p2f,91,future_unknown,1,0,0.9998859827677543,1,0
0,4,p2f,91,future_unknown,2,0,0.9990095349524111,1,0
0,4,p2f,91,future_unknown,3,0,0.9999436125045953,1,0
0,4,p2f,91,future_unknown,4,0,0.9997729693956549,1,0
0,4,p2f,91,future_unknown,5,0,0.9995438632842013,1,0
0,4,p2f,92,future_unknown,0,0,0.9980924859071546,1,0
0,4,p2f,92,future_unknown,1,0,0.999999378159078,1,0
0,4,p2f,92,future_unknown,2,0,0.9999256958211664,1,0
0,4,p2f,92,future_unknown,3,0,0.9999998289634707,1,0
0,4,p2f,92,future_unknown,4,0,0.9998878044816331,1,0
0,4,p2f,92,future_unknown,5,0,0.9994485870791703,1,0
0,4,p2f,93,future_unknown,0,0,0.9933964322941097,1,0
0,4,p2f,93,future_unknown,1,0,0.9999988527460751,1,0
0,4,p2f,93,future_unknown,2,0,0.440630735686002,0,1
0,4,p2f,93,future_unknown,3,0,0.440630735686002,0,1
0,4,p2f,93,future_unknown,4,0,0.9999988527460751,1,0
0,4,p2f,93,future_unknown,5,0,0.9999990206151956,1,0
0,4,p2f,94,future_unknown,0,0,0.9997073750820321,1,0
0,4,p2f,94,future_unknown,1,0,0.9998261761651868,1,0
0,4,p2f,94,future_unknown,2,0,0.9999934370320429,1,0
0,4,p2f,94,future_unknown,3,0,0.9999981269317472,1,0
0,4,p2f,94,future_unknown,4,0,0.9999999704497495,1,0
0,4,p2f,94,future_unknown,5,0,0.9999922902143815,1,0
0,4,p2f,95,future_unknown,0,0,0.9972601080070114,1,0
0,4,p2f,95,future_unknown,1,0,0.9414851324975291,1,0
0,4,p2f,95,future_unknown,2,0,0.5910472073964743,1,0
0,4,p2f,95,future_unknown,3,0,0.920606975371648,1,0
0,4,p2f,95,future_unknown,4,0,0.9047989553007707,1,0
0,4,p2f,95,future_unknown,5,0,0.6513305915990035,1,0
0,4,p2f,96,future_unknown,0,0,0.9999994622354654,1,0
0,4,p2f,96,future_unknown,1,0,0.999998627713238,1,0
0,4,p2f,96,future_unknown,2,0,0.9999999988052413,1,0
0,4,p2f,96,future_unknown,3,0,0.999999910450297,1,0
0,4,p2f,96,future_unknown,4,0,0.9999998465170898,1,0
0,4,p2f,96,future_unknown,5,0,0.9999993814950521,1,0
0,4,p2f,97,future_unknown,0,0,0.02584567360012881,0,1
0,4,p2f,97,future_unknown,1,0,0.9688999991597568,1,0
0,4,p2f,97,future_unknown,2,0,0.00808706964174664,0,1
0,4,p2f,97,future_unknown,3,0,0.025018211289512118,0,1
0,4,p2f,97,future_unknown,4,0,0.004964095329481337,0,1
0,4,p2f,97,future_unknown,5,0,0.9902243703545645,1,0
0,4,p2f,98,future_unknown,0,0,0.7667313732384881,1,0
0,4,p2f,98,future_unknown,1,0,0.9999786676844075,1,0
0,4,p2f,98,future_unknown,2,0,0.9998874064339874,1,0
0,4,p2f,98,future_unknown,3,0,0.9999326684410369,1,0
0,4,p2f,98,future_unknown,4,0,0.999342574651537,1,0
0,4,p2f,98,future_unknown,5,0,0.9999786676844075,1,0
0,4,p2f,99,future_unknown,0,0,0.9999902812572461,1,0
0,4,p2f,99,future_unknown,1,0,0.9998150006762844,1,0
0,4,p2f,99,future_unknown,2,0,0.9999994040014563,1,0
0,4,p2f,99,future_unknown,3,0,0.9999996935197868,1,0
0,4,p2f,99,future_unknown,4,0,0.999998621866612,1,0
0,4,p2f,99,future_unknown,5,0,0.9999991337420714,1,0
0,4,f2p,0,past_known,0,1,0.9999857957209011,1,1
0,4,f2p,0,past_known,1,1,0.9995266136805393,1,1
0,4,f2p,0,past_known,2,1,0.9991536976312989,1,1
0,4,f2p,0,past_known,3,1,0.9999924417447825,1,1
0,4,f2p,0,past_known,4,1,0.9999999874856808,1,1
0,4,f2p,0,past_known,5,1,0.9999931849127237,1,1
0,4,f2p,1,past_known,0,1,0.9999342652860834,1,1
0,4,f2p,1,past_known,1,1,0.9992183653212908,1,1
0,4,f2p,1,past_known,2,1,0.996479865457652,1,1
0,4,f2p,1,past_known,3,1,0.9988667271081493,1,1
0,4,f2p,1,past_known,4,1,0.9999626417805749,1,1
0,4,f2p,1,past_known,5,1,0.999980276364103,1,1
0,4,f2p,2,past_known,0,1,0.999584109170031,1,1
0,4,f2p,2,past_known,1,1,0.8410503415620332,1,1
0,4,f2p,2,past_known,2,1,0.9996609362707071,1,1
0,4,f2p,2,past_known,3,1,0.9994225623390135,1,1
0,4,f2p,2,past_known,4,1,0.9999995743392682,1,1
0,4,f2p,2,past_known,5,1,0.8169563848521697,1,1
0,4,f2p,3,past_known,0,1,0.9981946261920571,1,1
0,4,f2p,3,past_known,1,1,0.9995748715267495,1,1
0,4,f2p,3,past_known,2,1,0.9915569709796018,1,1
0,4,f2p,3,past_known,3,1,0.999999489779892,1,1
0,4,f2p,3,past_known,4,1,0.3399222376514427,0,0
0,4,f2p,3,past_known,5,1,0.9996409026704098,1,1
0,4,f2p,4,past_known,0,1,0.0006365223432935724,0,0
0,4,f2p,4,past_known,1,1,0.5033949503391235,1,1
0,4,f2p,4,past_known,2,1,0.11282275842352942,0,0
0,4,f2p,4,past_known,3,1,0.9335838430096852,1,1
0,4,f2p,4,past_known,4,1,0.2610796230093933,0,0
0,4,f2p,4,past_known,5,1,0.7564966812163464,1,1
0,4,f2p,5,past_known,0,1,0.005565748176384346,0,0
0,4,f2p,5,past_known,1,1,0.9882886589048172,1,1
0,4,f2p,5,past_known,2,1,0.9947821851232129,1,1
0,4,f2p,5,past_known,3,1,0.9666248298203315,1,1
0,4,f2p,5,past_known,4,1,0.9998586044745554,1,1
0,4,f2p,5,past_known,5,1,0.9999193682822637,1,1
0,4,f2p,6,past_known,0,1,0.5752720455519333,1,1
0,4,f2p,6,past_known,1,1,0.0006765703997203933,0,0
0,4,f2p,6,past_known,2,1,0.18769232981714046,0,0
0,4,f2p,6,past_known,3,1,0.36535221725041267,0,0
0,4,f2p,6,past_known,4,1,0.06717654191597268,0,0
0,4,f2p,6,past_known,5,1,0.6167355054128126,1,1
0,4,f2p,7,past_known,0,1,0.8812680792186223,1,1
0,4,f2p,7,past_known,1,1,0.9911976044469962,1,1
0,4,f2p,7,past_known,2,1,0.17149542160800732,0,0
0,4,f2p,7,past_known,3,1,0.9994845041743937,1,1
0,4,f2p,7,past_known,4,1,0.999955517841455,1,1
0,4,f2p,7,past_known,5,1,0.9857901616969056,1,1
0,4,f2p,8,past_known,0,1,0.007029461299530286,0,0
0,4,f2p,8,past_known,1,1,0.9992936222124257,1,1
0,4,f2p,8,past_known,2,1,0.9865559815052318,1,1
0,4,f2p,8,past_known,3,1,0.34904214061588346,0,0
0,4,f2p,8,past_known,4,1,0.9111512563684693,1,1
0,4,f2p,8,past_known,5,1,0.923052020309029,1,1
0,4,f2p,9,past_known,0,1,0.8121429604327427,1,1
0,4,f2p,9,past_known,1,1,0.7165938039380819,1,1
0,4,f2p,9,past_known,2,1,0.9988578630008571,1,1
0,4,f2p,9,past_known,3,1,0.9984408753223117,1,1
0,4,f2p,9,past_known,4,1,0.9942196753663375,1,1
0,4,f2p,9,past_known,5,1,0.4207682320305376,0,0
0,4,f2p,10,past_known,0,1,0.2256692781847365,0,0
0,4,f2p,10,past_known,1,1,0.9999999786798701,1,1
0,4,f2p,10,past_known,2,1,0.9999836235110197,1,1
0,4,f2p,10,past_known,3,1,0.9964632917608807,1,1
0,4,f2p,10,past_known,4,1,0.9999761297020578,1,1
0,4,f2p,10,past_known,5,1,0.9999813598088425,1,1
0,4,f2p,11,past_known,0,1,0.9960174159369042,1,1
0,4,f2p,11,past_known,1,1,0.9989143074578933,1,1
0,4,f2p,11,past_known,2,1,0.9992727705554965,1,1
0,4,f2p,11,past_known,3,1,0.005555708817369626,0,0
0,4,f2p,11,past_known,4,1,0.762739606385203,1,1
0,4,f2p,11,past_known,5,1,0.9995251467951379,1,1
0,4,f2p,12,past_known,0,1,0.6460293338262243,1,1
0,4,f2p,12,past_known,1,1,0.9982108845894411,1,1
0,4,f2p,12,past_known,2,1,0.9995324733645587,1,1
0,4,f2p,12,past_known,3,1,0.9991529017637709,1,1
0,4,f2p,12,past_known,4,1,0.9999913715394949,1,1
0,4,f2p,12,past_known,5,1,0.9993422811271663,1,1
0,4,f2p,13,past_known,0,1,0.7717164805271092,1,1
0,4,f2p,13,past_known,1,1,0.052628932990983486,0,0
0,4,f2p,13,past_known,2,1,0.9880351574969725,1,1
0,4,f2p,13,past_known,3,1,0.9941635969607077,1,1
0,4,f2p,13,past_known,4,1,0.9534954521184283,1,1
0,4,f2p,13,past_known,5,1,0.71311218232189,1,1
0,4,f2p,14,past_known,0,1,0.00266549176835727,0,0
0,4,f2p,14,past_known,1,1,0.9999806296141861,1,1
0,4,f2p,14,past_known,2,1,0.9997214605154617,1,1
0,4,f2p,14,past_known,3,1,0.9995562198921203,1,1
0,4,f2p,14,past_known,4,1,0.2486375253690965,0,0
0,4,f2p,14,past_known,5,1,0.9999957860597566,1,1
0,4,f2p,15,past_known,0,1,0.025494084762137898,0,0
0,4,f2p,15,past_known,1,1,0.9827400513183513,1,1
0,4,f2p,15,past_known,2,1,0.9997772474804973,1,1
0,4,f2p,15,past_known,3,1,0.5363019752034687,1,1
0,4,f2p,15,past_known,4,1,0.8351939140554588,1,1
0,4,f2p,15,past_known,5,1,0.942942744760654,1,1
0,4,f2p,16,past_known,0,1,0.9984689244641849,1,1
0,4,f2p,16,past_known,1,1,0.9275000926729201,1,1
0,4,f2p,16,past_known,2,1,0.9946217874068652,1,1
0,4,f2p,16,past_known,3,1,0.9998717024901799,1,1
0,4,f2p,16,past_known,4,1,0.9884191060751806,1,1
0,4,f2p,16,past_known,5,1,0.9960523627861045,1,1
0,4,f2p,17,past_known,0,1,0.9967178989732448,1,1
0,4,f2p,17,past_known,1,1,0.9998718853610181,1,1
0,4,f2p,17,past_known,2,1,0.9822708368951446,1,1
0,4,f2p,17,past_known,3,1,0.9995143801203396,1,1
0,4,f2p,17,past_known,4,1,0.9997372163962382,1,1
0,4,f2p,17,past_known,5,1,0.9999906512232516,1,1
0,4,f2p,18,past_known,0,1,0.9572469680563949,1,1
0,4,f2p,18,past_known,1,1,0.9020334611165667,1,1
0,4,f2p,18,past_known,2,1,0.6755236846130952,1,1
0,4,f2p,18,past_known,3,1,0.9974593083500792,1,1
0,4,f2p,18,past_known,4,1,0.9955891343454594,1,1
0,4,f2p,18,past_known,5,1,0.6624636155444185,1,1
0,4,f2p,19,past_known,0,1,0.21186191188523157,0,0
0,4,f2p,19,past_known,1,1,0.8303707200711544,1,1
0,4,f2p,19,past_known,2,1,0.46285337547071315,0,0
0,4,f2p,19,past_known,3,1,0.9932748458275471,1,1
0,4,f2p,19,past_known,4,1,0.9998123293350168,1,1
0,4,f2p,19,past_known,5,1,0.07914968591625188,0,0
0,4,f2p,20,past_known,0,1,0.9999218524464464,1,1
0,4,f2p,20,past_known,1,1,0.9994564238854553,1,1
0,4,f2p,20,past_known,2,1,0.9968733606290543,1,1
0,4,f2p,20,past_known,3,1,0.8459076472357845,1,1
0,4,f2p,20,past_known,4,1,0.9954720029043613,1,1
0,4,f2p,20,past_known,5,1,0.9999893358917589,1,1
0,4,f2p,21,past_known,0,1,0.025658406116637313,0,0
0,4,f2p,21,past_known,1,1,0.6285108650846534,1,1
0,4,f2p,21,past_known,2,1,0.9968378059526491,1,1
0,4,f2p,21,past_known,3,1,0.9982344842832872,1,1
0,4,f2p,21,past_known,4,1,0.999054354044221,1,1
0,4,f2p,21,past_known,5,1,0.9982820841294421,1,1
0,4,f2p,22,past_known,0,1,9.476600058581594e-05,0,0
0,4,f2p,22,past_known,1,1,0.00681386534379165,0,0
0,4,f2p,22,past_known,2,1,0.6588457490480248,1,1
0,4,f2p,22,past_known,3,1,0.001086221533282312,0,0
0,4,f2p,22,past_known,4,1,0.9955327475030047,1,1
0,4,f2p,22,past_known,5,1,0.8882064049006173,1,1
0,4,f2p,23,past_known,0,1,0.13962824847135605,0,0
0,4,f2p,23,past_known,1,1,0.9999926995678754,1,1
0,4,f2p,23,past_known,2,1,0.996944185039375,1,1
0,4,f2p,23,past_known,3,1,0.9939491425327636,1,1
0,4,f2p,23,past_known,4,1,0.8548542486788532,1,1
0,4,f2p,23,past_known,5,1,0.9994041047026822,1,1
0,4,f2p,24,past_known,0,1,0.9976848144882444,1,1
0,4,f2p,24,past_known,1,1,0.9999999967387083,1,1
0,4,f2p,24,past_known,2,1,0.9999999297486488,1,1
0,4,f2p,24,past_known,3,1,0.9999999376499641,1,1
0,4,f2p,24,past_known,4,1,0.9999999997409055,1,1
0,4,f2p,24,past_known,5,1,0.9999999916297123,1,1
0,4,f2p,25,past_unknown,0,0,0.2941927971074687,0,1
0,4,f2p,25,past_unknown,1,0,0.9455769123062961,1,0
0,4,f2p,25,past_unknown,2,0,0.3936584327389591,0,1
0,4,f2p,25,past_unknown,3,0,0.9991678220093252,1,0
0,4,f2p,25,past_unknown,4,0,0.26070867079383087,0,1
0,4,f2p,25,past_unknown,5,0,0.9999284105160701,1,0
0,4,f2p,26,past_unknown,0,0,0.13649098755764033,0,1
0,4,f2p,26,past_unknown,1,0,0.5748286957725849,1,0
0,4,f2p,26,past_unknown,2,0,0.5432930384207106,1,0
0,4,f2p,26,past_unknown,3,0,0.9943340925365319,1,0
0,4,f2p,26,past_unknown,4,0,0.9070222586119582,1,0
0,4,f2p,26,past_unknown,5,0,0.3836391657122219,0,1
0,4,f2p,27,past_unknown,0,0,0.969106624848797,1,0
0,4,f2p,27,past_unknown,1,0,0.9988501125245034,1,0
0,4,f2p,27,past_unknown,2,0,0.9990202704646022,1,0
0,4,f2p,27,past_unknown,3,0,0.961594423136319,1,0
0,4,f2p,27,past_unknown,4,0,0.9959848168278304,1,0
0,4,f2p,27,past_unknown,5,0,0.9962973831456635,1,0
0,4,f2p,28,past_unknown,0,0,0.7042502747683642,1,0
0,4,f2p,28,past_unknown,1,0,0.9999220715034884,1,0
0,4,f2p,28,past_unknown,2,0,0.3544045299827067,0,1
0,4,f2p,28,past_unknown,3,0,0.9999623634902524,1,0
0,4,f2p,28,past_unknown,4,0,0.06194710024022562,0,1
0,4,f2p,28,past_unknown,5,0,0.0028659353899512887,0,1
0,4,f2p,29,past_unknown,0,0,0.9988428974782085,1,0
0,4,f2p,29,past_unknown,1,0,0.9988609174466068,1,0
0,4,f2p,29,past_unknown,2,0,0.8721571366933161,1,0
0,4,f2p,29,past_unknown,3,0,0.9970754395664507,1,0
0,4,f2p,29,past_unknown,4,0,0.9259650887375153,1,0
0,4,f2p,29,past_unknown,5,0,0.9999999666473021,1,0
0,4,f2p,30,past_unknown,0,0,0.025041576467185998,0,1
0,4,f2p,30,past_unknown,1,0,0.05273861858100066,0,1
0,4,f2p,30,past_unknown,2,0,0.9790307045404415,1,0
0,4,f2p,30,past_unknown,3,0,0.80426742014799,1,0
0,4,f2p,30,past_unknown,4,0,0.0556179432216188,0,1
0,4,f2p,30,past_unknown,5,0,0.009718967565609263,0,1
0,4,f2p,31,past_unknown,0,0,0.9999999203487638,1,0
0,4,f2p,31,past_unknown,1,0,0.9999995183824076,1,0
0,4,f2p,31,past_unknown,2,0,0.999684761943594,1,0
0,4,f2p,31,past_unknown,3,0,0.995488293149294,1,0
0,4,f2p,31,past_unknown,4,0,0.9999752946710149,1,0
0,4,f2p,31,past_unknown,5,0,0.9999998429364485,1,0
0,4,f2p,32,past_unknown,0,0,0.24783624914904137,0,1
0,4,f2p,32,past_unknown,1,0,0.618093293852473,1,0
0,4,f2p,32,past_unknown,2,0,0.9999971494921943,1,0
0,4,f2p,32,past_unknown,3,0,0.9949931561028051,1,0
0,4,f2p,32,past_unknown,4,0,0.9953863787952812,1,0
0,4,f2p,32,past_unknown,5,0,0.9992281514621248,1,0
0,4,f2p,33,past_unknown,0,0,0.9835508894978415,1,0
0,4,f2p,33,past_unknown,1,0,0.6022563352026171,1,0
0,4,f2p,33,past_unknown,2,0,0.8762476856665776,1,0
0,4,f2p,33,past_unknown,3,0,0.9999601549767463,1,0
0,4,f2p,33,past_unknown,4,0,0.9999999650506409,1,0
0,4,f2p,33,past_unknown,5,0,0.995194747741003,1,0
0,4,f2p,34,past_unknown,0,0,0.9980423695439474,1,0
0,4,f2p,34,past_unknown,1,0,0.999768903869027,1,0
0,4,f2p,34,past_unknown,2,0,0.9990680407952555,1,0
0,4,f2p,34,past_unknown,3,0,0.999308090332034,1,0
0,4,f2p,34,past_unknown,4,0,0.9999764916143844,1,0
0,4,f2p,34,past_unknown,5,0,0.9994791252523192,1,0
0,4,f2p,35,past_unknown,0,0,0.9999893701142132,1,0
0,4,f2p,35,past_unknown,1,0,0.9999321306111016,1,0
0,4,f2p,35,past_unknown,2,0,0.9954474976286651,1,0
0,4,f2p,35,past_unknown,3,0,0.9999968150201168,1,0
0,4,f2p,35,past_unknown,4,0,0.9999986371400136,1,0
0,4,f2p,35,past_unknown,5,0,0.9999186103132622,1,0
0,4,f2p,36,past_unknown,0,0,0.7713310312710756,1,0
0,4,f2p,36,past_unknown,1,0,0.5294599360481327,1,0
0,4,f2p,36,past_unknown,2,0,0.94047734797894,1,0
0,4,f2p,36,past_unknown,3,0,0.9946382563204034,1,0
0,4,f2p,36,past_unknown,4,0,0.9980570817431994,1,0
0,4,f2p,36,past_unknown,5,0,0.0013357828961375953,0,1
0,4,f2p,37,past_unknown,0,0,0.5206060223319545,1,0
0,4,f2p,37,past_unknown,1,0,0.8310053882766805,1,0
0,4,f2p,37,past_unknown,2,0,0.5100938636062278,1,0
0,4,f2p,37,past_unknown,3,0,0.9541038874211336,1,0
0,4,f2p,37,past_unknown,4,0,0.00643830409555691,0,1
0,4,f2p,37,past_unknown,5,0,0.9739045981517086,1,0
0,4,f2p,38,past_unknown,0,0,0.9987358519450741,1,0
0,4,f2p,38,past_unknown,1,0,0.9913104174871249,1,0
0,4,f2p,38,past_unknown,2,0,0.9916902583855479,1,0
0,4,f2p,38,past_unknown,3,0,0.9939342701245354,1,0
0,4,f2p,38,past_unknown,4,0,0.9075156115278483,1,0
0,4,f2p,38,past_unknown,5,0,0.9996139741714777,1,0
0,4,f2p,39,past_unknown,0,0,0.9999944337702488,1,0
0,4,f2p,39,past_unknown,1,0,0.9999997612381645,1,0
0,4,f2p,39,past_unknown,2,0,0.9999969975736993,1,0
0,4,f2p,39,past_unknown,3,0,0.9981556565333557,1,0
0,4,f2p,39,past_unknown,4,0,0.9999998776462017,1,0
0,4,f2p,39,past_unknown,5,0,0.999998114705393,1,0
0,4,f2p,40,past_unknown,0,0,0.0016050152990552899,0,1
0,4,f2p,40,past_unknown,1,0,0.7881129290537567,1,0
0,4,f2p,40,past_unknown,2,0,0.1171980734514803,0,1
0,4,f2p,40,past_unknown,3,0,0.9520372026770657,1,0
0,4,f2p,40,past_unknown,4,0,0.8436965874104181,1,0
0,4,f2p,40,past_unknown,5,0,0.8607360756812669,1,0
0,4,f2p,41,past_unknown,0,0,0.9427936671078587,1,0
0,4,f2p,41,past_unknown,1,0,0.9999060698253887,1,0
0,4,f2p,41,past_unknown,2,0,0.9849604941660259,1,0
0,4,f2p,41,past_unknown,3,0,0.9712968811057067,1,0
0,4,f2p,41,past_unknown,4,0,0.999148316298692,1,0
0,4,f2p,41,past_unknown,5,0,0.9999888189792676,1,0
0,4,f2p,42,past_unknown,0,0,0.9997650799303209,1,0
0,4,f2p,42,past_unknown,1,0,0.9976748238665181,1,0
0,4,f2p,42,past_unknown,2,0,0.999928208184876,1,0
0,4,f2p,42,past_unknown,3,0,0.9999501835577377,1,0
0,4,f2p,42,past_unknown,4,0,0.9991412940727754,1,0
0,4,f2p,42,past_unknown,5,0,0.9971356528852184,1,0
0,4,f2p,43,past_unknown,0,0,0.9999482184358832,1,0
0,4,f2p,43,past_unknown,1,0,0.9860711181742079,1,0
0,4,f2p,43,past_unknown,2,0,0.9996932235136191,1,0
0,4,f2p,43,past_unknown,3,0,0.48570309376099324,0,1
0,4,f2p,43,past_unknown,4,0,0.9883041360736363,1,0
0,4,f2p,43,past_unknown,5,0,0.9164010720478913,1,0
0,4,f2p,44,past_unknown,0,0,0.9816407557335881,1,0
0,4,f2p,44,past_unknown,1,0,0.9998817980515544,1,0
0,4,f2p,44,past_unknown,2,0,0.9999874535973626,1,0
0,4,f2p,44,past_unknown,3,0,0.9999531343431296,1,0
0,4,f2p,44,past_unknown,4,0,0.999945037693814,1,0
0,4,f2p,44,past_unknown,5,0,0.99998856769663,1,0
0,4,f2p,45,past_unknown,0,0,0.9999535733586882,1,0
0,4,f2p,45,past_unknown,1,0,0.9999956521021446,1,0
0,4,f2p,45,past_unknown,2,0,0.9996917411570325,1,0
0,4,f2p,45,past_unknown,3,0,0.9999954851674385,1,0
0,4,f2p,45,past_unknown,4,0,0.9999957893843872,1,0
0,4,f2p,45,past_unknown,5,0,0.9999950302057049,1,0
0,4,f2p,46,past_unknown,0,0,0.11373647123171607,0,1
0,4,f2p,46,past_unknown,1,0,0.0507241928559099,0,1
0,4,f2p,46,past_unknown,2,0,0.0019111348734911291,0,1
0,4,f2p,46,past_unknown,3,0,0.12299220062559064,0,1
0,4,f2p,46,past_unknown,4,0,0.0001706661271374361,0,1
0,4,f2p,46,past_unknown,5,0,0.19620046332081134,0,1
0,4,f2p,47,past_unknown,0,0,0.9999747541750668,1,0
0,4,f2p,47,past_unknown,1,0,0.9999348715364565,1,0
0,4,f2p,47,past_unknown,2,0,0.9999668991980761,1,0
0,4,f2p,47,past_unknown,3,0,0.9999665746660744,1,0
0,4,f2p,47,past_unknown,4,0,0.9947045799578044,1,0
0,4,f2p,47,past_unknown,5,0,0.9998727054158503,1,0
0,4,f2p,48,past_unknown,0,0,0.9999946315296965,1,0
0,4,f2p,48,past_unknown,1,0,0.9999999262485414,1,0
0,4,f2p,48,past_unknown,2,0,0.9999406227977882,1,0
0,4,f2p,48,past_unknown,3,0,0.9999948009160271,1,0
0,4,f2p,48,past_unknown,4,0,0.9999986013306851,1,0
0,4,f2p,48,past_unknown,5,0,0.9999991316303722,1,0
0,4,f2p,49,past_unknown,0,0,0.9709927541344326,1,0
0,4,f2p,49,past_unknown,1,0,0.8509241495151697,1,0
0,4,f2p,49,past_unknown,2,0,0.9930973839275216,1,0
0,4,f2p,49,past_unknown,3,0,0.36669663930368873,0,1
0,4,f2p,49,past_unknown,4,0,0.8924770975610458,1,0
0,4,f2p,49,past_unknown,5,0,0.9991512925856675,1,0
1,4,p2f,50,future_known,0,1,0.9705618928482288,1,1
1,4,p2f,50,future_known,1,1,0.9966367105826951,1,1
1,4,p2f,50,future_known,2,1,0.999994162399208,1,1
1,4,p2f,50,future_known,3,1,0.9999971552459817,1,1
1,4,p2f,50,future_known,4,1,0.9986090636376767,1,1
1,4,p2f,50,future_known,5,1,0.9999969655945348,1,1
1,4,p2f,51,future_known,0,1,0.9996821595647192,1,1
1,4,p2f,51,future_known,1,1,0.9974540728468474,1,1
1,4,p2f,51,future_known,2,1,0.998873111812421,1,1
1,4,p2f,51,future_known,3,1,0.999894386772911,1,1
1,4,p2f,51,future_known,4,1,0.9897706184558547,1,1
1,4,p2f,51,future_known,5,1,0.9964329593094556,1,1
1,4,p2f,52,future_known,0,1,0.9911606009811347,1,1
1,4,p2f,52,future_known,1,1,0.9999997684769194,1,1
1,4,p2f,52,future_known,2,1,0.9999670560072144,1,1
1,4,p2f,52,future_known,3,1,0.9999468233499017,1,1
1,4,p2f,52,future_known,4,1,0.9968238386000454,1,1
1,4,p2f,52,future_known,5,1,0.9973021567384728,1,1
1,4,p2f,53,future_known,0,1,0.9998995072272483,1,1
1,4,p2f,53,future_known,1,1,0.9999555406785544,1,1
1,4,p2f,53,future_known,2,1,0.9996976184440155,1,1
1,4,p2f,53,future_known,3,1,0.9983035650215126,1,1
1,4,p2f,53,future_known,4,1,0.999798572986348,1,1
1,4,p2f,53,future_known,5,1,0.9983380423330327,1,1
1,4,p2f,54,future_known,0,1,0.9999899488247637,1,1
1,4,p2f,54,future_known,1,1,0.9972007101625201,1,1
1,4,p2f,54,future_known,2,1,0.9999925550951629,1,1
1,4,p2f,54,future_known,3,1,0.999972199472669,1,1
1,4,p2f,54,future_known,4,1,0.9938547682325571,1,1
1,4,p2f,54,future_known,5,1,0.999991151095198,1,1
1,4,p2f,55,future_known,0,1,0.999906346220585,1,1
1,4,p2f,55,future_known,1,1,0.9991953181263691,1,1
1,4,p2f,55,future_known,2,1,0.9998843961243588,1,1
1,4,p2f,55,future_known,3,1,0.9999803993397466,1,1
1,4,p2f,55,future_known,4,1,0.988997836729079,1,1
1,4,p2f,55,future_known,5,1,0.999462853979262,1,1
1,4,p2f,56,future_known,0,1,0.9837761775683179,1,1
1,4,p2f,56,future_known,1,1,0.9978227797864944,1,1
1,4,p2f,56,future_known,2,1,0.9449010909400067,1,1
1,4,p2f,56,future_known,3,1,0.9989889533851419,1,1
1,4,p2f,56,future_known,4,1,0.15944304004835838,0,0
1,4,p2f,56,future_known,5,1,0.990086179447909,1,1
1,4,p2f,57,future_known,0,1,0.9998784090927997,1,1
1,4,p2f,57,future_known,1,1,0.9999135043305722,1,1
1,4,p2f,57,future_known,2,1,0.9999924287980271,1,1
1,4,p2f,57,future_known,3,1,0.9999979227506659,1,1
1,4,p2f,57,future_known,4,1,0.9998319896756986,1,1
1,4,p2f,57,future_known,5,1,0.9999920613621611,1,1
1,4,p2f,58,future_known,0,1,0.9999970075113425,1,1
1,4,p2f,58,future_known,1,1,0.9999958350672109,1,1
1,4,p2f,58,future_known,2,1,0.9999991496184737,1,1
1,4,p2f,58,future_known,3,1,0.9999994313226653,1,1
1,4,p2f,58,future_known,4,1,0.9999896399965986,1,1
1,4,p2f,58,future_known,5,1,0.9999994289118614,1,1
1,4,p2f,59,future_known,0,1,0.9999681413245473,1,1
1,4,p2f,59,future_known,1,1,0.999972725663515,1,1
1,4,p2f,59,future_known,2,1,0.9998251940412255,1,1
1,4,p2f,59,future_known,3,1,0.9976768202220428,1,1
1,4,p2f,59,future_known,4,1,0.9998731432462599,1,1
1,4,p2f,59,future_known,5,1,0.9998864867560139,1,1
1,4,p2f,60,future_known,0,1,0.9999572089326315,1,1
1,4,p2f,60,future_known,1,1,0.9999864251591426,1,1
1,4,p2f,60,future_known,2,1,0.999492195873559,1,1
1,4,p2f,60,future_known,3,1,0.9999968578622661,1,1
1,4,p2f,60,future_known,4,1,0.9993322880365614,1,1
1,4,p2f,60,future_known,5,1,0.9999898799481979,1,1
1,4,p2f,61,future_known,0,1,0.5804205784702382,1,1
1,4,p2f,61,future_known,1,1,0.711644951113707,1,1
1,4,p2f,61,future_known,2,1,0.006690004390391487,0,0
1,4,p2f,61,future_known,3,1,0.978129258619711,1,1
1,4,p2f,61,future_known,4,1,0.7065314861773776,1,1
1,4,p2f,61,future_known,5,1,0.6737685940464919,1,1
1,4,p2f,62,future_known,0,1,0.9999697688040098,1,1
1,4,p2f,62,future_known,1,1,0.9998357116933357,1,1
1,4,p2f,62,future_known,2,1,0.9805795697318728,1,1
1,4,p2f,62,future_known,3,1,0.999990056926407,1,1
1,4,p2f,62,future_known,4,1,0.9999607260895083,1,1
1,4,p2f,62,future_known,5,1,0.9992221906845339,1,1
1,4,p2f,63,future_known,0,1,0.7230048934514774,1,1
1,4,p2f,63,future_known,1,1,0.6714956580748441,1,1
1,4,p2f,63,future_known,2,1,0.027754796938961532,0,0
1,4,p2f,63,future_known,3,1,0.9960336588652423,1,1
1,4,p2f,63,future_known,4,1,0.6474482929925477,1,1
1,4,p2f,63,future_known,5,1,0.8694104308657193,1,1
1,4,p2f,64,future_known,0,1,0.9984861229700228,1,1
1,4,p2f,64,future_known,1,1,0.9995829121013179,1,1
1,4,p2f,64,future_known,2,1,0.856617230174652,1,1
1,4,p2f,64,future_known,3,1,0.9941390721821253,1,1
1,4,p2f,64,future_known,4,1,0.9962165072710605,1,1
1,4,p2f,64,future_known,5,1,0.9884114801791921,1,1
1,4,p2f,65,future_known,0,1,0.9963347251187995,1,1
1,4,p2f,65,future_known,1,1,0.9946241435178109,1,1
1,4,p2f,65,future_known,2,1,0.997179527490643,1,1
1,4,p2f,65,future_known,3,1,0.9967499120719645,1,1
1,4,p2f,65,future_known,4,1,0.983935461967499,1,1
1,4,p2f,65,future_known,5,1,0.9993792797045097,1,1
1,4,p2f,66,future_known,0,1,0.9170615368912278,1,1
1,4,p2f,66,future_known,1,1,0.9993904447603146,1,1
1,4,p2f,66,future_known,2,1,0.9301258256081928,1,1
1,4,p2f,66,future_known,3,1,0.34003695086153424,0,0
1,4,p2f,66,future_known,4,1,0.9788421322521905,1,1
1,4,p2f,66,future_known,5,1,0.402491870807825,0,0
1,4,p2f,67,future_known,0,1,0.9998060753481487,1,1
1,4,p2f,67,future_known,1,1,0.9999983203493598,1,1
1,4,p2f,67,future_known,2,1,0.9844843155380957,1,1
1,4,p2f,67,future_known,3,1,0.9999730183748633,1,1
1,4,p2f,67,future_known,4,1,0.999994192434927,1,1
1,4,p2f,67,future_known,5,1,0.9994871870852994,1,1
1,4,p2f,68,future_known,0,1,0.9882595953813869,1,1
1,4,p2f,68,future_known,1,1,0.9484905949685705,1,1
1,4,p2f,68,future_known,2,1,0.9846637331442781,1,1
1,4,p2f,68,future_known,3,1,0.9824993515794974,1,1
1,4,p2f,68,future_known,4,1,0.669461792201043,1,1
1,4,p2f,68,future_known,5,1,0.9865084966014235,1,1
1,4,p2f,69,future_known,0,1,0.7742825541818287,1,1
1,4,p2f,69,future_known,1,1,0.9852232588148424,1,1
1,4,p2f,69,future_known,2,1,0.6981670960326395,1,1
1,4,p2f,69,future_known,3,1,0.9305833141484064,1,1
1,4,p2f,69,future_known,4,1,0.986328895325443,1,1
1,4,p2f,69,future_known,5,1,0.2994539935219093,0,0
1,4,p2f,70,future_known,0,1,0.404084338878675,0,0
1,4,p2f,70,future_known,1,1,0.04594551837384805,0,0
1,4,p2f,70,future_known,2,1,0.009100440453275977,0,0
1,4,p2f,70,future_known,3,1,0.2851514974722986,0,0
1,4,p2f,70,future_known,4,1,0.8401026863748718,1,1
1,4,p2f,70,future_known,5,1,0.009985204400831102,0,0
1,4,p2f,71,future_known,0,1,0.9999328891012857,1,1
1,4,p2f,71,future_known,1,1,0.9998940312428561,1,1
1,4,p2f,71,future_known,2,1,0.9992739779686957,1,1
1,4,p2f,71,future_known,3,1,0.9999914540716989,1,1
1,4,p2f,71,future_known,4,1,0.9999159878733398,1,1
1,4,p2f,71,future_known,5,1,0.9985750652082744,1,1
1,4,p2f,72,future_known,0,1,0.9999519879838961,1,1
1,4,p2f,72,future_known,1,1,0.9978451745697081,1,1
1,4,p2f,72,future_known,2,1,0.9995243659008365,1,1
1,4,p2f,72,future_known,3,1,0.9999490128905961,1,1
1,4,p2f,72,future_known,4,1,0.9999852710853127,1,1
1,4,p2f,72,future_known,5,1,0.9984720627779341,1,1
1,4,p2f,73,future_known,0,1,0.9956001922171408,1,1
1,4,p2f,73,future_known,1,1,0.9995762634421669,1,1
1,4,p2f,73,future_known,2,1,0.9986566858363183,1,1
1,4,p2f,73,future_known,3,1,0.9871290254804583,1,1
1,4,p2f,73,future_known,4,1,0.9985069183713867,1,1
1,4,p2f,73,future_known,5,1,0.9995691785224127,1,1
1,4,p2f,74,future_known,0,1,0.7312060739759244,1,1
1,4,p2f,74,future_known,1,1,0.4348540402670133,0,0
1,4,p2f,74,future_known,2,1,0.43538827017689974,0,0
1,4,p2f,74,future_known,3,1,0.3163919086539351,0,0
1,4,p2f,74,future_known,4,1,0.012760104834232512,0,0
1,4,p2f,74,future_known,5,1,0.7376789226277399,1,1
1,4,p2f,75,future_unknown,0,0,0.9999326357122876,1,0
1,4,p2f,75,future_unknown,1,0,0.9999829196936053,1,0
1,4,p2f,75,future_unknown,2,0,0.9999975937753781,1,0
1,4,p2f,75,future_unknown,3,0,0.9999992288308509,1,0
1,4,p2f,75,future_unknown,4,0,0.999969892276516,1,0
1,4,p2f,75,future_unknown,5,0,0.9980325072009658,1,0
1,4,p2f,76,future_unknown,0,0,0.05852640611255397,0,1
1,4,p2f,76,future_unknown,1,0,0.9823807318987079,1,0
1,4,p2f,76,future_unknown,2,0,0.4594096396992663,0,1
1,4,p2f,76,future_unknown,3,0,0.9987677582326968,1,0
1,4,p2f,76,future_unknown,4,0,0.6509361689135726,1,0
1,4,p2f,76,future_unknown,5,0,0.07674714883759355,0,1
1,4,p2f,77,future_unknown,0,0,0.9994123809339631,1,0
1,4,p2f,77,future_unknown,1,0,0.9998233268692326,1,0
1,4,p2f,77,future_unknown,2,0,0.9997792808404928,1,0
1,4,p2f,77,future_unknown,3,0,0.9996441070034474,1,0
1,4,p2f,77,future_unknown,4,0,0.9968847481846028,1,0
1,4,p2f,77,future_unknown,5,0,0.9999958337117588,1,0
1,4,p2f,78,future_unknown,0,0,0.9998366067325325,1,0
1,4,p2f,78,future_unknown,1,0,0.9996701252850486,1,0
1,4,p2f,78,future_unknown,2,0,0.9999967968817534,1,0
1,4,p2f,78,future_unknown,3,0,0.9999943635375597,1,0
1,4,p2f,78,future_unknown,4,0,0.9999917470555909,1,0
1,4,p2f,78,future_unknown,5,0,0.9999943173876976,1,0
1,4,p2f,79,future_unknown,0,0,0.9953598298953266,1,0
1,4,p2f,79,future_unknown,1,0,0.9997710965445779,1,0
1,4,p2f,79,future_unknown,2,0,0.999926197708969,1,0
1,4,p2f,79,future_unknown,3,0,0.9997136270593198,1,0
1,4,p2f,79,future_unknown,4,0,0.9997880151103122,1,0
1,4,p2f,79,future_unknown,5,0,0.9994887315814421,1,0
1,4,p2f,80,future_unknown,0,0,0.9999658969733265,1,0
1,4,p2f,80,future_unknown,1,0,0.9999980292507583,1,0
1,4,p2f,80,future_unknown,2,0,0.9991857548288767,1,0
1,4,p2f,80,future_unknown,3,0,0.999968635338645,1,0
1,4,p2f,80,future_unknown,4,0,0.9999579850903635,1,0
1,4,p2f,80,future_unknown,5,0,0.9999993150422404,1,0
1,4,p2f,81,future_unknown,0,0,0.998855766207394,1,0
1,4,p2f,81,future_unknown,1,0,0.9965272345006788,1,0
1,4,p2f,81,future_unknown,2,0,0.9935458611957887,1,0
1,4,p2f,81,future_unknown,3,0,0.9999423279504828,1,0
1,4,p2f,81,future_unknown,4,0,0.9952607994849944,1,0
1,4,p2f,81,future_unknown,5,0,0.9576625372043054,1,0
1,4,p2f,82,future_unknown,0,0,0.9676170193109301,1,0
1,4,p2f,82,future_unknown,1,0,0.9933208314225297,1,0
1,4,p2f,82,future_unknown,2,0,0.967923331200335,1,0
1,4,p2f,82,future_unknown,3,0,0.9998628078168703,1,0
1,4,p2f,82,future_unknown,4,0,0.9436754014370826,1,0
1,4,p2f,82,future_unknown,5,0,0.9996504743261683,1,0
1,4,p2f,83,future_unknown,0,0,0.9999863219091886,1,0
1,4,p2f,83,future_unknown,1,0,0.9999955624877537,1,0
1,4,p2f,83,future_unknown,2,0,0.9998539898202459,1,0
1,4,p2f,83,future_unknown,3,0,0.9999997927500625,1,0
1,4,p2f,83,future_unknown,4,0,0.99974334061785,1,0
1,4,p2f,83,future_unknown,5,0,0.9999926186191131,1,0
1,4,p2f,84,future_unknown,0,0,0.9779513990389301,1,0
1,4,p2f,84,future_unknown,1,0,0.9961065682314449,1,0
1,4,p2f,84,future_unknown,2,0,0.9945926810075985,1,0
1,4,p2f,84,future_unknown,3,0,0.9845383618521057,1,0
1,4,p2f,84,future_unknown,4,0,0.997880547197253,1,0
1,4,p2f,84,future_unknown,5,0,0.996659818855949,1,0
1,4,p2f,85,future_unknown,0,0,0.9944168263736459,1,0
1,4,p2f,85,future_unknown,1,0,0.9999690110884983,1,0
1,4,p2f,85,future_unknown,2,0,0.9999971989077532,1,0
1,4,p2f,85,future_unknown,3,0,0.9999577996764943,1,0
1,4,p2f,85,future_unknown,4,0,0.9965042629482781,1,0
1,4,p2f,85,future_unknown,5,0,0.9996865940135442,1,0
1,4,p2f,86,future_unknown,0,0,0.9995503219733273,1,0
1,4,p2f,86,future_unknown,1,0,0.9996593387698863,1,0
1,4,p2f,86,future_unknown,2,0,0.9995277761012633,1,0
1,4,p2f,86,future_unknown,3,0,0.999897068538446,1,0
1,4,p2f,86,future_unknown,4,0,0.9995306446816956,1,0
1,4,p2f,86,future_unknown,5,0,0.9999868872739979,1,0
1,4,p2f,87,future_unknown,0,0,0.9999826795775921,1,0
1,4,p2f,87,future_unknown,1,0,0.99998899146683,1,0
1,4,p2f,87,future_unknown,2,0,0.9979964165349761,1,0
1,4,p2f,87,future_unknown,3,0,0.999876803495784,1,0
1,4,p2f,87,future_unknown,4,0,0.9998156717390427,1,0
1,4,p2f,87,future_unknown,5,0,0.9999943148913955,1,0
1,4,p2f,88,future_unknown,0,0,0.9983324667868378,1,0
1,4,p2f,88,future_unknown,1,0,0.9999977570792694,1,0
1,4,p2f,88,future_unknown,2,0,0.9999973206213338,1,0
1,4,p2f,88,future_unknown,3,0,0.9999971439974098,1,0
1,4,p2f,88,future_unknown,4,0,0.9999959262924039,1,0
1,4,p2f,88,future_unknown,5,0,0.9999884778022657,1,0
1,4,p2f,89,future_unknown,0,0,0.999687793595506,1,0
1,4,p2f,89,future_unknown,1,0,0.9993803636955724,1,0
1,4,p2f,89,future_unknown,2,0,0.9989958999492716,1,0
1,4,p2f,89,future_unknown,3,0,0.9997300485442939,1,0
1,4,p2f,89,future_unknown,4,0,0.9998039787652688,1,0
1,4,p2f,89,future_unknown,5,0,0.999913548717938,1,0
1,4,p2f,90,future_unknown,0,0,0.9999992928472485,1,0
1,4,p2f,90,future_unknown,1,0,0.9999995123612446,1,0
1,4,p2f,90,future_unknown,2,0,0.9999941537710878,1,0
1,4,p2f,90,future_unknown,3,0,0.9999957880858301,1,0
1,4,p2f,90,future_unknown,4,0,0.99999034978012,1,0
1,4,p2f,90,future_unknown,5,0,0.9999991007221345,1,0
1,4,p2f,91,future_unknown,0,0,0.9394194780255805,1,0
1,4,p2f,91,future_unknown,1,0,0.9997925315006287,1,0
1,4,p2f,91,future_unknown,2,0,0.9977814216700542,1,0
1,4,p2f,91,future_unknown,3,0,0.9998021836985044,1,0
1,4,p2f,91,future_unknown,4,0,0.995797659750154,1,0
1,4,p2f,91,future_unknown,5,0,0.9992557661035278,1,0
1,4,p2f,92,future_unknown,0,0,0.5838987804506347,1,0
1,4,p2f,92,future_unknown,1,0,0.9999770516397201,1,0
1,4,p2f,92,future_unknown,2,0,0.9909313138936607,1,0
1,4,p2f,92,future_unknown,3,0,0.9999958447564409,1,0
1,4,p2f,92,future_unknown,4,0,0.9980580798558116,1,0
1,4,p2f,92,future_unknown,5,0,0.9409730854917583,1,0
1,4,p2f,93,future_unknown,0,0,0.9984329149404948,1,0
1,4,p2f,93,future_unknown,1,0,0.9999807299342157,1,0
1,4,p2f,93,future_unknown,2,0,0.7687543788486881,1,0
1,4,p2f,93,future_unknown,3,0,0.7687543788486881,1,0
1,4,p2f,93,future_unknown,4,0,0.9999805486378659,1,0
1,4,p2f,93,future_unknown,5,0,0.9998596819308609,1,0
1,4,p2f,94,future_unknown,0,0,0.9988823883478568,1,0
1,4,p2f,94,future_unknown,1,0,0.9979015563934331,1,0
1,4,p2f,94,future_unknown,2,0,0.999614914051982,1,0
1,4,p2f,94,future_unknown,3,0,0.9999859410790645,1,0
1,4,p2f,94,future_unknown,4,0,0.999998548286392,1,0
1,4,p2f,94,future_unknown,5,0,0.9993892061210826,1,0
1,4,p2f,95,future_unknown,0,0,0.9514089771827041,1,0
1,4,p2f,95,future_unknown,1,0,0.9085205127160854,1,0
1,4,p2f,95,future_unknown,2,0,0.7171910715152588,1,0
1,4,p2f,95,future_unknown,3,0,0.10808433825989644,0,1
1,4,p2f,95,future_unknown,4,0,0.8508310147884982,1,0
1,4,p2f,95,future_unknown,5,0,0.1018482421400826,0,1
1,4,p2f,96,future_unknown,0,0,0.9999721075316251,1,0
1,4,p2f,96,future_unknown,1,0,0.9998443605362537,1,0
1,4,p2f,96,future_unknown,2,0,0.999993070609181,1,0
1,4,p2f,96,future_unknown,3,0,0.9999671235027989,1,0
1,4,p2f,96,future_unknown,4,0,0.9999784277212098,1,0
1,4,p2f,96,future_unknown,5,0,0.9999764497514041,1,0
1,4,p2f,97,future_unknown,0,0,0.09258066027894261,0,1
1,4,p2f,97,future_unknown,1,0,0.9967094769011398,1,0
1,4,p2f,97,future_unknown,2,0,0.2743774010197161,0,1
1,4,p2f,97,future_unknown,3,0,0.719128249085312,1,0
1,4,p2f,97,future_unknown,4,0,0.06786540473629728,0,1
1,4,p2f,97,future_unknown,5,0,0.997702421204234,1,0
1,4,p2f,98,future_unknown,0,0,0.03570474845064823,0,1
1,4,p2f,98,future_unknown,1,0,0.9991189864639267,1,0
1,4,p2f,98,future_unknown,2,0,0.9335243587337216,1,0
1,4,p2f,98,future_unknown,3,0,0.999051075606169,1,0
1,4,p2f,98,future_unknown,4,0,0.789778194893319,1,0
1,4,p2f,98,future_unknown,5,0,0.9991695652602712,1,0
1,4,p2f,99,future_unknown,0,0,0.9998148125166326,1,0
1,4,p2f,99,future_unknown,1,0,0.9994857946168554,1,0
1,4,p2f,99,future_unknown,2,0,0.9999834959503757,1,0
1,4,p2f,99,future_unknown,3,0,0.9999988000663081,1,0
1,4,p2f,99,future_unknown,4,0,0.9998797355208392,1,0
1,4,p2f,99,future_unknown,5,0,0.9999958137288497,1,0
1,4,f2p,0,past_known,0,1,0.14700218952579194,0,0
1,4,f2p,0,past_known,1,1,0.4388411061339602,0,0
1,4,f2p,0,past_known,2,1,0.6623483265639025,1,1
1,4,f2p,0,past_known,3,1,0.003485411009954325,0,0
1,4,f2p,0,past_known,4,1,0.9994296673454127,1,1
1,4,f2p,0,past_known,5,1,0.13832274234639302,0,0
1,4,f2p,1,past_known,0,1,0.6800692488855328,1,1
1,4,f2p,1,past_known,1,1,0.4605343339830267,0,0
1,4,f2p,1,past_known,2,1,0.09608557090900267,0,0
1,4,f2p,1,past_known,3,1,0.0010758948904901178,0,0
1,4,f2p,1,past_known,4,1,0.13134798628282798,0,0
1,4,f2p,1,past_known,5,1,0.2658724260988219,0,0
1,4,f2p,2,past_known,0,1,0.003090095375717083,0,0
1,4,f2p,2,past_known,1,1,0.001967036950692935,0,0
1,4,f2p,2,past_known,2,1,0.0432167335471446,0,0
1,4,f2p,2,past_known,3,1,0.0024235693297341267,0,0
1,4,f2p,2,past_known,4,1,0.04927634324048445,0,0
1,4,f2p,2,past_known,5,1,0.004506084674533937,0,0
1,4,f2p,3,past_known,0,1,0.0015853697387412124,0,0
1,4,f2p,3,past_known,1,1,0.5232544852226368,1,1
1,4,f2p,3,past_known,2,1,0.005364287996081035,0,0
1,4,f2p,3,past_known,3,1,0.2381055170095013,0,0
1,4,f2p,3,past_known,4,1,0.026635168728539597,0,0
1,4,f2p,3,past_known,5,1,0.010807934957894836,0,0
1,4,f2p,4,past_known,0,1,6.192634680590007e-07,0,0
1,4,f2p,4,past_known,1,1,5.2407571363058796e-05,0,0
1,4,f2p,4,past_known,2,1,0.00025857805846624864,0,0
1,4,f2p,4,past_known,3,1,0.0011637047602544115,0,0
1,4,f2p,4,past_known,4,1,3.2803346842572937e-05,0,0
1,4,f2p,4,past_known,5,1,0.00022516620061196346,0,0
1,4,f2p,5,past_known,0,1,0.06375107883649485,0,0
1,4,f2p,5,past_known,1,1,0.0068174994658266866,0,0
1,4,f2p,5,past_known,2,1,0.05215799042904119,0,0
1,4,f2p,5,past_known,3,1,0.003726025745655121,0,0
1,4,f2p,5,past_known,4,1,0.699243703081273,1,1
1,4,f2p,5,past_known,5,1,0.9150478805569136,1,1
1,4,f2p,6,past_known,0,1,3.841277527535755e-06,0,0
1,4,f2p,6,past_known,1,1,3.842314861130518e-05,0,0
1,4,f2p,6,past_known,2,1,3.406850993018828e-06,0,0
1,4,f2p,6,past_known,3,1,7.835065460521337e-06,0,0
1,4,f2p,6,past_known,4,1,0.00030043300711929687,0,0
1,4,f2p,6,past_known,5,1,5.609990728639672e-08,0,0
1,4,f2p,7,past_known,0,1,0.24447342423560042,0,0
1,4,f2p,7,past_known,1,1,0.9785257745223639,1,1
1,4,f2p,7,past_known,2,1,0.00022361901989360975,0,0
1,4,f2p,7,past_known,3,1,0.9672622913856466,1,1
1,4,f2p,7,past_known,4,1,0.1659838429954327,0,0
1,4,f2p,7,past_known,5,1,0.03821349068308885,0,0
1,4,f2p,8,past_known,0,1,8.17911805533335e-06,0,0
1,4,f2p,8,past_known,1,1,0.0278742179114757,0,0
1,4,f2p,8,past_known,2,1,0.0062133533836547265,0,0
1,4,f2p,8,past_known,3,1,0.00016779472307957573,0,0
1,4,f2p,8,past_known,4,1,3.2266838760294e-05,0,0
1,4,f2p,8,past_known,5,1,0.004880174639680828,0,0
1,4,f2p,9,past_known,0,1,0.014723907536977367,0,0
1,4,f2p,9,past_known,1,1,0.08504309528749159,0,0
1,4,f2p,9,past_known,2,1,0.6664597204607576,1,1
1,4,f2p,9,past_known,3,1,0.9939847926952138,1,1
1,4,f2p,9,past_known,4,1,0.6070781782708781,1,1
1,4,f2p,9,past_known,5,1,0.14323788676823018,0,0
1,4,f2p,10,past_known,0,1,0.0009687041671504091,0,0
1,4,f2p,10,past_known,1,1,0.9920445107853786,1,1
1,4,f2p,10,past_known,2,1,0.030016073858988936,0,0
1,4,f2p,10,past_known,3,1,0.02666556734260707,0,0
1,4,f2p,10,past_known,4,1,0.23639958493865412,0,0
1,4,f2p,10,past_known,5,1,0.6308719363725939,1,1
1,4,f2p,11,past_known,0,1,0.03740545939213587,0,0
1,4,f2p,11,past_known,1,1,0.007415186843580914,0,0
1,4,f2p,11,past_known,2,1,0.0015552425254518058,0,0
1,4,f2p,11,past_known,3,1,8.83756524095157e-05,0,0
1,4,f2p,11,past_known,4,1,0.0008256433910196907,0,0
1,4,f2p,11,past_known,5,1,0.19605348578798937,0,0
1,4,f2p,12,past_known,0,1,0.04494146589463553,0,0
1,4,f2p,12,past_known,1,1,0.014331312023544615,0,0
1,4,f2p,12,past_known,2,1,0.9897676507300144,1,1
1,4,f2p,12,past_known,3,1,0.7030699839701056,1,1
1,4,f2p,12,past_known,4,1,0.12322653663143239,0,0
1,4,f2p,12,past_known,5,1,0.9801693932178476,1,1
1,4,f2p,13,past_known,0,1,0.10110765933492648,0,0
1,4,f2p,13,past_known,1,1,0.00013532617109241515,0,0
1,4,f2p,13,past_known,2,1,0.9991496769332531,1,1
1,4,f2p,13,past_known,3,1,0.9403774160710913,1,1
1,4,f2p,13,past_known,4,1,0.08813529596247545,0,0
1,4,f2p,13,past_known,5,1,0.01871137792092612,0,0
1,4,f2p,14,past_known,0,1,0.02964941024090104,0,0
1,4,f2p,14,past_known,1,1,0.9963933260488322,1,1
1,4,f2p,14,past_known,2,1,0.24453145207290117,0,0
1,4,f2p,14,past_known,3,1,0.9597339139139728,1,1
1,4,f2p,14,past_known,4,1,0.15174366339295206,0,0
1,4,f2p,14,past_known,5,1,0.9996825521363065,1,1
1,4,f2p,15,past_known,0,1,0.00013654026657849608,0,0
1,4,f2p,15,past_known,1,1,0.0005212473854347222,0,0
1,4,f2p,15,past_known,2,1,0.1316839407800388,0,0
1,4,f2p,15,past_known,3,1,2.654438796506232e-05,0,0
1,4,f2p,15,past_known,4,1,5.769885623789619e-05,0,0
1,4,f2p,15,past_known,5,1,0.011713416104532973,0,0
1,4,f2p,16,past_known,0,1,0.9811954994889983,1,1
1,4,f2p,16,past_known,1,1,0.46071551272488376,0,0
1,4,f2p,16,past_known,2,1,0.7887900506801937,1,1
1,4,f2p,16,past_known,3,1,0.7494944379203413,1,1
1,4,f2p,16,past_known,4,1,0.12244722524195481,0,0
1,4,f2p,16,past_known,5,1,0.9686729392949066,1,1
1,4,f2p,17,past_known,0,1,0.01155395212122109,0,0
1,4,f2p,17,past_known,1,1,0.0015355004471057,0,0
1,4,f2p,17,past_known,2,1,1.3269219409453863e-05,0,0
1,4,f2p,17,past_known,3,1,0.00879714204511534,0,0
1,4,f2p,17,past_known,4,1,0.002868373564183218,0,0
1,4,f2p,17,past_known,5,1,0.017095390163495133,0,0
1,4,f2p,18,past_known,0,1,0.041636095770438995,0,0
1,4,f2p,18,past_known,1,1,0.0160247819512656,0,0
1,4,f2p,18,past_known,2,1,0.00013661785716469652,0,0
1,4,f2p,18,past_known,3,1,0.01587032803825908,0,0
1,4,f2p,18,past_known,4,1,0.06501342770115981,0,0
1,4,f2p,18,past_known,5,1,0.045221655140423166,0,0
1,4,f2p,19,past_known,0,1,0.7326798472900975,1,1
1,4,f2p,19,past_known,1,1,0.7302364500057538,1,1
1,4,f2p,19,past_known,2,1,0.9989405028237751,1,1
1,4,f2p,19,past_known,3,1,0.9577699757708948,1,1
1,4,f2p,19,past_known,4,1,0.9919849448063118,1,1
1,4,f2p,19,past_known,5,1,0.9932477690129651,1,1
1,4,f2p,20,past_known,0,1,0.5578574024134187,1,1
1,4,f2p,20,past_known,1,1,0.13426111400122648,0,0
1,4,f2p,20,past_known,2,1,0.0022028038104649848,0,0
1,4,f2p,20,past_known,3,1,0.004523466026981102,0,0
1,4,f2p,20,past_known,4,1,0.01886688301334606,0,0
1,4,f2p,20,past_known,5,1,0.6650629404097,1,1
1,4,f2p,21,past_known,0,1,0.00030797627234145663,0,0
1,4,f2p,21,past_known,1,1,0.0001144174554323872,0,0
1,4,f2p,21,past_known,2,1,0.9957320970916004,1,1
1,4,f2p,21,past_known,3,1,0.0689307492242863,0,0
1,4,f2p,21,past_known,4,1,0.48637447399455175,0,0
1,4,f2p,21,past_known,5,1,0.004347713886763756,0,0
1,4,f2p,22,past_known,0,1,6.871603323075666e-07,0,0
1,4,f2p,22,past_known,1,1,4.7286500387834766e-05,0,0
1,4,f2p,22,past_known,2,1,0.024575931685504704,0,0
1,4,f2p,22,past_known,3,1,2.7854483945326048e-05,0,0
1,4,f2p,22,past_known,4,1,0.0009288862273353376,0,0
1,4,f2p,22,past_known,5,1,0.002035512307815991,0,0
1,4,f2p,23,past_known,0,1,0.010233540537574047,0,0
1,4,f2p,23,past_known,1,1,0.9497569181392743,1,1
1,4,f2p,23,past_known,2,1,0.047061801404780994,0,0
1,4,f2p,23,past_known,3,1,0.08279754974813182,0,0
1,4,f2p,23,past_known,4,1,0.025471484322637926,0,0
1,4,f2p,23,past_known,5,1,0.1908945252332336,0,0
1,4,f2p,24,past_known,0,1,0.9996424278462875,1,1
1,4,f2p,24,past_known,1,1,0.999910968740359,1,1
1,4,f2p,24,past_known,2,1,0.9999990794087379,1,1
1,4,f2p,24,past_known,3,1,0.9999963174097898,1,1
1,4,f2p,24,past_known,4,1,0.9999989166775097,1,1
1,4,f2p,24,past_known,5,1,0.9999360526744546,1,1
1,4,f2p,25,past_unknown,0,0,0.009070361705620967,0,1
1,4,f2p,25,past_unknown,1,0,0.06416593332672346,0,1
1,4,f2p,25,past_unknown,2,0,0.0067202147382590645,0,1
1,4,f2p,25,past_unknown,3,0,0.11877049302055502,0,1
1,4,f2p,25,past_unknown,4,0,0.0019801944624795215,0,1
1,4,f2p,25,past_unknown,5,0,0.5688202197959695,1,0
1,4,f2p,26,past_unknown,0,0,0.02193047312613395,0,1
1,4,f2p,26,past_unknown,1,0,0.6090249221074643,1,0
1,4,f2p,26,past_unknown,2,0,0.0060248302493602105,0,1
1,4,f2p,26,past_unknown,3,0,0.6167262556391309,1,0
1,4,f2p,26,past_unknown,4,0,0.14086825967020872,0,1
1,4,f2p,26,past_unknown,5,0,0.0055793158032333146,0,1
1,4,f2p,27,past_unknown,0,0,0.00047944332070740564,0,1
1,4,f2p,27,past_unknown,1,0,0.02998628742765844,0,1
1,4,f2p,27,past_unknown,2,0,0.017370157878125233,0,1
1,4,f2p,27,past_unknown,3,0,0.006738663212666495,0,1
1,4,f2p,27,past_unknown,4,0,0.05683663661278324,0,1
1,4,f2p,27,past_unknown,5,0,0.001662474468649818,0,1
1,4,f2p,28,past_unknown,0,0,0.2560499832377335,0,1
1,4,f2p,28,past_unknown,1,0,0.008782772884645084,0,1
1,4,f2p,28,past_unknown,2,0,0.0011982767633903133,0,1
1,4,f2p,28,past_unknown,3,0,0.12198463636737758,0,1
1,4,f2p,28,past_unknown,4,0,0.9906709173720999,1,0
1,4,f2p,28,past_unknown,5,0,1.956086104955116e-06,0,1
1,4,f2p,29,past_unknown,0,0,0.12936365827911409,0,1
1,4,f2p,29,past_unknown,1,0,0.011664725111362354,0,1
1,4,f2p,29,past_unknown,2,0,6.140921122776428e-05,0,1
1,4,f2p,29,past_unknown,3,0,0.013789753686941741,0,1
1,4,f2p,29,past_unknown,4,0,0.0021473285395834795,0,1
1,4,f2p,29,past_unknown,5,0,0.9715974750592675,1,0
1,4,f2p,30,past_unknown,0,0,0.0002312287058006933,0,1
1,4,f2p,30,past_unknown,1,0,0.007656623797363726,0,1
1,4,f2p,30,past_unknown,2,0,0.010165033083424056,0,1
1,4,f2p,30,past_unknown,3,0,0.001932510850774119,0,1
1,4,f2p,30,past_unknown,4,0,6.63340687224474e-06,0,1
1,4,f2p,30,past_unknown,5,0,3.0455344218328522e-05,0,1
1,4,f2p,31,past_unknown,0,0,0.9934414862358026,1,0
1,4,f2p,31,past_unknown,1,0,0.5481390112775995,1,0
1,4,f2p,31,past_unknown,2,0,0.48018562449816377,0,1
1,4,f2p,31,past_unknown,3,0,0.3038613124990545,0,1
1,4,f2p,31,past_unknown,4,0,0.8451484029053893,1,0
1,4,f2p,31,past_unknown,5,0,0.9588106456715945,1,0
1,4,f2p,32,past_unknown,0,0,4.986297852727522e-05,0,1
1,4,f2p,32,past_unknown,1,0,3.858686176113676e-05,0,1
1,4,f2p,32,past_unknown,2,0,0.45343326244676907,0,1
1,4,f2p,32,past_unknown,3,0,0.000869614707873817,0,1
1,4,f2p,32,past_unknown,4,0,0.000131051374518476,0,1
1,4,f2p,32,past_unknown,5,0,0.14346496716027798,0,1
1,4,f2p,33,past_unknown,0,0,0.6914887128884923,1,0
1,4,f2p,33,past_unknown,1,0,0.9183228329146553,1,0
1,4,f2p,33,past_unknown,2,0,0.6425562722858293,1,0
1,4,f2p,33,past_unknown,3,0,0.996176675572952,1,0
1,4,f2p,33,past_unknown,4,0,0.9998906181023011,1,0
1,4,f2p,33,past_unknown,5,0,0.9976160666299316,1,0
1,4,f2p,34,past_unknown,0,0,0.0006690705577902623,0,1
1,4,f2p,34,past_unknown,1,0,0.07046071100581927,0,1
1,4,f2p,34,past_unknown,2,0,0.001176242504894854,0,1
1,4,f2p,34,past_unknown,3,0,0.07432319919462445,0,1
1,4,f2p,34,past_unknown,4,0,0.03397703046381097,0,1
1,4,f2p,34,past_unknown,5,0,0.06849713025456466,0,1
1,4,f2p,35,past_unknown,0,0,0.9669741561541254,1,0
1,4,f2p,35,past_unknown,1,0,0.5308394783544022,1,0
1,4,f2p,35,past_unknown,2,0,0.21528274161054028,0,1
1,4,f2p,35,past_unknown,3,0,0.9786744144107004,1,0
1,4,f2p,35,past_unknown,4,0,0.854933974155489,1,0
1,4,f2p,35,past_unknown,5,0,0.6971067668763402,1,0
1,4,f2p,36,past_unknown,0,0,0.0013358433139698453,0,1
1,4,f2p,36,past_unknown,1,0,0.004430912819829114,0,1
1,4,f2p,36,past_unknown,2,0,0.005202976610638801,0,1
1,4,f2p,36,past_unknown,3,0,0.036562153904243305,0,1
1,4,f2p,36,past_unknown,4,0,0.06833106542469108,0,1
1,4,f2p,36,past_unknown,5,0,0.00018435265034785246,0,1
1,4,f2p,37,past_unknown,0,0,0.0018636809910740995,0,1
1,4,f2p,37,past_unknown,1,0,0.002539987843987748,0,1
1,4,f2p,37,past_unknown,2,0,0.00034382800706887957,0,1
1,4,f2p,37,past_unknown,3,0,0.0009414607744184624,0,1
1,4,f2p,37,past_unknown,4,0,0.00018487878821796895,0,1
1,4,f2p,37,past_unknown,5,0,0.01026776551979916,0,1
1,4,f2p,38,past_unknown,0,0,0.004614187545940483,0,1
1,4,f2p,38,past_unknown,1,0,0.008619181857978652,0,1
1,4,f2p,38,past_unknown,2,0,0.07413386736799078,0,1
1,4,f2p,38,past_unknown,3,0,0.028589562065167422,0,1
1,4,f2p,38,past_unknown,4,0,0.06745894653534242,0,1
1,4,f2p,38,past_unknown,5,0,0.04915550237181869,0,1
1,4,f2p,39,past_unknown,0,0,0.8863236000738539,1,0
1,4,f2p,39,past_unknown,1,0,0.9722978186457558,1,0
1,4,f2p,39,past_unknown,2,0,0.5962161330652582,1,0
1,4,f2p,39,past_unknown,3,0,0.0019364514025413887,0,1
1,4,f2p,39,past_unknown,4,0,0.8434782026611054,1,0
1,4,f2p,39,past_unknown,5,0,0.3459507644710104,0,1
1,4,f2p,40,past_unknown,0,0,6.239114166399772e-05,0,1
1,4,f2p,40,past_unknown,1,0,0.00016445284822317208,0,1
1,4,f2p,40,past_unknown,2,0,9.110994799061783e-05,0,1
1,4,f2p,40,past_unknown,3,0,0.0023107595242372,0,1
1,4,f2p,40,past_unknown,4,0,9.164630917947827e-05,0,1
1,4,f2p,40,past_unknown,5,0,0.0007751039368122894,0,1
1,4,f2p,41,past_unknown,0,0,0.5330092870744323,1,0
1,4,f2p,41,past_unknown,1,0,0.9080732824933374,1,0
1,4,f2p,41,past_unknown,2,0,0.5719007376064529,1,0
1,4,f2p,41,past_unknown,3,0,0.008182456692330546,0,1
1,4,f2p,41,past_unknown,4,0,0.033578737861112026,0,1
1,4,f2p,41,past_unknown,5,0,0.6811801054209615,1,0
1,4,f2p,42,past_unknown,0,0,0.08190284065506234,0,1
1,4,f2p,42,past_unknown,1,0,0.0005772182132098379,0,1
1,4,f2p,42,past_unknown,2,0,0.006295639830676917,0,1
1,4,f2p,42,past_unknown,3,0,0.030821051149758652,0,1
1,4,f2p,42,past_unknown,4,0,1.4035523001473267e-05,0,1
1,4,f2p,42,past_unknown,5,0,0.0012772530663052093,0,1
1,4,f2p,43,past_unknown,0,0,0.19723719340878432,0,1
1,4,f2p,43,past_unknown,1,0,0.0010858539487066856,0,1
1,4,f2p,43,past_unknown,2,0,0.0006946704090806492,0,1
1,4,f2p,43,past_unknown,3,0,0.001268881717149435,0,1
1,4,f2p,43,past_unknown,4,0,0.03644019458347857,0,1
1,4,f2p,43,past_unknown,5,0,0.035756038292376446,0,1
1,4,f2p,44,past_unknown,0,0,0.2526633492612754,0,1
1,4,f2p,44,past_unknown,1,0,0.7950556137947946,1,0
1,4,f2p,44,past_unknown,2,0,0.9138220065247964,1,0
1,4,f2p,44,past_unknown,3,0,0.19324538387539236,0,1
1,4,f2p,44,past_unknown,4,0,0.613639933874621,1,0
1,4,f2p,44,past_unknown,5,0,0.9176677589379071,1,0
1,4,f2p,45,past_unknown,0,0,0.2247513322039175,0,1
1,4,f2p,45,past_unknown,1,0,0.09218706736591846,0,1
1,4,f2p,45,past_unknown,2,0,0.13106549928356495,0,1
1,4,f2p,45,past_unknown,3,0,0.34900047299992765,0,1
1,4,f2p,45,past_unknown,4,0,0.8375368671533238,1,0
1,4,f2p,45,past_unknown,5,0,0.05789380307873512,0,1
1,4,f2p,46,past_unknown,0,0,7.964459786872796e-06,0,1
1,4,f2p,46,past_unknown,1,0,0.0007365231940457328,0,1
1,4,f2p,46,past_unknown,2,0,1.3571507851395576e-07,0,1
1,4,f2p,46,past_unknown,3,0,5.701136082921642e-06,0,1
1,4,f2p,46,past_unknown,4,0,2.5587058493712466e-06,0,1
1,4,f2p,46,past_unknown,5,0,5.33481357892291e-06,0,1
1,4,f2p,47,past_unknown,0,0,0.9648956909954631,1,0
1,4,f2p,47,past_unknown,1,0,0.9805836678387874,1,0
1,4,f2p,47,past_unknown,2,0,0.9263387523792964,1,0
1,4,f2p,47,past_unknown,3,0,0.98426661267629,1,0
1,4,f2p,47,past_unknown,4,0,0.30703589644248663,0,1
1,4,f2p,47,past_unknown,5,0,0.8073978047990852,1,0
1,4,f2p,48,past_unknown,0,0,0.9945165331545848,1,0
1,4,f2p,48,past_unknown,1,0,0.9995423531290403,1,0
1,4,f2p,48,past_unknown,2,0,0.8808603245414319,1,0
1,4,f2p,48,past_unknown,3,0,0.9947391450463392,1,0
1,4,f2p,48,past_unknown,4,0,0.9999327308867163,1,0
1,4,f2p,48,past_unknown,5,0,0.9997304253375651,1,0
1,4,f2p,49,past_unknown,0,0,0.9768950267610669,1,0
1,4,f2p,49,past_unknown,1,0,0.9843521346825309,1,0
1,4,f2p,49,past_unknown,2,0,0.21005997834563692,0,1
1,4,f2p,49,past_unknown,3,0,0.0005859088716415543,0,1
1,4,f2p,49,past_unknown,4,0,0.9922586429749026,1,0
1,4,f2p,49,past_unknown,5,0,0.9983830483737691,1,0
2,4,p2f,50,future_known,0,1,0.9963552067077666,1,1
2,4,p2f,50,future_known,1,1,0.9967626983947305,1,1
2,4,p2f,50,future_known,2,1,0.9999994996815581,1,1
2,4,p2f,50,future_known,3,1,0.9999979897817552,1,1
2,4,p2f,50,future_known,4,1,0.9989548319821042,1,1
2,4,p2f,50,future_known,5,1,0.9999977348592427,1,1
2,4,p2f,51,future_known,0,1,0.9971072902479434,1,1
2,4,p2f,51,future_known,1,1,0.9956163213679768,1,1
2,4,p2f,51,future_known,2,1,0.9987986728898204,1,1
2,4,p2f,51,future_known,3,1,0.9998347442667618,1,1
2,4,p2f,51,future_known,4,1,0.9394285908212138,1,1
2,4,p2f,51,future_known,5,1,0.9995219359777963,1,1
2,4,p2f,52,future_known,0,1,0.9995370300301591,1,1
2,4,p2f,52,future_known,1,1,0.9999999478097931,1,1
2,4,p2f,52,future_known,2,1,0.9999984162660309,1,1
2,4,p2f,52,future_known,3,1,0.9999733215373623,1,1
2,4,p2f,52,future_known,4,1,0.9996485009428617,1,1
2,4,p2f,52,future_known,5,1,0.9974892965252967,1,1
2,4,p2f,53,future_known,0,1,0.9999996706260826,1,1
2,4,p2f,53,future_known,1,1,0.9999994353466628,1,1
2,4,p2f,53,future_known,2,1,0.9999951729687443,1,1
2,4,p2f,53,future_known,3,1,0.9998490143789531,1,1
2,4,p2f,53,future_known,4,1,0.9999950331165046,1,1
2,4,p2f,53,future_known,5,1,0.9999553143802314,1,1
2,4,p2f,54,future_known,0,1,0.9999987573936031,1,1
2,4,p2f,54,future_known,1,1,0.9998068723101896,1,1
2,4,p2f,54,future_known,2,1,0.9999977994843984,1,1
2,4,p2f,54,future_known,3,1,0.9999983325700569,1,1
2,4,p2f,54,future_known,4,1,0.9993263360756532,1,1
2,4,p2f,54,future_known,5,1,0.9999989300876079,1,1
2,4,p2f,55,future_known,0,1,0.9999900663836978,1,1
2,4,p2f,55,future_known,1,1,0.9997098018210573,1,1
2,4,p2f,55,future_known,2,1,0.999596732575524,1,1
2,4,p2f,55,future_known,3,1,0.999998882243542,1,1
2,4,p2f,55,future_known,4,1,0.9845029207325214,1,1
2,4,p2f,55,future_known,5,1,0.9989282994092124,1,1
2,4,p2f,56,future_known,0,1,0.9982670997986287,1,1
2,4,p2f,56,future_known,1,1,0.9999563126432438,1,1
2,4,p2f,56,future_known,2,1,0.965966073629894,1,1
2,4,p2f,56,future_known,3,1,0.9996855429474424,1,1
2,4,p2f,56,future_known,4,1,0.12224771529947089,0,0
2,4,p2f,56,future_known,5,1,0.9992855540675504,1,1
2,4,p2f,57,future_known,0,1,0.9998241828594541,1,1
2,4,p2f,57,future_known,1,1,0.9999911883858605,1,1
2,4,p2f,57,future_known,2,1,0.9999964987108758,1,1
2,4,p2f,57,future_known,3,1,0.9999983910956727,1,1
2,4,p2f,57,future_known,4,1,0.999955334489722,1,1
2,4,p2f,57,future_known,5,1,0.9999659438516911,1,1
2,4,p2f,58,future_known,0,1,0.9999992657413554,1,1
2,4,p2f,58,future_known,1,1,0.9999998833309475,1,1
2,4,p2f,58,future_known,2,1,0.9999997512974689,1,1
2,4,p2f,58,future_known,3,1,0.9999999898911801,1,1
2,4,p2f,58,future_known,4,1,0.9999947205070477,1,1
2,4,p2f,58,future_known,5,1,0.9999999698077959,1,1
2,4,p2f,59,future_known,0,1,0.9999955978024195,1,1
2,4,p2f,59,future_known,1,1,0.9999815431871723,1,1
2,4,p2f,59,future_known,2,1,0.9997781261324373,1,1
2,4,p2f,59,future_known,3,1,0.9964204964032505,1,1
2,4,p2f,59,future_known,4,1,0.9999903403491703,1,1
2,4,p2f,59,future_known,5,1,0.9998719939249716,1,1
2,4,p2f,60,future_known,0,1,0.9999873764670835,1,1
2,4,p2f,60,future_known,1,1,0.9999908603709671,1,1
2,4,p2f,60,future_known,2,1,0.9997723579944181,1,1
2,4,p2f,60,future_known,3,1,0.9999911563433024,1,1
2,4,p2f,60,future_known,4,1,0.9985432373552086,1,1
2,4,p2f,60,future_known,5,1,0.999997896596022,1,1
2,4,p2f,61,future_known,0,1,0.7864055487352007,1,1
2,4,p2f,61,future_known,1,1,0.7201219032951431,1,1
2,4,p2f,61,future_known,2,1,0.005954715626453645,0,0
2,4,p2f,61,future_known,3,1,0.9811111745859767,1,1
2,4,p2f,61,future_known,4,1,0.6454793110144688,1,1
2,4,p2f,61,future_known,5,1,0.9698597016890005,1,1
2,4,p2f,62,future_known,0,1,0.9999958928697724,1,1
2,4,p2f,62,future_known,1,1,0.9999065610057524,1,1
2,4,p2f,62,future_known,2,1,0.9942713494922307,1,1
2,4,p2f,62,future_known,3,1,0.9999830626648921,1,1
2,4,p2f,62,future_known,4,1,0.9999133930251091,1,1
2,4,p2f,62,future_known,5,1,0.999629436536122,1,1
2,4,p2f,63,future_known,0,1,0.79585925855416,1,1
2,4,p2f,63,future_known,1,1,0.19427572931889858,0,0
2,4,p2f,63,future_known,2,1,0.0339773840645665,0,0
2,4,p2f,63,future_known,3,1,0.7557387471739331,1,1
2,4,p2f,63,future_known,4,1,0.34247186821263403,0,0
2,4,p2f,63,future_known,5,1,0.10451943031293878,0,0
2,4,p2f,64,future_known,0,1,0.9989752948040005,1,1
2,4,p2f,64,future_known,1,1,0.9999362543329815,1,1
2,4,p2f,64,future_known,2,1,0.8183080236926691,1,1
2,4,p2f,64,future_known,3,1,0.996948273352474,1,1
2,4,p2f,64,future_known,4,1,0.9989192749542383,1,1
2,4,p2f,64,future_known,5,1,0.9948310406594534,1,1
2,4,p2f,65,future_known,0,1,0.9998464145174537,1,1
2,4,p2f,65,future_known,1,1,0.9997372629554927,1,1
2,4,p2f,65,future_known,2,1,0.9999674731931535,1,1
2,4,p2f,65,future_known,3,1,0.9995226102442024,1,1
2,4,p2f,65,future_known,4,1,0.9994294048695904,1,1
2,4,p2f,65,future_known,5,1,0.9999785752490687,1,1
2,4,p2f,66,future_known,0,1,0.9646974979807693,1,1
2,4,p2f,66,future_known,1,1,0.6749924207457895,1,1
2,4,p2f,66,future_known,2,1,0.9881193403957568,1,1
2,4,p2f,66,future_known,3,1,0.7947913696937241,1,1
2,4,p2f,66,future_known,4,1,0.9966767862120851,1,1
2,4,p2f,66,future_known,5,1,0.7880846233923453,1,1
2,4,p2f,67,future_known,0,1,0.999882676408564,1,1
2,4,p2f,67,future_known,1,1,0.9999996381432382,1,1
2,4,p2f,67,future_known,2,1,0.9947336765320148,1,1
2,4,p2f,67,future_known,3,1,0.9999422132492757,1,1
2,4,p2f,67,future_known,4,1,0.999999696959322,1,1
2,4,p2f,67,future_known,5,1,0.9973103738578899,1,1
2,4,p2f,68,future_known,0,1,0.992993557294852,1,1
2,4,p2f,68,future_known,1,1,0.9669603535516118,1,1
2,4,p2f,68,future_known,2,1,0.9733738727676111,1,1
2,4,p2f,68,future_known,3,1,0.9939659763877452,1,1
2,4,p2f,68,future_known,4,1,0.8477218927497503,1,1
2,4,p2f,68,future_known,5,1,0.9928113377438801,1,1
2,4,p2f,69,future_known,0,1,0.9873374375350588,1,1
2,4,p2f,69,future_known,1,1,0.9990249131616004,1,1
2,4,p2f,69,future_known,2,1,0.9856751453637577,1,1
2,4,p2f,69,future_known,3,1,0.9931113097030223,1,1
2,4,p2f,69,future_known,4,1,0.9989907402406718,1,1
2,4,p2f,69,future_known,5,1,0.5907042889368014,1,1
2,4,p2f,70,future_known,0,1,0.812633753597576,1,1
2,4,p2f,70,future_known,1,1,0.09710641087595549,0,0
2,4,p2f,70,future_known,2,1,0.020707518120098887,0,0
2,4,p2f,70,future_known,3,1,0.10827595555088983,0,0
2,4,p2f,70,future_known,4,1,0.9666958275752281,1,1
2,4,p2f,70,future_known,5,1,0.01515400491485703,0,0
2,4,p2f,71,future_known,0,1,0.9999331505930875,1,1
2,4,p2f,71,future_known,1,1,0.9994361989605475,1,1
2,4,p2f,71,future_known,2,1,0.9975304349610933,1,1
2,4,p2f,71,future_known,3,1,0.9999788417627241,1,1
2,4,p2f,71,future_known,4,1,0.9998233607468081,1,1
2,4,p2f,71,future_known,5,1,0.9946243528554216,1,1
2,4,p2f,72,future_known,0,1,0.9999797826534741,1,1
2,4,p2f,72,future_known,1,1,0.9998312938080854,1,1
2,4,p2f,72,future_known,2,1,0.999758741138474,1,1
2,4,p2f,72,future_known,3,1,0.9999519984419446,1,1
2,4,p2f,72,future_known,4,1,0.9999992985007746,1,1
2,4,p2f,72,future_known,5,1,0.998967443776817,1,1
2,4,p2f,73,future_known,0,1,0.9998041455622199,1,1
2,4,p2f,73,future_known,1,1,0.9996496176678377,1,1
2,4,p2f,73,future_known,2,1,0.9927218341389734,1,1
2,4,p2f,73,future_known,3,1,0.9904936726509963,1,1
2,4,p2f,73,future_known,4,1,0.9990222148651692,1,1
2,4,p2f,73,future_known,5,1,0.9997661332857002,1,1
2,4,p2f,74,future_known,0,1,0.2421220318773947,0,0
2,4,p2f,74,future_known,1,1,0.3514857941216191,0,0
2,4,p2f,74,future_known,2,1,0.17662399466728992,0,0
2,4,p2f,74,future_known,3,1,0.05023955284114253,0,0
2,4,p2f,74,future_known,4,1,0.002490604547148691,0,0
2,4,p2f,74,future_known,5,1,0.1835779825687128,0,0
2,4,p2f,75,future_unknown,0,0,0.999991092144045,1,0
2,4,p2f,75,future_unknown,1,0,0.9999978354454703,1,0
2,4,p2f,75,future_unknown,2,0,0.9999995849951467,1,0
2,4,p2f,75,future_unknown,3,0,0.9999999806124759,1,0
2,4,p2f,75,future_unknown,4,0,0.9999618518887222,1,0
2,4,p2f,75,future_unknown,5,0,0.9991247414727656,1,0
2,4,p2f,76,future_unknown,0,0,0.11293005113935974,0,1
2,4,p2f,76,future_unknown,1,0,0.9654483810067415,1,0
2,4,p2f,76,future_unknown,2,0,0.4551655098798406,0,1
2,4,p2f,76,future_unknown,3,0,0.9994247541749173,1,0
2,4,p2f,76,future_unknown,4,0,0.737475535571844,1,0
2,4,p2f,76,future_unknown,5,0,0.39469054094391665,0,1
2,4,p2f,77,future_unknown,0,0,0.9997616292164266,1,0
2,4,p2f,77,future_unknown,1,0,0.9999061048773352,1,0
2,4,p2f,77,future_unknown,2,0,0.9990000045786188,1,0
2,4,p2f,77,future_unknown,3,0,0.9984262769464338,1,0
2,4,p2f,77,future_unknown,4,0,0.9999607062541391,1,0
2,4,p2f,77,future_unknown,5,0,0.9999967349839105,1,0
2,4,p2f,78,future_unknown,0,0,0.9999233163322638,1,0
2,4,p2f,78,future_unknown,1,0,0.9997103807668373,1,0
2,4,p2f,78,future_unknown,2,0,0.9999962690219626,1,0
2,4,p2f,78,future_unknown,3,0,0.999995966540903,1,0
2,4,p2f,78,future_unknown,4,0,0.9999966150166961,1,0
2,4,p2f,78,future_unknown,5,0,0.9999989222419472,1,0
2,4,p2f,79,future_unknown,0,0,0.9999623450609939,1,0
2,4,p2f,79,future_unknown,1,0,0.999935616938909,1,0
2,4,p2f,79,future_unknown,2,0,0.9999518211976169,1,0
2,4,p2f,79,future_unknown,3,0,0.9992901199896609,1,0
2,4,p2f,79,future_unknown,4,0,0.999816919229888,1,0
2,4,p2f,79,future_unknown,5,0,0.9993683471954583,1,0
2,4,p2f,80,future_unknown,0,0,0.9999634995429578,1,0
2,4,p2f,80,future_unknown,1,0,0.9999995181383209,1,0
2,4,p2f,80,future_unknown,2,0,0.9997557128777653,1,0
2,4,p2f,80,future_unknown,3,0,0.9999848027780414,1,0
2,4,p2f,80,future_unknown,4,0,0.9999759643898597,1,0
2,4,p2f,80,future_unknown,5,0,0.9999999716684932,1,0
2,4,p2f,81,future_unknown,0,0,0.9986914292666542,1,0
2,4,p2f,81,future_unknown,1,0,0.9939747064163238,1,0
2,4,p2f,81,future_unknown,2,0,0.9926305595975188,1,0
2,4,p2f,81,future_unknown,3,0,0.9999799107735852,1,0
2,4,p2f,81,future_unknown,4,0,0.9969545481998798,1,0
2,4,p2f,81,future_unknown,5,0,0.9719335002045199,1,0
2,4,p2f,82,future_unknown,0,0,0.9967463941552065,1,0
2,4,p2f,82,future_unknown,1,0,0.9432619866726469,1,0
2,4,p2f,82,future_unknown,2,0,0.9897865469391807,1,0
2,4,p2f,82,future_unknown,3,0,0.9999536918669507,1,0
2,4,p2f,82,future_unknown,4,0,0.9800508490589558,1,0
2,4,p2f,82,future_unknown,5,0,0.9998474929037405,1,0
2,4,p2f,83,future_unknown,0,0,0.9999993567041457,1,0
2,4,p2f,83,future_unknown,1,0,0.9999953582647773,1,0
2,4,p2f,83,future_unknown,2,0,0.9999713954719988,1,0
2,4,p2f,83,future_unknown,3,0,0.9999999143913454,1,0
2,4,p2f,83,future_unknown,4,0,0.9998712444416973,1,0
2,4,p2f,83,future_unknown,5,0,0.999984481511751,1,0
2,4,p2f,84,future_unknown,0,0,0.9902071877136127,1,0
2,4,p2f,84,future_unknown,1,0,0.9931111208954557,1,0
2,4,p2f,84,future_unknown,2,0,0.9941939796983283,1,0
2,4,p2f,84,future_unknown,3,0,0.9977247950806282,1,0
2,4,p2f,84,future_unknown,4,0,0.9994919773118802,1,0
2,4,p2f,84,future_unknown,5,0,0.9981304243296617,1,0
2,4,p2f,85,future_unknown,0,0,0.8950125821700804,1,0
2,4,p2f,85,future_unknown,1,0,0.9999832125682759,1,0
2,4,p2f,85,future_unknown,2,0,0.9999788347851745,1,0
2,4,p2f,85,future_unknown,3,0,0.9999526264096446,1,0
2,4,p2f,85,future_unknown,4,0,0.9970252513792779,1,0
2,4,p2f,85,future_unknown,5,0,0.9997595027857983,1,0
2,4,p2f,86,future_unknown,0,0,0.9994988053171499,1,0
2,4,p2f,86,future_unknown,1,0,0.999873023649597,1,0
2,4,p2f,86,future_unknown,2,0,0.9992546541909387,1,0
2,4,p2f,86,future_unknown,3,0,0.9999897074095364,1,0
2,4,p2f,86,future_unknown,4,0,0.9999554990869031,1,0
2,4,p2f,86,future_unknown,5,0,0.9999985526817867,1,0
2,4,p2f,87,future_unknown,0,0,0.9999399880824117,1,0
2,4,p2f,87,future_unknown,1,0,0.9997140344151414,1,0
2,4,p2f,87,future_unknown,2,0,0.9982818315300316,1,0
2,4,p2f,87,future_unknown,3,0,0.9979305312163531,1,0
2,4,p2f,87,future_unknown,4,0,0.9995560840395067,1,0
2,4,p2f,87,future_unknown,5,0,0.9998535389749362,1,0
2,4,p2f,88,future_unknown,0,0,0.9927091728026187,1,0
2,4,p2f,88,future_unknown,1,0,0.9999993634697061,1,0
2,4,p2f,88,future_unknown,2,0,0.9999927594490229,1,0
2,4,p2f,88,future_unknown,3,0,0.9999998310539612,1,0
2,4,p2f,88,future_unknown,4,0,0.9999898925364028,1,0
2,4,p2f,88,future_unknown,5,0,0.9999909032051453,1,0
2,4,p2f,89,future_unknown,0,0,0.9996225861697502,1,0
2,4,p2f,89,future_unknown,1,0,0.9996852056265085,1,0
2,4,p2f,89,future_unknown,2,0,0.9990980770651702,1,0
2,4,p2f,89,future_unknown,3,0,0.9998254372234376,1,0
2,4,p2f,89,future_unknown,4,0,0.9998971864652472,1,0
2,4,p2f,89,future_unknown,5,0,0.9999546058223368,1,0
2,4,p2f,90,future_unknown,0,0,0.9999993210861031,1,0
2,4,p2f,90,future_unknown,1,0,0.9999994551092284,1,0
2,4,p2f,90,future_unknown,2,0,0.9999982236566684,1,0
2,4,p2f,90,future_unknown,3,0,0.9999987369131511,1,0
2,4,p2f,90,future_unknown,4,0,0.9999955464029999,1,0
2,4,p2f,90,future_unknown,5,0,0.9999998601959943,1,0
2,4,p2f,91,future_unknown,0,0,0.8442885075931472,1,0
2,4,p2f,91,future_unknown,1,0,0.9994203996508465,1,0
2,4,p2f,91,future_unknown,2,0,0.9964055541625657,1,0
2,4,p2f,91,future_unknown,3,0,0.9972753597407642,1,0
2,4,p2f,91,future_unknown,4,0,0.9849653539112518,1,0
2,4,p2f,91,future_unknown,5,0,0.998858432781196,1,0
2,4,p2f,92,future_unknown,0,0,0.9530790013079873,1,0
2,4,p2f,92,future_unknown,1,0,0.9999919988663822,1,0
2,4,p2f,92,future_unknown,2,0,0.9989726382643994,1,0
2,4,p2f,92,future_unknown,3,0,0.9999986343547718,1,0
2,4,p2f,92,future_unknown,4,0,0.9997732324249247,1,0
2,4,p2f,92,future_unknown,5,0,0.9831627091667721,1,0
2,4,p2f,93,future_unknown,0,0,0.9991296107746137,1,0
2,4,p2f,93,future_unknown,1,0,0.9999979065157074,1,0
2,4,p2f,93,future_unknown,2,0,0.31919064248424334,0,1
2,4,p2f,93,future_unknown,3,0,0.31919064248424334,0,1
2,4,p2f,93,future_unknown,4,0,0.9999981052862023,1,0
2,4,p2f,93,future_unknown,5,0,0.9999205506929747,1,0
2,4,p2f,94,future_unknown,0,0,0.9991574616174876,1,0
2,4,p2f,94,future_unknown,1,0,0.9998710937140123,1,0
2,4,p2f,94,future_unknown,2,0,0.9999398863483446,1,0
2,4,p2f,94,future_unknown,3,0,0.9999997634329016,1,0
2,4,p2f,94,future_unknown,4,0,0.9999999648901089,1,0
2,4,p2f,94,future_unknown,5,0,0.9999131331649171,1,0
2,4,p2f,95,future_unknown,0,0,0.9497549393923403,1,0
2,4,p2f,95,future_unknown,1,0,0.9974502253088404,1,0
2,4,p2f,95,future_unknown,2,0,0.8716160032838668,1,0
2,4,p2f,95,future_unknown,3,0,0.8507369810441419,1,0
2,4,p2f,95,future_unknown,4,0,0.9663293527530176,1,0
2,4,p2f,95,future_unknown,5,0,0.8489618658340492,1,0
2,4,p2f,96,future_unknown,0,0,0.9999993322823395,1,0
2,4,p2f,96,future_unknown,1,0,0.9999826254345785,1,0
2,4,p2f,96,future_unknown,2,0,0.9999988584693132,1,0
2,4,p2f,96,future_unknown,3,0,0.9999971065113836,1,0
2,4,p2f,96,future_unknown,4,0,0.9999971949737021,1,0
2,4,p2f,96,future_unknown,5,0,0.999998758973468,1,0
2,4,p2f,97,future_unknown,0,0,0.41922665955532673,0,1
2,4,p2f,97,future_unknown,1,0,0.9679431363605446,1,0
2,4,p2f,97,future_unknown,2,0,0.0736965638623451,0,1
2,4,p2f,97,future_unknown,3,0,0.1270891791224072,0,1
2,4,p2f,97,future_unknown,4,0,0.25130173659250366,0,1
2,4,p2f,97,future_unknown,5,0,0.9881782549637599,1,0
2,4,p2f,98,future_unknown,0,0,0.0033076201146564625,0,1
2,4,p2f,98,future_unknown,1,0,0.998877456854071,1,0
2,4,p2f,98,future_unknown,2,0,0.6918496412029728,1,0
2,4,p2f,98,future_unknown,3,0,0.9981924564185024,1,0
2,4,p2f,98,future_unknown,4,0,0.7588667349831729,1,0
2,4,p2f,98,future_unknown,5,0,0.9989101894872682,1,0
2,4,p2f,99,future_unknown,0,0,0.9999752846120012,1,0
2,4,p2f,99,future_unknown,1,0,0.9998493775911438,1,0
2,4,p2f,99,future_unknown,2,0,0.999997847561102,1,0
2,4,p2f,99,future_unknown,3,0,0.9999968433598342,1,0
2,4,p2f,99,future_unknown,4,0,0.999616993824063,1,0
2,4,p2f,99,future_unknown,5,0,0.999998761377957,1,0
2,4,f2p,0,past_known,0,1,0.039767110362330264,0,0
2,4,f2p,0,past_known,1,1,0.4737694914526628,0,0
2,4,f2p,0,past_known,2,1,0.9032288693035504,1,1
2,4,f2p,0,past_known,3,1,0.006148942225057968,0,0
2,4,f2p,0,past_known,4,1,0.9963608746024963,1,1
2,4,f2p,0,past_known,5,1,0.035315471146080114,0,0
2,4,f2p,1,past_known,0,1,0.6773020458434235,1,1
2,4,f2p,1,past_known,1,1,0.6504156136695342,1,1
2,4,f2p,1,past_known,2,1,0.23854208416027833,0,0
2,4,f2p,1,past_known,3,1,0.0001446233066840532,0,0
2,4,f2p,1,past_known,4,1,0.0010665505747374177,0,0
2,4,f2p,1,past_known,5,1,0.07623470328674355,0,0
2,4,f2p,2,past_known,0,1,0.054715331985967244,0,0
2,4,f2p,2,past_known,1,1,0.023726202306116027,0,0
2,4,f2p,2,past_known,2,1,0.4206244025242791,0,0
2,4,f2p,2,past_known,3,1,0.00768469523277944,0,0
2,4,f2p,2,past_known,4,1,0.02424565273310222,0,0
2,4,f2p,2,past_known,5,1,0.17500121962201937,0,0
2,4,f2p,3,past_known,0,1,0.022277978836872336,0,0
2,4,f2p,3,past_known,1,1,0.6539016281257735,1,1
2,4,f2p,3,past_known,2,1,0.005933593462296634,0,0
2,4,f2p,3,past_known,3,1,0.13546922149705498,0,0
2,4,f2p,3,past_known,4,1,0.04543511777379286,0,0
2,4,f2p,3,past_known,5,1,0.13193382598290554,0,0
2,4,f2p,4,past_known,0,1,7.95941558860392e-06,0,0
2,4,f2p,4,past_known,1,1,0.0019509956245711032,0,0
2,4,f2p,4,past_known,2,1,0.009175865991789859,0,0
2,4,f2p,4,past_known,3,1,0.007758118781445611,0,0
2,4,f2p,4,past_known,4,1,7.957269545488445e-06,0,0
2,4,f2p,4,past_known,5,1,0.00014670373708981402,0,0
2,4,f2p,5,past_known,0,1,0.179833093431082,0,0
2,4,f2p,5,past_known,1,1,0.05639169204932771,0,0
2,4,f2p,5,past_known,2,1,0.5899356240289665,1,1
2,4,f2p,5,past_known,3,1,0.8740155315464367,1,1
2,4,f2p,5,past_known,4,1,0.6937753618438095,1,1
2,4,f2p,5,past_known,5,1,0.9919660765333999,1,1
2,4,f2p,6,past_known,0,1,7.296513882606813e-06,0,0
2,4,f2p,6,past_known,1,1,0.00013978371574006976,0,0
2,4,f2p,6,past_known,2,1,1.3912369361768791e-05,0,0
2,4,f2p,6,past_known,3,1,6.365570903347065e-06,0,0
2,4,f2p,6,past_known,4,1,0.0002694051569000008,0,0
2,4,f2p,6,past_known,5,1,1.1544468081621532e-07,0,0
2,4,f2p,7,past_known,0,1,0.9028221875516612,1,1
2,4,f2p,7,past_known,1,1,0.9987702294876365,1,1
2,4,f2p,7,past_known,2,1,0.005389056091487654,0,0
2,4,f2p,7,past_known,3,1,0.9504869254238081,1,1
2,4,f2p,7,past_known,4,1,0.9637905925448152,1,1
2,4,f2p,7,past_known,5,1,0.00635833250983358,0,0
2,4,f2p,8,past_known,0,1,2.525700609228398e-05,0,0
2,4,f2p,8,past_known,1,1,0.4607866932588047,0,0
2,4,f2p,8,past_known,2,1,0.6004865254604094,1,1
2,4,f2p,8,past_known,3,1,0.00021488123621712186,0,0
2,4,f2p,8,past_known,4,1,0.0009187058666061291,0,0
2,4,f2p,8,past_known,5,1,0.05588309061455547,0,0
2,4,f2p,9,past_known,0,1,0.17404811256892785,0,0
2,4,f2p,9,past_known,1,1,0.17373569678487452,0,0
2,4,f2p,9,past_known,2,1,0.9519303257272411,1,1
2,4,f2p,9,past_known,3,1,0.9594768666338169,1,1
2,4,f2p,9,past_known,4,1,0.9065191387835038,1,1
2,4,f2p,9,past_known,5,1,0.4590427295962916,0,0
2,4,f2p,10,past_known,0,1,0.40242526112340365,0,0
2,4,f2p,10,past_known,1,1,0.9998757991515834,1,1
2,4,f2p,10,past_known,2,1,0.9270155231851928,1,1
2,4,f2p,10,past_known,3,1,0.9468476065005638,1,1
2,4,f2p,10,past_known,4,1,0.99425593581404,1,1
2,4,f2p,10,past_known,5,1,0.9968604388148619,1,1
2,4,f2p,11,past_known,0,1,0.25831192495352484,0,0
2,4,f2p,11,past_known,1,1,0.08527955070647761,0,0
2,4,f2p,11,past_known,2,1,0.003431700725692407,0,0
2,4,f2p,11,past_known,3,1,0.0021797067776617167,0,0
2,4,f2p,11,past_known,4,1,0.02313557810261373,0,0
2,4,f2p,11,past_known,5,1,0.21975665764631727,0,0
2,4,f2p,12,past_known,0,1,0.7530559244916157,1,1
2,4,f2p,12,past_known,1,1,0.03949432961182029,0,0
2,4,f2p,12,past_known,2,1,0.9439962469361531,1,1
2,4,f2p,12,past_known,3,1,0.9185648303615607,1,1
2,4,f2p,12,past_known,4,1,0.7977637170609315,1,1
2,4,f2p,12,past_known,5,1,0.9909856300050429,1,1
2,4,f2p,13,past_known,0,1,0.05631581191043914,0,0
2,4,f2p,13,past_known,1,1,0.00021375270751656597,0,0
2,4,f2p,13,past_known,2,1,0.9978164283755564,1,1
2,4,f2p,13,past_known,3,1,0.9539461547130327,1,1
2,4,f2p,13,past_known,4,1,0.04017918164722536,0,0
2,4,f2p,13,past_known,5,1,0.0038123559989504553,0,0
2,4,f2p,14,past_known,0,1,0.009824792210496983,0,0
2,4,f2p,14,past_known,1,1,0.9579073925622157,1,1
2,4,f2p,14,past_known,2,1,0.7919625202862438,1,1
2,4,f2p,14,past_known,3,1,0.9916446645429384,1,1
2,4,f2p,14,past_known,4,1,0.5697212568246288,1,1
2,4,f2p,14,past_known,5,1,0.9987467800965223,1,1
2,4,f2p,15,past_known,0,1,0.0012087110693412917,0,0
2,4,f2p,15,past_known,1,1,0.0004069141194877488,0,0
2,4,f2p,15,past_known,2,1,0.04571243926241406,0,0
2,4,f2p,15,past_known,3,1,1.0701163742219238e-05,0,0
2,4,f2p,15,past_known,4,1,3.8721980995817827e-05,0,0
2,4,f2p,15,past_known,5,1,0.14895268157994004,0,0
2,4,f2p,16,past_known,0,1,0.9301016584018073,1,1
2,4,f2p,16,past_known,1,1,0.96980541396591,1,1
2,4,f2p,16,past_known,2,1,0.958024438308247,1,1
2,4,f2p,16,past_known,3,1,0.8652994843497732,1,1
2,4,f2p,16,past_known,4,1,0.7366763107936638,1,1
2,4,f2p,16,past_known,5,1,0.9979335995362677,1,1
2,4,f2p,17,past_known,0,1,0.007999606229746216,0,0
2,4,f2p,17,past_known,1,1,0.004253694883932095,0,0
2,4,f2p,17,past_known,2,1,0.00019007521211316164,0,0
2,4,f2p,17,past_known,3,1,0.0035705217362860513,0,0
2,4,f2p,17,past_known,4,1,0.04999899277613659,0,0
2,4,f2p,17,past_known,5,1,0.11213434800016593,0,0
2,4,f2p,18,past_known,0,1,0.5322072691610744,1,1
2,4,f2p,18,past_known,1,1,0.35859687025784087,0,0
2,4,f2p,18,past_known,2,1,0.04892116180586536,0,0
2,4,f2p,18,past_known,3,1,0.04510635666502464,0,0
2,4,f2p,18,past_known,4,1,0.5527328813220869,1,1
2,4,f2p,18,past_known,5,1,0.09451222252891944,0,0
2,4,f2p,19,past_known,0,1,0.821926213381425,1,1
2,4,f2p,19,past_known,1,1,0.708683177119694,1,1
2,4,f2p,19,past_known,2,1,0.9550066861717461,1,1
2,4,f2p,19,past_known,3,1,0.9679848089027551,1,1
2,4,f2p,19,past_known,4,1,0.9874908859747581,1,1
2,4,f2p,19,past_known,5,1,0.9944509262788434,1,1
2,4,f2p,20,past_known,0,1,0.30515623956863974,0,0
2,4,f2p,20,past_known,1,1,0.052295007797404015,0,0
2,4,f2p,20,past_known,2,1,0.0009044633784269548,0,0
2,4,f2p,20,past_known,3,1,0.010859601440955715,0,0
2,4,f2p,20,past_known,4,1,0.08690778655650924,0,0
2,4,f2p,20,past_known,5,1,0.11058081258896525,0,0
2,4,f2p,21,past_known,0,1,0.0047802192664955665,0,0
2,4,f2p,21,past_known,1,1,0.0021909464421394098,0,0
2,4,f2p,21,past_known,2,1,0.9993918845115641,1,1
2,4,f2p,21,past_known,3,1,0.05929491777986432,0,0
2,4,f2p,21,past_known,4,1,0.3407635081705855,0,0
2,4,f2p,21,past_known,5,1,0.009062157870484554,0,0
2,4,f2p,22,past_known,0,1,7.519563675196737e-07,0,0
2,4,f2p,22,past_known,1,1,0.001711624097015112,0,0
2,4,f2p,22,past_known,2,1,0.0046951078736914426,0,0
2,4,f2p,22,past_known,3,1,0.001526880401915163,0,0
2,4,f2p,22,past_known,4,1,0.0028860411546939506,0,0
2,4,f2p,22,past_known,5,1,0.0058173898648314435,0,0
2,4,f2p,23,past_known,0,1,0.004909847179839568,0,0
2,4,f2p,23,past_known,1,1,0.8156386376365747,1,1
2,4,f2p,23,past_known,2,1,0.10267166164735554,0,0
2,4,f2p,23,past_known,3,1,0.48435074504161174,0,0
2,4,f2p,23,past_known,4,1,0.1884115441262535,0,0
2,4,f2p,23,past_known,5,1,0.14511780746686553,0,0
2,4,f2p,24,past_known,0,1,0.9999852470225937,1,1
2,4,f2p,24,past_known,1,1,0.9999851788418103,1,1
2,4,f2p,24,past_known,2,1,0.9999982651998139,1,1
2,4,f2p,24,past_known,3,1,0.9999958818102763,1,1
2,4,f2p,24,past_known,4,1,0.999997706081429,1,1
2,4,f2p,24,past_known,5,1,0.9999833141305656,1,1
2,4,f2p,25,past_unknown,0,0,0.004290890268280819,0,1
2,4,f2p,25,past_unknown,1,0,0.27543375952255517,0,1
2,4,f2p,25,past_unknown,2,0,0.01009162937278297,0,1
2,4,f2p,25,past_unknown,3,0,0.05983427487393583,0,1
2,4,f2p,25,past_unknown,4,0,0.030193627050142502,0,1
2,4,f2p,25,past_unknown,5,0,0.8509600490369555,1,0
2,4,f2p,26,past_unknown,0,0,0.05885743479597024,0,1
2,4,f2p,26,past_unknown,1,0,0.9982798300529804,1,0
2,4,f2p,26,past_unknown,2,0,0.03890882075514952,0,1
2,4,f2p,26,past_unknown,3,0,0.16959521204635097,0,1
2,4,f2p,26,past_unknown,4,0,0.32840378487443045,0,1
2,4,f2p,26,past_unknown,5,0,0.06137182637021717,0,1
2,4,f2p,27,past_unknown,0,0,0.001123319306431336,0,1
2,4,f2p,27,past_unknown,1,0,0.07321806694529594,0,1
2,4,f2p,27,past_unknown,2,0,0.015132942723632888,0,1
2,4,f2p,27,past_unknown,3,0,0.0805766966255079,0,1
2,4,f2p,27,past_unknown,4,0,0.07894679385423686,0,1
2,4,f2p,27,past_unknown,5,0,0.004137947441298117,0,1
2,4,f2p,28,past_unknown,0,0,0.937112092935088,1,0
2,4,f2p,28,past_unknown,1,0,0.33789160485727854,0,1
2,4,f2p,28,past_unknown,2,0,0.48625858756365004,0,1
2,4,f2p,28,past_unknown,3,0,0.8290343529617229,1,0
2,4,f2p,28,past_unknown,4,0,0.9943812436183929,1,0
2,4,f2p,28,past_unknown,5,0,0.00012091668044916906,0,1
2,4,f2p,29,past_unknown,0,0,0.2601637285755243,0,1
2,4,f2p,29,past_unknown,1,0,0.0019981888785344072,0,1
2,4,f2p,29,past_unknown,2,0,0.0024182152612594117,0,1
2,4,f2p,29,past_unknown,3,0,0.02489441642781099,0,1
2,4,f2p,29,past_unknown,4,0,0.07726606812214662,0,1
2,4,f2p,29,past_unknown,5,0,0.72364256373827,1,0
2,4,f2p,30,past_unknown,0,0,0.004243657603893069,0,1
2,4,f2p,30,past_unknown,1,0,0.07651122329124778,0,1
2,4,f2p,30,past_unknown,2,0,0.021604977978749475,0,1
2,4,f2p,30,past_unknown,3,0,0.02018748989638555,0,1
2,4,f2p,30,past_unknown,4,0,0.0002798374411729298,0,1
2,4,f2p,30,past_unknown,5,0,0.000644704910639245,0,1
2,4,f2p,31,past_unknown,0,0,0.9969625680327447,1,0
2,4,f2p,31,past_unknown,1,0,0.8293024264225396,1,0
2,4,f2p,31,past_unknown,2,0,0.9656211384800105,1,0
2,4,f2p,31,past_unknown,3,0,0.9542697175020244,1,0
2,4,f2p,31,past_unknown,4,0,0.8661664163082352,1,0
2,4,f2p,31,past_unknown,5,0,0.9904252161931936,1,0
2,4,f2p,32,past_unknown,0,0,0.001346353762329282,0,1
2,4,f2p,32,past_unknown,1,0,0.0028391466137392255,0,1
2,4,f2p,32,past_unknown,2,0,0.6276185611035391,1,0
2,4,f2p,32,past_unknown,3,0,0.011775081390953611,0,1
2,4,f2p,32,past_unknown,4,0,0.007434510800468051,0,1
2,4,f2p,32,past_unknown,5,0,0.4616567844342882,0,1
2,4,f2p,33,past_unknown,0,0,0.3914982727450271,0,1
2,4,f2p,33,past_unknown,1,0,0.8336494991585668,1,0
2,4,f2p,33,past_unknown,2,0,0.1472922046596356,0,1
2,4,f2p,33,past_unknown,3,0,0.9924441309680748,1,0
2,4,f2p,33,past_unknown,4,0,0.9999284512381259,1,0
2,4,f2p,33,past_unknown,5,0,0.9979781917028513,1,0
2,4,f2p,34,past_unknown,0,0,0.00823869170777478,0,1
2,4,f2p,34,past_unknown,1,0,0.07483943705062274,0,1
2,4,f2p,34,past_unknown,2,0,0.007892623971964717,0,1
2,4,f2p,34,past_unknown,3,0,0.9172821955077831,1,0
2,4,f2p,34,past_unknown,4,0,0.05281962110943798,0,1
2,4,f2p,34,past_unknown,5,0,0.1239282157056091,0,1
2,4,f2p,35,past_unknown,0,0,0.9868385232593994,1,0
2,4,f2p,35,past_unknown,1,0,0.8062705424824435,1,0
2,4,f2p,35,past_unknown,2,0,0.9670555644459556,1,0
2,4,f2p,35,past_unknown,3,0,0.9251830947017722,1,0
2,4,f2p,35,past_unknown,4,0,0.8615391111127243,1,0
2,4,f2p,35,past_unknown,5,0,0.9097394588002289,1,0
2,4,f2p,36,past_unknown,0,0,0.026756583100111826,0,1
2,4,f2p,36,past_unknown,1,0,0.162901524547909,0,1
2,4,f2p,36,past_unknown,2,0,0.010848159990024133,0,1
2,4,f2p,36,past_unknown,3,0,0.32062158004652597,0,1
2,4,f2p,36,past_unknown,4,0,0.31708104063083326,0,1
2,4,f2p,36,past_unknown,5,0,0.0008156435683620485,0,1
2,4,f2p,37,past_unknown,0,0,0.002111086350850797,0,1
2,4,f2p,37,past_unknown,1,0,0.0068738147333425184,0,1
2,4,f2p,37,past_unknown,2,0,0.0005142221819801499,0,1
2,4,f2p,37,past_unknown,3,0,0.009194011917956595,0,1
2,4,f2p,37,past_unknown,4,0,0.0008428814762402946,0,1
2,4,f2p,37,past_unknown,5,0,0.09515760537948245,0,1
2,4,f2p,38,past_unknown,0,0,0.08654791950555361,0,1
2,4,f2p,38,past_unknown,1,0,0.3011886862941343,0,1
2,4,f2p,38,past_unknown,2,0,0.5428554289839356,1,0
2,4,f2p,38,past_unknown,3,0,0.8546792172325075,1,0
2,4,f2p,38,past_unknown,4,0,0.4249323253728036,0,1
2,4,f2p,38,past_unknown,5,0,0.9713262467382482,1,0
2,4,f2p,39,past_unknown,0,0,0.9828107064634596,1,0
2,4,f2p,39,past_unknown,1,0,0.9961623164080954,1,0
2,4,f2p,39,past_unknown,2,0,0.9391950008579147,1,0
2,4,f2p,39,past_unknown,3,0,0.03788959329329991,0,1
2,4,f2p,39,past_unknown,4,0,0.985837999483164,1,0
2,4,f2p,39,past_unknown,5,0,0.7917344392253685,1,0
2,4,f2p,40,past_unknown,0,0,6.151696678700687e-05,0,1
2,4,f2p,40,past_unknown,1,0,0.00018443445190019454,0,1
2,4,f2p,40,past_unknown,2,0,0.00038014030238816334,0,1
2,4,f2p,40,past_unknown,3,0,0.0017085534084997052,0,1
2,4,f2p,40,past_unknown,4,0,0.0007905316196490022,0,1
2,4,f2p,40,past_unknown,5,0,0.03214537556797024,0,1
2,4,f2p,41,past_unknown,0,0,0.9125119930760044,1,0
2,4,f2p,41,past_unknown,1,0,0.9929761108747946,1,0
2,4,f2p,41,past_unknown,2,0,0.9664888069688965,1,0
2,4,f2p,41,past_unknown,3,0,0.3962577829935069,0,1
2,4,f2p,41,past_unknown,4,0,0.6330092101403272,1,0
2,4,f2p,41,past_unknown,5,0,0.9931806139049667,1,0
2,4,f2p,42,past_unknown,0,0,0.46525387165117493,0,1
2,4,f2p,42,past_unknown,1,0,0.05162356988422211,0,1
2,4,f2p,42,past_unknown,2,0,0.022573261643588926,0,1
2,4,f2p,42,past_unknown,3,0,0.7483603760210742,1,0
2,4,f2p,42,past_unknown,4,0,0.0006439395495692817,0,1
2,4,f2p,42,past_unknown,5,0,0.03489495176529604,0,1
2,4,f2p,43,past_unknown,0,0,0.7078136274641316,1,0
2,4,f2p,43,past_unknown,1,0,0.00424333382029186,0,1
2,4,f2p,43,past_unknown,2,0,0.015857931489825675,0,1
2,4,f2p,43,past_unknown,3,0,0.03050515190228535,0,1
2,4,f2p,43,past_unknown,4,0,0.044101636572390114,0,1
2,4,f2p,43,past_unknown,5,0,0.4554718397329887,0,1
2,4,f2p,44,past_unknown,0,0,0.22431011628760786,0,1
2,4,f2p,44,past_unknown,1,0,0.784567342947349,1,0
2,4,f2p,44,past_unknown,2,0,0.9060835303651373,1,0
2,4,f2p,44,past_unknown,3,0,0.12036107836133778,0,1
2,4,f2p,44,past_unknown,4,0,0.7246284466692299,1,0
2,4,f2p,44,past_unknown,5,0,0.9688113945497054,1,0
2,4,f2p,45,past_unknown,0,0,0.3070964081674099,0,1
2,4,f2p,45,past_unknown,1,0,0.18495942019893477,0,1
2,4,f2p,45,past_unknown,2,0,0.6276091266775133,1,0
2,4,f2p,45,past_unknown,3,0,0.5482726111565663,1,0
2,4,f2p,45,past_unknown,4,0,0.8823637201939224,1,0
2,4,f2p,45,past_unknown,5,0,0.12755321923813168,0,1
2,4,f2p,46,past_unknown,0,0,0.012910025035798356,0,1
2,4,f2p,46,past_unknown,1,0,0.16935034630025428,0,1
2,4,f2p,46,past_unknown,2,0,1.1419032690947468e-05,0,1
2,4,f2p,46,past_unknown,3,0,0.000508336230743488,0,1
2,4,f2p,46,past_unknown,4,0,0.0003777740037990314,0,1
2,4,f2p,46,past_unknown,5,0,0.0005304662162908768,0,1
2,4,f2p,47,past_unknown,0,0,0.9935231566893648,1,0
2,4,f2p,47,past_unknown,1,0,0.993552950715857,1,0
2,4,f2p,47,past_unknown,2,0,0.9961470824415977,1,0
2,4,f2p,47,past_unknown,3,0,0.9990966235504323,1,0
2,4,f2p,47,past_unknown,4,0,0.6196339374297918,1,0
2,4,f2p,47,past_unknown,5,0,0.9579654787085109,1,0
2,4,f2p,48,past_unknown,0,0,0.9803911493308953,1,0
2,4,f2p,48,past_unknown,1,0,0.9974282872292091,1,0
2,4,f2p,48,past_unknown,2,0,0.9311041061319186,1,0
2,4,f2p,48,past_unknown,3,0,0.9840744482338744,1,0
2,4,f2p,48,past_unknown,4,0,0.9996499464081723,1,0
2,4,f2p,48,past_unknown,5,0,0.997104850661163,1,0
2,4,f2p,49,past_unknown,0,0,0.9929121714408204,1,0
2,4,f2p,49,past_unknown,1,0,0.999135246503013,1,0
2,4,f2p,49,past_unknown,2,0,0.9218260001409531,1,0
2,4,f2p,49,past_unknown,3,0,0.20434532138169473,0,1
2,4,f2p,49,past_unknown,4,0,0.9997105011124828,1,0
2,4,f2p,49,past_unknown,5,0,0.999929584794186,1,0
3,4,p2f,50,future_known,0,1,0.9577472402770931,1,1
3,4,p2f,50,future_known,1,1,0.993245733280261,1,1
3,4,p2f,50,future_known,2,1,0.9999944932859205,1,1
3,4,p2f,50,future_known,3,1,0.9996992703528448,1,1
3,4,p2f,50,future_known,4,1,0.9984788097208167,1,1
3,4,p2f,50,future_known,5,1,0.9999894981026719,1,1
3,4,p2f,51,future_known,0,1,0.9877086837768536,1,1
3,4,p2f,51,future_known,1,1,0.9196391471504985,1,1
3,4,p2f,51,future_known,2,1,0.8475958022109021,1,1
3,4,p2f,51,future_known,3,1,0.9986511205434808,1,1
3,4,p2f,51,future_known,4,1,0.7363831624282907,1,1
3,4,p2f,51,future_known,5,1,0.7707681967416142,1,1
3,4,p2f,52,future_known,0,1,0.9940422316152507,1,1
3,4,p2f,52,future_known,1,1,0.9999997704946366,1,1
3,4,p2f,52,future_known,2,1,0.9998865739114963,1,1
3,4,p2f,52,future_known,3,1,0.999642426833801,1,1
3,4,p2f,52,future_known,4,1,0.9999179095716537,1,1
3,4,p2f,52,future_known,5,1,0.9990697264708285,1,1
3,4,p2f,53,future_known,0,1,0.9999994917720464,1,1
3,4,p2f,53,future_known,1,1,0.9999278335336844,1,1
3,4,p2f,53,future_known,2,1,0.99983170023708,1,1
3,4,p2f,53,future_known,3,1,0.9985115914332392,1,1
3,4,p2f,53,future_known,4,1,0.9988872323096507,1,1
3,4,p2f,53,future_known,5,1,0.9996511201446684,1,1
3,4,p2f,54,future_known,0,1,0.9999404968309764,1,1
3,4,p2f,54,future_known,1,1,0.9980831447207559,1,1
3,4,p2f,54,future_known,2,1,0.999923084860655,1,1
3,4,p2f,54,future_known,3,1,0.9996637490604073,1,1
3,4,p2f,54,future_known,4,1,0.978068968479644,1,1
3,4,p2f,54,future_known,5,1,0.9999367844606714,1,1
3,4,p2f,55,future_known,0,1,0.9999726286493216,1,1
3,4,p2f,55,future_known,1,1,0.9995927747359558,1,1
3,4,p2f,55,future_known,2,1,0.998853562586282,1,1
3,4,p2f,55,future_known,3,1,0.9999890610706547,1,1
3,4,p2f,55,future_known,4,1,0.9721897368344778,1,1
3,4,p2f,55,future_known,5,1,0.9993361046350521,1,1
3,4,p2f,56,future_known,0,1,0.9984669744611703,1,1
3,4,p2f,56,future_known,1,1,0.9999478160104853,1,1
3,4,p2f,56,future_known,2,1,0.9023644223957935,1,1
3,4,p2f,56,future_known,3,1,0.9995782604880019,1,1
3,4,p2f,56,future_known,4,1,0.2546273656151404,0,0
3,4,p2f,56,future_known,5,1,0.9994979946891936,1,1
3,4,p2f,57,future_known,0,1,0.9963329427607199,1,1
3,4,p2f,57,future_known,1,1,0.9999371327987244,1,1
3,4,p2f,57,future_known,2,1,0.9999670956366167,1,1
3,4,p2f,57,future_known,3,1,0.9999866787828269,1,1
3,4,p2f,57,future_known,4,1,0.9972113071647191,1,1
3,4,p2f,57,future_known,5,1,0.9996380499620744,1,1
3,4,p2f,58,future_known,0,1,0.9999732248011488,1,1
3,4,p2f,58,future_known,1,1,0.9999995959073028,1,1
3,4,p2f,58,future_known,2,1,0.9999908136668468,1,1
3,4,p2f,58,future_known,3,1,0.9999998763174989,1,1
3,4,p2f,58,future_known,4,1,0.9998047376053951,1,1
3,4,p2f,58,future_known,5,1,0.9999972435396458,1,1
3,4,p2f,59,future_known,0,1,0.9998647329608895,1,1
3,4,p2f,59,future_known,1,1,0.9998040471873791,1,1
3,4,p2f,59,future_known,2,1,0.9974939378952559,1,1
3,4,p2f,59,future_known,3,1,0.9862628081219812,1,1
3,4,p2f,59,future_known,4,1,0.9997870684957183,1,1
3,4,p2f,59,future_known,5,1,0.9996998033663099,1,1
3,4,p2f,60,future_known,0,1,0.9999662217276757,1,1
3,4,p2f,60,future_known,1,1,0.9999714550093723,1,1
3,4,p2f,60,future_known,2,1,0.9968183125047096,1,1
3,4,p2f,60,future_known,3,1,0.9997710816820531,1,1
3,4,p2f,60,future_known,4,1,0.9319682039303134,1,1
3,4,p2f,60,future_known,5,1,0.9999801095799388,1,1
3,4,p2f,61,future_known,0,1,0.46486897358189827,0,0
3,4,p2f,61,future_known,1,1,0.5016487979671227,1,1
3,4,p2f,61,future_known,2,1,0.0074501381339259955,0,0
3,4,p2f,61,future_known,3,1,0.9151846032820443,1,1
3,4,p2f,61,future_known,4,1,0.4384463225556495,0,0
3,4,p2f,61,future_known,5,1,0.8781720651089531,1,1
3,4,p2f,62,future_known,0,1,0.9999614136524679,1,1
3,4,p2f,62,future_known,1,1,0.9998846341296931,1,1
3,4,p2f,62,future_known,2,1,0.9018195321037923,1,1
3,4,p2f,62,future_known,3,1,0.9997511532688086,1,1
3,4,p2f,62,future_known,4,1,0.9996047590439744,1,1
3,4,p2f,62,future_known,5,1,0.995855577923498,1,1
3,4,p2f,63,future_known,0,1,0.5601127437255424,1,1
3,4,p2f,63,future_known,1,1,0.04064257698497136,0,0
3,4,p2f,63,future_known,2,1,0.2707043750063193,0,0
3,4,p2f,63,future_known,3,1,0.9006993749668258,1,1
3,4,p2f,63,future_known,4,1,0.035556107349577856,0,0
3,4,p2f,63,future_known,5,1,0.10164098561691773,0,0
3,4,p2f,64,future_known,0,1,0.9976277541902482,1,1
3,4,p2f,64,future_known,1,1,0.9999433128768106,1,1
3,4,p2f,64,future_known,2,1,0.6523054148255029,1,1
3,4,p2f,64,future_known,3,1,0.9941573615526653,1,1
3,4,p2f,64,future_known,4,1,0.9964507362928127,1,1
3,4,p2f,64,future_known,5,1,0.9977317315849854,1,1
3,4,p2f,65,future_known,0,1,0.9906906849837938,1,1
3,4,p2f,65,future_known,1,1,0.994794922535963,1,1
3,4,p2f,65,future_known,2,1,0.9999438862292498,1,1
3,4,p2f,65,future_known,3,1,0.990248463174851,1,1
3,4,p2f,65,future_known,4,1,0.9818916084557661,1,1
3,4,p2f,65,future_known,5,1,0.9994836340302186,1,1
3,4,p2f,66,future_known,0,1,0.478973413420557,0,0
3,4,p2f,66,future_known,1,1,0.8548301044902584,1,1
3,4,p2f,66,future_known,2,1,0.9345636356330513,1,1
3,4,p2f,66,future_known,3,1,0.11031230986829355,0,0
3,4,p2f,66,future_known,4,1,0.9973201602880948,1,1
3,4,p2f,66,future_known,5,1,0.1518320939189127,0,0
3,4,p2f,67,future_known,0,1,0.9997434070467365,1,1
3,4,p2f,67,future_known,1,1,0.9999992011498084,1,1
3,4,p2f,67,future_known,2,1,0.996340112158322,1,1
3,4,p2f,67,future_known,3,1,0.9999766909376783,1,1
3,4,p2f,67,future_known,4,1,0.9999950484192629,1,1
3,4,p2f,67,future_known,5,1,0.9965506100492938,1,1
3,4,p2f,68,future_known,0,1,0.6562301432633609,1,1
3,4,p2f,68,future_known,1,1,0.7219631143071426,1,1
3,4,p2f,68,future_known,2,1,0.36450303544516316,0,0
3,4,p2f,68,future_known,3,1,0.9720738803724851,1,1
3,4,p2f,68,future_known,4,1,0.3822105580755179,0,0
3,4,p2f,68,future_known,5,1,0.7766602603784262,1,1
3,4,p2f,69,future_known,0,1,0.8662364522806479,1,1
3,4,p2f,69,future_known,1,1,0.9979173777629562,1,1
3,4,p2f,69,future_known,2,1,0.9775315500228895,1,1
3,4,p2f,69,future_known,3,1,0.9919967398234567,1,1
3,4,p2f,69,future_known,4,1,0.997267517355284,1,1
3,4,p2f,69,future_known,5,1,0.5825619960098397,1,1
3,4,p2f,70,future_known,0,1,0.21141498300334594,0,0
3,4,p2f,70,future_known,1,1,0.026737162108962,0,0
3,4,p2f,70,future_known,2,1,0.007668183707576978,0,0
3,4,p2f,70,future_known,3,1,0.08349027046624576,0,0
3,4,p2f,70,future_known,4,1,0.9816400532519958,1,1
3,4,p2f,70,future_known,5,1,0.004774611230499527,0,0
3,4,p2f,71,future_known,0,1,0.9999886673717593,1,1
3,4,p2f,71,future_known,1,1,0.9993927278737231,1,1
3,4,p2f,71,future_known,2,1,0.9827394776231194,1,1
3,4,p2f,71,future_known,3,1,0.9999786123907597,1,1
3,4,p2f,71,future_known,4,1,0.9987952297740207,1,1
3,4,p2f,71,future_known,5,1,0.9731101617347586,1,1
3,4,p2f,72,future_known,0,1,0.9998687700350586,1,1
3,4,p2f,72,future_known,1,1,0.9990027655738569,1,1
3,4,p2f,72,future_known,2,1,0.9965668996912901,1,1
3,4,p2f,72,future_known,3,1,0.9997584418840892,1,1
3,4,p2f,72,future_known,4,1,0.9999942791984086,1,1
3,4,p2f,72,future_known,5,1,0.98972698265456,1,1
3,4,p2f,73,future_known,0,1,0.997610190414146,1,1
3,4,p2f,73,future_known,1,1,0.9988387007956004,1,1
3,4,p2f,73,future_known,2,1,0.9954716713263638,1,1
3,4,p2f,73,future_known,3,1,0.9665065878502155,1,1
3,4,p2f,73,future_known,4,1,0.9683176602566825,1,1
3,4,p2f,73,future_known,5,1,0.9993574507144202,1,1
3,4,p2f,74,future_known,0,1,0.3787116447679239,0,0
3,4,p2f,74,future_known,1,1,0.04666852920608199,0,0
3,4,p2f,74,future_known,2,1,0.12813622483685538,0,0
3,4,p2f,74,future_known,3,1,0.13803374302769017,0,0
3,4,p2f,74,future_known,4,1,0.0010389827563408237,0,0
3,4,p2f,74,future_known,5,1,0.1380350657797281,0,0
3,4,p2f,75,future_unknown,0,0,0.9999059868731464,1,0
3,4,p2f,75,future_unknown,1,0,0.9999972679042483,1,0
3,4,p2f,75,future_unknown,2,0,0.9999906102275059,1,0
3,4,p2f,75,future_unknown,3,0,0.9999996638828683,1,0
3,4,p2f,75,future_unknown,4,0,0.9995603775418146,1,0
3,4,p2f,75,future_unknown,5,0,0.9983380538422824,1,0
3,4,p2f,76,future_unknown,0,0,0.4597644656144513,0,1
3,4,p2f,76,future_unknown,1,0,0.9968031587566198,1,0
3,4,p2f,76,future_unknown,2,0,0.31325848997244715,0,1
3,4,p2f,76,future_unknown,3,0,0.9999322885159962,1,0
3,4,p2f,76,future_unknown,4,0,0.9933286624679718,1,0
3,4,p2f,76,future_unknown,5,0,0.04569499110577905,0,1
3,4,p2f,77,future_unknown,0,0,0.9976750557912696,1,0
3,4,p2f,77,future_unknown,1,0,0.9992907285506508,1,0
3,4,p2f,77,future_unknown,2,0,0.9865935047399754,1,0
3,4,p2f,77,future_unknown,3,0,0.9859959515799439,1,0
3,4,p2f,77,future_unknown,4,0,0.977060346466364,1,0
3,4,p2f,77,future_unknown,5,0,0.9999720423158313,1,0
3,4,p2f,78,future_unknown,0,0,0.999648426281059,1,0
3,4,p2f,78,future_unknown,1,0,0.9977951732429232,1,0
3,4,p2f,78,future_unknown,2,0,0.9999765145858288,1,0
3,4,p2f,78,future_unknown,3,0,0.9999890640182914,1,0
3,4,p2f,78,future_unknown,4,0,0.9999818043600133,1,0
3,4,p2f,78,future_unknown,5,0,0.9999621473612514,1,0
3,4,p2f,79,future_unknown,0,0,0.9982168947114889,1,0
3,4,p2f,79,future_unknown,1,0,0.9997309473793435,1,0
3,4,p2f,79,future_unknown,2,0,0.9958437091540978,1,0
3,4,p2f,79,future_unknown,3,0,0.9992478517565082,1,0
3,4,p2f,79,future_unknown,4,0,0.9998816512751549,1,0
3,4,p2f,79,future_unknown,5,0,0.9956327161350559,1,0
3,4,p2f,80,future_unknown,0,0,0.9991037797894156,1,0
3,4,p2f,80,future_unknown,1,0,0.9999989970694916,1,0
3,4,p2f,80,future_unknown,2,0,0.9998534168245544,1,0
3,4,p2f,80,future_unknown,3,0,0.9999845570278282,1,0
3,4,p2f,80,future_unknown,4,0,0.9996629050308395,1,0
3,4,p2f,80,future_unknown,5,0,0.9999996883154348,1,0
3,4,p2f,81,future_unknown,0,0,0.9985459012210871,1,0
3,4,p2f,81,future_unknown,1,0,0.9983800266281242,1,0
3,4,p2f,81,future_unknown,2,0,0.9845132063283265,1,0
3,4,p2f,81,future_unknown,3,0,0.9999928264423911,1,0
3,4,p2f,81,future_unknown,4,0,0.9727691447242719,1,0
3,4,p2f,81,future_unknown,5,0,0.9942212321472019,1,0
3,4,p2f,82,future_unknown,0,0,0.9784870225440894,1,0
3,4,p2f,82,future_unknown,1,0,0.9401891515275176,1,0
3,4,p2f,82,future_unknown,2,0,0.9567867803198349,1,0
3,4,p2f,82,future_unknown,3,0,0.9998257369646509,1,0
3,4,p2f,82,future_unknown,4,0,0.9849839054080979,1,0
3,4,p2f,82,future_unknown,5,0,0.9998005553933573,1,0
3,4,p2f,83,future_unknown,0,0,0.9999465039495191,1,0
3,4,p2f,83,future_unknown,1,0,0.9998941926308818,1,0
3,4,p2f,83,future_unknown,2,0,0.9927514118381973,1,0
3,4,p2f,83,future_unknown,3,0,0.9999983298499094,1,0
3,4,p2f,83,future_unknown,4,0,0.986943971041094,1,0
3,4,p2f,83,future_unknown,5,0,0.9998037973149386,1,0
3,4,p2f,84,future_unknown,0,0,0.8422393818081725,1,0
3,4,p2f,84,future_unknown,1,0,0.9871005242483963,1,0
3,4,p2f,84,future_unknown,2,0,0.9204947769532601,1,0
3,4,p2f,84,future_unknown,3,0,0.9991210502194575,1,0
3,4,p2f,84,future_unknown,4,0,0.8486906809907153,1,0
3,4,p2f,84,future_unknown,5,0,0.9671024919478577,1,0
3,4,p2f,85,future_unknown,0,0,0.9959045552471878,1,0
3,4,p2f,85,future_unknown,1,0,0.9999168627885474,1,0
3,4,p2f,85,future_unknown,2,0,0.999999591476291,1,0
3,4,p2f,85,future_unknown,3,0,0.9998490213515961,1,0
3,4,p2f,85,future_unknown,4,0,0.9998062740136078,1,0
3,4,p2f,85,future_unknown,5,0,0.9994995233626804,1,0
3,4,p2f,86,future_unknown,0,0,0.9987214146511688,1,0
3,4,p2f,86,future_unknown,1,0,0.9969102008412793,1,0
3,4,p2f,86,future_unknown,2,0,0.992688868772601,1,0
3,4,p2f,86,future_unknown,3,0,0.999591303610622,1,0
3,4,p2f,86,future_unknown,4,0,0.9998613144952123,1,0
3,4,p2f,86,future_unknown,5,0,0.9999757444850459,1,0
3,4,p2f,87,future_unknown,0,0,0.9996675737660778,1,0
3,4,p2f,87,future_unknown,1,0,0.9984068820429007,1,0
3,4,p2f,87,future_unknown,2,0,0.9807694285186326,1,0
3,4,p2f,87,future_unknown,3,0,0.9929712784485202,1,0
3,4,p2f,87,future_unknown,4,0,0.9763045962763054,1,0
3,4,p2f,87,future_unknown,5,0,0.9994599012713185,1,0
3,4,p2f,88,future_unknown,0,0,0.9766292000636199,1,0
3,4,p2f,88,future_unknown,1,0,0.9999895147016394,1,0
3,4,p2f,88,future_unknown,2,0,0.9999718554458609,1,0
3,4,p2f,88,future_unknown,3,0,0.9999981897063093,1,0
3,4,p2f,88,future_unknown,4,0,0.9999550476996903,1,0
3,4,p2f,88,future_unknown,5,0,0.9999174669499457,1,0
3,4,p2f,89,future_unknown,0,0,0.9598433472573462,1,0
3,4,p2f,89,future_unknown,1,0,0.9996399520128604,1,0
3,4,p2f,89,future_unknown,2,0,0.9991879376914655,1,0
3,4,p2f,89,future_unknown,3,0,0.9999104151242281,1,0
3,4,p2f,89,future_unknown,4,0,0.9997953690315414,1,0
3,4,p2f,89,future_unknown,5,0,0.999895829348042,1,0
3,4,p2f,90,future_unknown,0,0,0.999946404450483,1,0
3,4,p2f,90,future_unknown,1,0,0.9999997118618806,1,0
3,4,p2f,90,future_unknown,2,0,0.9999928714352794,1,0
3,4,p2f,90,future_unknown,3,0,0.9999985113300452,1,0
3,4,p2f,90,future_unknown,4,0,0.9999300803057282,1,0
3,4,p2f,90,future_unknown,5,0,0.9999973795101118,1,0
3,4,p2f,91,future_unknown,0,0,0.5564632978120148,1,0
3,4,p2f,91,future_unknown,1,0,0.9998120318739024,1,0
3,4,p2f,91,future_unknown,2,0,0.5320047672788862,1,0
3,4,p2f,91,future_unknown,3,0,0.9988705954277433,1,0
3,4,p2f,91,future_unknown,4,0,0.8991178476691317,1,0
3,4,p2f,91,future_unknown,5,0,0.9950394141829222,1,0
3,4,p2f,92,future_unknown,0,0,0.4922693547228218,0,1
3,4,p2f,92,future_unknown,1,0,0.9999428826948427,1,0
3,4,p2f,92,future_unknown,2,0,0.9851661955288074,1,0
3,4,p2f,92,future_unknown,3,0,0.9999964037246838,1,0
3,4,p2f,92,future_unknown,4,0,0.9993356958613312,1,0
3,4,p2f,92,future_unknown,5,0,0.9232469101672393,1,0
3,4,p2f,93,future_unknown,0,0,0.9995206611792004,1,0
3,4,p2f,93,future_unknown,1,0,0.999999687914429,1,0
3,4,p2f,93,future_unknown,2,0,0.9130503705170123,1,0
3,4,p2f,93,future_unknown,3,0,0.9130503705170123,1,0
3,4,p2f,93,future_unknown,4,0,0.9999996133125405,1,0
3,4,p2f,93,future_unknown,5,0,0.9999857884271185,1,0
3,4,p2f,94,future_unknown,0,0,0.999493691383436,1,0
3,4,p2f,94,future_unknown,1,0,0.9997113664277003,1,0
3,4,p2f,94,future_unknown,2,0,0.998673929482048,1,0
3,4,p2f,94,future_unknown,3,0,0.9999996231045646,1,0
3,4,p2f,94,future_unknown,4,0,0.999997707043543,1,0
3,4,p2f,94,future_unknown,5,0,0.9998702463524237,1,0
3,4,p2f,95,future_unknown,0,0,0.9750778632347159,1,0
3,4,p2f,95,future_unknown,1,0,0.9993024572211581,1,0
3,4,p2f,95,future_unknown,2,0,0.976982987259164,1,0
3,4,p2f,95,future_unknown,3,0,0.9152275748285994,1,0
3,4,p2f,95,future_unknown,4,0,0.9973272594573245,1,0
3,4,p2f,95,future_unknown,5,0,0.9520313259006202,1,0
3,4,p2f,96,future_unknown,0,0,0.9998283888797548,1,0
3,4,p2f,96,future_unknown,1,0,0.9999102933487934,1,0
3,4,p2f,96,future_unknown,2,0,0.9999976093956062,1,0
3,4,p2f,96,future_unknown,3,0,0.9998920250393222,1,0
3,4,p2f,96,future_unknown,4,0,0.9999282207311496,1,0
3,4,p2f,96,future_unknown,5,0,0.999945812143844,1,0
3,4,p2f,97,future_unknown,0,0,0.8372560030079079,1,0
3,4,p2f,97,future_unknown,1,0,0.9250904466420065,1,0
3,4,p2f,97,future_unknown,2,0,0.1658289726437319,0,1
3,4,p2f,97,future_unknown,3,0,0.577755949876069,1,0
3,4,p2f,97,future_unknown,4,0,0.31466497306828134,0,1
3,4,p2f,97,future_unknown,5,0,0.9055989689851218,1,0
3,4,p2f,98,future_unknown,0,0,0.0005482491371555091,0,1
3,4,p2f,98,future_unknown,1,0,0.9837579647364122,1,0
3,4,p2f,98,future_unknown,2,0,0.05083736947575617,0,1
3,4,p2f,98,future_unknown,3,0,0.9953195015087394,1,0
3,4,p2f,98,future_unknown,4,0,0.18438907970069118,0,1
3,4,p2f,98,future_unknown,5,0,0.9874894629939029,1,0
3,4,p2f,99,future_unknown,0,0,0.9984998101021144,1,0
3,4,p2f,99,future_unknown,1,0,0.996455289359484,1,0
3,4,p2f,99,future_unknown,2,0,0.9998340518602946,1,0
3,4,p2f,99,future_unknown,3,0,0.9999829293973397,1,0
3,4,p2f,99,future_unknown,4,0,0.9914143584111081,1,0
3,4,p2f,99,future_unknown,5,0,0.9999492200598958,1,0
3,4,f2p,0,past_known,0,1,0.02340290049316838,0,0
3,4,f2p,0,past_known,1,1,0.0002790877121340323,0,0
3,4,f2p,0,past_known,2,1,0.005928292172830742,0,0
3,4,f2p,0,past_known,3,1,1.527972888652569e-06,0,0
3,4,f2p,0,past_known,4,1,0.004579746937794683,0,0
3,4,f2p,0,past_known,5,1,1.5405637193529337e-05,0,0
3,4,f2p,1,past_known,0,1,0.167763812972427,0,0
3,4,f2p,1,past_known,1,1,0.1585515859685368,0,0
3,4,f2p,1,past_known,2,1,0.18142303225849524,0,0
3,4,f2p,1,past_known,3,1,4.249707539135215e-05,0,0
3,4,f2p,1,past_known,4,1,1.2382434203733156e-07,0,0
3,4,f2p,1,past_known,5,1,0.001146132477645779,0,0
3,4,f2p,2,past_known,0,1,0.161264921066961,0,0
3,4,f2p,2,past_known,1,1,0.00132236057231308,0,0
3,4,f2p,2,past_known,2,1,0.5519396095179109,1,1
3,4,f2p,2,past_known,3,1,0.000818968590239853,0,0
3,4,f2p,2,past_known,4,1,0.0021456285953227647,0,0
3,4,f2p,2,past_known,5,1,0.03608615879210658,0,0
3,4,f2p,3,past_known,0,1,0.0001471663780659287,0,0
3,4,f2p,3,past_known,1,1,0.005777255998402033,0,0
3,4,f2p,3,past_known,2,1,0.01819760819718159,0,0
3,4,f2p,3,past_known,3,1,0.01899149342413499,0,0
3,4,f2p,3,past_known,4,1,0.0004012487377467487,0,0
3,4,f2p,3,past_known,5,1,0.00043234554920880126,0,0
3,4,f2p,4,past_known,0,1,3.1668928120051558e-06,0,0
3,4,f2p,4,past_known,1,1,0.008438738947371086,0,0
3,4,f2p,4,past_known,2,1,0.0009828366058049658,0,0
3,4,f2p,4,past_known,3,1,0.0009055278021094791,0,0
3,4,f2p,4,past_known,4,1,4.126380799847715e-06,0,0
3,4,f2p,4,past_known,5,1,0.00025834551839429455,0,0
3,4,f2p,5,past_known,0,1,0.4386590332798592,0,0
3,4,f2p,5,past_known,1,1,0.13060522791275325,0,0
3,4,f2p,5,past_known,2,1,0.8181064583397176,1,1
3,4,f2p,5,past_known,3,1,0.9892627098748675,1,1
3,4,f2p,5,past_known,4,1,0.9556132065399628,1,1
3,4,f2p,5,past_known,5,1,0.9979138637594476,1,1
3,4,f2p,6,past_known,0,1,4.2120866452443854e-05,0,0
3,4,f2p,6,past_known,1,1,0.0005810880848896749,0,0
3,4,f2p,6,past_known,2,1,3.6505379425600406e-06,0,0
3,4,f2p,6,past_known,3,1,1.1749845917113606e-05,0,0
3,4,f2p,6,past_known,4,1,2.1244543170089105e-05,0,0
3,4,f2p,6,past_known,5,1,9.029134462796766e-07,0,0
3,4,f2p,7,past_known,0,1,0.9423961065824239,1,1
3,4,f2p,7,past_known,1,1,0.99952716124342,1,1
3,4,f2p,7,past_known,2,1,0.032195576542545894,0,0
3,4,f2p,7,past_known,3,1,0.970670812668015,1,1
3,4,f2p,7,past_known,4,1,0.9500335011431171,1,1
3,4,f2p,7,past_known,5,1,0.012391066833348965,0,0
3,4,f2p,8,past_known,0,1,4.5635190628311394e-05,0,0
3,4,f2p,8,past_known,1,1,0.002630351441669537,0,0
3,4,f2p,8,past_known,2,1,0.0038422044271538697,0,0
3,4,f2p,8,past_known,3,1,1.4472014285370555e-05,0,0
3,4,f2p,8,past_known,4,1,0.00028251578893741773,0,0
3,4,f2p,8,past_known,5,1,0.0013593065541378415,0,0
3,4,f2p,9,past_known,0,1,0.2419215544868058,0,0
3,4,f2p,9,past_known,1,1,0.4989632849934121,0,0
3,4,f2p,9,past_known,2,1,0.18175296743127456,0,0
3,4,f2p,9,past_known,3,1,0.9985262307746852,1,1
3,4,f2p,9,past_known,4,1,0.945172873219985,1,1
3,4,f2p,9,past_known,5,1,0.10240774616504453,0,0
3,4,f2p,10,past_known,0,1,0.963389630075592,1,1
3,4,f2p,10,past_known,1,1,0.9981119198762167,1,1
3,4,f2p,10,past_known,2,1,0.95777694616914,1,1
3,4,f2p,10,past_known,3,1,0.9236763153394907,1,1
3,4,f2p,10,past_known,4,1,0.9618400807434166,1,1
3,4,f2p,10,past_known,5,1,0.9992951839590895,1,1
3,4,f2p,11,past_known,0,1,0.49263197904690414,0,0
3,4,f2p,11,past_known,1,1,0.007514969355441728,0,0
3,4,f2p,11,past_known,2,1,0.00023704174539559947,0,0
3,4,f2p,11,past_known,3,1,0.1100828634465529,0,0
3,4,f2p,11,past_known,4,1,0.06562083589370471,0,0
3,4,f2p,11,past_known,5,1,0.8160209460634441,1,1
3,4,f2p,12,past_known,0,1,0.14975300302391736,0,0
3,4,f2p,12,past_known,1,1,0.0016317763211796364,0,0
3,4,f2p,12,past_known,2,1,0.2295476136701814,0,0
3,4,f2p,12,past_known,3,1,0.3164209940457267,0,0
3,4,f2p,12,past_known,4,1,0.0040305943621161515,0,0
3,4,f2p,12,past_known,5,1,0.572091684166034,1,1
3,4,f2p,13,past_known,0,1,0.8844568617101597,1,1
3,4,f2p,13,past_known,1,1,0.01623097598170005,0,0
3,4,f2p,13,past_known,2,1,0.9974663678355649,1,1
3,4,f2p,13,past_known,3,1,0.9970494450111839,1,1
3,4,f2p,13,past_known,4,1,0.02402122550740803,0,0
3,4,f2p,13,past_known,5,1,0.5698802249461565,1,1
3,4,f2p,14,past_known,0,1,0.020342827307508908,0,0
3,4,f2p,14,past_known,1,1,0.8782800612543237,1,1
3,4,f2p,14,past_known,2,1,0.6386734976730635,1,1
3,4,f2p,14,past_known,3,1,0.9598169225070023,1,1
3,4,f2p,14,past_known,4,1,0.20602784651699857,0,0
3,4,f2p,14,past_known,5,1,0.9820437150040904,1,1
3,4,f2p,15,past_known,0,1,0.0004806720113813815,0,0
3,4,f2p,15,past_known,1,1,2.092189468611267e-05,0,0
3,4,f2p,15,past_known,2,1,0.00900167235689771,0,0
3,4,f2p,15,past_known,3,1,2.0736528833314495e-06,0,0
3,4,f2p,15,past_known,4,1,9.201624475223453e-06,0,0
3,4,f2p,15,past_known,5,1,0.1230985328114663,0,0
3,4,f2p,16,past_known,0,1,0.9881471995708137,1,1
3,4,f2p,16,past_known,1,1,0.9993581654605721,1,1
3,4,f2p,16,past_known,2,1,0.990706980549842,1,1
3,4,f2p,16,past_known,3,1,0.5828216347101829,1,1
3,4,f2p,16,past_known,4,1,0.8421681905598164,1,1
3,4,f2p,16,past_known,5,1,0.9994933613155752,1,1
3,4,f2p,17,past_known,0,1,0.0019078092578444707,0,0
3,4,f2p,17,past_known,1,1,0.00014321050825305998,0,0
3,4,f2p,17,past_known,2,1,7.516389840697361e-05,0,0
3,4,f2p,17,past_known,3,1,0.0016731010181885878,0,0
3,4,f2p,17,past_known,4,1,0.0008291304603273922,0,0
3,4,f2p,17,past_known,5,1,0.005292733133812695,0,0
3,4,f2p,18,past_known,0,1,0.9514741639942953,1,1
3,4,f2p,18,past_known,1,1,0.0009317606737647825,0,0
3,4,f2p,18,past_known,2,1,0.01091228828856002,0,0
3,4,f2p,18,past_known,3,1,0.000360746374895801,0,0
3,4,f2p,18,past_known,4,1,0.318595496354906,0,0
3,4,f2p,18,past_known,5,1,0.0372129984909868,0,0
3,4,f2p,19,past_known,0,1,0.8897914708946408,1,1
3,4,f2p,19,past_known,1,1,0.7009870781838473,1,1
3,4,f2p,19,past_known,2,1,0.9195622352073594,1,1
3,4,f2p,19,past_known,3,1,0.9984014412815422,1,1
3,4,f2p,19,past_known,4,1,0.8644514188506073,1,1
3,4,f2p,19,past_known,5,1,0.9914004597421442,1,1
3,4,f2p,20,past_known,0,1,0.284833667873187,0,0
3,4,f2p,20,past_known,1,1,0.006636141052156289,0,0
3,4,f2p,20,past_known,2,1,0.0072103438998081075,0,0
3,4,f2p,20,past_known,3,1,0.0010484057852462915,0,0
3,4,f2p,20,past_known,4,1,0.0008873219618223178,0,0
3,4,f2p,20,past_known,5,1,0.008420748766119866,0,0
3,4,f2p,21,past_known,0,1,0.007915975848486589,0,0
3,4,f2p,21,past_known,1,1,3.4984758279138907e-06,0,0
3,4,f2p,21,past_known,2,1,0.99989099592857,1,1
3,4,f2p,21,past_known,3,1,7.810557580221998e-05,0,0
3,4,f2p,21,past_known,4,1,0.005509420724874921,0,0
3,4,f2p,21,past_known,5,1,1.170158097815025e-05,0,0
3,4,f2p,22,past_known,0,1,2.0160826813008782e-05,0,0
3,4,f2p,22,past_known,1,1,0.1489908212881221,0,0
3,4,f2p,22,past_known,2,1,0.0005495411289681453,0,0
3,4,f2p,22,past_known,3,1,0.09908593989659163,0,0
3,4,f2p,22,past_known,4,1,5.1718548032423446e-05,0,0
3,4,f2p,22,past_known,5,1,0.07261432291447208,0,0
3,4,f2p,23,past_known,0,1,0.002047176897676796,0,0
3,4,f2p,23,past_known,1,1,0.031753576608891255,0,0
3,4,f2p,23,past_known,2,1,0.042631358556936304,0,0
3,4,f2p,23,past_known,3,1,0.0641819061006037,0,0
3,4,f2p,23,past_known,4,1,0.25805448482985976,0,0
3,4,f2p,23,past_known,5,1,0.012656681082428635,0,0
3,4,f2p,24,past_known,0,1,0.9999923402309826,1,1
3,4,f2p,24,past_known,1,1,0.9988275331291656,1,1
3,4,f2p,24,past_known,2,1,0.9999953588881799,1,1
3,4,f2p,24,past_known,3,1,0.9999987212367331,1,1
3,4,f2p,24,past_known,4,1,0.9998733309993808,1,1
3,4,f2p,24,past_known,5,1,0.9996231678874137,1,1
3,4,f2p,25,past_unknown,0,0,0.07309513079731488,0,1
3,4,f2p,25,past_unknown,1,0,0.10827354630266155,0,1
3,4,f2p,25,past_unknown,2,0,0.17960205702461932,0,1
3,4,f2p,25,past_unknown,3,0,0.1914104853824774,0,1
3,4,f2p,25,past_unknown,4,0,0.13074976747092723,0,1
3,4,f2p,25,past_unknown,5,0,0.8458685636939977,1,0
3,4,f2p,26,past_unknown,0,0,0.7244250969451057,1,0
3,4,f2p,26,past_unknown,1,0,0.9984106923781841,1,0
3,4,f2p,26,past_unknown,2,0,0.7961426475676563,1,0
3,4,f2p,26,past_unknown,3,0,0.4579529117234872,0,1
3,4,f2p,26,past_unknown,4,0,0.8651046179854104,1,0
3,4,f2p,26,past_unknown,5,0,0.2911537732686406,0,1
3,4,f2p,27,past_unknown,0,0,0.013946635277171859,0,1
3,4,f2p,27,past_unknown,1,0,0.018025580169475766,0,1
3,4,f2p,27,past_unknown,2,0,0.008227528047051706,0,1
3,4,f2p,27,past_unknown,3,0,0.004090575729782656,0,1
3,4,f2p,27,past_unknown,4,0,0.02008404625739133,0,1
3,4,f2p,27,past_unknown,5,0,0.037959028024870674,0,1
3,4,f2p,28,past_unknown,0,0,0.8596543853475103,1,0
3,4,f2p,28,past_unknown,1,0,0.49942483157588646,0,1
3,4,f2p,28,past_unknown,2,0,0.6298391760340523,1,0
3,4,f2p,28,past_unknown,3,0,0.059992470198416754,0,1
3,4,f2p,28,past_unknown,4,0,0.8473400453080476,1,0
3,4,f2p,28,past_unknown,5,0,6.1411215502509665e-06,0,1
3,4,f2p,29,past_unknown,0,0,0.8074197984630265,1,0
3,4,f2p,29,past_unknown,1,0,0.022134491645432547,0,1
3,4,f2p,29,past_unknown,2,0,0.012414862209214778,0,1
3,4,f2p,29,past_unknown,3,0,0.10123026778703273,0,1
3,4,f2p,29,past_unknown,4,0,0.07641314951915607,0,1
3,4,f2p,29,past_unknown,5,0,0.20479539118992113,0,1
3,4,f2p,30,past_unknown,0,0,0.0053232573854244125,0,1
3,4,f2p,30,past_unknown,1,0,0.006579177644190108,0,1
3,4,f2p,30,past_unknown,2,0,0.025694627798400316,0,1
3,4,f2p,30,past_unknown,3,0,0.0016619564312261904,0,1
3,4,f2p,30,past_unknown,4,0,0.0008833375507792675,0,1
3,4,f2p,30,past_unknown,5,0,0.0012947187897730374,0,1
3,4,f2p,31,past_unknown,0,0,0.9765599317473099,1,0
3,4,f2p,31,past_unknown,1,0,0.4094831940377642,0,1
3,4,f2p,31,past_unknown,2,0,0.47167852615658384,0,1
3,4,f2p,31,past_unknown,3,0,0.8781825386665629,1,0
3,4,f2p,31,past_unknown,4,0,0.8676949276251477,1,0
3,4,f2p,31,past_unknown,5,0,0.9784918276786572,1,0
3,4,f2p,32,past_unknown,0,0,0.011992445653477507,0,1
3,4,f2p,32,past_unknown,1,0,0.00013094664771864275,0,1
3,4,f2p,32,past_unknown,2,0,0.3164933622873798,0,1
3,4,f2p,32,past_unknown,3,0,0.0002817870342180673,0,1
3,4,f2p,32,past_unknown,4,0,0.002357237008899916,0,1
3,4,f2p,32,past_unknown,5,0,0.11973322833016709,0,1
3,4,f2p,33,past_unknown,0,0,0.13120176841482162,0,1
3,4,f2p,33,past_unknown,1,0,0.8583136356531396,1,0
3,4,f2p,33,past_unknown,2,0,0.04231147547492568,0,1
3,4,f2p,33,past_unknown,3,0,0.9295523480405169,1,0
3,4,f2p,33,past_unknown,4,0,0.999801532633287,1,0
3,4,f2p,33,past_unknown,5,0,0.9454507646673151,1,0
3,4,f2p,34,past_unknown,0,0,0.003417014461090776,0,1
3,4,f2p,34,past_unknown,1,0,0.0010774180365969114,0,1
3,4,f2p,34,past_unknown,2,0,0.00012941995992321216,0,1
3,4,f2p,34,past_unknown,3,0,0.010795931266461917,0,1
3,4,f2p,34,past_unknown,4,0,0.007726777247154075,0,1
3,4,f2p,34,past_unknown,5,0,0.03669897666353472,0,1
3,4,f2p,35,past_unknown,0,0,0.9899913737019808,1,0
3,4,f2p,35,past_unknown,1,0,0.9321876863791208,1,0
3,4,f2p,35,past_unknown,2,0,0.547086324486939,1,0
3,4,f2p,35,past_unknown,3,0,0.48019663182471495,0,1
3,4,f2p,35,past_unknown,4,0,0.36925958174954476,0,1
3,4,f2p,35,past_unknown,5,0,0.1652060495763969,0,1
3,4,f2p,36,past_unknown,0,0,0.07931363884748666,0,1
3,4,f2p,36,past_unknown,1,0,0.015787886632237617,0,1
3,4,f2p,36,past_unknown,2,0,0.008463301391280894,0,1
3,4,f2p,36,past_unknown,3,0,0.033883208225159216,0,1
3,4,f2p,36,past_unknown,4,0,0.37224341168893343,0,1
3,4,f2p,36,past_unknown,5,0,0.017991918111428896,0,1
3,4,f2p,37,past_unknown,0,0,0.01854626263831184,0,1
3,4,f2p,37,past_unknown,1,0,0.00048707434587432716,0,1
3,4,f2p,37,past_unknown,2,0,0.0013069456185173507,0,1
3,4,f2p,37,past_unknown,3,0,0.00036796909966529707,0,1
3,4,f2p,37,past_unknown,4,0,0.006536315974736269,0,1
3,4,f2p,37,past_unknown,5,0,0.027286490861734534,0,1
3,4,f2p,38,past_unknown,0,0,0.008257813295070082,0,1
3,4,f2p,38,past_unknown,1,0,0.03022060012907882,0,1
3,4,f2p,38,past_unknown,2,0,0.2875956906012147,0,1
3,4,f2p,38,past_unknown,3,0,0.8317340981092634,1,0
3,4,f2p,38,past_unknown,4,0,0.06906497998830619,0,1
3,4,f2p,38,past_unknown,5,0,0.7177815874293343,1,0
3,4,f2p,39,past_unknown,0,0,0.7161940808778239,1,0
3,4,f2p,39,past_unknown,1,0,0.9434433479289959,1,0
3,4,f2p,39,past_unknown,2,0,0.8808617073924396,1,0
3,4,f2p,39,past_unknown,3,0,0.0399793731584173,0,1
3,4,f2p,39,past_unknown,4,0,0.9938891950071935,1,0
3,4,f2p,39,past_unknown,5,0,0.24249176634432015,0,1
3,4,f2p,40,past_unknown,0,0,5.9393736647198534e-05,0,1
3,4,f2p,40,past_unknown,1,0,0.00014342207331866544,0,1
3,4,f2p,40,past_unknown,2,0,0.00014544788333783264,0,1
3,4,f2p,40,past_unknown,3,0,0.00010993289902048198,0,1
3,4,f2p,40,past_unknown,4,0,3.7810393496131274e-05,0,1
3,4,f2p,40,past_unknown,5,0,0.009093596073558956,0,1
3,4,f2p,41,past_unknown,0,0,0.8002397257103259,1,0
3,4,f2p,41,past_unknown,1,0,0.9454103042679153,1,0
3,4,f2p,41,past_unknown,2,0,0.9819110874899143,1,0
3,4,f2p,41,past_unknown,3,0,0.15670984488320172,0,1
3,4,f2p,41,past_unknown,4,0,0.2423184806255619,0,1
3,4,f2p,41,past_unknown,5,0,0.9755742260542994,1,0
3,4,f2p,42,past_unknown,0,0,0.7018245074601305,1,0
3,4,f2p,42,past_unknown,1,0,0.07745964292900896,0,1
3,4,f2p,42,past_unknown,2,0,0.2582502837925592,0,1
3,4,f2p,42,past_unknown,3,0,0.7812097622022117,1,0
3,4,f2p,42,past_unknown,4,0,0.03311873727520643,0,1
3,4,f2p,42,past_unknown,5,0,0.24129653820426025,0,1
3,4,f2p,43,past_unknown,0,0,0.9094044825674449,1,0
3,4,f2p,43,past_unknown,1,0,0.006336709433465986,0,1
3,4,f2p,43,past_unknown,2,0,0.0015493107312413675,0,1
3,4,f2p,43,past_unknown,3,0,0.032918016535972386,0,1
3,4,f2p,43,past_unknown,4,0,0.2213465376500464,0,1
3,4,f2p,43,past_unknown,5,0,0.023284534831884852,0,1
3,4,f2p,44,past_unknown,0,0,0.5171412592897884,1,0
3,4,f2p,44,past_unknown,1,0,0.46339519478223956,0,1
3,4,f2p,44,past_unknown,2,0,0.3413422089014432,0,1
3,4,f2p,44,past_unknown,3,0,0.018997033619355518,0,1
3,4,f2p,44,past_unknown,4,0,0.3687854580171624,0,1
3,4,f2p,44,past_unknown,5,0,0.5550787379324058,1,0
3,4,f2p,45,past_unknown,0,0,0.19989864484915232,0,1
3,4,f2p,45,past_unknown,1,0,0.15877897847048417,0,1
3,4,f2p,45,past_unknown,2,0,0.28036113706360327,0,1
3,4,f2p,45,past_unknown,3,0,0.007681415143856504,0,1
3,4,f2p,45,past_unknown,4,0,0.030513404967540268,0,1
3,4,f2p,45,past_unknown,5,0,0.06981666224758191,0,1
3,4,f2p,46,past_unknown,0,0,0.08795358345015544,0,1
3,4,f2p,46,past_unknown,1,0,0.008128959588417655,0,1
3,4,f2p,46,past_unknown,2,0,0.00013193464159768432,0,1
3,4,f2p,46,past_unknown,3,0,0.0028236707627005333,0,1
3,4,f2p,46,past_unknown,4,0,0.0021614287346308565,0,1
3,4,f2p,46,past_unknown,5,0,0.0014030503020094494,0,1
3,4,f2p,47,past_unknown,0,0,0.9979436469852478,1,0
3,4,f2p,47,past_unknown,1,0,0.993237940338624,1,0
3,4,f2p,47,past_unknown,2,0,0.9926290556295907,1,0
3,4,f2p,47,past_unknown,3,0,0.9994047254658404,1,0
3,4,f2p,47,past_unknown,4,0,0.8458585205787533,1,0
3,4,f2p,47,past_unknown,5,0,0.6769044657148148,1,0
3,4,f2p,48,past_unknown,0,0,0.9546038661412517,1,0
3,4,f2p,48,past_unknown,1,0,0.4187689652346929,0,1
3,4,f2p,48,past_unknown,2,0,0.8022999876038313,1,0
3,4,f2p,48,past_unknown,3,0,0.872612037613945,1,0
3,4,f2p,48,past_unknown,4,0,0.9726206366460738,1,0
3,4,f2p,48,past_unknown,5,0,0.9825150473609973,1,0
3,4,f2p,49,past_unknown,0,0,0.846172106968809,1,0
3,4,f2p,49,past_unknown,1,0,0.9281977595119877,1,0
3,4,f2p,49,past_unknown,2,0,0.4524341337137257,0,1
3,4,f2p,49,past_unknown,3,0,0.006449462482955552,0,1
3,4,f2p,49,past_unknown,4,0,0.9958496951616721,1,0
3,4,f2p,49,past_unknown,5,0,0.9775997279414055,1,0
4,4,p2f,50,future_known,0,1,0.9966192871571393,1,1
4,4,p2f,50,future_known,1,1,0.9731898521071183,1,1
4,4,p2f,50,future_known,2,1,0.9999853427988098,1,1
4,4,p2f,50,future_known,3,1,0.9730455667191997,1,1
4,4,p2f,50,future_known,4,1,0.9820947361946362,1,1
4,4,p2f,50,future_known,5,1,0.9999320917994541,1,1
4,4,p2f,51,future_known,0,1,0.9977843977708144,1,1
4,4,p2f,51,future_known,1,1,0.6590044406891672,1,1
4,4,p2f,51,future_known,2,1,0.5131548865812507,1,1
4,4,p2f,51,future_known,3,1,0.9976169652626771,1,1
4,4,p2f,51,future_known,4,1,0.26566656241202236,0,0
4,4,p2f,51,future_known,5,1,0.8442541890628703,1,1
4,4,p2f,52,future_known,0,1,0.989537044091057,1,1
4,4,p2f,52,future_known,1,1,0.9999707698799535,1,1
4,4,p2f,52,future_known,2,1,0.9983240970108227,1,1
4,4,p2f,52,future_known,3,1,0.9892589757676811,1,1
4,4,p2f,52,future_known,4,1,0.9988554961023766,1,1
4,4,p2f,52,future_known,5,1,0.9901417356098124,1,1
4,4,p2f,53,future_known,0,1,0.9999999982928136,1,1
4,4,p2f,53,future_known,1,1,0.9999982826613697,1,1
4,4,p2f,53,future_known,2,1,0.999994111796709,1,1
4,4,p2f,53,future_known,3,1,0.9999158392958835,1,1
4,4,p2f,53,future_known,4,1,0.9999462719754474,1,1
4,4,p2f,53,future_known,5,1,0.9999828313105551,1,1
4,4,p2f,54,future_known,0,1,0.9997601760537876,1,1
4,4,p2f,54,future_known,1,1,0.9949463055947343,1,1
4,4,p2f,54,future_known,2,1,0.9998525252100066,1,1
4,4,p2f,54,future_known,3,1,0.9997694940113648,1,1
4,4,p2f,54,future_known,4,1,0.8882941782870244,1,1
4,4,p2f,54,future_known,5,1,0.9998359438426141,1,1
4,4,p2f,55,future_known,0,1,0.9999874955751865,1,1
4,4,p2f,55,future_known,1,1,0.9997559719646749,1,1
4,4,p2f,55,future_known,2,1,0.9881628658379226,1,1
4,4,p2f,55,future_known,3,1,0.9999957727683145,1,1
4,4,p2f,55,future_known,4,1,0.9622564573161557,1,1
4,4,p2f,55,future_known,5,1,0.9994090620540557,1,1
4,4,p2f,56,future_known,0,1,0.9920403321124072,1,1
4,4,p2f,56,future_known,1,1,0.9996781516873803,1,1
4,4,p2f,56,future_known,2,1,0.7837088657284954,1,1
4,4,p2f,56,future_known,3,1,0.9955739351609946,1,1
4,4,p2f,56,future_known,4,1,0.05651267752443025,0,0
4,4,p2f,56,future_known,5,1,0.9987845227447595,1,1
4,4,p2f,57,future_known,0,1,0.9989962244366163,1,1
4,4,p2f,57,future_known,1,1,0.9997575261056639,1,1
4,4,p2f,57,future_known,2,1,0.9999034522248044,1,1
4,4,p2f,57,future_known,3,1,0.9989917879792876,1,1
4,4,p2f,57,future_known,4,1,0.9959266174044169,1,1
4,4,p2f,57,future_known,5,1,0.9877569383842177,1,1
4,4,p2f,58,future_known,0,1,0.9999986645693609,1,1
4,4,p2f,58,future_known,1,1,0.9999993000790551,1,1
4,4,p2f,58,future_known,2,1,0.9999402448901737,1,1
4,4,p2f,58,future_known,3,1,0.9999990836144419,1,1
4,4,p2f,58,future_known,4,1,0.9992032631524812,1,1
4,4,p2f,58,future_known,5,1,0.9999966652848996,1,1
4,4,p2f,59,future_known,0,1,0.999040050412542,1,1
4,4,p2f,59,future_known,1,1,0.9971911546058474,1,1
4,4,p2f,59,future_known,2,1,0.8337079844732073,1,1
4,4,p2f,59,future_known,3,1,0.7383853517200624,1,1
4,4,p2f,59,future_known,4,1,0.9688005355984305,1,1
4,4,p2f,59,future_known,5,1,0.982761223674937,1,1
4,4,p2f,60,future_known,0,1,0.9999857037243735,1,1
4,4,p2f,60,future_known,1,1,0.9979231336676796,1,1
4,4,p2f,60,future_known,2,1,0.7852447873949564,1,1
4,4,p2f,60,future_known,3,1,0.9894718699543008,1,1
4,4,p2f,60,future_known,4,1,0.36580863741586306,0,0
4,4,p2f,60,future_known,5,1,0.9953794652304587,1,1
4,4,p2f,61,future_known,0,1,0.3433519347098665,0,0
4,4,p2f,61,future_known,1,1,0.4997736999537924,0,0
4,4,p2f,61,future_known,2,1,0.0022799524860150195,0,0
4,4,p2f,61,future_known,3,1,0.6846015456831241,1,1
4,4,p2f,61,future_known,4,1,0.3229029147901856,0,0
4,4,p2f,61,future_known,5,1,0.6934439845909918,1,1
4,4,p2f,62,future_known,0,1,0.9999367369597554,1,1
4,4,p2f,62,future_known,1,1,0.9986659512593435,1,1
4,4,p2f,62,future_known,2,1,0.36233143654717453,0,0
4,4,p2f,62,future_known,3,1,0.9919745178700148,1,1
4,4,p2f,62,future_known,4,1,0.9943446363534839,1,1
4,4,p2f,62,future_known,5,1,0.9541638621569062,1,1
4,4,p2f,63,future_known,0,1,0.9313827301636421,1,1
4,4,p2f,63,future_known,1,1,0.03263969975492615,0,0
4,4,p2f,63,future_known,2,1,0.09509297481024015,0,0
4,4,p2f,63,future_known,3,1,0.9623600389438108,1,1
4,4,p2f,63,future_known,4,1,0.0325982291788479,0,0
4,4,p2f,63,future_known,5,1,0.10829683031861119,0,0
4,4,p2f,64,future_known,0,1,0.9996745231557986,1,1
4,4,p2f,64,future_known,1,1,0.9999093375797534,1,1
4,4,p2f,64,future_known,2,1,0.9960780007101098,1,1
4,4,p2f,64,future_known,3,1,0.9893524866317408,1,1
4,4,p2f,64,future_known,4,1,0.9869295124140629,1,1
4,4,p2f,64,future_known,5,1,0.9980227258406246,1,1
4,4,p2f,65,future_known,0,1,0.9731516125924723,1,1
4,4,p2f,65,future_known,1,1,0.9872458458564235,1,1
4,4,p2f,65,future_known,2,1,0.9999656332805537,1,1
4,4,p2f,65,future_known,3,1,0.9683752299247669,1,1
4,4,p2f,65,future_known,4,1,0.966582557409317,1,1
4,4,p2f,65,future_known,5,1,0.9592122478212153,1,1
4,4,p2f,66,future_known,0,1,0.19404358095445656,0,0
4,4,p2f,66,future_known,1,1,0.20256514660669037,0,0
4,4,p2f,66,future_known,2,1,0.9284583171520295,1,1
4,4,p2f,66,future_known,3,1,0.039851340231291284,0,0
4,4,p2f,66,future_known,4,1,0.9091607224470916,1,1
4,4,p2f,66,future_known,5,1,0.046189771609118316,0,0
4,4,p2f,67,future_known,0,1,0.9977382340916647,1,1
4,4,p2f,67,future_known,1,1,0.9999988909959261,1,1
4,4,p2f,67,future_known,2,1,0.9977276693510954,1,1
4,4,p2f,67,future_known,3,1,0.999913286495628,1,1
4,4,p2f,67,future_known,4,1,0.9999853969649618,1,1
4,4,p2f,67,future_known,5,1,0.9981251475890891,1,1
4,4,p2f,68,future_known,0,1,0.7422323661038374,1,1
4,4,p2f,68,future_known,1,1,0.8028789353254083,1,1
4,4,p2f,68,future_known,2,1,0.4351408795654129,0,0
4,4,p2f,68,future_known,3,1,0.9639222533383557,1,1
4,4,p2f,68,future_known,4,1,0.48446318272086336,0,0
4,4,p2f,68,future_known,5,1,0.8564747013885163,1,1
4,4,p2f,69,future_known,0,1,0.799103574335402,1,1
4,4,p2f,69,future_known,1,1,0.9890910981906195,1,1
4,4,p2f,69,future_known,2,1,0.894093586043424,1,1
4,4,p2f,69,future_known,3,1,0.9726095679854835,1,1
4,4,p2f,69,future_known,4,1,0.9953336631713742,1,1
4,4,p2f,69,future_known,5,1,0.5079276590478838,1,1
4,4,p2f,70,future_known,0,1,0.8991380509810769,1,1
4,4,p2f,70,future_known,1,1,0.07493236980391023,0,0
4,4,p2f,70,future_known,2,1,0.013587222653315573,0,0
4,4,p2f,70,future_known,3,1,0.06552792900281873,0,0
4,4,p2f,70,future_known,4,1,0.994156887693491,1,1
4,4,p2f,70,future_known,5,1,0.011908502470395729,0,0
4,4,p2f,71,future_known,0,1,0.9999724952320121,1,1
4,4,p2f,71,future_known,1,1,0.9981357918689502,1,1
4,4,p2f,71,future_known,2,1,0.7603902629448053,1,1
4,4,p2f,71,future_known,3,1,0.9998204982869455,1,1
4,4,p2f,71,future_known,4,1,0.9835428504870131,1,1
4,4,p2f,71,future_known,5,1,0.7892803453411792,1,1
4,4,p2f,72,future_known,0,1,0.9999689858822322,1,1
4,4,p2f,72,future_known,1,1,0.9987606714758871,1,1
4,4,p2f,72,future_known,2,1,0.9861386043965398,1,1
4,4,p2f,72,future_known,3,1,0.9993319853500457,1,1
4,4,p2f,72,future_known,4,1,0.9999884217629925,1,1
4,4,p2f,72,future_known,5,1,0.9790765019963882,1,1
4,4,p2f,73,future_known,0,1,0.9993847437152866,1,1
4,4,p2f,73,future_known,1,1,0.9968583543425474,1,1
4,4,p2f,73,future_known,2,1,0.9858956487938336,1,1
4,4,p2f,73,future_known,3,1,0.507006733439193,1,1
4,4,p2f,73,future_known,4,1,0.8244310420125079,1,1
4,4,p2f,73,future_known,5,1,0.9926667540055422,1,1
4,4,p2f,74,future_known,0,1,0.827419635658474,1,1
4,4,p2f,74,future_known,1,1,0.04824577556662183,0,0
4,4,p2f,74,future_known,2,1,0.05989585312256649,0,0
4,4,p2f,74,future_known,3,1,0.026953635877677223,0,0
4,4,p2f,74,future_known,4,1,0.000443967049101902,0,0
4,4,p2f,74,future_known,5,1,0.09171949323229649,0,0
4,4,p2f,75,future_unknown,0,0,0.9998525284603195,1,0
4,4,p2f,75,future_unknown,1,0,0.9999590875285786,1,0
4,4,p2f,75,future_unknown,2,0,0.9999700687419172,1,0
4,4,p2f,75,future_unknown,3,0,0.9999946262031473,1,0
4,4,p2f,75,future_unknown,4,0,0.9998174208381976,1,0
4,4,p2f,75,future_unknown,5,0,0.9985609732767665,1,0
4,4,p2f,76,future_unknown,0,0,0.21185261760184404,0,1
4,4,p2f,76,future_unknown,1,0,0.9519934706308286,1,0
4,4,p2f,76,future_unknown,2,0,0.7249639614609666,1,0
4,4,p2f,76,future_unknown,3,0,0.9996017048764394,1,0
4,4,p2f,76,future_unknown,4,0,0.9925810407039573,1,0
4,4,p2f,76,future_unknown,5,0,0.006799246236641655,0,1
4,4,p2f,77,future_unknown,0,0,0.9998030948785359,1,0
4,4,p2f,77,future_unknown,1,0,0.9923488457432729,1,0
4,4,p2f,77,future_unknown,2,0,0.8948312827006619,1,0
4,4,p2f,77,future_unknown,3,0,0.9329603664615708,1,0
4,4,p2f,77,future_unknown,4,0,0.9909333323084372,1,0
4,4,p2f,77,future_unknown,5,0,0.9972686992163423,1,0
4,4,p2f,78,future_unknown,0,0,0.9997966473201952,1,0
4,4,p2f,78,future_unknown,1,0,0.9974338998665272,1,0
4,4,p2f,78,future_unknown,2,0,0.999631962567699,1,0
4,4,p2f,78,future_unknown,3,0,0.9992509739530951,1,0
4,4,p2f,78,future_unknown,4,0,0.9995901105219784,1,0
4,4,p2f,78,future_unknown,5,0,0.9999603529902272,1,0
4,4,p2f,79,future_unknown,0,0,0.9977741762492794,1,0
4,4,p2f,79,future_unknown,1,0,0.9317292856231756,1,0
4,4,p2f,79,future_unknown,2,0,0.9185327348415673,1,0
4,4,p2f,79,future_unknown,3,0,0.9341795879707819,1,0
4,4,p2f,79,future_unknown,4,0,0.9814354886847958,1,0
4,4,p2f,79,future_unknown,5,0,0.7650393681743002,1,0
4,4,p2f,80,future_unknown,0,0,0.9940228551884396,1,0
4,4,p2f,80,future_unknown,1,0,0.9999645365686854,1,0
4,4,p2f,80,future_unknown,2,0,0.9995818849112647,1,0
4,4,p2f,80,future_unknown,3,0,0.9998475955152852,1,0
4,4,p2f,80,future_unknown,4,0,0.9970254167778304,1,0
4,4,p2f,80,future_unknown,5,0,0.9999907248036579,1,0
4,4,p2f,81,future_unknown,0,0,0.9239826852482467,1,0
4,4,p2f,81,future_unknown,1,0,0.9405091997533173,1,0
4,4,p2f,81,future_unknown,2,0,0.7563912201785583,1,0
4,4,p2f,81,future_unknown,3,0,0.9977503557501644,1,0
4,4,p2f,81,future_unknown,4,0,0.38736327070098103,0,1
4,4,p2f,81,future_unknown,5,0,0.9387444873687315,1,0
4,4,p2f,82,future_unknown,0,0,0.9906642762542393,1,0
4,4,p2f,82,future_unknown,1,0,0.4613753601284493,0,1
4,4,p2f,82,future_unknown,2,0,0.8879248739374178,1,0
4,4,p2f,82,future_unknown,3,0,0.9975387880049156,1,0
4,4,p2f,82,future_unknown,4,0,0.9795547401282879,1,0
4,4,p2f,82,future_unknown,5,0,0.9942445547830827,1,0
4,4,p2f,83,future_unknown,0,0,0.9999091516542411,1,0
4,4,p2f,83,future_unknown,1,0,0.9993054361433139,1,0
4,4,p2f,83,future_unknown,2,0,0.9699819196182977,1,0
4,4,p2f,83,future_unknown,3,0,0.999990848214216,1,0
4,4,p2f,83,future_unknown,4,0,0.8990821867060405,1,0
4,4,p2f,83,future_unknown,5,0,0.9970691117449957,1,0
4,4,p2f,84,future_unknown,0,0,0.7330865232923816,1,0
4,4,p2f,84,future_unknown,1,0,0.7616769224746373,1,0
4,4,p2f,84,future_unknown,2,0,0.3475908819500592,0,1
4,4,p2f,84,future_unknown,3,0,0.9429954606342859,1,0
4,4,p2f,84,future_unknown,4,0,0.2768252179636163,0,1
4,4,p2f,84,future_unknown,5,0,0.2201663027576019,0,1
4,4,p2f,85,future_unknown,0,0,0.997182623599126,1,0
4,4,p2f,85,future_unknown,1,0,0.9980818568477339,1,0
4,4,p2f,85,future_unknown,2,0,0.9999964585235664,1,0
4,4,p2f,85,future_unknown,3,0,0.9973069397249198,1,0
4,4,p2f,85,future_unknown,4,0,0.9987162949624209,1,0
4,4,p2f,85,future_unknown,5,0,0.9830314510746396,1,0
4,4,p2f,86,future_unknown,0,0,0.9987241315566225,1,0
4,4,p2f,86,future_unknown,1,0,0.5983017545137789,1,0
4,4,p2f,86,future_unknown,2,0,0.9973783939816939,1,0
4,4,p2f,86,future_unknown,3,0,0.9929557946203986,1,0
4,4,p2f,86,future_unknown,4,0,0.9998312352884465,1,0
4,4,p2f,86,future_unknown,5,0,0.9967727791594603,1,0
4,4,p2f,87,future_unknown,0,0,0.9996206687271734,1,0
4,4,p2f,87,future_unknown,1,0,0.989147699254563,1,0
4,4,p2f,87,future_unknown,2,0,0.6227287619575979,1,0
4,4,p2f,87,future_unknown,3,0,0.971862098401376,1,0
4,4,p2f,87,future_unknown,4,0,0.5387417571731122,1,0
4,4,p2f,87,future_unknown,5,0,0.9801090435290842,1,0
4,4,p2f,88,future_unknown,0,0,0.9953848735508629,1,0
4,4,p2f,88,future_unknown,1,0,0.9997973906614379,1,0
4,4,p2f,88,future_unknown,2,0,0.9999325932441013,1,0
4,4,p2f,88,future_unknown,3,0,0.9999681238238394,1,0
4,4,p2f,88,future_unknown,4,0,0.9999451510906585,1,0
4,4,p2f,88,future_unknown,5,0,0.9993385252384185,1,0
4,4,p2f,89,future_unknown,0,0,0.9672599951571578,1,0
4,4,p2f,89,future_unknown,1,0,0.9866307861380278,1,0
4,4,p2f,89,future_unknown,2,0,0.9957363580648037,1,0
4,4,p2f,89,future_unknown,3,0,0.9983104222990532,1,0
4,4,p2f,89,future_unknown,4,0,0.9975198074726515,1,0
4,4,p2f,89,future_unknown,5,0,0.9988771481297363,1,0
4,4,p2f,90,future_unknown,0,0,0.9999891660110567,1,0
4,4,p2f,90,future_unknown,1,0,0.9999999138506129,1,0
4,4,p2f,90,future_unknown,2,0,0.9999967715787486,1,0
4,4,p2f,90,future_unknown,3,0,0.9999989778249615,1,0
4,4,p2f,90,future_unknown,4,0,0.9999977596562895,1,0
4,4,p2f,90,future_unknown,5,0,0.999983941246485,1,0
4,4,p2f,91,future_unknown,0,0,0.7085984550447277,1,0
4,4,p2f,91,future_unknown,1,0,0.9596531374336347,1,0
4,4,p2f,91,future_unknown,2,0,0.09327989472476551,0,1
4,4,p2f,91,future_unknown,3,0,0.6661127881378581,1,0
4,4,p2f,91,future_unknown,4,0,0.292677707935929,0,1
4,4,p2f,91,future_unknown,5,0,0.48538826827531517,0,1
4,4,p2f,92,future_unknown,0,0,0.9348953179348369,1,0
4,4,p2f,92,future_unknown,1,0,0.9983132895518592,1,0
4,4,p2f,92,future_unknown,2,0,0.9978520335921159,1,0
4,4,p2f,92,future_unknown,3,0,0.99992957292748,1,0
4,4,p2f,92,future_unknown,4,0,0.9995732927480314,1,0
4,4,p2f,92,future_unknown,5,0,0.9359344285356745,1,0
4,4,p2f,93,future_unknown,0,0,0.9996778244502179,1,0
4,4,p2f,93,future_unknown,1,0,0.9999409742929875,1,0
4,4,p2f,93,future_unknown,2,0,0.8489761894854305,1,0
4,4,p2f,93,future_unknown,3,0,0.8489761894854305,1,0
4,4,p2f,93,future_unknown,4,0,0.9998944478840793,1,0
4,4,p2f,93,future_unknown,5,0,0.9974198635425762,1,0
4,4,p2f,94,future_unknown,0,0,0.9997338683289991,1,0
4,4,p2f,94,future_unknown,1,0,0.9988388484217278,1,0
4,4,p2f,94,future_unknown,2,0,0.9957036803576308,1,0
4,4,p2f,94,future_unknown,3,0,0.9999558398332793,1,0
4,4,p2f,94,future_unknown,4,0,0.9999777480152253,1,0
4,4,p2f,94,future_unknown,5,0,0.9994360615554553,1,0
4,4,p2f,95,future_unknown,0,0,0.993133402569283,1,0
4,4,p2f,95,future_unknown,1,0,0.9999279919268627,1,0
4,4,p2f,95,future_unknown,2,0,0.999497861721415,1,0
4,4,p2f,95,future_unknown,3,0,0.9747332777506602,1,0
4,4,p2f,95,future_unknown,4,0,0.9999026718674353,1,0
4,4,p2f,95,future_unknown,5,0,0.9826284424321272,1,0
4,4,p2f,96,future_unknown,0,0,0.9999967458520518,1,0
4,4,p2f,96,future_unknown,1,0,0.9999651939382223,1,0
4,4,p2f,96,future_unknown,2,0,0.999999738480583,1,0
4,4,p2f,96,future_unknown,3,0,0.9999560527370965,1,0
4,4,p2f,96,future_unknown,4,0,0.9999645262374377,1,0
4,4,p2f,96,future_unknown,5,0,0.9999653532461937,1,0
4,4,p2f,97,future_unknown,0,0,0.9680266566045638,1,0
4,4,p2f,97,future_unknown,1,0,0.915045669585359,1,0
4,4,p2f,97,future_unknown,2,0,0.11394095917563843,0,1
4,4,p2f,97,future_unknown,3,0,0.6078352756412032,1,0
4,4,p2f,97,future_unknown,4,0,0.17303642317888182,0,1
4,4,p2f,97,future_unknown,5,0,0.9714393106064123,1,0
4,4,p2f,98,future_unknown,0,0,0.000826538827384897,0,1
4,4,p2f,98,future_unknown,1,0,0.24410437837287444,0,1
4,4,p2f,98,future_unknown,2,0,0.11402841300715758,0,1
4,4,p2f,98,future_unknown,3,0,0.840116367053448,1,0
4,4,p2f,98,future_unknown,4,0,0.01803819253922103,0,1
4,4,p2f,98,future_unknown,5,0,0.4059569445156046,0,1
4,4,p2f,99,future_unknown,0,0,0.9947394369780709,1,0
4,4,p2f,99,future_unknown,1,0,0.7855973076967925,1,0
4,4,p2f,99,future_unknown,2,0,0.9880076115150793,1,0
4,4,p2f,99,future_unknown,3,0,0.99699316835067,1,0
4,4,p2f,99,future_unknown,4,0,0.5182210645161719,1,0
4,4,p2f,99,future_unknown,5,0,0.9997902031885743,1,0
4,4,f2p,0,past_known,0,1,0.13519974513985109,0,0
4,4,f2p,0,past_known,1,1,0.9328965477833535,1,1
4,4,f2p,0,past_known,2,1,0.8193426934229002,1,1
4,4,f2p,0,past_known,3,1,0.004114683328799371,0,0
4,4,f2p,0,past_known,4,1,0.9977884592252341,1,1
4,4,f2p,0,past_known,5,1,0.12606926495122828,0,0
4,4,f2p,1,past_known,0,1,0.9803783408864842,1,1
4,4,f2p,1,past_known,1,1,0.9497166434863473,1,1
4,4,f2p,1,past_known,2,1,0.9472424424154338,1,1
4,4,f2p,1,past_known,3,1,0.6738759509713307,1,1
4,4,f2p,1,past_known,4,1,0.000761492861241478,0,0
4,4,f2p,1,past_known,5,1,0.9343907719644764,1,1
4,4,f2p,2,past_known,0,1,0.6133786215418132,1,1
4,4,f2p,2,past_known,1,1,0.02111128153259339,0,0
4,4,f2p,2,past_known,2,1,0.8695569557181582,1,1
4,4,f2p,2,past_known,3,1,0.0284135793142241,0,0
4,4,f2p,2,past_known,4,1,0.0012791627138476756,0,0
4,4,f2p,2,past_known,5,1,0.32499087376214136,0,0
4,4,f2p,3,past_known,0,1,0.010489067801883474,0,0
4,4,f2p,3,past_known,1,1,0.8500113571841407,1,1
4,4,f2p,3,past_known,2,1,0.18269761798753342,0,0
4,4,f2p,3,past_known,3,1,0.22594456107422184,0,0
4,4,f2p,3,past_known,4,1,0.1715322141694022,0,0
4,4,f2p,3,past_known,5,1,0.8573123171265081,1,1
4,4,f2p,4,past_known,0,1,0.000672906932669373,0,0
4,4,f2p,4,past_known,1,1,0.6743208015681142,1,1
4,4,f2p,4,past_known,2,1,0.46634872847567405,0,0
4,4,f2p,4,past_known,3,1,0.9885679344868832,1,1
4,4,f2p,4,past_known,4,1,0.0019506294089971978,0,0
4,4,f2p,4,past_known,5,1,0.00178024712611566,0,0
4,4,f2p,5,past_known,0,1,0.544577384533355,1,1
4,4,f2p,5,past_known,1,1,0.5104180738423989,1,1
4,4,f2p,5,past_known,2,1,0.9170069083414097,1,1
4,4,f2p,5,past_known,3,1,0.9999009905340002,1,1
4,4,f2p,5,past_known,4,1,0.9976632620513017,1,1
4,4,f2p,5,past_known,5,1,0.999879338149052,1,1
4,4,f2p,6,past_known,0,1,4.8370800197948606e-05,0,0
4,4,f2p,6,past_known,1,1,0.0075217740404515685,0,0
4,4,f2p,6,past_known,2,1,3.475861750031069e-05,0,0
4,4,f2p,6,past_known,3,1,2.3811563752112504e-05,0,0
4,4,f2p,6,past_known,4,1,0.0004986924135706552,0,0
4,4,f2p,6,past_known,5,1,3.435298780540028e-06,0,0
4,4,f2p,7,past_known,0,1,0.9882946686166704,1,1
4,4,f2p,7,past_known,1,1,0.9998798808413913,1,1
4,4,f2p,7,past_known,2,1,0.11356837438391519,0,0
4,4,f2p,7,past_known,3,1,0.9995676034510251,1,1
4,4,f2p,7,past_known,4,1,0.997496472436741,1,1
4,4,f2p,7,past_known,5,1,0.04976297283320396,0,0
4,4,f2p,8,past_known,0,1,0.00012217720909121367,0,0
4,4,f2p,8,past_known,1,1,0.06316613426276663,0,0
4,4,f2p,8,past_known,2,1,0.7343530923425953,1,1
4,4,f2p,8,past_known,3,1,0.002280685142300744,0,0
4,4,f2p,8,past_known,4,1,0.3389159272934829,0,0
4,4,f2p,8,past_known,5,1,0.014132916989957833,0,0
4,4,f2p,9,past_known,0,1,0.05065948307622774,0,0
4,4,f2p,9,past_known,1,1,0.7608263061345847,1,1
4,4,f2p,9,past_known,2,1,0.9640207352210949,1,1
4,4,f2p,9,past_known,3,1,0.9982200576154988,1,1
4,4,f2p,9,past_known,4,1,0.9351862568094921,1,1
4,4,f2p,9,past_known,5,1,0.9008574469422798,1,1
4,4,f2p,10,past_known,0,1,0.9986045344614741,1,1
4,4,f2p,10,past_known,1,1,0.997749218109213,1,1
4,4,f2p,10,past_known,2,1,0.9823904066032869,1,1
4,4,f2p,10,past_known,3,1,0.890334896937855,1,1
4,4,f2p,10,past_known,4,1,0.9965229388073201,1,1
4,4,f2p,10,past_known,5,1,0.9995925671851258,1,1
4,4,f2p,11,past_known,0,1,0.9082008207758273,1,1
4,4,f2p,11,past_known,1,1,0.12469207928181618,0,0
4,4,f2p,11,past_known,2,1,0.009054530759871376,0,0
4,4,f2p,11,past_known,3,1,0.35985128462903315,0,0
4,4,f2p,11,past_known,4,1,0.36904548430609546,0,0
4,4,f2p,11,past_known,5,1,0.9627326145378491,1,1
4,4,f2p,12,past_known,0,1,0.47622918181589746,0,0
4,4,f2p,12,past_known,1,1,0.10603289495479117,0,0
4,4,f2p,12,past_known,2,1,0.995335308798336,1,1
4,4,f2p,12,past_known,3,1,0.9907371665503042,1,1
4,4,f2p,12,past_known,4,1,0.8915098175119165,1,1
4,4,f2p,12,past_known,5,1,0.9959244882729293,1,1
4,4,f2p,13,past_known,0,1,0.5859008992826259,1,1
4,4,f2p,13,past_known,1,1,0.014080650336513107,0,0
4,4,f2p,13,past_known,2,1,0.999984093683812,1,1
4,4,f2p,13,past_known,3,1,0.9975439190800486,1,1
4,4,f2p,13,past_known,4,1,0.31684034566308217,0,0
4,4,f2p,13,past_known,5,1,0.46137475435519193,0,0
4,4,f2p,14,past_known,0,1,0.010848213472047778,0,0
4,4,f2p,14,past_known,1,1,0.9927007982600635,1,1
4,4,f2p,14,past_known,2,1,0.9139736624566511,1,1
4,4,f2p,14,past_known,3,1,0.9935814709872662,1,1
4,4,f2p,14,past_known,4,1,0.09469082237211916,0,0
4,4,f2p,14,past_known,5,1,0.9999991675345525,1,1
4,4,f2p,15,past_known,0,1,0.0008790494379530615,0,0
4,4,f2p,15,past_known,1,1,0.07855332015270046,0,0
4,4,f2p,15,past_known,2,1,0.978171139517723,1,1
4,4,f2p,15,past_known,3,1,0.470969219561694,0,0
4,4,f2p,15,past_known,4,1,0.06715949218888341,0,0
4,4,f2p,15,past_known,5,1,0.921484405413091,1,1
4,4,f2p,16,past_known,0,1,0.33841373174812617,0,0
4,4,f2p,16,past_known,1,1,0.9997286536662086,1,1
4,4,f2p,16,past_known,2,1,0.8394043437336834,1,1
4,4,f2p,16,past_known,3,1,0.3147292757934787,0,0
4,4,f2p,16,past_known,4,1,0.6948267950968409,1,1
4,4,f2p,16,past_known,5,1,0.9980684270876232,1,1
4,4,f2p,17,past_known,0,1,0.08642714552316023,0,0
4,4,f2p,17,past_known,1,1,0.07128341624571573,0,0
4,4,f2p,17,past_known,2,1,0.006008538030719283,0,0
4,4,f2p,17,past_known,3,1,0.02219196020741313,0,0
4,4,f2p,17,past_known,4,1,0.16875492287101354,0,0
4,4,f2p,17,past_known,5,1,0.006533622484555442,0,0
4,4,f2p,18,past_known,0,1,0.9994210288281687,1,1
4,4,f2p,18,past_known,1,1,0.9920205838261106,1,1
4,4,f2p,18,past_known,2,1,0.8874236667576175,1,1
4,4,f2p,18,past_known,3,1,0.8940874995105457,1,1
4,4,f2p,18,past_known,4,1,0.9953306993492489,1,1
4,4,f2p,18,past_known,5,1,0.5450597042515716,1,1
4,4,f2p,19,past_known,0,1,0.9835588180616215,1,1
4,4,f2p,19,past_known,1,1,0.8832468824628795,1,1
4,4,f2p,19,past_known,2,1,0.8955190114404181,1,1
4,4,f2p,19,past_known,3,1,0.9989316132832866,1,1
4,4,f2p,19,past_known,4,1,0.9605251327939766,1,1
4,4,f2p,19,past_known,5,1,0.966775647736786,1,1
4,4,f2p,20,past_known,0,1,0.9444220707567337,1,1
4,4,f2p,20,past_known,1,1,0.03269893346428207,0,0
4,4,f2p,20,past_known,2,1,0.005794539278308975,0,0
4,4,f2p,20,past_known,3,1,0.16947858112608333,0,0
4,4,f2p,20,past_known,4,1,0.01277433962555429,0,0
4,4,f2p,20,past_known,5,1,0.027072326315039502,0,0
4,4,f2p,21,past_known,0,1,0.01997606764539186,0,0
4,4,f2p,21,past_known,1,1,0.001699151646258258,0,0
4,4,f2p,21,past_known,2,1,0.999998848141293,1,1
4,4,f2p,21,past_known,3,1,0.04120375557272001,0,0
4,4,f2p,21,past_known,4,1,0.47817518443571133,0,0
4,4,f2p,21,past_known,5,1,0.014536200969625794,0,0
4,4,f2p,22,past_known,0,1,1.659547245049923e-05,0,0
4,4,f2p,22,past_known,1,1,0.31256289984693514,0,0
4,4,f2p,22,past_known,2,1,0.0005245138254140491,0,0
4,4,f2p,22,past_known,3,1,0.8108743861902838,1,1
4,4,f2p,22,past_known,4,1,0.39772459913071656,0,0
4,4,f2p,22,past_known,5,1,0.1750658035105678,0,0
4,4,f2p,23,past_known,0,1,0.001551228167482708,0,0
4,4,f2p,23,past_known,1,1,0.23875015669441305,0,0
4,4,f2p,23,past_known,2,1,0.7911307574805083,1,1
4,4,f2p,23,past_known,3,1,0.9018853380673002,1,1
4,4,f2p,23,past_known,4,1,0.8520296271937121,1,1
4,4,f2p,23,past_known,5,1,0.5160268004348153,1,1
4,4,f2p,24,past_known,0,1,0.9999955063330486,1,1
4,4,f2p,24,past_known,1,1,0.9999514254893963,1,1
4,4,f2p,24,past_known,2,1,0.9999956427517847,1,1
4,4,f2p,24,past_known,3,1,0.999999875940453,1,1
4,4,f2p,24,past_known,4,1,0.9999884401843055,1,1
4,4,f2p,24,past_known,5,1,0.9998571499941649,1,1
4,4,f2p,25,past_unknown,0,0,0.003982969871193743,0,1
4,4,f2p,25,past_unknown,1,0,0.21216611705473035,0,1
4,4,f2p,25,past_unknown,2,0,0.08068134114755918,0,1
4,4,f2p,25,past_unknown,3,0,0.21861547549493984,0,1
4,4,f2p,25,past_unknown,4,0,0.2031364903763548,0,1
4,4,f2p,25,past_unknown,5,0,0.9502097085089205,1,0
4,4,f2p,26,past_unknown,0,0,0.16532773813833865,0,1
4,4,f2p,26,past_unknown,1,0,0.9998271284279057,1,0
4,4,f2p,26,past_unknown,2,0,0.6475522863328225,1,0
4,4,f2p,26,past_unknown,3,0,0.8207791719809949,1,0
4,4,f2p,26,past_unknown,4,0,0.6653372775487848,1,0
4,4,f2p,26,past_unknown,5,0,0.021528874586849288,0,1
4,4,f2p,27,past_unknown,0,0,0.024543089014610435,0,1
4,4,f2p,27,past_unknown,1,0,0.9237902514365768,1,0
4,4,f2p,27,past_unknown,2,0,0.012486918796328683,0,1
4,4,f2p,27,past_unknown,3,0,0.6598371047028994,1,0
4,4,f2p,27,past_unknown,4,0,0.9513867615159745,1,0
4,4,f2p,27,past_unknown,5,0,0.08395416040580474,0,1
4,4,f2p,28,past_unknown,0,0,0.8280468063124874,1,0
4,4,f2p,28,past_unknown,1,0,0.649171455016189,1,0
4,4,f2p,28,past_unknown,2,0,0.9924845366020075,1,0
4,4,f2p,28,past_unknown,3,0,0.2581411319411506,0,1
4,4,f2p,28,past_unknown,4,0,0.7696059544598328,1,0
4,4,f2p,28,past_unknown,5,0,2.339884881736077e-05,0,1
4,4,f2p,29,past_unknown,0,0,0.9817969197645671,1,0
4,4,f2p,29,past_unknown,1,0,0.6129498899563887,1,0
4,4,f2p,29,past_unknown,2,0,0.2741098613024032,0,1
4,4,f2p,29,past_unknown,3,0,0.0462105375024348,0,1
4,4,f2p,29,past_unknown,4,0,0.3147098585341122,0,1
4,4,f2p,29,past_unknown,5,0,0.9945366560645398,1,0
4,4,f2p,30,past_unknown,0,0,0.8703008703208599,1,0
4,4,f2p,30,past_unknown,1,0,0.4221422080312604,0,1
4,4,f2p,30,past_unknown,2,0,0.9986356042887087,1,0
4,4,f2p,30,past_unknown,3,0,0.6717354603362871,1,0
4,4,f2p,30,past_unknown,4,0,0.03506005329211548,0,1
4,4,f2p,30,past_unknown,5,0,0.21872022415609993,0,1
4,4,f2p,31,past_unknown,0,0,0.9379664220529719,1,0
4,4,f2p,31,past_unknown,1,0,0.9016046958220008,1,0
4,4,f2p,31,past_unknown,2,0,0.9897637361798792,1,0
4,4,f2p,31,past_unknown,3,0,0.9880617373729466,1,0
4,4,f2p,31,past_unknown,4,0,0.9928763060744821,1,0
4,4,f2p,31,past_unknown,5,0,0.9921782987728688,1,0
4,4,f2p,32,past_unknown,0,0,0.30675807268297745,0,1
4,4,f2p,32,past_unknown,1,0,0.14238456422805337,0,1
4,4,f2p,32,past_unknown,2,0,0.9896958886369279,1,0
4,4,f2p,32,past_unknown,3,0,0.5726876359033904,1,0
4,4,f2p,32,past_unknown,4,0,0.0746587320843379,0,1
4,4,f2p,32,past_unknown,5,0,0.9897557728968402,1,0
4,4,f2p,33,past_unknown,0,0,0.27055313278086013,0,1
4,4,f2p,33,past_unknown,1,0,0.8042974722955388,1,0
4,4,f2p,33,past_unknown,2,0,0.01645343019819436,0,1
4,4,f2p,33,past_unknown,3,0,0.9999957698221934,1,0
4,4,f2p,33,past_unknown,4,0,0.9999975471126387,1,0
4,4,f2p,33,past_unknown,5,0,0.9808756750281306,1,0
4,4,f2p,34,past_unknown,0,0,0.03375028707643709,0,1
4,4,f2p,34,past_unknown,1,0,0.5075445184489095,1,0
4,4,f2p,34,past_unknown,2,0,0.11389789627584188,0,1
4,4,f2p,34,past_unknown,3,0,0.9960273200297678,1,0
4,4,f2p,34,past_unknown,4,0,0.9710150998014234,1,0
4,4,f2p,34,past_unknown,5,0,0.8498781234328031,1,0
4,4,f2p,35,past_unknown,0,0,0.9997506965872279,1,0
4,4,f2p,35,past_unknown,1,0,0.9942574396350546,1,0
4,4,f2p,35,past_unknown,2,0,0.9970896408452836,1,0
4,4,f2p,35,past_unknown,3,0,0.9993702143135698,1,0
4,4,f2p,35,past_unknown,4,0,0.9967615696179102,1,0
4,4,f2p,35,past_unknown,5,0,0.964403995346858,1,0
4,4,f2p,36,past_unknown,0,0,0.03630861186176553,0,1
4,4,f2p,36,past_unknown,1,0,0.9453820025817611,1,0
4,4,f2p,36,past_unknown,2,0,0.6584892677803165,1,0
4,4,f2p,36,past_unknown,3,0,0.7589117431432095,1,0
4,4,f2p,36,past_unknown,4,0,0.9964785101147139,1,0
4,4,f2p,36,past_unknown,5,0,0.029495269396413133,0,1
4,4,f2p,37,past_unknown,0,0,0.0860223175000296,0,1
4,4,f2p,37,past_unknown,1,0,0.006321039966263624,0,1
4,4,f2p,37,past_unknown,2,0,0.00040078283559377904,0,1
4,4,f2p,37,past_unknown,3,0,0.0008315611858015861,0,1
4,4,f2p,37,past_unknown,4,0,0.012059212429126664,0,1
4,4,f2p,37,past_unknown,5,0,0.230769538311202,0,1
4,4,f2p,38,past_unknown,0,0,0.07602287986646525,0,1
4,4,f2p,38,past_unknown,1,0,0.8620311452130162,1,0
4,4,f2p,38,past_unknown,2,0,0.8020450376353768,1,0
4,4,f2p,38,past_unknown,3,0,0.9949745956045803,1,0
4,4,f2p,38,past_unknown,4,0,0.09913784615061447,0,1
4,4,f2p,38,past_unknown,5,0,0.9915127172739368,1,0
4,4,f2p,39,past_unknown,0,0,0.9866807641354203,1,0
4,4,f2p,39,past_unknown,1,0,0.9993231467971334,1,0
4,4,f2p,39,past_unknown,2,0,0.9974242732714156,1,0
4,4,f2p,39,past_unknown,3,0,0.42808637490443413,0,1
4,4,f2p,39,past_unknown,4,0,0.9998662893863445,1,0
4,4,f2p,39,past_unknown,5,0,0.7616101046181172,1,0
4,4,f2p,40,past_unknown,0,0,0.00022798748444215474,0,1
4,4,f2p,40,past_unknown,1,0,0.009299315712918593,0,1
4,4,f2p,40,past_unknown,2,0,0.019504971861826374,0,1
4,4,f2p,40,past_unknown,3,0,0.0685749428927267,0,1
4,4,f2p,40,past_unknown,4,0,0.015418149296672057,0,1
4,4,f2p,40,past_unknown,5,0,0.30640314697449983,0,1
4,4,f2p,41,past_unknown,0,0,0.9312825581138029,1,0
4,4,f2p,41,past_unknown,1,0,0.9990813275482772,1,0
4,4,f2p,41,past_unknown,2,0,0.9997395550452984,1,0
4,4,f2p,41,past_unknown,3,0,0.5643900046641506,1,0
4,4,f2p,41,past_unknown,4,0,0.9666855513381744,1,0
4,4,f2p,41,past_unknown,5,0,0.9997640706854659,1,0
4,4,f2p,42,past_unknown,0,0,0.8692401789481561,1,0
4,4,f2p,42,past_unknown,1,0,0.22219911756724056,0,1
4,4,f2p,42,past_unknown,2,0,0.4896876977924352,0,1
4,4,f2p,42,past_unknown,3,0,0.7585866832312007,1,0
4,4,f2p,42,past_unknown,4,0,0.07291625191645223,0,1
4,4,f2p,42,past_unknown,5,0,0.6437935434680478,1,0
4,4,f2p,43,past_unknown,0,0,0.9903586858217123,1,0
4,4,f2p,43,past_unknown,1,0,0.013347389084139984,0,1
4,4,f2p,43,past_unknown,2,0,0.1610274353822821,0,1
4,4,f2p,43,past_unknown,3,0,0.07885797680248047,0,1
4,4,f2p,43,past_unknown,4,0,0.4525515815683165,0,1
4,4,f2p,43,past_unknown,5,0,0.7282840735014258,1,0
4,4,f2p,44,past_unknown,0,0,0.9905164782104312,1,0
4,4,f2p,44,past_unknown,1,0,0.9824158354385385,1,0
4,4,f2p,44,past_unknown,2,0,0.9116037556977187,1,0
4,4,f2p,44,past_unknown,3,0,0.22677928224927613,0,1
4,4,f2p,44,past_unknown,4,0,0.9940513822848427,1,0
4,4,f2p,44,past_unknown,5,0,0.9960080087314364,1,0
4,4,f2p,45,past_unknown,0,0,0.5490800260354404,1,0
4,4,f2p,45,past_unknown,1,0,0.8599319453401382,1,0
4,4,f2p,45,past_unknown,2,0,0.9254151292386221,1,0
4,4,f2p,45,past_unknown,3,0,0.9444503171643848,1,0
4,4,f2p,45,past_unknown,4,0,0.5176114008464036,1,0
4,4,f2p,45,past_unknown,5,0,0.7767305277700376,1,0
4,4,f2p,46,past_unknown,0,0,0.02654079833556022,0,1
4,4,f2p,46,past_unknown,1,0,0.025156692772958456,0,1
4,4,f2p,46,past_unknown,2,0,0.0018194674366035712,0,1
4,4,f2p,46,past_unknown,3,0,0.03226479346612679,0,1
4,4,f2p,46,past_unknown,4,0,0.0056073533987255186,0,1
4,4,f2p,46,past_unknown,5,0,0.004088050948863943,0,1
4,4,f2p,47,past_unknown,0,0,0.9999615861636503,1,0
4,4,f2p,47,past_unknown,1,0,0.999824055257186,1,0
4,4,f2p,47,past_unknown,2,0,0.9995999694111636,1,0
4,4,f2p,47,past_unknown,3,0,0.9999736442446332,1,0
4,4,f2p,47,past_unknown,4,0,0.9963028901473824,1,0
4,4,f2p,47,past_unknown,5,0,0.9935908652681271,1,0
4,4,f2p,48,past_unknown,0,0,0.9945686801390208,1,0
4,4,f2p,48,past_unknown,1,0,0.9989798194630198,1,0
4,4,f2p,48,past_unknown,2,0,0.9948781881299696,1,0
4,4,f2p,48,past_unknown,3,0,0.9979009014687414,1,0
4,4,f2p,48,past_unknown,4,0,0.9998332096894266,1,0
4,4,f2p,48,past_unknown,5,0,0.9995709066585621,1,0
4,4,f2p,49,past_unknown,0,0,0.7825396646678271,1,0
4,4,f2p,49,past_unknown,1,0,0.9041158876119681,1,0
4,4,f2p,49,past_unknown,2,0,0.9446796166254607,1,0
4,4,f2p,49,past_unknown,3,0,0.01605511770994805,0,1
4,4,f2p,49,past_unknown,4,0,0.9986738569069011,1,0
4,4,f2p,49,past_unknown,5,0,0.9889900409428409,1,0
5,4,p2f,50,future_known,0,1,0.985668588577611,1,1
5,4,p2f,50,future_known,1,1,0.5616477354525026,1,1
5,4,p2f,50,future_known,2,1,0.9740516849516266,1,1
5,4,p2f,50,future_known,3,1,0.49594485625745344,0,0
5,4,p2f,50,future_known,4,1,0.11713951657244204,0,0
5,4,p2f,50,future_known,5,1,0.9818883214469017,1,1
5,4,p2f,51,future_known,0,1,0.9810310579989956,1,1
5,4,p2f,51,future_known,1,1,0.6343745056593959,1,1
5,4,p2f,51,future_known,2,1,0.1797581417991652,0,0
5,4,p2f,51,future_known,3,1,0.6371046155405873,1,1
5,4,p2f,51,future_known,4,1,0.21513602515553787,0,0
5,4,p2f,51,future_known,5,1,0.10202008666073505,0,0
5,4,p2f,52,future_known,0,1,0.9359573294358601,1,1
5,4,p2f,52,future_known,1,1,0.9999999203215041,1,1
5,4,p2f,52,future_known,2,1,0.9804735566987494,1,1
5,4,p2f,52,future_known,3,1,0.9362920246364671,1,1
5,4,p2f,52,future_known,4,1,0.4378298438317998,0,0
5,4,p2f,52,future_known,5,1,0.8441149134510912,1,1
5,4,p2f,53,future_known,0,1,0.9999892951894508,1,1
5,4,p2f,53,future_known,1,1,0.9940126272531437,1,1
5,4,p2f,53,future_known,2,1,0.9932079256967941,1,1
5,4,p2f,53,future_known,3,1,0.9796874349191844,1,1
5,4,p2f,53,future_known,4,1,0.9743551540718363,1,1
5,4,p2f,53,future_known,5,1,0.9966712965157151,1,1
5,4,p2f,54,future_known,0,1,0.9763480842056728,1,1
5,4,p2f,54,future_known,1,1,0.9683175847798784,1,1
5,4,p2f,54,future_known,2,1,0.9968952511694127,1,1
5,4,p2f,54,future_known,3,1,0.9976217349804781,1,1
5,4,p2f,54,future_known,4,1,0.9557921103978492,1,1
5,4,p2f,54,future_known,5,1,0.9871961256479527,1,1
5,4,p2f,55,future_known,0,1,0.9999698829807164,1,1
5,4,p2f,55,future_known,1,1,0.9962792706817799,1,1
5,4,p2f,55,future_known,2,1,0.9870574032477806,1,1
5,4,p2f,55,future_known,3,1,0.9999971988498381,1,1
5,4,p2f,55,future_known,4,1,0.995657479397993,1,1
5,4,p2f,55,future_known,5,1,0.9915865631599614,1,1
5,4,p2f,56,future_known,0,1,0.5927207584945096,1,1
5,4,p2f,56,future_known,1,1,0.6842459944527686,1,1
5,4,p2f,56,future_known,2,1,0.005384201541869521,0,0
5,4,p2f,56,future_known,3,1,0.7304034629077251,1,1
5,4,p2f,56,future_known,4,1,0.03936150009642357,0,0
5,4,p2f,56,future_known,5,1,0.14844382143908924,0,0
5,4,p2f,57,future_known,0,1,0.5493573562164396,1,1
5,4,p2f,57,future_known,1,1,0.899521716912922,1,1
5,4,p2f,57,future_known,2,1,0.9918776496721095,1,1
5,4,p2f,57,future_known,3,1,0.8516549341371266,1,1
5,4,p2f,57,future_known,4,1,0.9705268447893415,1,1
5,4,p2f,57,future_known,5,1,0.6761631293344221,1,1
5,4,p2f,58,future_known,0,1,0.9998315500095307,1,1
5,4,p2f,58,future_known,1,1,0.9996516493292018,1,1
5,4,p2f,58,future_known,2,1,0.9623526451420883,1,1
5,4,p2f,58,future_known,3,1,0.9987318650079217,1,1
5,4,p2f,58,future_known,4,1,0.9811210800874044,1,1
5,4,p2f,58,future_known,5,1,0.9905625525394868,1,1
5,4,p2f,59,future_known,0,1,0.9964951605065349,1,1
5,4,p2f,59,future_known,1,1,0.8836095437494137,1,1
5,4,p2f,59,future_known,2,1,0.873224307410413,1,1
5,4,p2f,59,future_known,3,1,0.7518755802341374,1,1
5,4,p2f,59,future_known,4,1,0.9655989671085596,1,1
5,4,p2f,59,future_known,5,1,0.907260935143421,1,1
5,4,p2f,60,future_known,0,1,0.9982940568809201,1,1
5,4,p2f,60,future_known,1,1,0.9007215366077341,1,1
5,4,p2f,60,future_known,2,1,0.27796702289701547,0,0
5,4,p2f,60,future_known,3,1,0.06751599401928021,0,0
5,4,p2f,60,future_known,4,1,0.01989316791435334,0,0
5,4,p2f,60,future_known,5,1,0.561624942890529,1,1
5,4,p2f,61,future_known,0,1,0.22981837256978066,0,0
5,4,p2f,61,future_known,1,1,0.7372970512782635,1,1
5,4,p2f,61,future_known,2,1,0.01765547581425477,0,0
5,4,p2f,61,future_known,3,1,0.06320568504835554,0,0
5,4,p2f,61,future_known,4,1,0.0861858496753822,0,0
5,4,p2f,61,future_known,5,1,0.18192723316099113,0,0
5,4,p2f,62,future_known,0,1,0.9976272333508731,1,1
5,4,p2f,62,future_known,1,1,0.9811588277989782,1,1
5,4,p2f,62,future_known,2,1,0.40361406415526846,0,0
5,4,p2f,62,future_known,3,1,0.4008986778225738,0,0
5,4,p2f,62,future_known,4,1,0.9859038597529558,1,1
5,4,p2f,62,future_known,5,1,0.11537628117073824,0,0
5,4,p2f,63,future_known,0,1,0.9930471741382827,1,1
5,4,p2f,63,future_known,1,1,0.2947848226445723,0,0
5,4,p2f,63,future_known,2,1,0.016320256728379726,0,0
5,4,p2f,63,future_known,3,1,0.99224566763388,1,1
5,4,p2f,63,future_known,4,1,0.43043736545478256,0,0
5,4,p2f,63,future_known,5,1,0.9094860564030574,1,1
5,4,p2f,64,future_known,0,1,0.9513886269367907,1,1
5,4,p2f,64,future_known,1,1,0.9922194989724479,1,1
5,4,p2f,64,future_known,2,1,0.8651250531403275,1,1
5,4,p2f,64,future_known,3,1,0.9972552167105291,1,1
5,4,p2f,64,future_known,4,1,0.7361466007695814,1,1
5,4,p2f,64,future_known,5,1,0.986157826768459,1,1
5,4,p2f,65,future_known,0,1,0.3260721993411209,0,0
5,4,p2f,65,future_known,1,1,0.513883529725814,1,1
5,4,p2f,65,future_known,2,1,0.9557119383655636,1,1
5,4,p2f,65,future_known,3,1,0.3243284069506746,0,0
5,4,p2f,65,future_known,4,1,0.7958862513710276,1,1
5,4,p2f,65,future_known,5,1,0.04211177033733208,0,0
5,4,p2f,66,future_known,0,1,0.06856335371305827,0,0
5,4,p2f,66,future_known,1,1,0.999826372084964,1,1
5,4,p2f,66,future_known,2,1,0.40559087437385793,0,0
5,4,p2f,66,future_known,3,1,0.7026497323868609,1,1
5,4,p2f,66,future_known,4,1,0.51383927152882,1,1
5,4,p2f,66,future_known,5,1,0.047516701516450585,0,0
5,4,p2f,67,future_known,0,1,0.9603803595967463,1,1
5,4,p2f,67,future_known,1,1,0.9989137212962538,1,1
5,4,p2f,67,future_known,2,1,0.9916788641945572,1,1
5,4,p2f,67,future_known,3,1,0.9394023396474076,1,1
5,4,p2f,67,future_known,4,1,0.9968642745560999,1,1
5,4,p2f,67,future_known,5,1,0.834700500628864,1,1
5,4,p2f,68,future_known,0,1,0.9295959736380686,1,1
5,4,p2f,68,future_known,1,1,0.9326090549113644,1,1
5,4,p2f,68,future_known,2,1,0.4241241669291293,0,0
5,4,p2f,68,future_known,3,1,0.9549754314647879,1,1
5,4,p2f,68,future_known,4,1,0.7679216079150635,1,1
5,4,p2f,68,future_known,5,1,0.9221272254750869,1,1
5,4,p2f,69,future_known,0,1,0.3974862884883657,0,0
5,4,p2f,69,future_known,1,1,0.10274671666345438,0,0
5,4,p2f,69,future_known,2,1,0.9059342221053519,1,1
5,4,p2f,69,future_known,3,1,0.44929683227722333,0,0
5,4,p2f,69,future_known,4,1,0.8483789441104583,1,1
5,4,p2f,69,future_known,5,1,0.24477161527916277,0,0
5,4,p2f,70,future_known,0,1,0.9420869205472061,1,1
5,4,p2f,70,future_known,1,1,0.15363337260669482,0,0
5,4,p2f,70,future_known,2,1,0.2223147009041168,0,0
5,4,p2f,70,future_known,3,1,0.013133391929452313,0,0
5,4,p2f,70,future_known,4,1,0.9900446840221842,1,1
5,4,p2f,70,future_known,5,1,0.15889983811584896,0,0
5,4,p2f,71,future_known,0,1,0.9977469153816568,1,1
5,4,p2f,71,future_known,1,1,0.9810954126383166,1,1
5,4,p2f,71,future_known,2,1,0.9817042180429949,1,1
5,4,p2f,71,future_known,3,1,0.9994864458075904,1,1
5,4,p2f,71,future_known,4,1,0.9685996355202381,1,1
5,4,p2f,71,future_known,5,1,0.8897676367895835,1,1
5,4,p2f,72,future_known,0,1,0.9990268143060889,1,1
5,4,p2f,72,future_known,1,1,0.9972649159913106,1,1
5,4,p2f,72,future_known,2,1,0.9558673170150751,1,1
5,4,p2f,72,future_known,3,1,0.9955313137155731,1,1
5,4,p2f,72,future_known,4,1,0.9962748867645328,1,1
5,4,p2f,72,future_known,5,1,0.9897688472881262,1,1
5,4,p2f,73,future_known,0,1,0.9745956708774933,1,1
5,4,p2f,73,future_known,1,1,0.7220297410095672,1,1
5,4,p2f,73,future_known,2,1,0.01676805917029379,0,0
5,4,p2f,73,future_known,3,1,0.17533129901955777,0,0
5,4,p2f,73,future_known,4,1,0.04343983448297211,0,0
5,4,p2f,73,future_known,5,1,0.5905486885867527,1,1
5,4,p2f,74,future_known,0,1,0.11100038027226479,0,0
5,4,p2f,74,future_known,1,1,0.011045080658095133,0,0
5,4,p2f,74,future_known,2,1,0.184423612442883,0,0
5,4,p2f,74,future_known,3,1,0.008576041914222815,0,0
5,4,p2f,74,future_known,4,1,0.0001178027986727037,0,0
5,4,p2f,74,future_known,5,1,0.0024269838139848988,0,0
5,4,p2f,75,future_unknown,0,0,0.9315807700749279,1,0
5,4,p2f,75,future_unknown,1,0,0.9690945672752633,1,0
5,4,p2f,75,future_unknown,2,0,0.7758380423865077,1,0
5,4,p2f,75,future_unknown,3,0,0.9991682323729968,1,0
5,4,p2f,75,future_unknown,4,0,0.9898626325118945,1,0
5,4,p2f,75,future_unknown,5,0,0.8952653633384301,1,0
5,4,p2f,76,future_unknown,0,0,0.029113753845540793,0,1
5,4,p2f,76,future_unknown,1,0,0.06797095335334992,0,1
5,4,p2f,76,future_unknown,2,0,0.3019793948874965,0,1
5,4,p2f,76,future_unknown,3,0,0.8073473421010917,1,0
5,4,p2f,76,future_unknown,4,0,0.26815579980218307,0,1
5,4,p2f,76,future_unknown,5,0,0.014179698614599393,0,1
5,4,p2f,77,future_unknown,0,0,0.8666866011989444,1,0
5,4,p2f,77,future_unknown,1,0,0.6661028168609087,1,0
5,4,p2f,77,future_unknown,2,0,0.003577118322360846,0,1
5,4,p2f,77,future_unknown,3,0,0.0071098894347549815,0,1
5,4,p2f,77,future_unknown,4,0,0.035006340926712,0,1
5,4,p2f,77,future_unknown,5,0,0.050445728673555006,0,1
5,4,p2f,78,future_unknown,0,0,0.9995133945210253,1,0
5,4,p2f,78,future_unknown,1,0,0.8655649131095955,1,0
5,4,p2f,78,future_unknown,2,0,0.9901536852018974,1,0
5,4,p2f,78,future_unknown,3,0,0.9720149427397837,1,0
5,4,p2f,78,future_unknown,4,0,0.9945795672691786,1,0
5,4,p2f,78,future_unknown,5,0,0.99764417213582,1,0
5,4,p2f,79,future_unknown,0,0,0.12700459731994243,0,1
5,4,p2f,79,future_unknown,1,0,0.04252572124623019,0,1
5,4,p2f,79,future_unknown,2,0,0.0038564967472678783,0,1
5,4,p2f,79,future_unknown,3,0,0.012415862035915942,0,1
5,4,p2f,79,future_unknown,4,0,0.057516880850097526,0,1
5,4,p2f,79,future_unknown,5,0,0.022692808548962287,0,1
5,4,p2f,80,future_unknown,0,0,0.6654607767724364,1,0
5,4,p2f,80,future_unknown,1,0,0.991406825141334,1,0
5,4,p2f,80,future_unknown,2,0,0.9531099380039324,1,0
5,4,p2f,80,future_unknown,3,0,0.9918426710996783,1,0
5,4,p2f,80,future_unknown,4,0,0.08714359020031652,0,1
5,4,p2f,80,future_unknown,5,0,0.9517559828408081,1,0
5,4,p2f,81,future_unknown,0,0,0.7419783738128143,1,0
5,4,p2f,81,future_unknown,1,0,0.2171831830961261,0,1
5,4,p2f,81,future_unknown,2,0,0.4146159063505551,0,1
5,4,p2f,81,future_unknown,3,0,0.5229212567885048,1,0
5,4,p2f,81,future_unknown,4,0,0.02002746677529729,0,1
5,4,p2f,81,future_unknown,5,0,0.06694799731836287,0,1
5,4,p2f,82,future_unknown,0,0,0.027630507732840353,0,1
5,4,p2f,82,future_unknown,1,0,0.020213891760584926,0,1
5,4,p2f,82,future_unknown,2,0,0.04429882236535313,0,1
5,4,p2f,82,future_unknown,3,0,0.023087642596112488,0,1
5,4,p2f,82,future_unknown,4,0,0.47934745382281857,0,1
5,4,p2f,82,future_unknown,5,0,0.015137256500802247,0,1
5,4,p2f,83,future_unknown,0,0,0.9937190548822304,1,0
5,4,p2f,83,future_unknown,1,0,0.9355420527539394,1,0
5,4,p2f,83,future_unknown,2,0,0.861675353141108,1,0
5,4,p2f,83,future_unknown,3,0,0.9974245430065589,1,0
5,4,p2f,83,future_unknown,4,0,0.4693853252816909,0,1
5,4,p2f,83,future_unknown,5,0,0.2584630524669104,0,1
5,4,p2f,84,future_unknown,0,0,0.14718870453719032,0,1
5,4,p2f,84,future_unknown,1,0,0.008912674647183344,0,1
5,4,p2f,84,future_unknown,2,0,0.07351932578272152,0,1
5,4,p2f,84,future_unknown,3,0,0.013247486398576194,0,1
5,4,p2f,84,future_unknown,4,0,0.008854307685912792,0,1
5,4,p2f,84,future_unknown,5,0,0.001339940320670188,0,1
5,4,p2f,85,future_unknown,0,0,0.9726831932398493,1,0
5,4,p2f,85,future_unknown,1,0,0.7676471828735615,1,0
5,4,p2f,85,future_unknown,2,0,0.9980504239159995,1,0
5,4,p2f,85,future_unknown,3,0,0.3813903396198872,0,1
5,4,p2f,85,future_unknown,4,0,0.9989938744124156,1,0
5,4,p2f,85,future_unknown,5,0,0.7815408898615268,1,0
5,4,p2f,86,future_unknown,0,0,0.9914212403281316,1,0
5,4,p2f,86,future_unknown,1,0,0.014576104300535018,0,1
5,4,p2f,86,future_unknown,2,0,0.9964402410938632,1,0
5,4,p2f,86,future_unknown,3,0,0.9550704896673848,1,0
5,4,p2f,86,future_unknown,4,0,0.9510349978264947,1,0
5,4,p2f,86,future_unknown,5,0,0.9100848261259322,1,0
5,4,p2f,87,future_unknown,0,0,0.7479057563697749,1,0
5,4,p2f,87,future_unknown,1,0,0.2895267838353839,0,1
5,4,p2f,87,future_unknown,2,0,0.3361381261114015,0,1
5,4,p2f,87,future_unknown,3,0,0.48742883314452684,0,1
5,4,p2f,87,future_unknown,4,0,0.07130700338487014,0,1
5,4,p2f,87,future_unknown,5,0,0.045535309542189116,0,1
5,4,p2f,88,future_unknown,0,0,0.9533772472865741,1,0
5,4,p2f,88,future_unknown,1,0,0.8316515135433441,1,0
5,4,p2f,88,future_unknown,2,0,0.9863423205997057,1,0
5,4,p2f,88,future_unknown,3,0,0.9539724198414237,1,0
5,4,p2f,88,future_unknown,4,0,0.99677424197299,1,0
5,4,p2f,88,future_unknown,5,0,0.8385620997387658,1,0
5,4,p2f,89,future_unknown,0,0,0.9236728152084976,1,0
5,4,p2f,89,future_unknown,1,0,0.9096334877179049,1,0
5,4,p2f,89,future_unknown,2,0,0.849570873505551,1,0
5,4,p2f,89,future_unknown,3,0,0.8514886512713049,1,0
5,4,p2f,89,future_unknown,4,0,0.9584560061363488,1,0
5,4,p2f,89,future_unknown,5,0,0.9918885053292411,1,0
5,4,p2f,90,future_unknown,0,0,0.9997286591530408,1,0
5,4,p2f,90,future_unknown,1,0,0.9999560436211359,1,0
5,4,p2f,90,future_unknown,2,0,0.9978612382003319,1,0
5,4,p2f,90,future_unknown,3,0,0.9980756894412384,1,0
5,4,p2f,90,future_unknown,4,0,0.9999820572809175,1,0
5,4,p2f,90,future_unknown,5,0,0.9914142578616303,1,0
5,4,p2f,91,future_unknown,0,0,0.13680520120665793,0,1
5,4,p2f,91,future_unknown,1,0,0.9418982271122287,1,0
5,4,p2f,91,future_unknown,2,0,0.05116214572756502,0,1
5,4,p2f,91,future_unknown,3,0,0.41913173688119293,0,1
5,4,p2f,91,future_unknown,4,0,0.06439661069405742,0,1
5,4,p2f,91,future_unknown,5,0,0.006166318313154415,0,1
5,4,p2f,92,future_unknown,0,0,0.8437592455021725,1,0
5,4,p2f,92,future_unknown,1,0,0.40550885015167926,0,1
5,4,p2f,92,future_unknown,2,0,0.6456921054997706,1,0
5,4,p2f,92,future_unknown,3,0,0.9999790229264254,1,0
5,4,p2f,92,future_unknown,4,0,0.3627014052503071,0,1
5,4,p2f,92,future_unknown,5,0,0.05910069052742039,0,1
5,4,p2f,93,future_unknown,0,0,0.9564531553383199,1,0
5,4,p2f,93,future_unknown,1,0,0.5665266438887226,1,0
5,4,p2f,93,future_unknown,2,0,0.03228186237768114,0,1
5,4,p2f,93,future_unknown,3,0,0.03228186237768114,0,1
5,4,p2f,93,future_unknown,4,0,0.5477945321907627,1,0
5,4,p2f,93,future_unknown,5,0,0.3568940790515932,0,1
5,4,p2f,94,future_unknown,0,0,0.9820368879835919,1,0
5,4,p2f,94,future_unknown,1,0,0.9451378893457595,1,0
5,4,p2f,94,future_unknown,2,0,0.7453940957307219,1,0
5,4,p2f,94,future_unknown,3,0,0.9948801653088385,1,0
5,4,p2f,94,future_unknown,4,0,0.6034062625558314,1,0
5,4,p2f,94,future_unknown,5,0,0.7383774036644951,1,0
5,4,p2f,95,future_unknown,0,0,0.8787027737062455,1,0
5,4,p2f,95,future_unknown,1,0,0.9674662795634132,1,0
5,4,p2f,95,future_unknown,2,0,0.8589470972550378,1,0
5,4,p2f,95,future_unknown,3,0,0.14327403513510314,0,1
5,4,p2f,95,future_unknown,4,0,0.908659539315735,1,0
5,4,p2f,95,future_unknown,5,0,0.4919243914443756,0,1
5,4,p2f,96,future_unknown,0,0,0.8630794010982835,1,0
5,4,p2f,96,future_unknown,1,0,0.8693065406835215,1,0
5,4,p2f,96,future_unknown,2,0,0.9720034349988885,1,0
5,4,p2f,96,future_unknown,3,0,0.948364540936779,1,0
5,4,p2f,96,future_unknown,4,0,0.9745965390945521,1,0
5,4,p2f,96,future_unknown,5,0,0.9941482369588327,1,0
5,4,p2f,97,future_unknown,0,0,0.040150267774944064,0,1
5,4,p2f,97,future_unknown,1,0,0.1372984883313112,0,1
5,4,p2f,97,future_unknown,2,0,0.004567529251965184,0,1
5,4,p2f,97,future_unknown,3,0,0.00512480863651979,0,1
5,4,p2f,97,future_unknown,4,0,0.08868542391268167,0,1
5,4,p2f,97,future_unknown,5,0,0.18136654775414182,0,1
5,4,p2f,98,future_unknown,0,0,0.004482122654986829,0,1
5,4,p2f,98,future_unknown,1,0,0.0005971849981930184,0,1
5,4,p2f,98,future_unknown,2,0,0.0036411133387214186,0,1
5,4,p2f,98,future_unknown,3,0,0.0008786662208245406,0,1
5,4,p2f,98,future_unknown,4,0,0.00019953928665761457,0,1
5,4,p2f,98,future_unknown,5,0,0.0009897096365393701,0,1
5,4,p2f,99,future_unknown,0,0,0.453147369139459,0,1
5,4,p2f,99,future_unknown,1,0,0.41696308225835144,0,1
5,4,p2f,99,future_unknown,2,0,0.2529444330416683,0,1
5,4,p2f,99,future_unknown,3,0,0.8518152855750221,1,0
5,4,p2f,99,future_unknown,4,0,0.6139070293152467,1,0
5,4,p2f,99,future_unknown,5,0,0.6520646393617139,1,0
5,4,f2p,0,past_known,0,1,0.03832415771189656,0,0
5,4,f2p,0,past_known,1,1,0.9964676110327201,1,1
5,4,f2p,0,past_known,2,1,0.7924702085115789,1,1
5,4,f2p,0,past_known,3,1,0.8311110459172392,1,1
5,4,f2p,0,past_known,4,1,0.9889762688333268,1,1
5,4,f2p,0,past_known,5,1,0.056516599389306574,0,0
5,4,f2p,1,past_known,0,1,0.5193715079191783,1,1
5,4,f2p,1,past_known,1,1,0.9214952687694911,1,1
5,4,f2p,1,past_known,2,1,0.7694244300644473,1,1
5,4,f2p,1,past_known,3,1,0.959358535463459,1,1
5,4,f2p,1,past_known,4,1,0.37929679448461895,0,0
5,4,f2p,1,past_known,5,1,0.930131548150628,1,1
5,4,f2p,2,past_known,0,1,0.09633221079043759,0,0
5,4,f2p,2,past_known,1,1,0.001219308794073661,0,0
5,4,f2p,2,past_known,2,1,0.9975455315318791,1,1
5,4,f2p,2,past_known,3,1,0.10784010212165512,0,0
5,4,f2p,2,past_known,4,1,0.006396142040867361,0,0
5,4,f2p,2,past_known,5,1,0.005860324953875272,0,0
5,4,f2p,3,past_known,0,1,0.007672334438454503,0,0
5,4,f2p,3,past_known,1,1,0.009509796056770744,0,0
5,4,f2p,3,past_known,2,1,0.48302781817038454,0,0
5,4,f2p,3,past_known,3,1,0.07134567607638864,0,0
5,4,f2p,3,past_known,4,1,0.10911380118737055,0,0
5,4,f2p,3,past_known,5,1,0.8962163128720543,1,1
5,4,f2p,4,past_known,0,1,0.010964260341713643,0,0
5,4,f2p,4,past_known,1,1,0.15293521672077445,0,0
5,4,f2p,4,past_known,2,1,0.9585004981976579,1,1
5,4,f2p,4,past_known,3,1,0.7812566794434065,1,1
5,4,f2p,4,past_known,4,1,0.0006820385402021752,0,0
5,4,f2p,4,past_known,5,1,1.7484040362931748e-05,0,0
5,4,f2p,5,past_known,0,1,0.5759769815548993,1,1
5,4,f2p,5,past_known,1,1,0.8838021075035157,1,1
5,4,f2p,5,past_known,2,1,0.9820520486487578,1,1
5,4,f2p,5,past_known,3,1,0.9999124160737285,1,1
5,4,f2p,5,past_known,4,1,0.9994423701651962,1,1
5,4,f2p,5,past_known,5,1,0.9998389385853427,1,1
5,4,f2p,6,past_known,0,1,0.0004907952646667416,0,0
5,4,f2p,6,past_known,1,1,0.23480966788786778,0,0
5,4,f2p,6,past_known,2,1,8.55630280604052e-05,0,0
5,4,f2p,6,past_known,3,1,1.2146236655322141e-05,0,0
5,4,f2p,6,past_known,4,1,0.0037568635189443255,0,0
5,4,f2p,6,past_known,5,1,3.268568906227094e-05,0,0
5,4,f2p,7,past_known,0,1,0.9998796114344715,1,1
5,4,f2p,7,past_known,1,1,0.9999723855413316,1,1
5,4,f2p,7,past_known,2,1,0.8571864813868972,1,1
5,4,f2p,7,past_known,3,1,0.9980057842095413,1,1
5,4,f2p,7,past_known,4,1,0.9988166807487812,1,1
5,4,f2p,7,past_known,5,1,0.1458517473841122,0,0
5,4,f2p,8,past_known,0,1,0.006200845583089414,0,0
5,4,f2p,8,past_known,1,1,0.024380168502891014,0,0
5,4,f2p,8,past_known,2,1,0.9597412268718336,1,1
5,4,f2p,8,past_known,3,1,0.14737789545587746,0,0
5,4,f2p,8,past_known,4,1,0.01562532875598313,0,0
5,4,f2p,8,past_known,5,1,0.25591389409636034,0,0
5,4,f2p,9,past_known,0,1,0.9842083153247908,1,1
5,4,f2p,9,past_known,1,1,0.9994528863791903,1,1
5,4,f2p,9,past_known,2,1,0.9981652041141673,1,1
5,4,f2p,9,past_known,3,1,0.9999958377880279,1,1
5,4,f2p,9,past_known,4,1,0.999851464685596,1,1
5,4,f2p,9,past_known,5,1,0.7884350990781948,1,1
5,4,f2p,10,past_known,0,1,0.8279077571769414,1,1
5,4,f2p,10,past_known,1,1,0.995277868436745,1,1
5,4,f2p,10,past_known,2,1,0.7539489899644072,1,1
5,4,f2p,10,past_known,3,1,0.4191680174823115,0,0
5,4,f2p,10,past_known,4,1,0.9791695427892292,1,1
5,4,f2p,10,past_known,5,1,0.9992881269959873,1,1
5,4,f2p,11,past_known,0,1,0.7724392534401928,1,1
5,4,f2p,11,past_known,1,1,0.4578765309455901,0,0
5,4,f2p,11,past_known,2,1,0.029349546363110646,0,0
5,4,f2p,11,past_known,3,1,0.020161613493197766,0,0
5,4,f2p,11,past_known,4,1,0.2747918476979136,0,0
5,4,f2p,11,past_known,5,1,0.9750670349378331,1,1
5,4,f2p,12,past_known,0,1,0.8661234375367194,1,1
5,4,f2p,12,past_known,1,1,0.29741213280638745,0,0
5,4,f2p,12,past_known,2,1,0.9992843480001561,1,1
5,4,f2p,12,past_known,3,1,0.9999198945395198,1,1
5,4,f2p,12,past_known,4,1,0.9997627133535515,1,1
5,4,f2p,12,past_known,5,1,0.9994613590414281,1,1
5,4,f2p,13,past_known,0,1,0.9969016633075227,1,1
5,4,f2p,13,past_known,1,1,0.48174221647634635,0,0
5,4,f2p,13,past_known,2,1,0.9999963343602715,1,1
5,4,f2p,13,past_known,3,1,0.999730794720724,1,1
5,4,f2p,13,past_known,4,1,0.9861793664015541,1,1
5,4,f2p,13,past_known,5,1,0.5056770409886657,1,1
5,4,f2p,14,past_known,0,1,0.004265828584451634,0,0
5,4,f2p,14,past_known,1,1,0.9852711901859085,1,1
5,4,f2p,14,past_known,2,1,0.6778905528562981,1,1
5,4,f2p,14,past_known,3,1,0.9949429570880025,1,1
5,4,f2p,14,past_known,4,1,0.34587567720173296,0,0
5,4,f2p,14,past_known,5,1,0.999999990681958,1,1
5,4,f2p,15,past_known,0,1,6.597087858414126e-05,0,0
5,4,f2p,15,past_known,1,1,0.006934318733751817,0,0
5,4,f2p,15,past_known,2,1,0.3732576252002568,0,0
5,4,f2p,15,past_known,3,1,0.04556474164982657,0,0
5,4,f2p,15,past_known,4,1,5.8290989376050134e-05,0,0
5,4,f2p,15,past_known,5,1,0.00987809886700477,0,0
5,4,f2p,16,past_known,0,1,0.9999891750063213,1,1
5,4,f2p,16,past_known,1,1,0.9999992762434196,1,1
5,4,f2p,16,past_known,2,1,0.9999613679207668,1,1
5,4,f2p,16,past_known,3,1,0.9972427125611733,1,1
5,4,f2p,16,past_known,4,1,0.9999452475632403,1,1
5,4,f2p,16,past_known,5,1,0.9999939061554004,1,1
5,4,f2p,17,past_known,0,1,0.0030359236757023893,0,0
5,4,f2p,17,past_known,1,1,2.4506606262528302e-06,0,0
5,4,f2p,17,past_known,2,1,5.082069913088182e-05,0,0
5,4,f2p,17,past_known,3,1,0.0023149561662143743,0,0
5,4,f2p,17,past_known,4,1,0.002967874585663355,0,0
5,4,f2p,17,past_known,5,1,0.0005212592219037366,0,0
5,4,f2p,18,past_known,0,1,0.9929902444535634,1,1
5,4,f2p,18,past_known,1,1,0.9707667460546732,1,1
5,4,f2p,18,past_known,2,1,0.9942749286335775,1,1
5,4,f2p,18,past_known,3,1,0.9398906692589348,1,1
5,4,f2p,18,past_known,4,1,0.9987702112397576,1,1
5,4,f2p,18,past_known,5,1,0.001542826354015181,0,0
5,4,f2p,19,past_known,0,1,0.9999529242446462,1,1
5,4,f2p,19,past_known,1,1,0.9930920470855658,1,1
5,4,f2p,19,past_known,2,1,0.9961329336554186,1,1
5,4,f2p,19,past_known,3,1,0.999769036492184,1,1
5,4,f2p,19,past_known,4,1,0.9994204894886577,1,1
5,4,f2p,19,past_known,5,1,0.9871077703024831,1,1
5,4,f2p,20,past_known,0,1,0.9857685939626308,1,1
5,4,f2p,20,past_known,1,1,0.11144401667502614,0,0
5,4,f2p,20,past_known,2,1,0.6107047090701968,1,1
5,4,f2p,20,past_known,3,1,0.9053339305574438,1,1
5,4,f2p,20,past_known,4,1,0.6907931467837756,1,1
5,4,f2p,20,past_known,5,1,0.6751725597793397,1,1
5,4,f2p,21,past_known,0,1,0.4361585520311572,0,0
5,4,f2p,21,past_known,1,1,0.4095978602879805,0,0
5,4,f2p,21,past_known,2,1,0.9999220574400703,1,1
5,4,f2p,21,past_known,3,1,0.9806070946590303,1,1
5,4,f2p,21,past_known,4,1,0.6998272161584191,1,1
5,4,f2p,21,past_known,5,1,0.5035415463878338,1,1
5,4,f2p,22,past_known,0,1,0.022761718784661142,0,0
5,4,f2p,22,past_known,1,1,0.9425353039689797,1,1
5,4,f2p,22,past_known,2,1,0.09100123587908399,0,0
5,4,f2p,22,past_known,3,1,0.8471905127789116,1,1
5,4,f2p,22,past_known,4,1,0.7318440388635576,1,1
5,4,f2p,22,past_known,5,1,0.9411310154366103,1,1
5,4,f2p,23,past_known,0,1,0.009930121614768599,0,0
5,4,f2p,23,past_known,1,1,0.679572190443946,1,1
5,4,f2p,23,past_known,2,1,0.6622608156844815,1,1
5,4,f2p,23,past_known,3,1,0.9837519820923147,1,1
5,4,f2p,23,past_known,4,1,0.5360469945624168,1,1
5,4,f2p,23,past_known,5,1,0.4321108010531323,0,0
5,4,f2p,24,past_known,0,1,0.999999804772587,1,1
5,4,f2p,24,past_known,1,1,0.9999951559634008,1,1
5,4,f2p,24,past_known,2,1,0.9999966245125482,1,1
5,4,f2p,24,past_known,3,1,0.9999999779929793,1,1
5,4,f2p,24,past_known,4,1,0.9999997881658593,1,1
5,4,f2p,24,past_known,5,1,0.9999947443187525,1,1
5,4,f2p,25,past_unknown,0,0,0.020172914321025515,0,1
5,4,f2p,25,past_unknown,1,0,0.22925331352598888,0,1
5,4,f2p,25,past_unknown,2,0,0.9096461477564679,1,0
5,4,f2p,25,past_unknown,3,0,0.5167017828726833,1,0
5,4,f2p,25,past_unknown,4,0,0.17688130413177855,0,1
5,4,f2p,25,past_unknown,5,0,0.9625182278865327,1,0
5,4,f2p,26,past_unknown,0,0,0.0011536865221643657,0,1
5,4,f2p,26,past_unknown,1,0,0.8477378655860456,1,0
5,4,f2p,26,past_unknown,2,0,0.024071954197272646,0,1
5,4,f2p,26,past_unknown,3,0,0.26290297473280705,0,1
5,4,f2p,26,past_unknown,4,0,0.06098607263021959,0,1
5,4,f2p,26,past_unknown,5,0,0.0009265217070489184,0,1
5,4,f2p,27,past_unknown,0,0,0.001894419357870706,0,1
5,4,f2p,27,past_unknown,1,0,0.3657276410639612,0,1
5,4,f2p,27,past_unknown,2,0,0.06534540795016232,0,1
5,4,f2p,27,past_unknown,3,0,0.42554730987712897,0,1
5,4,f2p,27,past_unknown,4,0,0.9586019522610327,1,0
5,4,f2p,27,past_unknown,5,0,0.11637437912338734,0,1
5,4,f2p,28,past_unknown,0,0,0.03178551218307804,0,1
5,4,f2p,28,past_unknown,1,0,0.0029760652206460687,0,1
5,4,f2p,28,past_unknown,2,0,0.9871709340627683,1,0
5,4,f2p,28,past_unknown,3,0,0.11166983990165964,0,1
5,4,f2p,28,past_unknown,4,0,0.8920988729119889,1,0
5,4,f2p,28,past_unknown,5,0,8.929704966554221e-05,0,1
5,4,f2p,29,past_unknown,0,0,0.9269722025919429,1,0
5,4,f2p,29,past_unknown,1,0,0.8450988695254582,1,0
5,4,f2p,29,past_unknown,2,0,0.049365238682850296,0,1
5,4,f2p,29,past_unknown,3,0,0.12077046306355303,0,1
5,4,f2p,29,past_unknown,4,0,0.033303735005456185,0,1
5,4,f2p,29,past_unknown,5,0,0.996101256722652,1,0
5,4,f2p,30,past_unknown,0,0,0.9817216716918601,1,0
5,4,f2p,30,past_unknown,1,0,0.5467683725221909,1,0
5,4,f2p,30,past_unknown,2,0,0.9992625750893402,1,0
5,4,f2p,30,past_unknown,3,0,0.3273186102482461,0,1
5,4,f2p,30,past_unknown,4,0,0.06882807146242519,0,1
5,4,f2p,30,past_unknown,5,0,0.11071675710476062,0,1
5,4,f2p,31,past_unknown,0,0,0.6139386063020043,1,0
5,4,f2p,31,past_unknown,1,0,0.9424428552788463,1,0
5,4,f2p,31,past_unknown,2,0,0.7039406048279953,1,0
5,4,f2p,31,past_unknown,3,0,0.9988349853455725,1,0
5,4,f2p,31,past_unknown,4,0,0.9589108341329506,1,0
5,4,f2p,31,past_unknown,5,0,0.9711054996801616,1,0
5,4,f2p,32,past_unknown,0,0,0.2861841810740989,0,1
5,4,f2p,32,past_unknown,1,0,0.11978270856032967,0,1
5,4,f2p,32,past_unknown,2,0,0.9999913685210087,1,0
5,4,f2p,32,past_unknown,3,0,0.9124301790713469,1,0
5,4,f2p,32,past_unknown,4,0,0.847494079142976,1,0
5,4,f2p,32,past_unknown,5,0,0.9837370496439424,1,0
5,4,f2p,33,past_unknown,0,0,0.6180609522136414,1,0
5,4,f2p,33,past_unknown,1,0,0.8277485363373825,1,0
5,4,f2p,33,past_unknown,2,0,0.01437019666874056,0,1
5,4,f2p,33,past_unknown,3,0,0.9999987558860672,1,0
5,4,f2p,33,past_unknown,4,0,0.9999897134485247,1,0
5,4,f2p,33,past_unknown,5,0,0.9992892957736961,1,0
5,4,f2p,34,past_unknown,0,0,0.007394026334849256,0,1
5,4,f2p,34,past_unknown,1,0,0.3034230203796824,0,1
5,4,f2p,34,past_unknown,2,0,0.0020343857841219727,0,1
5,4,f2p,34,past_unknown,3,0,0.9844366303436731,1,0
5,4,f2p,34,past_unknown,4,0,0.9662074223955331,1,0
5,4,f2p,34,past_unknown,5,0,0.7957994108507536,1,0
5,4,f2p,35,past_unknown,0,0,0.999376147312177,1,0
5,4,f2p,35,past_unknown,1,0,0.7347540853516887,1,0
5,4,f2p,35,past_unknown,2,0,0.9996192809012259,1,0
5,4,f2p,35,past_unknown,3,0,0.9994274175186724,1,0
5,4,f2p,35,past_unknown,4,0,0.8399352871348882,1,0
5,4,f2p,35,past_unknown,5,0,0.9446436270983132,1,0
5,4,f2p,36,past_unknown,0,0,0.006073920323564202,0,1
5,4,f2p,36,past_unknown,1,0,0.9757105398065821,1,0
5,4,f2p,36,past_unknown,2,0,0.6580790278923822,1,0
5,4,f2p,36,past_unknown,3,0,0.7165315214947123,1,0
5,4,f2p,36,past_unknown,4,0,0.9469731897490251,1,0
5,4,f2p,36,past_unknown,5,0,0.15426351420443354,0,1
5,4,f2p,37,past_unknown,0,0,0.23490952758369713,0,1
5,4,f2p,37,past_unknown,1,0,0.5472341484102152,1,0
5,4,f2p,37,past_unknown,2,0,0.0015613875446928442,0,1
5,4,f2p,37,past_unknown,3,0,0.011659552333495794,0,1
5,4,f2p,37,past_unknown,4,0,0.20574890672811086,0,1
5,4,f2p,37,past_unknown,5,0,0.6095132933790242,1,0
5,4,f2p,38,past_unknown,0,0,0.031372100300160646,0,1
5,4,f2p,38,past_unknown,1,0,0.2399147669820982,0,1
5,4,f2p,38,past_unknown,2,0,0.9722753443455603,1,0
5,4,f2p,38,past_unknown,3,0,0.9367823169453082,1,0
5,4,f2p,38,past_unknown,4,0,0.3394889478567825,0,1
5,4,f2p,38,past_unknown,5,0,0.8011294698951025,1,0
5,4,f2p,39,past_unknown,0,0,0.990014325582204,1,0
5,4,f2p,39,past_unknown,1,0,0.9936596716947533,1,0
5,4,f2p,39,past_unknown,2,0,0.9965898571831275,1,0
5,4,f2p,39,past_unknown,3,0,0.575724054313059,1,0
5,4,f2p,39,past_unknown,4,0,0.9993624449657099,1,0
5,4,f2p,39,past_unknown,5,0,0.8808471006697827,1,0
5,4,f2p,40,past_unknown,0,0,0.003665968262949543,0,1
5,4,f2p,40,past_unknown,1,0,0.45412063896262683,0,1
5,4,f2p,40,past_unknown,2,0,0.06566733552442319,0,1
5,4,f2p,40,past_unknown,3,0,0.8104762922651011,1,0
5,4,f2p,40,past_unknown,4,0,0.5457643693536969,1,0
5,4,f2p,40,past_unknown,5,0,0.977414743041585,1,0
5,4,f2p,41,past_unknown,0,0,0.7277193985343153,1,0
5,4,f2p,41,past_unknown,1,0,0.9945824422293615,1,0
5,4,f2p,41,past_unknown,2,0,0.9967947022411188,1,0
5,4,f2p,41,past_unknown,3,0,0.03330719697959819,0,1
5,4,f2p,41,past_unknown,4,0,0.7814614643652613,1,0
5,4,f2p,41,past_unknown,5,0,0.9882439280201839,1,0
5,4,f2p,42,past_unknown,0,0,0.4572324903671517,0,1
5,4,f2p,42,past_unknown,1,0,0.11150379140256735,0,1
5,4,f2p,42,past_unknown,2,0,0.05549033059446099,0,1
5,4,f2p,42,past_unknown,3,0,0.805468324957986,1,0
5,4,f2p,42,past_unknown,4,0,0.03123974771004474,0,1
5,4,f2p,42,past_unknown,5,0,0.19139543825682312,0,1
5,4,f2p,43,past_unknown,0,0,0.9953996538387334,1,0
5,4,f2p,43,past_unknown,1,0,0.5998967347101399,1,0
5,4,f2p,43,past_unknown,2,0,0.6892941347545845,1,0
5,4,f2p,43,past_unknown,3,0,0.9711473419514315,1,0
5,4,f2p,43,past_unknown,4,0,0.4258936186136961,0,1
5,4,f2p,43,past_unknown,5,0,0.8880540774748414,1,0
5,4,f2p,44,past_unknown,0,0,0.8825089612405463,1,0
5,4,f2p,44,past_unknown,1,0,0.8935130312686077,1,0
5,4,f2p,44,past_unknown,2,0,0.9548385899492705,1,0
5,4,f2p,44,past_unknown,3,0,0.20418189182075494,0,1
5,4,f2p,44,past_unknown,4,0,0.933410219703122,1,0
5,4,f2p,44,past_unknown,5,0,0.9960034853778964,1,0
5,4,f2p,45,past_unknown,0,0,0.32597659048760785,0,1
5,4,f2p,45,past_unknown,1,0,0.8464017153334857,1,0
5,4,f2p,45,past_unknown,2,0,0.9692621248066697,1,0
5,4,f2p,45,past_unknown,3,0,0.9524665593809336,1,0
5,4,f2p,45,past_unknown,4,0,0.28087610606245367,0,1
5,4,f2p,45,past_unknown,5,0,0.7056262493957098,1,0
5,4,f2p,46,past_unknown,0,0,0.00917404251486703,0,1
5,4,f2p,46,past_unknown,1,0,0.011885981909585801,0,1
5,4,f2p,46,past_unknown,2,0,0.0008816107124571345,0,1
5,4,f2p,46,past_unknown,3,0,0.010768600533583157,0,1
5,4,f2p,46,past_unknown,4,0,0.04634417593671614,0,1
5,4,f2p,46,past_unknown,5,0,0.23872725261413336,0,1
5,4,f2p,47,past_unknown,0,0,0.9997681690244091,1,0
5,4,f2p,47,past_unknown,1,0,0.9999573453683044,1,0
5,4,f2p,47,past_unknown,2,0,0.9985171258713867,1,0
5,4,f2p,47,past_unknown,3,0,0.9999869659938366,1,0
5,4,f2p,47,past_unknown,4,0,0.9871166551333287,1,0
5,4,f2p,47,past_unknown,5,0,0.999417366700516,1,0
5,4,f2p,48,past_unknown,0,0,0.9990075323379817,1,0
5,4,f2p,48,past_unknown,1,0,0.9996085430945412,1,0
5,4,f2p,48,past_unknown,2,0,0.9995806115647566,1,0
5,4,f2p,48,past_unknown,3,0,0.9951169002936273,1,0
5,4,f2p,48,past_unknown,4,0,0.9995480152258974,1,0
5,4,f2p,48,past_unknown,5,0,0.9998278585449814,1,0
5,4,f2p,49,past_unknown,0,0,0.8091747082566676,1,0
5,4,f2p,49,past_unknown,1,0,0.9972171936141561,1,0
5,4,f2p,49,past_unknown,2,0,0.900673612258059,1,0
5,4,f2p,49,past_unknown,3,0,0.2179749679675379,0,1
5,4,f2p,49,past_unknown,4,0,0.996323432150874,1,0
5,4,f2p,49,past_unknown,5,0,0.9724583010483638,1,0
6,4,p2f,50,future_known,0,1,0.9865582428468146,1,1
6,4,p2f,50,future_known,1,1,0.9031745549728184,1,1
6,4,p2f,50,future_known,2,1,0.9961553459343322,1,1
6,4,p2f,50,future_known,3,1,0.957585357786977,1,1
6,4,p2f,50,future_known,4,1,0.8344305888078868,1,1
6,4,p2f,50,future_known,5,1,0.997645434021425,1,1
6,4,p2f,51,future_known,0,1,0.9977685893964816,1,1
6,4,p2f,51,future_known,1,1,0.9702021251985781,1,1
6,4,p2f,51,future_known,2,1,0.38964943847333633,0,0
6,4,p2f,51,future_known,3,1,0.8067397409566337,1,1
6,4,p2f,51,future_known,4,1,0.9563955128082544,1,1
6,4,p2f,51,future_known,5,1,0.9069744730688222,1,1
6,4,p2f,52,future_known,0,1,0.9932087297362504,1,1
6,4,p2f,52,future_known,1,1,0.9999998175470417,1,1
6,4,p2f,52,future_known,2,1,0.9978633074953037,1,1
6,4,p2f,52,future_known,3,1,0.9942412476512044,1,1
6,4,p2f,52,future_known,4,1,0.8424985132928222,1,1
6,4,p2f,52,future_known,5,1,0.9950988086709012,1,1
6,4,p2f,53,future_known,0,1,0.9999971901326458,1,1
6,4,p2f,53,future_known,1,1,0.9985175584604227,1,1
6,4,p2f,53,future_known,2,1,0.9994044098538951,1,1
6,4,p2f,53,future_known,3,1,0.9992376811919018,1,1
6,4,p2f,53,future_known,4,1,0.9993786562027016,1,1
6,4,p2f,53,future_known,5,1,0.9996675366516705,1,1
6,4,p2f,54,future_known,0,1,0.9965036525369565,1,1
6,4,p2f,54,future_known,1,1,0.9919586964759708,1,1
6,4,p2f,54,future_known,2,1,0.9973108180270548,1,1
6,4,p2f,54,future_known,3,1,0.9990238139960689,1,1
6,4,p2f,54,future_known,4,1,0.9954002546399363,1,1
6,4,p2f,54,future_known,5,1,0.9978955479585259,1,1
6,4,p2f,55,future_known,0,1,0.9999984461513712,1,1
6,4,p2f,55,future_known,1,1,0.999952139785378,1,1
6,4,p2f,55,future_known,2,1,0.999111570285296,1,1
6,4,p2f,55,future_known,3,1,0.9999998813292524,1,1
6,4,p2f,55,future_known,4,1,0.9996674706553342,1,1
6,4,p2f,55,future_known,5,1,0.9998217278205452,1,1
6,4,p2f,56,future_known,0,1,0.9791536939442725,1,1
6,4,p2f,56,future_known,1,1,0.998751121438474,1,1
6,4,p2f,56,future_known,2,1,0.25092284745425536,0,0
6,4,p2f,56,future_known,3,1,0.9931442199554099,1,1
6,4,p2f,56,future_known,4,1,0.09435639241196714,0,0
6,4,p2f,56,future_known,5,1,0.9694511985749901,1,1
6,4,p2f,57,future_known,0,1,0.9430290495588836,1,1
6,4,p2f,57,future_known,1,1,0.989339187671098,1,1
6,4,p2f,57,future_known,2,1,0.9969105393083763,1,1
6,4,p2f,57,future_known,3,1,0.9862665235060173,1,1
6,4,p2f,57,future_known,4,1,0.992970702546842,1,1
6,4,p2f,57,future_known,5,1,0.9529961464450303,1,1
6,4,p2f,58,future_known,0,1,0.9999890726204446,1,1
6,4,p2f,58,future_known,1,1,0.999941330055727,1,1
6,4,p2f,58,future_known,2,1,0.9986970002241333,1,1
6,4,p2f,58,future_known,3,1,0.9998573568622326,1,1
6,4,p2f,58,future_known,4,1,0.9993081010999862,1,1
6,4,p2f,58,future_known,5,1,0.999762418227398,1,1
6,4,p2f,59,future_known,0,1,0.9996470560859043,1,1
6,4,p2f,59,future_known,1,1,0.9830931488094099,1,1
6,4,p2f,59,future_known,2,1,0.9955668178894265,1,1
6,4,p2f,59,future_known,3,1,0.972360762669114,1,1
6,4,p2f,59,future_known,4,1,0.997129295504393,1,1
6,4,p2f,59,future_known,5,1,0.9979704937544692,1,1
6,4,p2f,60,future_known,0,1,0.9999287144906615,1,1
6,4,p2f,60,future_known,1,1,0.9992191439129579,1,1
6,4,p2f,60,future_known,2,1,0.9359159046772267,1,1
6,4,p2f,60,future_known,3,1,0.9128467567477374,1,1
6,4,p2f,60,future_known,4,1,0.4096188621776929,0,0
6,4,p2f,60,future_known,5,1,0.9931196594967812,1,1
6,4,p2f,61,future_known,0,1,0.15743636686799126,0,0
6,4,p2f,61,future_known,1,1,0.9274104453893454,1,1
6,4,p2f,61,future_known,2,1,0.02397810778020807,0,0
6,4,p2f,61,future_known,3,1,0.1767894544401129,0,0
6,4,p2f,61,future_known,4,1,0.4267336849958536,0,0
6,4,p2f,61,future_known,5,1,0.5506145278374475,1,1
6,4,p2f,62,future_known,0,1,0.999935985831353,1,1
6,4,p2f,62,future_known,1,1,0.999928385768971,1,1
6,4,p2f,62,future_known,2,1,0.9589279255320494,1,1
6,4,p2f,62,future_known,3,1,0.9714714398408967,1,1
6,4,p2f,62,future_known,4,1,0.9992302619859703,1,1
6,4,p2f,62,future_known,5,1,0.8654199611989085,1,1
6,4,p2f,63,future_known,0,1,0.9996685560134814,1,1
6,4,p2f,63,future_known,1,1,0.8205776275098042,1,1
6,4,p2f,63,future_known,2,1,0.29426988484760636,0,0
6,4,p2f,63,future_known,3,1,0.9985190330008187,1,1
6,4,p2f,63,future_known,4,1,0.8640754096179831,1,1
6,4,p2f,63,future_known,5,1,0.9938191514186854,1,1
6,4,p2f,64,future_known,0,1,0.9995241089930328,1,1
6,4,p2f,64,future_known,1,1,0.9976990456862598,1,1
6,4,p2f,64,future_known,2,1,0.98893532397641,1,1
6,4,p2f,64,future_known,3,1,0.9988283895570867,1,1
6,4,p2f,64,future_known,4,1,0.9765737969022722,1,1
6,4,p2f,64,future_known,5,1,0.9787734369044616,1,1
6,4,p2f,65,future_known,0,1,0.9600672656111872,1,1
6,4,p2f,65,future_known,1,1,0.9207772224228556,1,1
6,4,p2f,65,future_known,2,1,0.9979185157632482,1,1
6,4,p2f,65,future_known,3,1,0.9271730740630324,1,1
6,4,p2f,65,future_known,4,1,0.9849663481003318,1,1
6,4,p2f,65,future_known,5,1,0.7442199780858246,1,1
6,4,p2f,66,future_known,0,1,0.6760653924186195,1,1
6,4,p2f,66,future_known,1,1,0.9999298594564573,1,1
6,4,p2f,66,future_known,2,1,0.9918189888962045,1,1
6,4,p2f,66,future_known,3,1,0.9694688423374968,1,1
6,4,p2f,66,future_known,4,1,0.9667087174417912,1,1
6,4,p2f,66,future_known,5,1,0.7547253014350136,1,1
6,4,p2f,67,future_known,0,1,0.963313247781207,1,1
6,4,p2f,67,future_known,1,1,0.9996799512170059,1,1
6,4,p2f,67,future_known,2,1,0.9981806785572725,1,1
6,4,p2f,67,future_known,3,1,0.9425500117764116,1,1
6,4,p2f,67,future_known,4,1,0.9999089966031122,1,1
6,4,p2f,67,future_known,5,1,0.8847519974138689,1,1
6,4,p2f,68,future_known,0,1,0.9955623150959464,1,1
6,4,p2f,68,future_known,1,1,0.9918864502445954,1,1
6,4,p2f,68,future_known,2,1,0.9206310274534518,1,1
6,4,p2f,68,future_known,3,1,0.9989446500050052,1,1
6,4,p2f,68,future_known,4,1,0.9163013316710926,1,1
6,4,p2f,68,future_known,5,1,0.9945444879389455,1,1
6,4,p2f,69,future_known,0,1,0.9022458707195526,1,1
6,4,p2f,69,future_known,1,1,0.9769902336148214,1,1
6,4,p2f,69,future_known,2,1,0.9949464475949669,1,1
6,4,p2f,69,future_known,3,1,0.96740152600252,1,1
6,4,p2f,69,future_known,4,1,0.9996366763518284,1,1
6,4,p2f,69,future_known,5,1,0.7447906029785454,1,1
6,4,p2f,70,future_known,0,1,0.9903462007191789,1,1
6,4,p2f,70,future_known,1,1,0.7519392040882382,1,1
6,4,p2f,70,future_known,2,1,0.454629491249077,0,0
6,4,p2f,70,future_known,3,1,0.14422757439684705,0,0
6,4,p2f,70,future_known,4,1,0.9985866928374653,1,1
6,4,p2f,70,future_known,5,1,0.45008875352050237,0,0
6,4,p2f,71,future_known,0,1,0.9990071429102058,1,1
6,4,p2f,71,future_known,1,1,0.9991036688276571,1,1
6,4,p2f,71,future_known,2,1,0.9920423456435647,1,1
6,4,p2f,71,future_known,3,1,0.9998464958649074,1,1
6,4,p2f,71,future_known,4,1,0.9913685559524227,1,1
6,4,p2f,71,future_known,5,1,0.988894126461561,1,1
6,4,p2f,72,future_known,0,1,0.9985067899242446,1,1
6,4,p2f,72,future_known,1,1,0.9992883118067563,1,1
6,4,p2f,72,future_known,2,1,0.9872724511051572,1,1
6,4,p2f,72,future_known,3,1,0.9983022651027251,1,1
6,4,p2f,72,future_known,4,1,0.9991227551830839,1,1
6,4,p2f,72,future_known,5,1,0.994349253571134,1,1
6,4,p2f,73,future_known,0,1,0.9961111544373824,1,1
6,4,p2f,73,future_known,1,1,0.9945664333475362,1,1
6,4,p2f,73,future_known,2,1,0.6692102762282349,1,1
6,4,p2f,73,future_known,3,1,0.8030134902086266,1,1
6,4,p2f,73,future_known,4,1,0.7664186170287542,1,1
6,4,p2f,73,future_known,5,1,0.9572271636462687,1,1
6,4,p2f,74,future_known,0,1,0.07697338192846928,0,0
6,4,p2f,74,future_known,1,1,0.771366227052484,1,1
6,4,p2f,74,future_known,2,1,0.406413138185478,0,0
6,4,p2f,74,future_known,3,1,0.04185422367142566,0,0
6,4,p2f,74,future_known,4,1,0.0006608692924633425,0,0
6,4,p2f,74,future_known,5,1,0.10185759114822728,0,0
6,4,p2f,75,future_unknown,0,0,0.986473175251376,1,0
6,4,p2f,75,future_unknown,1,0,0.9909365768468325,1,0
6,4,p2f,75,future_unknown,2,0,0.9875805945677094,1,0
6,4,p2f,75,future_unknown,3,0,0.9998213821426825,1,0
6,4,p2f,75,future_unknown,4,0,0.9878440838700048,1,0
6,4,p2f,75,future_unknown,5,0,0.9966336730536596,1,0
6,4,p2f,76,future_unknown,0,0,0.06890178282366533,0,1
6,4,p2f,76,future_unknown,1,0,0.2298645408140952,0,1
6,4,p2f,76,future_unknown,2,0,0.32519815015974646,0,1
6,4,p2f,76,future_unknown,3,0,0.7823975813616332,1,0
6,4,p2f,76,future_unknown,4,0,0.6364298639000101,1,0
6,4,p2f,76,future_unknown,5,0,0.03075594409947723,0,1
6,4,p2f,77,future_unknown,0,0,0.9387707634133846,1,0
6,4,p2f,77,future_unknown,1,0,0.9390725456127675,1,0
6,4,p2f,77,future_unknown,2,0,0.0088313802236149,0,1
6,4,p2f,77,future_unknown,3,0,0.31687609344523743,0,1
6,4,p2f,77,future_unknown,4,0,0.5836008524494406,1,0
6,4,p2f,77,future_unknown,5,0,0.2800571120235527,0,1
6,4,p2f,78,future_unknown,0,0,0.9996850464426116,1,0
6,4,p2f,78,future_unknown,1,0,0.9492000709596193,1,0
6,4,p2f,78,future_unknown,2,0,0.9965828245732751,1,0
6,4,p2f,78,future_unknown,3,0,0.9578236471617187,1,0
6,4,p2f,78,future_unknown,4,0,0.993377708746817,1,0
6,4,p2f,78,future_unknown,5,0,0.9977266635058469,1,0
6,4,p2f,79,future_unknown,0,0,0.4679753551872116,0,1
6,4,p2f,79,future_unknown,1,0,0.23217056320650767,0,1
6,4,p2f,79,future_unknown,2,0,0.03619759600210372,0,1
6,4,p2f,79,future_unknown,3,0,0.0736780715967243,0,1
6,4,p2f,79,future_unknown,4,0,0.5425072554245315,1,0
6,4,p2f,79,future_unknown,5,0,0.23670528113993075,0,1
6,4,p2f,80,future_unknown,0,0,0.9775031810587849,1,0
6,4,p2f,80,future_unknown,1,0,0.999831526866337,1,0
6,4,p2f,80,future_unknown,2,0,0.9980925720227041,1,0
6,4,p2f,80,future_unknown,3,0,0.999335325922506,1,0
6,4,p2f,80,future_unknown,4,0,0.8066971128476507,1,0
6,4,p2f,80,future_unknown,5,0,0.999616352988769,1,0
6,4,p2f,81,future_unknown,0,0,0.8738153869741682,1,0
6,4,p2f,81,future_unknown,1,0,0.43289010758012886,0,1
6,4,p2f,81,future_unknown,2,0,0.40750760069105374,0,1
6,4,p2f,81,future_unknown,3,0,0.764435162440071,1,0
6,4,p2f,81,future_unknown,4,0,0.03396484419626101,0,1
6,4,p2f,81,future_unknown,5,0,0.16836154810896303,0,1
6,4,p2f,82,future_unknown,0,0,0.6127937178619204,1,0
6,4,p2f,82,future_unknown,1,0,0.2746427268345101,0,1
6,4,p2f,82,future_unknown,2,0,0.6499332573569995,1,0
6,4,p2f,82,future_unknown,3,0,0.07928812880123966,0,1
6,4,p2f,82,future_unknown,4,0,0.4861459065946,0,1
6,4,p2f,82,future_unknown,5,0,0.41798319068085443,0,1
6,4,p2f,83,future_unknown,0,0,0.9864659608419553,1,0
6,4,p2f,83,future_unknown,1,0,0.9372163962164947,1,0
6,4,p2f,83,future_unknown,2,0,0.8990197794870718,1,0
6,4,p2f,83,future_unknown,3,0,0.9969467611655122,1,0
6,4,p2f,83,future_unknown,4,0,0.7205605708804588,1,0
6,4,p2f,83,future_unknown,5,0,0.5760001891837145,1,0
6,4,p2f,84,future_unknown,0,0,0.1477338759281232,0,1
6,4,p2f,84,future_unknown,1,0,0.028804153625125988,0,1
6,4,p2f,84,future_unknown,2,0,0.10967729357643581,0,1
6,4,p2f,84,future_unknown,3,0,0.03202448269460851,0,1
6,4,p2f,84,future_unknown,4,0,0.006187346340139758,0,1
6,4,p2f,84,future_unknown,5,0,0.0037850939098393443,0,1
6,4,p2f,85,future_unknown,0,0,0.9931501005052135,1,0
6,4,p2f,85,future_unknown,1,0,0.9589120551326454,1,0
6,4,p2f,85,future_unknown,2,0,0.997529311899934,1,0
6,4,p2f,85,future_unknown,3,0,0.9847319634956416,1,0
6,4,p2f,85,future_unknown,4,0,0.9998906060591862,1,0
6,4,p2f,85,future_unknown,5,0,0.9617452816408503,1,0
6,4,p2f,86,future_unknown,0,0,0.9933203071750524,1,0
6,4,p2f,86,future_unknown,1,0,0.5634879294420558,1,0
6,4,p2f,86,future_unknown,2,0,0.9955317068711546,1,0
6,4,p2f,86,future_unknown,3,0,0.9986044685395642,1,0
6,4,p2f,86,future_unknown,4,0,0.9927601306330306,1,0
6,4,p2f,86,future_unknown,5,0,0.9951715529414724,1,0
6,4,p2f,87,future_unknown,0,0,0.9294024896848908,1,0
6,4,p2f,87,future_unknown,1,0,0.784225287371226,1,0
6,4,p2f,87,future_unknown,2,0,0.7210214630025755,1,0
6,4,p2f,87,future_unknown,3,0,0.6538391700426681,1,0
6,4,p2f,87,future_unknown,4,0,0.44081056646228917,0,1
6,4,p2f,87,future_unknown,5,0,0.4434968552234771,0,1
6,4,p2f,88,future_unknown,0,0,0.9981615810835313,1,0
6,4,p2f,88,future_unknown,1,0,0.9525078488878839,1,0
6,4,p2f,88,future_unknown,2,0,0.9939919618277184,1,0
6,4,p2f,88,future_unknown,3,0,0.996157727835051,1,0
6,4,p2f,88,future_unknown,4,0,0.9960961606097906,1,0
6,4,p2f,88,future_unknown,5,0,0.9567923387307112,1,0
6,4,p2f,89,future_unknown,0,0,0.9289639674898008,1,0
6,4,p2f,89,future_unknown,1,0,0.9375940837152694,1,0
6,4,p2f,89,future_unknown,2,0,0.578264897035455,1,0
6,4,p2f,89,future_unknown,3,0,0.9295661285242792,1,0
6,4,p2f,89,future_unknown,4,0,0.7979413188122235,1,0
6,4,p2f,89,future_unknown,5,0,0.9140373601207158,1,0
6,4,p2f,90,future_unknown,0,0,0.999969578258841,1,0
6,4,p2f,90,future_unknown,1,0,0.9999855480408845,1,0
6,4,p2f,90,future_unknown,2,0,0.9995904995597734,1,0
6,4,p2f,90,future_unknown,3,0,0.9988366694959718,1,0
6,4,p2f,90,future_unknown,4,0,0.9999943909128394,1,0
6,4,p2f,90,future_unknown,5,0,0.9897093435168606,1,0
6,4,p2f,91,future_unknown,0,0,0.37483219173455645,0,1
6,4,p2f,91,future_unknown,1,0,0.9244329434685378,1,0
6,4,p2f,91,future_unknown,2,0,0.553246348422528,1,0
6,4,p2f,91,future_unknown,3,0,0.40056174588621324,0,1
6,4,p2f,91,future_unknown,4,0,0.027282279135934423,0,1
6,4,p2f,91,future_unknown,5,0,0.7392821128596594,1,0
6,4,p2f,92,future_unknown,0,0,0.9860954529197522,1,0
6,4,p2f,92,future_unknown,1,0,0.8800939944577992,1,0
6,4,p2f,92,future_unknown,2,0,0.8661711622411216,1,0
6,4,p2f,92,future_unknown,3,0,0.9974168264116355,1,0
6,4,p2f,92,future_unknown,4,0,0.949267859227902,1,0
6,4,p2f,92,future_unknown,5,0,0.03648341460230406,0,1
6,4,p2f,93,future_unknown,0,0,0.9867830704806761,1,0
6,4,p2f,93,future_unknown,1,0,0.9780497776525601,1,0
6,4,p2f,93,future_unknown,2,0,0.17577295775635013,0,1
6,4,p2f,93,future_unknown,3,0,0.17577295775635013,0,1
6,4,p2f,93,future_unknown,4,0,0.9740198421561385,1,0
6,4,p2f,93,future_unknown,5,0,0.8541071185209089,1,0
6,4,p2f,94,future_unknown,0,0,0.9961581081073925,1,0
6,4,p2f,94,future_unknown,1,0,0.9240794271483332,1,0
6,4,p2f,94,future_unknown,2,0,0.7972625071741429,1,0
6,4,p2f,94,future_unknown,3,0,0.9918998814941056,1,0
6,4,p2f,94,future_unknown,4,0,0.9600763732206836,1,0
6,4,p2f,94,future_unknown,5,0,0.3642308305397312,0,1
6,4,p2f,95,future_unknown,0,0,0.9952813057707528,1,0
6,4,p2f,95,future_unknown,1,0,0.9950687960661504,1,0
6,4,p2f,95,future_unknown,2,0,0.9963242745663298,1,0
6,4,p2f,95,future_unknown,3,0,0.3130962534652078,0,1
6,4,p2f,95,future_unknown,4,0,0.9996242332403064,1,0
6,4,p2f,95,future_unknown,5,0,0.9299275961526743,1,0
6,4,p2f,96,future_unknown,0,0,0.9626843114438586,1,0
6,4,p2f,96,future_unknown,1,0,0.9581144755418952,1,0
6,4,p2f,96,future_unknown,2,0,0.9890282312288876,1,0
6,4,p2f,96,future_unknown,3,0,0.9947049388069265,1,0
6,4,p2f,96,future_unknown,4,0,0.9982959953852291,1,0
6,4,p2f,96,future_unknown,5,0,0.9993468866772794,1,0
6,4,p2f,97,future_unknown,0,0,0.3140113657272706,0,1
6,4,p2f,97,future_unknown,1,0,0.7577044716278233,1,0
6,4,p2f,97,future_unknown,2,0,0.16557040707136675,0,1
6,4,p2f,97,future_unknown,3,0,0.059393948215122325,0,1
6,4,p2f,97,future_unknown,4,0,0.49129154713443857,0,1
6,4,p2f,97,future_unknown,5,0,0.8403380987801219,1,0
6,4,p2f,98,future_unknown,0,0,0.26659513665048096,0,1
6,4,p2f,98,future_unknown,1,0,0.013414270593867749,0,1
6,4,p2f,98,future_unknown,2,0,0.041644105439820674,0,1
6,4,p2f,98,future_unknown,3,0,0.012662767759270199,0,1
6,4,p2f,98,future_unknown,4,0,0.0029111603923028854,0,1
6,4,p2f,98,future_unknown,5,0,0.02258342117680044,0,1
6,4,p2f,99,future_unknown,0,0,0.8583032140292636,1,0
6,4,p2f,99,future_unknown,1,0,0.8944384646758228,1,0
6,4,p2f,99,future_unknown,2,0,0.8187339630203327,1,0
6,4,p2f,99,future_unknown,3,0,0.9765728667408135,1,0
6,4,p2f,99,future_unknown,4,0,0.8508521866381854,1,0
6,4,p2f,99,future_unknown,5,0,0.9577742862086012,1,0
6,4,f2p,0,past_known,0,1,0.0023130494377219396,0,0
6,4,f2p,0,past_known,1,1,0.9912312019214209,1,1
6,4,f2p,0,past_known,2,1,0.5650757102977207,1,1
6,4,f2p,0,past_known,3,1,0.8170087410427915,1,1
6,4,f2p,0,past_known,4,1,0.9974600175374803,1,1
6,4,f2p,0,past_known,5,1,0.0061844396386515395,0,0
6,4,f2p,1,past_known,0,1,0.05618623281392044,0,0
6,4,f2p,1,past_known,1,1,0.43181614107718674,0,0
6,4,f2p,1,past_known,2,1,0.04478088947717309,0,0
6,4,f2p,1,past_known,3,1,0.6363030769675064,1,1
6,4,f2p,1,past_known,4,1,0.02143535711936726,0,0
6,4,f2p,1,past_known,5,1,0.6043825686161729,1,1
6,4,f2p,2,past_known,0,1,0.001386837303435518,0,0
6,4,f2p,2,past_known,1,1,4.851500350376643e-05,0,0
6,4,f2p,2,past_known,2,1,0.9831284303826281,1,1
6,4,f2p,2,past_known,3,1,0.029591831221345444,0,0
6,4,f2p,2,past_known,4,1,9.569888999500873e-05,0,0
6,4,f2p,2,past_known,5,1,0.00010380183980489288,0,0
6,4,f2p,3,past_known,0,1,0.00016021400771170586,0,0
6,4,f2p,3,past_known,1,1,0.0010134224373471795,0,0
6,4,f2p,3,past_known,2,1,0.04118682006280908,0,0
6,4,f2p,3,past_known,3,1,0.0002840113899113055,0,0
6,4,f2p,3,past_known,4,1,0.15367725932351675,0,0
6,4,f2p,3,past_known,5,1,0.03629863864176285,0,0
6,4,f2p,4,past_known,0,1,0.01732049633578351,0,0
6,4,f2p,4,past_known,1,1,0.01061445595027581,0,0
6,4,f2p,4,past_known,2,1,0.9918982399345383,1,1
6,4,f2p,4,past_known,3,1,0.18508710247769222,0,0
6,4,f2p,4,past_known,4,1,0.00022097721855525082,0,0
6,4,f2p,4,past_known,5,1,2.1771701415628967e-05,0,0
6,4,f2p,5,past_known,0,1,0.8117379945236632,1,1
6,4,f2p,5,past_known,1,1,0.9931972760447578,1,1
6,4,f2p,5,past_known,2,1,0.9945896145593814,1,1
6,4,f2p,5,past_known,3,1,0.9998400729147395,1,1
6,4,f2p,5,past_known,4,1,0.9945723452459033,1,1
6,4,f2p,5,past_known,5,1,0.9995173872050793,1,1
6,4,f2p,6,past_known,0,1,0.00042009989062115246,0,0
6,4,f2p,6,past_known,1,1,0.029380064837026,0,0
6,4,f2p,6,past_known,2,1,0.00025133413084943386,0,0
6,4,f2p,6,past_known,3,1,1.1342676862340517e-05,0,0
6,4,f2p,6,past_known,4,1,0.03876118672340006,0,0
6,4,f2p,6,past_known,5,1,8.123274142685692e-05,0,0
6,4,f2p,7,past_known,0,1,0.9904575367742645,1,1
6,4,f2p,7,past_known,1,1,0.9992738373890359,1,1
6,4,f2p,7,past_known,2,1,0.28268366659028354,0,0
6,4,f2p,7,past_known,3,1,0.92871923911109,1,1
6,4,f2p,7,past_known,4,1,0.9514208979436946,1,1
6,4,f2p,7,past_known,5,1,0.0011779910818439884,0,0
6,4,f2p,8,past_known,0,1,0.005583001754058995,0,0
6,4,f2p,8,past_known,1,1,0.01165406964425913,0,0
6,4,f2p,8,past_known,2,1,0.9116468071752681,1,1
6,4,f2p,8,past_known,3,1,0.22260783786305302,0,0
6,4,f2p,8,past_known,4,1,0.0043528260376641155,0,0
6,4,f2p,8,past_known,5,1,0.01662882482741109,0,0
6,4,f2p,9,past_known,0,1,0.9989697921987388,1,1
6,4,f2p,9,past_known,1,1,0.9998618376040861,1,1
6,4,f2p,9,past_known,2,1,0.9939181557897558,1,1
6,4,f2p,9,past_known,3,1,0.9999990558702415,1,1
6,4,f2p,9,past_known,4,1,0.9999714950222345,1,1
6,4,f2p,9,past_known,5,1,0.53624659529475,1,1
6,4,f2p,10,past_known,0,1,0.6386906214229083,1,1
6,4,f2p,10,past_known,1,1,0.7569737295911131,1,1
6,4,f2p,10,past_known,2,1,0.36146035094555645,0,0
6,4,f2p,10,past_known,3,1,0.15694519271789156,0,0
6,4,f2p,10,past_known,4,1,0.5126039110574766,1,1
6,4,f2p,10,past_known,5,1,0.9953347537297845,1,1
6,4,f2p,11,past_known,0,1,0.17763959727561335,0,0
6,4,f2p,11,past_known,1,1,0.41847987412660786,0,0
6,4,f2p,11,past_known,2,1,0.013146437410571239,0,0
6,4,f2p,11,past_known,3,1,0.06571173549769246,0,0
6,4,f2p,11,past_known,4,1,0.343543433149672,0,0
6,4,f2p,11,past_known,5,1,0.8728908813348148,1,1
6,4,f2p,12,past_known,0,1,0.7034217872605423,1,1
6,4,f2p,12,past_known,1,1,0.015107216156936255,0,0
6,4,f2p,12,past_known,2,1,0.9642817013913885,1,1
6,4,f2p,12,past_known,3,1,0.9902747381045667,1,1
6,4,f2p,12,past_known,4,1,0.9989084578616005,1,1
6,4,f2p,12,past_known,5,1,0.9173185678707242,1,1
6,4,f2p,13,past_known,0,1,0.9985917609769399,1,1
6,4,f2p,13,past_known,1,1,0.9288869651303598,1,1
6,4,f2p,13,past_known,2,1,0.9999771160888926,1,1
6,4,f2p,13,past_known,3,1,0.9994330945138187,1,1
6,4,f2p,13,past_known,4,1,0.9955217833146747,1,1
6,4,f2p,13,past_known,5,1,0.9855220876587795,1,1
6,4,f2p,14,past_known,0,1,0.003899479231932888,0,0
6,4,f2p,14,past_known,1,1,0.8022995696399481,1,1
6,4,f2p,14,past_known,2,1,0.3623128500853866,0,0
6,4,f2p,14,past_known,3,1,0.9951259063965353,1,1
6,4,f2p,14,past_known,4,1,0.13750296836045692,0,0
6,4,f2p,14,past_known,5,1,0.9999999605198509,1,1
6,4,f2p,15,past_known,0,1,5.5497259945675534e-05,0,0
6,4,f2p,15,past_known,1,1,0.0038299331024981144,0,0
6,4,f2p,15,past_known,2,1,0.1464923850638051,0,0
6,4,f2p,15,past_known,3,1,0.05212589933280199,0,0
6,4,f2p,15,past_known,4,1,4.916321357431388e-06,0,0
6,4,f2p,15,past_known,5,1,0.009334175725154794,0,0
6,4,f2p,16,past_known,0,1,0.9999881228530707,1,1
6,4,f2p,16,past_known,1,1,0.9999990651831215,1,1
6,4,f2p,16,past_known,2,1,0.9999461357200962,1,1
6,4,f2p,16,past_known,3,1,0.9842115357547757,1,1
6,4,f2p,16,past_known,4,1,0.999568253574725,1,1
6,4,f2p,16,past_known,5,1,0.9999164502607388,1,1
6,4,f2p,17,past_known,0,1,0.0015986347783750062,0,0
6,4,f2p,17,past_known,1,1,7.620238703172739e-08,0,0
6,4,f2p,17,past_known,2,1,8.151691444644478e-07,0,0
6,4,f2p,17,past_known,3,1,0.00011679246580381067,0,0
6,4,f2p,17,past_known,4,1,3.816589119927017e-05,0,0
6,4,f2p,17,past_known,5,1,9.95714227717278e-05,0,0
6,4,f2p,18,past_known,0,1,0.9924646363110075,1,1
6,4,f2p,18,past_known,1,1,0.9791040583796987,1,1
6,4,f2p,18,past_known,2,1,0.9953275442965138,1,1
6,4,f2p,18,past_known,3,1,0.9415333898869052,1,1
6,4,f2p,18,past_known,4,1,0.9640829594953623,1,1
6,4,f2p,18,past_known,5,1,0.007459551699316702,0,0
6,4,f2p,19,past_known,0,1,0.9999303858998816,1,1
6,4,f2p,19,past_known,1,1,0.9986877180723992,1,1
6,4,f2p,19,past_known,2,1,0.9941293296932634,1,1
6,4,f2p,19,past_known,3,1,0.9996055678460593,1,1
6,4,f2p,19,past_known,4,1,0.9989940112142731,1,1
6,4,f2p,19,past_known,5,1,0.9669858295939718,1,1
6,4,f2p,20,past_known,0,1,0.5902086007882917,1,1
6,4,f2p,20,past_known,1,1,0.006361385207947589,0,0
6,4,f2p,20,past_known,2,1,0.4670489265175447,0,0
6,4,f2p,20,past_known,3,1,0.6555656746011493,1,1
6,4,f2p,20,past_known,4,1,0.12403663050024881,0,0
6,4,f2p,20,past_known,5,1,0.23722227048627853,0,0
6,4,f2p,21,past_known,0,1,0.11886089457943862,0,0
6,4,f2p,21,past_known,1,1,0.7296635175902542,1,1
6,4,f2p,21,past_known,2,1,0.9890549964605334,1,1
6,4,f2p,21,past_known,3,1,0.9622591886747623,1,1
6,4,f2p,21,past_known,4,1,0.025207557313723504,0,0
6,4,f2p,21,past_known,5,1,0.012740554902329627,0,0
6,4,f2p,22,past_known,0,1,0.032545522163987275,0,0
6,4,f2p,22,past_known,1,1,0.4383223282089817,0,0
6,4,f2p,22,past_known,2,1,0.18742700066804255,0,0
6,4,f2p,22,past_known,3,1,0.18284613176184208,0,0
6,4,f2p,22,past_known,4,1,0.23303897971015936,0,0
6,4,f2p,22,past_known,5,1,0.9507138256532031,1,1
6,4,f2p,23,past_known,0,1,0.002460733280378673,0,0
6,4,f2p,23,past_known,1,1,0.08678501924654292,0,0
6,4,f2p,23,past_known,2,1,0.05347836075327374,0,0
6,4,f2p,23,past_known,3,1,0.5625815199188473,1,1
6,4,f2p,23,past_known,4,1,0.06047955688646887,0,0
6,4,f2p,23,past_known,5,1,0.02618072602713739,0,0
6,4,f2p,24,past_known,0,1,0.999997153847735,1,1
6,4,f2p,24,past_known,1,1,0.9998386189754479,1,1
6,4,f2p,24,past_known,2,1,0.9999932207051933,1,1
6,4,f2p,24,past_known,3,1,0.9999998805894663,1,1
6,4,f2p,24,past_known,4,1,0.9999931354040481,1,1
6,4,f2p,24,past_known,5,1,0.999961289949616,1,1
6,4,f2p,25,past_unknown,0,0,0.007885369269919042,0,1
6,4,f2p,25,past_unknown,1,0,0.02356765282715321,0,1
6,4,f2p,25,past_unknown,2,0,0.5883809202289775,1,0
6,4,f2p,25,past_unknown,3,0,0.6380512918901197,1,0
6,4,f2p,25,past_unknown,4,0,0.007988779768510161,0,1
6,4,f2p,25,past_unknown,5,0,0.9756258801975329,1,0
6,4,f2p,26,past_unknown,0,0,0.0003927772624505677,0,1
6,4,f2p,26,past_unknown,1,0,0.6825974017535539,1,0
6,4,f2p,26,past_unknown,2,0,0.02814109036120057,0,1
6,4,f2p,26,past_unknown,3,0,0.1530557681735558,0,1
6,4,f2p,26,past_unknown,4,0,0.019960978302465945,0,1
6,4,f2p,26,past_unknown,5,0,0.0027958694163930957,0,1
6,4,f2p,27,past_unknown,0,0,0.00040211898719901196,0,1
6,4,f2p,27,past_unknown,1,0,0.23655536635817503,0,1
6,4,f2p,27,past_unknown,2,0,0.01222665444389158,0,1
6,4,f2p,27,past_unknown,3,0,0.2140558222486198,0,1
6,4,f2p,27,past_unknown,4,0,0.5308277886872335,1,0
6,4,f2p,27,past_unknown,5,0,0.03772114493963261,0,1
6,4,f2p,28,past_unknown,0,0,0.04457215001338795,0,1
6,4,f2p,28,past_unknown,1,0,0.006065512646419028,0,1
6,4,f2p,28,past_unknown,2,0,0.8694541991617837,1,0
6,4,f2p,28,past_unknown,3,0,0.18588649888291003,0,1
6,4,f2p,28,past_unknown,4,0,0.9954421712192446,1,0
6,4,f2p,28,past_unknown,5,0,0.0003142026925606954,0,1
6,4,f2p,29,past_unknown,0,0,0.1255092696406358,0,1
6,4,f2p,29,past_unknown,1,0,0.018304855079152353,0,1
6,4,f2p,29,past_unknown,2,0,0.06032340051279854,0,1
6,4,f2p,29,past_unknown,3,0,0.06233648879096349,0,1
6,4,f2p,29,past_unknown,4,0,0.03475054733133538,0,1
6,4,f2p,29,past_unknown,5,0,0.9818157334255022,1,0
6,4,f2p,30,past_unknown,0,0,0.6132198152521458,1,0
6,4,f2p,30,past_unknown,1,0,0.0220550728098178,0,1
6,4,f2p,30,past_unknown,2,0,0.9839416495074986,1,0
6,4,f2p,30,past_unknown,3,0,0.03310635064073866,0,1
6,4,f2p,30,past_unknown,4,0,0.0049438812954890445,0,1
6,4,f2p,30,past_unknown,5,0,0.06118665044561104,0,1
6,4,f2p,31,past_unknown,0,0,0.11635213123795916,0,1
6,4,f2p,31,past_unknown,1,0,0.13054793578647417,0,1
6,4,f2p,31,past_unknown,2,0,0.3720458380638204,0,1
6,4,f2p,31,past_unknown,3,0,0.8427464147489614,1,0
6,4,f2p,31,past_unknown,4,0,0.1257158351860431,0,1
6,4,f2p,31,past_unknown,5,0,0.5587765748117891,1,0
6,4,f2p,32,past_unknown,0,0,0.032357837250767185,0,1
6,4,f2p,32,past_unknown,1,0,0.006931783668440567,0,1
6,4,f2p,32,past_unknown,2,0,0.9997916056094499,1,0
6,4,f2p,32,past_unknown,3,0,0.3279004527109875,0,1
6,4,f2p,32,past_unknown,4,0,0.4803645267738405,0,1
6,4,f2p,32,past_unknown,5,0,0.5816082019739635,1,0
6,4,f2p,33,past_unknown,0,0,0.2946334334460139,0,1
6,4,f2p,33,past_unknown,1,0,0.4892102127863252,0,1
6,4,f2p,33,past_unknown,2,0,0.0033337093241173235,0,1
6,4,f2p,33,past_unknown,3,0,0.9999521275327711,1,0
6,4,f2p,33,past_unknown,4,0,0.9999033146925808,1,0
6,4,f2p,33,past_unknown,5,0,0.9477656233607521,1,0
6,4,f2p,34,past_unknown,0,0,0.0008797317635918046,0,1
6,4,f2p,34,past_unknown,1,0,0.014765777842680246,0,1
6,4,f2p,34,past_unknown,2,0,0.0010962001385232485,0,1
6,4,f2p,34,past_unknown,3,0,0.9645644109303365,1,0
6,4,f2p,34,past_unknown,4,0,0.716936922027895,1,0
6,4,f2p,34,past_unknown,5,0,0.2963749740026166,0,1
6,4,f2p,35,past_unknown,0,0,0.9102259224703354,1,0
6,4,f2p,35,past_unknown,1,0,0.04027937795492274,0,1
6,4,f2p,35,past_unknown,2,0,0.9426774653905444,1,0
6,4,f2p,35,past_unknown,3,0,0.9695083361429319,1,0
6,4,f2p,35,past_unknown,4,0,0.10559782644140737,0,1
6,4,f2p,35,past_unknown,5,0,0.17577078849311661,0,1
6,4,f2p,36,past_unknown,0,0,0.0021568107682832225,0,1
6,4,f2p,36,past_unknown,1,0,0.6884907473066316,1,0
6,4,f2p,36,past_unknown,2,0,0.008786767259127328,0,1
6,4,f2p,36,past_unknown,3,0,0.05712780047530688,0,1
6,4,f2p,36,past_unknown,4,0,0.01222595565321696,0,1
6,4,f2p,36,past_unknown,5,0,0.00586089306217735,0,1
6,4,f2p,37,past_unknown,0,0,0.02239404092391732,0,1
6,4,f2p,37,past_unknown,1,0,0.22532861083416525,0,1
6,4,f2p,37,past_unknown,2,0,0.00016862126612176344,0,1
6,4,f2p,37,past_unknown,3,0,0.003638154198735844,0,1
6,4,f2p,37,past_unknown,4,0,0.08725524605992413,0,1
6,4,f2p,37,past_unknown,5,0,0.37638130890153937,0,1
6,4,f2p,38,past_unknown,0,0,0.0007518216002821236,0,1
6,4,f2p,38,past_unknown,1,0,0.0014992958851756564,0,1
6,4,f2p,38,past_unknown,2,0,0.3066886237019003,0,1
6,4,f2p,38,past_unknown,3,0,0.07048226297387093,0,1
6,4,f2p,38,past_unknown,4,0,0.01742918503954863,0,1
6,4,f2p,38,past_unknown,5,0,0.02744272973864048,0,1
6,4,f2p,39,past_unknown,0,0,0.9278044596643684,1,0
6,4,f2p,39,past_unknown,1,0,0.9576799425334303,1,0
6,4,f2p,39,past_unknown,2,0,0.8392229014203071,1,0
6,4,f2p,39,past_unknown,3,0,0.12355939572450275,0,1
6,4,f2p,39,past_unknown,4,0,0.977529635923123,1,0
6,4,f2p,39,past_unknown,5,0,0.43278246171648294,0,1
6,4,f2p,40,past_unknown,0,0,0.0027736802905044167,0,1
6,4,f2p,40,past_unknown,1,0,0.031334919834724195,0,1
6,4,f2p,40,past_unknown,2,0,0.008997035671160404,0,1
6,4,f2p,40,past_unknown,3,0,0.26907249523566973,0,1
6,4,f2p,40,past_unknown,4,0,0.21092697821632264,0,1
6,4,f2p,40,past_unknown,5,0,0.946699327269799,1,0
6,4,f2p,41,past_unknown,0,0,0.12927446508925275,0,1
6,4,f2p,41,past_unknown,1,0,0.5818716666984938,1,0
6,4,f2p,41,past_unknown,2,0,0.9771265912924934,1,0
6,4,f2p,41,past_unknown,3,0,0.0018469404259134758,0,1
6,4,f2p,41,past_unknown,4,0,0.4398558069096316,0,1
6,4,f2p,41,past_unknown,5,0,0.9091245270105199,1,0
6,4,f2p,42,past_unknown,0,0,0.07811068992847248,0,1
6,4,f2p,42,past_unknown,1,0,0.00814851871839152,0,1
6,4,f2p,42,past_unknown,2,0,0.005603619530956332,0,1
6,4,f2p,42,past_unknown,3,0,0.39128434331081624,0,1
6,4,f2p,42,past_unknown,4,0,0.041617115400126796,0,1
6,4,f2p,42,past_unknown,5,0,0.04438185964623104,0,1
6,4,f2p,43,past_unknown,0,0,0.8885318131888117,1,0
6,4,f2p,43,past_unknown,1,0,0.0604276007276979,0,1
6,4,f2p,43,past_unknown,2,0,0.21859430082876938,0,1
6,4,f2p,43,past_unknown,3,0,0.9580482162441655,1,0
6,4,f2p,43,past_unknown,4,0,0.2645667059469848,0,1
6,4,f2p,43,past_unknown,5,0,0.6254277454615633,1,0
6,4,f2p,44,past_unknown,0,0,0.10569886937980855,0,1
6,4,f2p,44,past_unknown,1,0,0.18317853544804052,0,1
6,4,f2p,44,past_unknown,2,0,0.48146187932012535,0,1
6,4,f2p,44,past_unknown,3,0,0.013456813263843233,0,1
6,4,f2p,44,past_unknown,4,0,0.23080215586253766,0,1
6,4,f2p,44,past_unknown,5,0,0.8486316195024657,1,0
6,4,f2p,45,past_unknown,0,0,0.017174602342814156,0,1
6,4,f2p,45,past_unknown,1,0,0.4639990261738136,0,1
6,4,f2p,45,past_unknown,2,0,0.46934579268482757,0,1
6,4,f2p,45,past_unknown,3,0,0.45196197628655393,0,1
6,4,f2p,45,past_unknown,4,0,0.01070399606805898,0,1
6,4,f2p,45,past_unknown,5,0,0.33913423471588533,0,1
6,4,f2p,46,past_unknown,0,0,0.00023798939431797495,0,1
6,4,f2p,46,past_unknown,1,0,0.0017426368940721337,0,1
6,4,f2p,46,past_unknown,2,0,0.0005174615654786404,0,1
6,4,f2p,46,past_unknown,3,0,0.0010744259820731701,0,1
6,4,f2p,46,past_unknown,4,0,0.0013943556890603649,0,1
6,4,f2p,46,past_unknown,5,0,0.014762752701969722,0,1
6,4,f2p,47,past_unknown,0,0,0.9958110300223326,1,0
6,4,f2p,47,past_unknown,1,0,0.9834002758347108,1,0
6,4,f2p,47,past_unknown,2,0,0.9622092012793205,1,0
6,4,f2p,47,past_unknown,3,0,0.9990757406252705,1,0
6,4,f2p,47,past_unknown,4,0,0.78052305289355,1,0
6,4,f2p,47,past_unknown,5,0,0.9087028067901988,1,0
6,4,f2p,48,past_unknown,0,0,0.963972532616739,1,0
6,4,f2p,48,past_unknown,1,0,0.9856068144172758,1,0
6,4,f2p,48,past_unknown,2,0,0.9900593059693641,1,0
6,4,f2p,48,past_unknown,3,0,0.8627370270575556,1,0
6,4,f2p,48,past_unknown,4,0,0.9828436062797449,1,0
6,4,f2p,48,past_unknown,5,0,0.983063592173105,1,0
6,4,f2p,49,past_unknown,0,0,0.6371727625915591,1,0
6,4,f2p,49,past_unknown,1,0,0.992899545856859,1,0
6,4,f2p,49,past_unknown,2,0,0.8749796248011421,1,0
6,4,f2p,49,past_unknown,3,0,0.31324623239954935,0,1
6,4,f2p,49,past_unknown,4,0,0.9532782589856597,1,0
6,4,f2p,49,past_unknown,5,0,0.8480842985724119,1,0
7,4,p2f,50,future_known,0,1,0.7836792898785739,1,1
7,4,p2f,50,future_known,1,1,0.9835945002994124,1,1
7,4,p2f,50,future_known,2,1,0.5138966969057296,1,1
7,4,p2f,50,future_known,3,1,0.886371291174212,1,1
7,4,p2f,50,future_known,4,1,0.6385416406773193,1,1
7,4,p2f,50,future_known,5,1,0.9864138751035686,1,1
7,4,p2f,51,future_known,0,1,0.8927932583585201,1,1
7,4,p2f,51,future_known,1,1,0.9269060097774046,1,1
7,4,p2f,51,future_known,2,1,0.5657706943284735,1,1
7,4,p2f,51,future_known,3,1,0.5269944372374492,1,1
7,4,p2f,51,future_known,4,1,0.12048606187085281,0,0
7,4,p2f,51,future_known,5,1,0.08374412315618801,0,0
7,4,p2f,52,future_known,0,1,0.5551598650068422,1,1
7,4,p2f,52,future_known,1,1,0.9997584517815925,1,1
7,4,p2f,52,future_known,2,1,0.7913813673495724,1,1
7,4,p2f,52,future_known,3,1,0.978217263136204,1,1
7,4,p2f,52,future_known,4,1,0.12917733851130941,0,0
7,4,p2f,52,future_known,5,1,0.7789119070959546,1,1
7,4,p2f,53,future_known,0,1,0.998156405510116,1,1
7,4,p2f,53,future_known,1,1,0.9265979424932281,1,1
7,4,p2f,53,future_known,2,1,0.5919208614600964,1,1
7,4,p2f,53,future_known,3,1,0.12274744092686433,0,0
7,4,p2f,53,future_known,4,1,0.9835547990275825,1,1
7,4,p2f,53,future_known,5,1,0.34806812610249216,0,0
7,4,p2f,54,future_known,0,1,0.9895811475817131,1,1
7,4,p2f,54,future_known,1,1,0.9782014068756878,1,1
7,4,p2f,54,future_known,2,1,0.9988298127438519,1,1
7,4,p2f,54,future_known,3,1,0.99413532525724,1,1
7,4,p2f,54,future_known,4,1,0.9221602780666691,1,1
7,4,p2f,54,future_known,5,1,0.9951928398416297,1,1
7,4,p2f,55,future_known,0,1,0.998121348744347,1,1
7,4,p2f,55,future_known,1,1,0.9996049467867375,1,1
7,4,p2f,55,future_known,2,1,0.9604418775679686,1,1
7,4,p2f,55,future_known,3,1,0.9998564618554572,1,1
7,4,p2f,55,future_known,4,1,0.8806513411767173,1,1
7,4,p2f,55,future_known,5,1,0.9993458575013023,1,1
7,4,p2f,56,future_known,0,1,0.9214394187572195,1,1
7,4,p2f,56,future_known,1,1,0.8805821328528348,1,1
7,4,p2f,56,future_known,2,1,0.6909730148789579,1,1
7,4,p2f,56,future_known,3,1,0.6693426125388809,1,1
7,4,p2f,56,future_known,4,1,0.006402112111017767,0,0
7,4,p2f,56,future_known,5,1,0.9131242322828009,1,1
7,4,p2f,57,future_known,0,1,0.5668892833877712,1,1
7,4,p2f,57,future_known,1,1,0.996871401931267,1,1
7,4,p2f,57,future_known,2,1,0.9993986912228073,1,1
7,4,p2f,57,future_known,3,1,0.9979691251392628,1,1
7,4,p2f,57,future_known,4,1,0.9636210361612376,1,1
7,4,p2f,57,future_known,5,1,0.8913960514477123,1,1
7,4,p2f,58,future_known,0,1,0.963421125457589,1,1
7,4,p2f,58,future_known,1,1,0.9908570391169904,1,1
7,4,p2f,58,future_known,2,1,0.7159135908587408,1,1
7,4,p2f,58,future_known,3,1,0.9938342255202827,1,1
7,4,p2f,58,future_known,4,1,0.7096989923218178,1,1
7,4,p2f,58,future_known,5,1,0.9034162230287637,1,1
7,4,p2f,59,future_known,0,1,0.9951357247098203,1,1
7,4,p2f,59,future_known,1,1,0.9955061079083265,1,1
7,4,p2f,59,future_known,2,1,0.9729134254992499,1,1
7,4,p2f,59,future_known,3,1,0.9730090851617164,1,1
7,4,p2f,59,future_known,4,1,0.9977437163876848,1,1
7,4,p2f,59,future_known,5,1,0.9948352763208717,1,1
7,4,p2f,60,future_known,0,1,0.9843922854161458,1,1
7,4,p2f,60,future_known,1,1,0.9841376219109815,1,1
7,4,p2f,60,future_known,2,1,0.35018278574135486,0,0
7,4,p2f,60,future_known,3,1,0.9237779682858064,1,1
7,4,p2f,60,future_known,4,1,0.07201281489124348,0,0
7,4,p2f,60,future_known,5,1,0.9884906746268708,1,1
7,4,p2f,61,future_known,0,1,0.32417634335221274,0,0
7,4,p2f,61,future_known,1,1,0.9780971331861025,1,1
7,4,p2f,61,future_known,2,1,0.34324149496299217,0,0
7,4,p2f,61,future_known,3,1,0.9151920847499971,1,1
7,4,p2f,61,future_known,4,1,0.9707697029968965,1,1
7,4,p2f,61,future_known,5,1,0.82400105230347,1,1
7,4,p2f,62,future_known,0,1,0.9950294597218398,1,1
7,4,p2f,62,future_known,1,1,0.9992170573331879,1,1
7,4,p2f,62,future_known,2,1,0.3577720360132414,0,0
7,4,p2f,62,future_known,3,1,0.8147201115373631,1,1
7,4,p2f,62,future_known,4,1,0.999016871217412,1,1
7,4,p2f,62,future_known,5,1,0.5626940194948393,1,1
7,4,p2f,63,future_known,0,1,0.903234435291525,1,1
7,4,p2f,63,future_known,1,1,0.7244675584486286,1,1
7,4,p2f,63,future_known,2,1,0.03231651269714966,0,0
7,4,p2f,63,future_known,3,1,0.9822654672875607,1,1
7,4,p2f,63,future_known,4,1,0.7359347260225699,1,1
7,4,p2f,63,future_known,5,1,0.6384509581966725,1,1
7,4,p2f,64,future_known,0,1,0.9987213282332792,1,1
7,4,p2f,64,future_known,1,1,0.9993191755478552,1,1
7,4,p2f,64,future_known,2,1,0.8662237267103292,1,1
7,4,p2f,64,future_known,3,1,0.9130411919083147,1,1
7,4,p2f,64,future_known,4,1,0.9750283804793083,1,1
7,4,p2f,64,future_known,5,1,0.9830379546734918,1,1
7,4,p2f,65,future_known,0,1,0.42096789973488064,0,0
7,4,p2f,65,future_known,1,1,0.6657827007803208,1,1
7,4,p2f,65,future_known,2,1,0.9907875090803561,1,1
7,4,p2f,65,future_known,3,1,0.08328830884073529,0,0
7,4,p2f,65,future_known,4,1,0.6111566547269413,1,1
7,4,p2f,65,future_known,5,1,0.9178884785054457,1,1
7,4,p2f,66,future_known,0,1,0.1561608308078258,0,0
7,4,p2f,66,future_known,1,1,0.9860933928936803,1,1
7,4,p2f,66,future_known,2,1,0.6188248680583359,1,1
7,4,p2f,66,future_known,3,1,0.08775982682584396,0,0
7,4,p2f,66,future_known,4,1,0.856754567463084,1,1
7,4,p2f,66,future_known,5,1,0.13297438595816416,0,0
7,4,p2f,67,future_known,0,1,0.6675712419705758,1,1
7,4,p2f,67,future_known,1,1,0.9979390453691813,1,1
7,4,p2f,67,future_known,2,1,0.8578467196829735,1,1
7,4,p2f,67,future_known,3,1,0.9784694369130392,1,1
7,4,p2f,67,future_known,4,1,0.9994854093513542,1,1
7,4,p2f,67,future_known,5,1,0.5632802979758516,1,1
7,4,p2f,68,future_known,0,1,0.4487856182811637,0,0
7,4,p2f,68,future_known,1,1,0.978477751006782,1,1
7,4,p2f,68,future_known,2,1,0.49844246863841696,0,0
7,4,p2f,68,future_known,3,1,0.6407185609659839,1,1
7,4,p2f,68,future_known,4,1,0.448454558240373,0,0
7,4,p2f,68,future_known,5,1,0.7227289334057124,1,1
7,4,p2f,69,future_known,0,1,0.05212650298483082,0,0
7,4,p2f,69,future_known,1,1,0.8775619524933033,1,1
7,4,p2f,69,future_known,2,1,0.24313431214571948,0,0
7,4,p2f,69,future_known,3,1,0.314957772400674,0,0
7,4,p2f,69,future_known,4,1,0.7890511179899323,1,1
7,4,p2f,69,future_known,5,1,0.2611410494558198,0,0
7,4,p2f,70,future_known,0,1,0.7039180670164464,1,1
7,4,p2f,70,future_known,1,1,0.4383294139643185,0,0
7,4,p2f,70,future_known,2,1,0.09765228149903338,0,0
7,4,p2f,70,future_known,3,1,0.47933335910674935,0,0
7,4,p2f,70,future_known,4,1,0.8645816572407977,1,1
7,4,p2f,70,future_known,5,1,0.22238192948195581,0,0
7,4,p2f,71,future_known,0,1,0.924702250175435,1,1
7,4,p2f,71,future_known,1,1,0.9738281293497211,1,1
7,4,p2f,71,future_known,2,1,0.7393971782164996,1,1
7,4,p2f,71,future_known,3,1,0.9946514848224911,1,1
7,4,p2f,71,future_known,4,1,0.9819800247711297,1,1
7,4,p2f,71,future_known,5,1,0.3394851979340955,0,0
7,4,p2f,72,future_known,0,1,0.9945962326056087,1,1
7,4,p2f,72,future_known,1,1,0.9986310139979172,1,1
7,4,p2f,72,future_known,2,1,0.930036899955972,1,1
7,4,p2f,72,future_known,3,1,0.9966575297803467,1,1
7,4,p2f,72,future_known,4,1,0.9976706505443483,1,1
7,4,p2f,72,future_known,5,1,0.9958757569688036,1,1
7,4,p2f,73,future_known,0,1,0.599983109642094,1,1
7,4,p2f,73,future_known,1,1,0.7852881331457214,1,1
7,4,p2f,73,future_known,2,1,0.020711758541758454,0,0
7,4,p2f,73,future_known,3,1,0.056409171542997724,0,0
7,4,p2f,73,future_known,4,1,0.192474452617887,0,0
7,4,p2f,73,future_known,5,1,0.07826762102495513,0,0
7,4,p2f,74,future_known,0,1,0.07271065429868996,0,0
7,4,p2f,74,future_known,1,1,0.37151785664477405,0,0
7,4,p2f,74,future_known,2,1,0.8122994161868287,1,1
7,4,p2f,74,future_known,3,1,0.030469045418430714,0,0
7,4,p2f,74,future_known,4,1,0.3849644462960152,0,0
7,4,p2f,74,future_known,5,1,0.1614794939238591,0,0
7,4,p2f,75,future_unknown,0,0,0.969605595864968,1,0
7,4,p2f,75,future_unknown,1,0,0.9966326896513757,1,0
7,4,p2f,75,future_unknown,2,0,0.9890443192531791,1,0
7,4,p2f,75,future_unknown,3,0,0.9958154539763104,1,0
7,4,p2f,75,future_unknown,4,0,0.837302989933814,1,0
7,4,p2f,75,future_unknown,5,0,0.958809419489635,1,0
7,4,p2f,76,future_unknown,0,0,0.055065298788758196,0,1
7,4,p2f,76,future_unknown,1,0,0.05438783781121047,0,1
7,4,p2f,76,future_unknown,2,0,0.15621883948927878,0,1
7,4,p2f,76,future_unknown,3,0,0.4972928303557233,0,1
7,4,p2f,76,future_unknown,4,0,0.2157162345784962,0,1
7,4,p2f,76,future_unknown,5,0,0.04114467076194174,0,1
7,4,p2f,77,future_unknown,0,0,0.433197069495757,0,1
7,4,p2f,77,future_unknown,1,0,0.3713717732022184,0,1
7,4,p2f,77,future_unknown,2,0,0.009526649611652017,0,1
7,4,p2f,77,future_unknown,3,0,0.707242294101025,1,0
7,4,p2f,77,future_unknown,4,0,0.17473180431266655,0,1
7,4,p2f,77,future_unknown,5,0,0.4217519006155253,0,1
7,4,p2f,78,future_unknown,0,0,0.931417338095194,1,0
7,4,p2f,78,future_unknown,1,0,0.4971232203890177,0,1
7,4,p2f,78,future_unknown,2,0,0.9836164137278212,1,0
7,4,p2f,78,future_unknown,3,0,0.9079366414608779,1,0
7,4,p2f,78,future_unknown,4,0,0.9250927123384596,1,0
7,4,p2f,78,future_unknown,5,0,0.9766382953419465,1,0
7,4,p2f,79,future_unknown,0,0,0.11904064580742353,0,1
7,4,p2f,79,future_unknown,1,0,0.3276557890023963,0,1
7,4,p2f,79,future_unknown,2,0,0.6267486463486455,1,0
7,4,p2f,79,future_unknown,3,0,0.5755818563110013,1,0
7,4,p2f,79,future_unknown,4,0,0.14264353157141585,0,1
7,4,p2f,79,future_unknown,5,0,0.9591239477536025,1,0
7,4,p2f,80,future_unknown,0,0,0.9461814632648923,1,0
7,4,p2f,80,future_unknown,1,0,0.9994804903580402,1,0
7,4,p2f,80,future_unknown,2,0,0.9881963003444546,1,0
7,4,p2f,80,future_unknown,3,0,0.9982372140461739,1,0
7,4,p2f,80,future_unknown,4,0,0.9650863110145766,1,0
7,4,p2f,80,future_unknown,5,0,0.9999162546012298,1,0
7,4,p2f,81,future_unknown,0,0,0.18710073263550026,0,1
7,4,p2f,81,future_unknown,1,0,0.10777308291812981,0,1
7,4,p2f,81,future_unknown,2,0,0.1906002198625946,0,1
7,4,p2f,81,future_unknown,3,0,0.03276405263076899,0,1
7,4,p2f,81,future_unknown,4,0,0.048164937061389815,0,1
7,4,p2f,81,future_unknown,5,0,0.054620483659105115,0,1
7,4,p2f,82,future_unknown,0,0,0.06315244664048134,0,1
7,4,p2f,82,future_unknown,1,0,0.22952777740796468,0,1
7,4,p2f,82,future_unknown,2,0,0.08160745683891497,0,1
7,4,p2f,82,future_unknown,3,0,0.2687056428710927,0,1
7,4,p2f,82,future_unknown,4,0,0.015023846662955115,0,1
7,4,p2f,82,future_unknown,5,0,0.467695200502059,0,1
7,4,p2f,83,future_unknown,0,0,0.7050485436841293,1,0
7,4,p2f,83,future_unknown,1,0,0.9937452055589354,1,0
7,4,p2f,83,future_unknown,2,0,0.9344181596773113,1,0
7,4,p2f,83,future_unknown,3,0,0.9989358953552737,1,0
7,4,p2f,83,future_unknown,4,0,0.9693147342159585,1,0
7,4,p2f,83,future_unknown,5,0,0.9824675396723271,1,0
7,4,p2f,84,future_unknown,0,0,0.22500095262147835,0,1
7,4,p2f,84,future_unknown,1,0,0.7550660239610086,1,0
7,4,p2f,84,future_unknown,2,0,0.21450463208104645,0,1
7,4,p2f,84,future_unknown,3,0,0.02901080999153867,0,1
7,4,p2f,84,future_unknown,4,0,0.5130876473738805,1,0
7,4,p2f,84,future_unknown,5,0,0.4435037809687887,0,1
7,4,p2f,85,future_unknown,0,0,0.0958159501419896,0,1
7,4,p2f,85,future_unknown,1,0,0.9711583063671699,1,0
7,4,p2f,85,future_unknown,2,0,0.7060363655118392,1,0
7,4,p2f,85,future_unknown,3,0,0.998451046060999,1,0
7,4,p2f,85,future_unknown,4,0,0.8811755181949065,1,0
7,4,p2f,85,future_unknown,5,0,0.9141399223371428,1,0
7,4,p2f,86,future_unknown,0,0,0.14305079285097053,0,1
7,4,p2f,86,future_unknown,1,0,0.8004702899807022,1,0
7,4,p2f,86,future_unknown,2,0,0.9164593951727145,1,0
7,4,p2f,86,future_unknown,3,0,0.9749596565493526,1,0
7,4,p2f,86,future_unknown,4,0,0.8832306701079606,1,0
7,4,p2f,86,future_unknown,5,0,0.6178669690416512,1,0
7,4,p2f,87,future_unknown,0,0,0.7269107825880531,1,0
7,4,p2f,87,future_unknown,1,0,0.9600460222361482,1,0
7,4,p2f,87,future_unknown,2,0,0.3623185544890138,0,1
7,4,p2f,87,future_unknown,3,0,0.5903121652592964,1,0
7,4,p2f,87,future_unknown,4,0,0.1059690747278777,0,1
7,4,p2f,87,future_unknown,5,0,0.7451269938578549,1,0
7,4,p2f,88,future_unknown,0,0,0.3617574545962943,0,1
7,4,p2f,88,future_unknown,1,0,0.9337271439604724,1,0
7,4,p2f,88,future_unknown,2,0,0.9829782884031666,1,0
7,4,p2f,88,future_unknown,3,0,0.8774800226859205,1,0
7,4,p2f,88,future_unknown,4,0,0.9879233485245977,1,0
7,4,p2f,88,future_unknown,5,0,0.9933553614130635,1,0
7,4,p2f,89,future_unknown,0,0,0.0773627256791616,0,1
7,4,p2f,89,future_unknown,1,0,0.4026696925249434,0,1
7,4,p2f,89,future_unknown,2,0,0.21141667122335636,0,1
7,4,p2f,89,future_unknown,3,0,0.26950530481014034,0,1
7,4,p2f,89,future_unknown,4,0,0.35254789483354404,0,1
7,4,p2f,89,future_unknown,5,0,0.757599421373646,1,0
7,4,p2f,90,future_unknown,0,0,0.997397471592949,1,0
7,4,p2f,90,future_unknown,1,0,0.9999978751442755,1,0
7,4,p2f,90,future_unknown,2,0,0.9983767517581936,1,0
7,4,p2f,90,future_unknown,3,0,0.9997170029688692,1,0
7,4,p2f,90,future_unknown,4,0,0.9999456319036281,1,0
7,4,p2f,90,future_unknown,5,0,0.9996015070868004,1,0
7,4,p2f,91,future_unknown,0,0,0.027603890312630386,0,1
7,4,p2f,91,future_unknown,1,0,0.1299762736307725,0,1
7,4,p2f,91,future_unknown,2,0,0.07316718795167622,0,1
7,4,p2f,91,future_unknown,3,0,0.006711050889196082,0,1
7,4,p2f,91,future_unknown,4,0,0.018612625263447397,0,1
7,4,p2f,91,future_unknown,5,0,0.8292357838456079,1,0
7,4,p2f,92,future_unknown,0,0,0.006132536720175545,0,1
7,4,p2f,92,future_unknown,1,0,0.407267286416898,0,1
7,4,p2f,92,future_unknown,2,0,0.024089293607652083,0,1
7,4,p2f,92,future_unknown,3,0,0.9871503866198045,1,0
7,4,p2f,92,future_unknown,4,0,0.1789507307597265,0,1
7,4,p2f,92,future_unknown,5,0,0.012047066714417362,0,1
7,4,p2f,93,future_unknown,0,0,0.19560296479093156,0,1
7,4,p2f,93,future_unknown,1,0,0.7647699896658186,1,0
7,4,p2f,93,future_unknown,2,0,0.009379249528383298,0,1
7,4,p2f,93,future_unknown,3,0,0.009379249528383298,0,1
7,4,p2f,93,future_unknown,4,0,0.7548825596628449,1,0
7,4,p2f,93,future_unknown,5,0,0.19788695641236248,0,1
7,4,p2f,94,future_unknown,0,0,0.5441364181037665,1,0
7,4,p2f,94,future_unknown,1,0,0.15962706375413166,0,1
7,4,p2f,94,future_unknown,2,0,0.0003574216141370259,0,1
7,4,p2f,94,future_unknown,3,0,0.948821590639313,1,0
7,4,p2f,94,future_unknown,4,0,0.9151776114411759,1,0
7,4,p2f,94,future_unknown,5,0,0.008062458287533191,0,1
7,4,p2f,95,future_unknown,0,0,0.8357449096502224,1,0
7,4,p2f,95,future_unknown,1,0,0.08525731639190527,0,1
7,4,p2f,95,future_unknown,2,0,0.4214275452256639,0,1
7,4,p2f,95,future_unknown,3,0,0.005404815986458458,0,1
7,4,p2f,95,future_unknown,4,0,0.969131235333576,1,0
7,4,p2f,95,future_unknown,5,0,0.019706930710256747,0,1
7,4,p2f,96,future_unknown,0,0,0.9994352675922482,1,0
7,4,p2f,96,future_unknown,1,0,0.7573917447013371,1,0
7,4,p2f,96,future_unknown,2,0,0.9868042622481841,1,0
7,4,p2f,96,future_unknown,3,0,0.999741094744846,1,0
7,4,p2f,96,future_unknown,4,0,0.22447028784303946,0,1
7,4,p2f,96,future_unknown,5,0,0.994082662742128,1,0
7,4,p2f,97,future_unknown,0,0,0.299565543401804,0,1
7,4,p2f,97,future_unknown,1,0,0.9618928518681716,1,0
7,4,p2f,97,future_unknown,2,0,0.7072276659881777,1,0
7,4,p2f,97,future_unknown,3,0,0.9290650049397422,1,0
7,4,p2f,97,future_unknown,4,0,0.6676293796877398,1,0
7,4,p2f,97,future_unknown,5,0,0.9828461700641623,1,0
7,4,p2f,98,future_unknown,0,0,0.01204692685295156,0,1
7,4,p2f,98,future_unknown,1,0,0.0007492720321121297,0,1
7,4,p2f,98,future_unknown,2,0,0.004721661420497505,0,1
7,4,p2f,98,future_unknown,3,0,0.03037831444737767,0,1
7,4,p2f,98,future_unknown,4,0,0.0032618610000050576,0,1
7,4,p2f,98,future_unknown,5,0,0.0009349259035054839,0,1
7,4,p2f,99,future_unknown,0,0,0.9120825346550006,1,0
7,4,p2f,99,future_unknown,1,0,0.9763594015590209,1,0
7,4,p2f,99,future_unknown,2,0,0.9442109650902148,1,0
7,4,p2f,99,future_unknown,3,0,0.9987579781183009,1,0
7,4,p2f,99,future_unknown,4,0,0.9470027938994267,1,0
7,4,p2f,99,future_unknown,5,0,0.968001671985863,1,0
7,4,f2p,0,past_known,0,1,0.0009196316331882878,0,0
7,4,f2p,0,past_known,1,1,0.8122515218069917,1,1
7,4,f2p,0,past_known,2,1,0.15470871672273945,0,0
7,4,f2p,0,past_known,3,1,0.005551004800651998,0,0
7,4,f2p,0,past_known,4,1,0.9870889766881479,1,1
7,4,f2p,0,past_known,5,1,0.004670122275667388,0,0
7,4,f2p,1,past_known,0,1,0.42988795098815324,0,0
7,4,f2p,1,past_known,1,1,0.9106918266809858,1,1
7,4,f2p,1,past_known,2,1,0.3411999322194535,0,0
7,4,f2p,1,past_known,3,1,0.0761434494535826,0,0
7,4,f2p,1,past_known,4,1,0.05506185162928489,0,0
7,4,f2p,1,past_known,5,1,0.8728823515968251,1,1
7,4,f2p,2,past_known,0,1,0.029167005995897857,0,0
7,4,f2p,2,past_known,1,1,0.09851867272625504,0,0
7,4,f2p,2,past_known,2,1,0.99997753011825,1,1
7,4,f2p,2,past_known,3,1,0.028769230375051098,0,0
7,4,f2p,2,past_known,4,1,0.1768196662856601,0,0
7,4,f2p,2,past_known,5,1,0.0006123613397712214,0,0
7,4,f2p,3,past_known,0,1,0.08826943347986367,0,0
7,4,f2p,3,past_known,1,1,0.0007047422713227328,0,0
7,4,f2p,3,past_known,2,1,0.6169180412957195,1,1
7,4,f2p,3,past_known,3,1,0.2785353714218537,0,0
7,4,f2p,3,past_known,4,1,0.5156246090935357,1,1
7,4,f2p,3,past_known,5,1,0.9786808567780432,1,1
7,4,f2p,4,past_known,0,1,0.009958302361269914,0,0
7,4,f2p,4,past_known,1,1,0.04076776922493401,0,0
7,4,f2p,4,past_known,2,1,0.9652622209855863,1,1
7,4,f2p,4,past_known,3,1,0.0028045558634117967,0,0
7,4,f2p,4,past_known,4,1,0.1887790896142588,0,0
7,4,f2p,4,past_known,5,1,2.1389418322816482e-05,0,0
7,4,f2p,5,past_known,0,1,0.9596341221317238,1,1
7,4,f2p,5,past_known,1,1,0.9999914474481848,1,1
7,4,f2p,5,past_known,2,1,0.9998838459619345,1,1
7,4,f2p,5,past_known,3,1,0.9999853719060686,1,1
7,4,f2p,5,past_known,4,1,0.9999992606304777,1,1
7,4,f2p,5,past_known,5,1,0.9999557346327197,1,1
7,4,f2p,6,past_known,0,1,0.015426066109409952,0,0
7,4,f2p,6,past_known,1,1,0.9712742271264387,1,1
7,4,f2p,6,past_known,2,1,8.410169728271505e-05,0,0
7,4,f2p,6,past_known,3,1,0.08663581983081693,0,0
7,4,f2p,6,past_known,4,1,0.9952502469082474,1,1
7,4,f2p,6,past_known,5,1,0.017779833975870046,0,0
7,4,f2p,7,past_known,0,1,0.9980320495862347,1,1
7,4,f2p,7,past_known,1,1,0.9999605411498462,1,1
7,4,f2p,7,past_known,2,1,0.9813386030670963,1,1
7,4,f2p,7,past_known,3,1,0.9999268313165096,1,1
7,4,f2p,7,past_known,4,1,0.9997547495336959,1,1
7,4,f2p,7,past_known,5,1,0.19374344126887622,0,0
7,4,f2p,8,past_known,0,1,0.9658516846128202,1,1
7,4,f2p,8,past_known,1,1,0.02167727435325224,0,0
7,4,f2p,8,past_known,2,1,0.9719318490302062,1,1
7,4,f2p,8,past_known,3,1,0.9973198635222859,1,1
7,4,f2p,8,past_known,4,1,0.011052065970628045,0,0
7,4,f2p,8,past_known,5,1,0.9985754638843867,1,1
7,4,f2p,9,past_known,0,1,0.9999982882309014,1,1
7,4,f2p,9,past_known,1,1,0.9999783872489555,1,1
7,4,f2p,9,past_known,2,1,0.9998287090887591,1,1
7,4,f2p,9,past_known,3,1,0.999999961925112,1,1
7,4,f2p,9,past_known,4,1,0.9999907522868511,1,1
7,4,f2p,9,past_known,5,1,0.8537603327445727,1,1
7,4,f2p,10,past_known,0,1,0.20915436547893929,0,0
7,4,f2p,10,past_known,1,1,0.9915878256505812,1,1
7,4,f2p,10,past_known,2,1,0.9998090088846149,1,1
7,4,f2p,10,past_known,3,1,0.31749135094453657,0,0
7,4,f2p,10,past_known,4,1,0.9652504851175965,1,1
7,4,f2p,10,past_known,5,1,0.9987147357801273,1,1
7,4,f2p,11,past_known,0,1,0.0478486000860467,0,0
7,4,f2p,11,past_known,1,1,0.7728853708604323,1,1
7,4,f2p,11,past_known,2,1,0.4259021097868875,0,0
7,4,f2p,11,past_known,3,1,0.6897226565606681,1,1
7,4,f2p,11,past_known,4,1,0.9183799196558418,1,1
7,4,f2p,11,past_known,5,1,0.9988723588455782,1,1
7,4,f2p,12,past_known,0,1,0.31518700386066206,0,0
7,4,f2p,12,past_known,1,1,0.060539703431957685,0,0
7,4,f2p,12,past_known,2,1,0.7868150286943323,1,1
7,4,f2p,12,past_known,3,1,0.9824762983323779,1,1
7,4,f2p,12,past_known,4,1,0.9907418645240985,1,1
7,4,f2p,12,past_known,5,1,0.4583769716705633,0,0
7,4,f2p,13,past_known,0,1,0.9999985600066738,1,1
7,4,f2p,13,past_known,1,1,0.9998409152174746,1,1
7,4,f2p,13,past_known,2,1,0.9999980058223165,1,1
7,4,f2p,13,past_known,3,1,0.9997763093346974,1,1
7,4,f2p,13,past_known,4,1,0.9999173611458855,1,1
7,4,f2p,13,past_known,5,1,0.99989836672222,1,1
7,4,f2p,14,past_known,0,1,0.0030331762728243923,0,0
7,4,f2p,14,past_known,1,1,0.9969223488068578,1,1
7,4,f2p,14,past_known,2,1,0.9609761866749903,1,1
7,4,f2p,14,past_known,3,1,0.9284320726279197,1,1
7,4,f2p,14,past_known,4,1,0.9546457853830695,1,1
7,4,f2p,14,past_known,5,1,0.9999901952161024,1,1
7,4,f2p,15,past_known,0,1,0.0034020248219935392,0,0
7,4,f2p,15,past_known,1,1,4.562504500559704e-07,0,0
7,4,f2p,15,past_known,2,1,0.2036778462622364,0,0
7,4,f2p,15,past_known,3,1,0.0014378383932711087,0,0
7,4,f2p,15,past_known,4,1,1.1200790758817463e-05,0,0
7,4,f2p,15,past_known,5,1,0.5333931418119237,1,1
7,4,f2p,16,past_known,0,1,0.999992348281559,1,1
7,4,f2p,16,past_known,1,1,0.9999993959768625,1,1
7,4,f2p,16,past_known,2,1,0.9999998463054803,1,1
7,4,f2p,16,past_known,3,1,0.9999993072126413,1,1
7,4,f2p,16,past_known,4,1,0.9999352290263894,1,1
7,4,f2p,16,past_known,5,1,0.9999997615195086,1,1
7,4,f2p,17,past_known,0,1,0.5633138200432883,1,1
7,4,f2p,17,past_known,1,1,5.0941425230143414e-05,0,0
7,4,f2p,17,past_known,2,1,0.03445824808037678,0,0
7,4,f2p,17,past_known,3,1,0.016914965144725527,0,0
7,4,f2p,17,past_known,4,1,0.21216993011716023,0,0
7,4,f2p,17,past_known,5,1,0.5490972008777197,1,1
7,4,f2p,18,past_known,0,1,0.9976060104978519,1,1
7,4,f2p,18,past_known,1,1,0.9993388890961037,1,1
7,4,f2p,18,past_known,2,1,0.9999993084951485,1,1
7,4,f2p,18,past_known,3,1,0.9895572339951657,1,1
7,4,f2p,18,past_known,4,1,0.9656622180180789,1,1
7,4,f2p,18,past_known,5,1,0.19546194851222387,0,0
7,4,f2p,19,past_known,0,1,0.9999763020666196,1,1
7,4,f2p,19,past_known,1,1,0.9997057877999477,1,1
7,4,f2p,19,past_known,2,1,0.9947000170948521,1,1
7,4,f2p,19,past_known,3,1,0.9996382884299162,1,1
7,4,f2p,19,past_known,4,1,0.9942852714642756,1,1
7,4,f2p,19,past_known,5,1,0.9959262356105992,1,1
7,4,f2p,20,past_known,0,1,0.9969870817588928,1,1
7,4,f2p,20,past_known,1,1,0.4949349276169453,0,0
7,4,f2p,20,past_known,2,1,0.9995172005533519,1,1
7,4,f2p,20,past_known,3,1,0.7069914416262658,1,1
7,4,f2p,20,past_known,4,1,0.8169123324575617,1,1
7,4,f2p,20,past_known,5,1,0.9955267214435936,1,1
7,4,f2p,21,past_known,0,1,0.034120708814345965,0,0
7,4,f2p,21,past_known,1,1,0.25800459101282097,0,0
7,4,f2p,21,past_known,2,1,0.031042516770858748,0,0
7,4,f2p,21,past_known,3,1,0.3513779411586297,0,0
7,4,f2p,21,past_known,4,1,0.2794046540507657,0,0
7,4,f2p,21,past_known,5,1,0.09854482583220349,0,0
7,4,f2p,22,past_known,0,1,0.9304118201998821,1,1
7,4,f2p,22,past_known,1,1,0.9945542179069247,1,1
7,4,f2p,22,past_known,2,1,0.999275747017146,1,1
7,4,f2p,22,past_known,3,1,0.999161037422927,1,1
7,4,f2p,22,past_known,4,1,0.9836817325266193,1,1
7,4,f2p,22,past_known,5,1,0.9994515764148835,1,1
7,4,f2p,23,past_known,0,1,0.5206824807061823,1,1
7,4,f2p,23,past_known,1,1,0.04439172527819,0,0
7,4,f2p,23,past_known,2,1,0.9248745683796654,1,1
7,4,f2p,23,past_known,3,1,0.9971070850304253,1,1
7,4,f2p,23,past_known,4,1,0.568319787124528,1,1
7,4,f2p,23,past_known,5,1,0.956014759044626,1,1
7,4,f2p,24,past_known,0,1,0.9999999552587455,1,1
7,4,f2p,24,past_known,1,1,0.999868506083773,1,1
7,4,f2p,24,past_known,2,1,0.9989168466252275,1,1
7,4,f2p,24,past_known,3,1,0.9999999439290179,1,1
7,4,f2p,24,past_known,4,1,0.9999953684817586,1,1
7,4,f2p,24,past_known,5,1,0.9999992545539059,1,1
7,4,f2p,25,past_unknown,0,0,0.7908225576757444,1,0
7,4,f2p,25,past_unknown,1,0,0.9599966879348621,1,0
7,4,f2p,25,past_unknown,2,0,0.9986838977805399,1,0
7,4,f2p,25,past_unknown,3,0,0.99759654291145,1,0
7,4,f2p,25,past_unknown,4,0,0.20542176712088914,0,1
7,4,f2p,25,past_unknown,5,0,0.9999259011922875,1,0
7,4,f2p,26,past_unknown,0,0,0.03169429406561376,0,1
7,4,f2p,26,past_unknown,1,0,0.9882435649769435,1,0
7,4,f2p,26,past_unknown,2,0,0.06326531044030018,0,1
7,4,f2p,26,past_unknown,3,0,0.9614228972062737,1,0
7,4,f2p,26,past_unknown,4,0,0.11109474051147873,0,1
7,4,f2p,26,past_unknown,5,0,0.5112534379427165,1,0
7,4,f2p,27,past_unknown,0,0,0.23327795477712088,0,1
7,4,f2p,27,past_unknown,1,0,0.41422692166688785,0,1
7,4,f2p,27,past_unknown,2,0,0.7396711497295424,1,0
7,4,f2p,27,past_unknown,3,0,0.933109466578695,1,0
7,4,f2p,27,past_unknown,4,0,0.952403869131938,1,0
7,4,f2p,27,past_unknown,5,0,0.9992582808278815,1,0
7,4,f2p,28,past_unknown,0,0,0.990513147802647,1,0
7,4,f2p,28,past_unknown,1,0,0.42686112031477874,0,1
7,4,f2p,28,past_unknown,2,0,0.9955901326342872,1,0
7,4,f2p,28,past_unknown,3,0,0.7210319117199516,1,0
7,4,f2p,28,past_unknown,4,0,0.9994378534384116,1,0
7,4,f2p,28,past_unknown,5,0,0.8247704389434388,1,0
7,4,f2p,29,past_unknown,0,0,0.980424546083745,1,0
7,4,f2p,29,past_unknown,1,0,0.9948781717568429,1,0
7,4,f2p,29,past_unknown,2,0,0.9994897827831323,1,0
7,4,f2p,29,past_unknown,3,0,0.9997849489193996,1,0
7,4,f2p,29,past_unknown,4,0,0.9691095398575537,1,0
7,4,f2p,29,past_unknown,5,0,0.9999834061495567,1,0
7,4,f2p,30,past_unknown,0,0,0.9603058863694067,1,0
7,4,f2p,30,past_unknown,1,0,0.04105404763465244,0,1
7,4,f2p,30,past_unknown,2,0,0.9957500209502252,1,0
7,4,f2p,30,past_unknown,3,0,0.1186010587952679,0,1
7,4,f2p,30,past_unknown,4,0,0.8422371709369463,1,0
7,4,f2p,30,past_unknown,5,0,0.8145189968329903,1,0
7,4,f2p,31,past_unknown,0,0,0.9990324950389334,1,0
7,4,f2p,31,past_unknown,1,0,0.9404838562060347,1,0
7,4,f2p,31,past_unknown,2,0,0.9993322025389163,1,0
7,4,f2p,31,past_unknown,3,0,0.9999377305698728,1,0
7,4,f2p,31,past_unknown,4,0,0.9918615382685616,1,0
7,4,f2p,31,past_unknown,5,0,0.9999472707135373,1,0
7,4,f2p,32,past_unknown,0,0,0.9788948664490513,1,0
7,4,f2p,32,past_unknown,1,0,0.008807107539958786,0,1
7,4,f2p,32,past_unknown,2,0,0.9460077754593194,1,0
7,4,f2p,32,past_unknown,3,0,0.09240385084057459,0,1
7,4,f2p,32,past_unknown,4,0,0.9947685810711174,1,0
7,4,f2p,32,past_unknown,5,0,0.9733418206570381,1,0
7,4,f2p,33,past_unknown,0,0,0.4370579150775331,0,1
7,4,f2p,33,past_unknown,1,0,0.8881596109553784,1,0
7,4,f2p,33,past_unknown,2,0,0.011778973754870857,0,1
7,4,f2p,33,past_unknown,3,0,0.9995086096322521,1,0
7,4,f2p,33,past_unknown,4,0,0.999999804919295,1,0
7,4,f2p,33,past_unknown,5,0,0.9828701764353487,1,0
7,4,f2p,34,past_unknown,0,0,0.0040139794687522705,0,1
7,4,f2p,34,past_unknown,1,0,0.02714367626861828,0,1
7,4,f2p,34,past_unknown,2,0,0.010873884835865277,0,1
7,4,f2p,34,past_unknown,3,0,0.9946514993191798,1,0
7,4,f2p,34,past_unknown,4,0,0.5318607703386347,1,0
7,4,f2p,34,past_unknown,5,0,0.0082500292604938,0,1
7,4,f2p,35,past_unknown,0,0,0.999760615466651,1,0
7,4,f2p,35,past_unknown,1,0,0.957591872467532,1,0
7,4,f2p,35,past_unknown,2,0,0.999991993975174,1,0
7,4,f2p,35,past_unknown,3,0,0.9991434710109839,1,0
7,4,f2p,35,past_unknown,4,0,0.9994506267055393,1,0
7,4,f2p,35,past_unknown,5,0,0.9975040263869761,1,0
7,4,f2p,36,past_unknown,0,0,0.09823956283956696,0,1
7,4,f2p,36,past_unknown,1,0,0.997570991759611,1,0
7,4,f2p,36,past_unknown,2,0,0.20939928046337083,0,1
7,4,f2p,36,past_unknown,3,0,0.906567638523856,1,0
7,4,f2p,36,past_unknown,4,0,0.9781115056816241,1,0
7,4,f2p,36,past_unknown,5,0,0.4878769877716274,0,1
7,4,f2p,37,past_unknown,0,0,0.010497797417921614,0,1
7,4,f2p,37,past_unknown,1,0,0.9934178196550577,1,0
7,4,f2p,37,past_unknown,2,0,0.034382072606898,0,1
7,4,f2p,37,past_unknown,3,0,0.7708720035492446,1,0
7,4,f2p,37,past_unknown,4,0,0.5986599070914278,1,0
7,4,f2p,37,past_unknown,5,0,0.9912762711031871,1,0
7,4,f2p,38,past_unknown,0,0,0.6027474540989222,1,0
7,4,f2p,38,past_unknown,1,0,0.5851204248805753,1,0
7,4,f2p,38,past_unknown,2,0,0.9950023265368623,1,0
7,4,f2p,38,past_unknown,3,0,0.5090536258684311,1,0
7,4,f2p,38,past_unknown,4,0,0.9873323709498935,1,0
7,4,f2p,38,past_unknown,5,0,0.9639348231310072,1,0
7,4,f2p,39,past_unknown,0,0,0.9631319468497299,1,0
7,4,f2p,39,past_unknown,1,0,0.9872057737133547,1,0
7,4,f2p,39,past_unknown,2,0,0.9934140234275353,1,0
7,4,f2p,39,past_unknown,3,0,0.9089625143551878,1,0
7,4,f2p,39,past_unknown,4,0,0.9906480826077506,1,0
7,4,f2p,39,past_unknown,5,0,0.9699983683035581,1,0
7,4,f2p,40,past_unknown,0,0,0.3096839082694834,0,1
7,4,f2p,40,past_unknown,1,0,0.5011385208924083,1,0
7,4,f2p,40,past_unknown,2,0,0.6251108496293668,1,0
7,4,f2p,40,past_unknown,3,0,0.9995714404028981,1,0
7,4,f2p,40,past_unknown,4,0,0.978287934274421,1,0
7,4,f2p,40,past_unknown,5,0,0.9995109880282231,1,0
7,4,f2p,41,past_unknown,0,0,0.6611152923723517,1,0
7,4,f2p,41,past_unknown,1,0,0.9912359476608676,1,0
7,4,f2p,41,past_unknown,2,0,0.9825220029573778,1,0
7,4,f2p,41,past_unknown,3,0,0.018067437482122077,0,1
7,4,f2p,41,past_unknown,4,0,0.11370064634206449,0,1
7,4,f2p,41,past_unknown,5,0,0.8006880505378265,1,0
7,4,f2p,42,past_unknown,0,0,0.7953044337392339,1,0
7,4,f2p,42,past_unknown,1,0,0.48816991910916585,0,1
7,4,f2p,42,past_unknown,2,0,0.9959265204343047,1,0
7,4,f2p,42,past_unknown,3,0,0.9885210704731869,1,0
7,4,f2p,42,past_unknown,4,0,0.9866087536534213,1,0
7,4,f2p,42,past_unknown,5,0,0.9633988521334127,1,0
7,4,f2p,43,past_unknown,0,0,0.999566432652781,1,0
7,4,f2p,43,past_unknown,1,0,0.9991606190796134,1,0
7,4,f2p,43,past_unknown,2,0,0.9999553724607144,1,0
7,4,f2p,43,past_unknown,3,0,0.9999967446520002,1,0
7,4,f2p,43,past_unknown,4,0,0.999893524576835,1,0
7,4,f2p,43,past_unknown,5,0,0.9999999105553576,1,0
7,4,f2p,44,past_unknown,0,0,0.7854952736858016,1,0
7,4,f2p,44,past_unknown,1,0,0.7310524701379872,1,0
7,4,f2p,44,past_unknown,2,0,0.49306346965175213,0,1
7,4,f2p,44,past_unknown,3,0,0.9065084346780984,1,0
7,4,f2p,44,past_unknown,4,0,0.8038293052443253,1,0
7,4,f2p,44,past_unknown,5,0,0.8355679897104412,1,0
7,4,f2p,45,past_unknown,0,0,0.859402067969716,1,0
7,4,f2p,45,past_unknown,1,0,0.9942101385808358,1,0
7,4,f2p,45,past_unknown,2,0,0.9990002106621491,1,0
7,4,f2p,45,past_unknown,3,0,0.9823745138195361,1,0
7,4,f2p,45,past_unknown,4,0,0.9958463239699593,1,0
7,4,f2p,45,past_unknown,5,0,0.9970139098314525,1,0
7,4,f2p,46,past_unknown,0,0,0.4801617436716039,0,1
7,4,f2p,46,past_unknown,1,0,0.9995516153580337,1,0
7,4,f2p,46,past_unknown,2,0,0.3813918894234865,0,1
7,4,f2p,46,past_unknown,3,0,0.9256641879438965,1,0
7,4,f2p,46,past_unknown,4,0,0.9765282006994842,1,0
7,4,f2p,46,past_unknown,5,0,0.9980810544387355,1,0
7,4,f2p,47,past_unknown,0,0,0.9997011290948382,1,0
7,4,f2p,47,past_unknown,1,0,0.9998945469778341,1,0
7,4,f2p,47,past_unknown,2,0,0.999672386133162,1,0
7,4,f2p,47,past_unknown,3,0,0.9999755996376967,1,0
7,4,f2p,47,past_unknown,4,0,0.9994109125136578,1,0
7,4,f2p,47,past_unknown,5,0,0.9992392560722124,1,0
7,4,f2p,48,past_unknown,0,0,0.9366100372778688,1,0
7,4,f2p,48,past_unknown,1,0,0.911283063135159,1,0
7,4,f2p,48,past_unknown,2,0,0.9999186458094654,1,0
7,4,f2p,48,past_unknown,3,0,0.9989832924758303,1,0
7,4,f2p,48,past_unknown,4,0,0.5583187456399493,1,0
7,4,f2p,48,past_unknown,5,0,0.9998900991732448,1,0
7,4,f2p,49,past_unknown,0,0,0.9137392702702319,1,0
7,4,f2p,49,past_unknown,1,0,0.9994031354402915,1,0
7,4,f2p,49,past_unknown,2,0,0.992262181322963,1,0
7,4,f2p,49,past_unknown,3,0,0.7667712231399695,1,0
7,4,f2p,49,past_unknown,4,0,0.985110534585409,1,0
7,4,f2p,49,past_unknown,5,0,0.9863813991822444,1,0
8,4,p2f,50,future_known,0,1,0.9595079612344162,1,1
8,4,p2f,50,future_known,1,1,0.9727910688186572,1,1
8,4,p2f,50,future_known,2,1,0.4695163075647897,0,0
8,4,p2f,50,future_known,3,1,0.7045848267550189,1,1
8,4,p2f,50,future_known,4,1,0.5314271419281587,1,1
8,4,p2f,50,future_known,5,1,0.9871332448886987,1,1
8,4,p2f,51,future_known,0,1,0.8699737476871897,1,1
8,4,p2f,51,future_known,1,1,0.9409767940982873,1,1
8,4,p2f,51,future_known,2,1,0.13525086008769302,0,0
8,4,p2f,51,future_known,3,1,0.529355316565884,1,1
8,4,p2f,51,future_known,4,1,0.13656887818050792,0,0
8,4,p2f,51,future_known,5,1,0.205452293168641,0,0
8,4,p2f,52,future_known,0,1,0.9819566120051931,1,1
8,4,p2f,52,future_known,1,1,0.9977614500676009,1,1
8,4,p2f,52,future_known,2,1,0.9690601586967826,1,1
8,4,p2f,52,future_known,3,1,0.9407197626119119,1,1
8,4,p2f,52,future_known,4,1,0.7223900881048229,1,1
8,4,p2f,52,future_known,5,1,0.8251299790853401,1,1
8,4,p2f,53,future_known,0,1,0.9969300968118918,1,1
8,4,p2f,53,future_known,1,1,0.8109297901600637,1,1
8,4,p2f,53,future_known,2,1,0.9000913581430877,1,1
8,4,p2f,53,future_known,3,1,0.14591179891889414,0,0
8,4,p2f,53,future_known,4,1,0.9574821391785204,1,1
8,4,p2f,53,future_known,5,1,0.17947774018201035,0,0
8,4,p2f,54,future_known,0,1,0.9719271749163875,1,1
8,4,p2f,54,future_known,1,1,0.20823287337034516,0,0
8,4,p2f,54,future_known,2,1,0.9477050355319694,1,1
8,4,p2f,54,future_known,3,1,0.9175702717260081,1,1
8,4,p2f,54,future_known,4,1,0.6686186140873073,1,1
8,4,p2f,54,future_known,5,1,0.9852738741956989,1,1
8,4,p2f,55,future_known,0,1,0.995165274840521,1,1
8,4,p2f,55,future_known,1,1,0.9958807579207459,1,1
8,4,p2f,55,future_known,2,1,0.5108797890462824,1,1
8,4,p2f,55,future_known,3,1,0.9984564325689872,1,1
8,4,p2f,55,future_known,4,1,0.3737756198407735,0,0
8,4,p2f,55,future_known,5,1,0.9975375307744534,1,1
8,4,p2f,56,future_known,0,1,0.9913141392077901,1,1
8,4,p2f,56,future_known,1,1,0.7360395079583263,1,1
8,4,p2f,56,future_known,2,1,0.42419690025109236,0,0
8,4,p2f,56,future_known,3,1,0.5788182057418942,1,1
8,4,p2f,56,future_known,4,1,0.020770193858947794,0,0
8,4,p2f,56,future_known,5,1,0.812393540901582,1,1
8,4,p2f,57,future_known,0,1,0.3857639765261191,0,0
8,4,p2f,57,future_known,1,1,0.44723297009326307,0,0
8,4,p2f,57,future_known,2,1,0.9992299634485761,1,1
8,4,p2f,57,future_known,3,1,0.9926438133279232,1,1
8,4,p2f,57,future_known,4,1,0.11504870791825937,0,0
8,4,p2f,57,future_known,5,1,0.8207585851367235,1,1
8,4,p2f,58,future_known,0,1,0.627604993545437,1,1
8,4,p2f,58,future_known,1,1,0.9775222179905643,1,1
8,4,p2f,58,future_known,2,1,0.36647171821451435,0,0
8,4,p2f,58,future_known,3,1,0.9618742905635298,1,1
8,4,p2f,58,future_known,4,1,0.07476200407897352,0,0
8,4,p2f,58,future_known,5,1,0.43042146356823935,0,0
8,4,p2f,59,future_known,0,1,0.9974681996848659,1,1
8,4,p2f,59,future_known,1,1,0.9984525777335508,1,1
8,4,p2f,59,future_known,2,1,0.9941504876868302,1,1
8,4,p2f,59,future_known,3,1,0.9896259970265442,1,1
8,4,p2f,59,future_known,4,1,0.970020389168122,1,1
8,4,p2f,59,future_known,5,1,0.9987213998918176,1,1
8,4,p2f,60,future_known,0,1,0.9985845838718157,1,1
8,4,p2f,60,future_known,1,1,0.9687475775435849,1,1
8,4,p2f,60,future_known,2,1,0.7425807452367915,1,1
8,4,p2f,60,future_known,3,1,0.9342309621145926,1,1
8,4,p2f,60,future_known,4,1,0.5058109975732593,1,1
8,4,p2f,60,future_known,5,1,0.9679056400132,1,1
8,4,p2f,61,future_known,0,1,0.1486292786401167,0,0
8,4,p2f,61,future_known,1,1,0.06257955993992358,0,0
8,4,p2f,61,future_known,2,1,0.07887358174817402,0,0
8,4,p2f,61,future_known,3,1,0.600611424518689,1,1
8,4,p2f,61,future_known,4,1,0.5218485437958955,1,1
8,4,p2f,61,future_known,5,1,0.36363843544488983,0,0
8,4,p2f,62,future_known,0,1,0.9968823077498732,1,1
8,4,p2f,62,future_known,1,1,0.9999343368949113,1,1
8,4,p2f,62,future_known,2,1,0.6218307210971719,1,1
8,4,p2f,62,future_known,3,1,0.846864781106557,1,1
8,4,p2f,62,future_known,4,1,0.9990681975502967,1,1
8,4,p2f,62,future_known,5,1,0.8895307149426003,1,1
8,4,p2f,63,future_known,0,1,0.29513417423662647,0,0
8,4,p2f,63,future_known,1,1,0.4419625751216171,0,0
8,4,p2f,63,future_known,2,1,0.0063317762588132424,0,0
8,4,p2f,63,future_known,3,1,0.663945944582,1,1
8,4,p2f,63,future_known,4,1,0.9361525715997736,1,1
8,4,p2f,63,future_known,5,1,0.3557934718558424,0,0
8,4,p2f,64,future_known,0,1,0.9879707739966772,1,1
8,4,p2f,64,future_known,1,1,0.982613458135809,1,1
8,4,p2f,64,future_known,2,1,0.668653247196289,1,1
8,4,p2f,64,future_known,3,1,0.7564136932334455,1,1
8,4,p2f,64,future_known,4,1,0.4420810425453553,0,0
8,4,p2f,64,future_known,5,1,0.9895991838966023,1,1
8,4,p2f,65,future_known,0,1,0.5525897924085068,1,1
8,4,p2f,65,future_known,1,1,0.14760302858380228,0,0
8,4,p2f,65,future_known,2,1,0.9948025905964041,1,1
8,4,p2f,65,future_known,3,1,0.7038071189980344,1,1
8,4,p2f,65,future_known,4,1,0.39835642136368143,0,0
8,4,p2f,65,future_known,5,1,0.7630756269858451,1,1
8,4,p2f,66,future_known,0,1,0.660769020972526,1,1
8,4,p2f,66,future_known,1,1,0.7984855549258802,1,1
8,4,p2f,66,future_known,2,1,0.6241862587364766,1,1
8,4,p2f,66,future_known,3,1,0.31149324384538546,0,0
8,4,p2f,66,future_known,4,1,0.9674961454354111,1,1
8,4,p2f,66,future_known,5,1,0.9070087755365748,1,1
8,4,p2f,67,future_known,0,1,0.638737678636369,1,1
8,4,p2f,67,future_known,1,1,0.9798939958253806,1,1
8,4,p2f,67,future_known,2,1,0.1479731473684218,0,0
8,4,p2f,67,future_known,3,1,0.9030871301305228,1,1
8,4,p2f,67,future_known,4,1,0.9873561209776535,1,1
8,4,p2f,67,future_known,5,1,0.025763791671503358,0,0
8,4,p2f,68,future_known,0,1,0.7808984087319266,1,1
8,4,p2f,68,future_known,1,1,0.9262712811850793,1,1
8,4,p2f,68,future_known,2,1,0.22110100088794593,0,0
8,4,p2f,68,future_known,3,1,0.9383056476858518,1,1
8,4,p2f,68,future_known,4,1,0.43700043088445434,0,0
8,4,p2f,68,future_known,5,1,0.8365259237375967,1,1
8,4,p2f,69,future_known,0,1,0.5734648250911094,1,1
8,4,p2f,69,future_known,1,1,0.6717454917773118,1,1
8,4,p2f,69,future_known,2,1,0.673686125143928,1,1
8,4,p2f,69,future_known,3,1,0.5177874732380994,1,1
8,4,p2f,69,future_known,4,1,0.8378331019237814,1,1
8,4,p2f,69,future_known,5,1,0.5132440294880782,1,1
8,4,p2f,70,future_known,0,1,0.8982390916043377,1,1
8,4,p2f,70,future_known,1,1,0.35263914976530114,0,0
8,4,p2f,70,future_known,2,1,0.09573312192954339,0,0
8,4,p2f,70,future_known,3,1,0.8621885561930547,1,1
8,4,p2f,70,future_known,4,1,0.9280086965601426,1,1
8,4,p2f,70,future_known,5,1,0.09886569990155837,0,0
8,4,p2f,71,future_known,0,1,0.9821842762421328,1,1
8,4,p2f,71,future_known,1,1,0.9618892624163775,1,1
8,4,p2f,71,future_known,2,1,0.8348049252124461,1,1
8,4,p2f,71,future_known,3,1,0.9852086068777857,1,1
8,4,p2f,71,future_known,4,1,0.9248638644582773,1,1
8,4,p2f,71,future_known,5,1,0.14598372548624852,0,0
8,4,p2f,72,future_known,0,1,0.9194723944487307,1,1
8,4,p2f,72,future_known,1,1,0.3075605946881764,0,0
8,4,p2f,72,future_known,2,1,0.10205227380256578,0,0
8,4,p2f,72,future_known,3,1,0.9649332101871481,1,1
8,4,p2f,72,future_known,4,1,0.35179465331392135,0,0
8,4,p2f,72,future_known,5,1,0.9735253602957266,1,1
8,4,p2f,73,future_known,0,1,0.6704276012187925,1,1
8,4,p2f,73,future_known,1,1,0.8125943923785157,1,1
8,4,p2f,73,future_known,2,1,0.13997284257751416,0,0
8,4,p2f,73,future_known,3,1,0.057175416951710925,0,0
8,4,p2f,73,future_known,4,1,0.14383602959033995,0,0
8,4,p2f,73,future_known,5,1,0.24492653654228388,0,0
8,4,p2f,74,future_known,0,1,0.7033640714361297,1,1
8,4,p2f,74,future_known,1,1,0.8425318099426494,1,1
8,4,p2f,74,future_known,2,1,0.32365136805842865,0,0
8,4,p2f,74,future_known,3,1,0.11257892394849577,0,0
8,4,p2f,74,future_known,4,1,0.7792829364415506,1,1
8,4,p2f,74,future_known,5,1,0.649548069215409,1,1
8,4,p2f,75,future_unknown,0,0,0.9188094631089752,1,0
8,4,p2f,75,future_unknown,1,0,0.995664840469502,1,0
8,4,p2f,75,future_unknown,2,0,0.8656459800605226,1,0
8,4,p2f,75,future_unknown,3,0,0.9665398220243907,1,0
8,4,p2f,75,future_unknown,4,0,0.7614442505162998,1,0
8,4,p2f,75,future_unknown,5,0,0.8962801306510872,1,0
8,4,p2f,76,future_unknown,0,0,0.0002433803311686739,0,1
8,4,p2f,76,future_unknown,1,0,0.003230222583904284,0,1
8,4,p2f,76,future_unknown,2,0,0.008468816864927757,0,1
8,4,p2f,76,future_unknown,3,0,0.384773596318073,0,1
8,4,p2f,76,future_unknown,4,0,0.011738748097889617,0,1
8,4,p2f,76,future_unknown,5,0,9.18353171547127e-05,0,1
8,4,p2f,77,future_unknown,0,0,0.04057758313939295,0,1
8,4,p2f,77,future_unknown,1,0,0.09002824762389679,0,1
8,4,p2f,77,future_unknown,2,0,0.005044138449534492,0,1
8,4,p2f,77,future_unknown,3,0,0.06730472205920565,0,1
8,4,p2f,77,future_unknown,4,0,0.0018737750830313212,0,1
8,4,p2f,77,future_unknown,5,0,0.024344772712035626,0,1
8,4,p2f,78,future_unknown,0,0,0.7445221954566593,1,0
8,4,p2f,78,future_unknown,1,0,0.21922634176377914,0,1
8,4,p2f,78,future_unknown,2,0,0.9757333307754414,1,0
8,4,p2f,78,future_unknown,3,0,0.8322222039292478,1,0
8,4,p2f,78,future_unknown,4,0,0.9136809110371407,1,0
8,4,p2f,78,future_unknown,5,0,0.9204754638514062,1,0
8,4,p2f,79,future_unknown,0,0,0.1485295071900499,0,1
8,4,p2f,79,future_unknown,1,0,0.3231903378823945,0,1
8,4,p2f,79,future_unknown,2,0,0.3701810627274308,0,1
8,4,p2f,79,future_unknown,3,0,0.26797274869010634,0,1
8,4,p2f,79,future_unknown,4,0,0.3205454135494944,0,1
8,4,p2f,79,future_unknown,5,0,0.5870904138605334,1,0
8,4,p2f,80,future_unknown,0,0,0.684243336023019,1,0
8,4,p2f,80,future_unknown,1,0,0.9983223665304395,1,0
8,4,p2f,80,future_unknown,2,0,0.9861177582688847,1,0
8,4,p2f,80,future_unknown,3,0,0.9965322633609802,1,0
8,4,p2f,80,future_unknown,4,0,0.5274930609834451,1,0
8,4,p2f,80,future_unknown,5,0,0.9986083803798891,1,0
8,4,p2f,81,future_unknown,0,0,0.4457646309918961,0,1
8,4,p2f,81,future_unknown,1,0,0.16949026835398545,0,1
8,4,p2f,81,future_unknown,2,0,0.1458853623776202,0,1
8,4,p2f,81,future_unknown,3,0,0.0302817063408131,0,1
8,4,p2f,81,future_unknown,4,0,0.12908451841049223,0,1
8,4,p2f,81,future_unknown,5,0,0.3578923437729145,0,1
8,4,p2f,82,future_unknown,0,0,0.38585530991602196,0,1
8,4,p2f,82,future_unknown,1,0,0.3015950920127986,0,1
8,4,p2f,82,future_unknown,2,0,0.21422509075321594,0,1
8,4,p2f,82,future_unknown,3,0,0.9108429210118697,1,0
8,4,p2f,82,future_unknown,4,0,0.2654654880248356,0,1
8,4,p2f,82,future_unknown,5,0,0.5006657578532286,1,0
8,4,p2f,83,future_unknown,0,0,0.9916376988122498,1,0
8,4,p2f,83,future_unknown,1,0,0.99978641103635,1,0
8,4,p2f,83,future_unknown,2,0,0.2313622085656406,0,1
8,4,p2f,83,future_unknown,3,0,0.9974138658945929,1,0
8,4,p2f,83,future_unknown,4,0,0.9458105860474261,1,0
8,4,p2f,83,future_unknown,5,0,0.941464299445713,1,0
8,4,p2f,84,future_unknown,0,0,0.0003095053210839567,0,1
8,4,p2f,84,future_unknown,1,0,0.05840945033045931,0,1
8,4,p2f,84,future_unknown,2,0,0.0006122197242135508,0,1
8,4,p2f,84,future_unknown,3,0,0.011960983219487903,0,1
8,4,p2f,84,future_unknown,4,0,0.0002319236156467104,0,1
8,4,p2f,84,future_unknown,5,0,0.11322409087559997,0,1
8,4,p2f,85,future_unknown,0,0,0.07256423865646243,0,1
8,4,p2f,85,future_unknown,1,0,0.9407196640474624,1,0
8,4,p2f,85,future_unknown,2,0,0.7708248177895788,1,0
8,4,p2f,85,future_unknown,3,0,0.9935406821834232,1,0
8,4,p2f,85,future_unknown,4,0,0.91102213214378,1,0
8,4,p2f,85,future_unknown,5,0,0.8471230664351843,1,0
8,4,p2f,86,future_unknown,0,0,0.018586804034658958,0,1
8,4,p2f,86,future_unknown,1,0,0.3673684072349824,0,1
8,4,p2f,86,future_unknown,2,0,0.4402270956314955,0,1
8,4,p2f,86,future_unknown,3,0,0.9085007144439128,1,0
8,4,p2f,86,future_unknown,4,0,0.7440185663076608,1,0
8,4,p2f,86,future_unknown,5,0,0.6355535253065446,1,0
8,4,p2f,87,future_unknown,0,0,0.1853810776562346,0,1
8,4,p2f,87,future_unknown,1,0,0.8437191619882926,1,0
8,4,p2f,87,future_unknown,2,0,0.8418292799948355,1,0
8,4,p2f,87,future_unknown,3,0,0.5291752009708627,1,0
8,4,p2f,87,future_unknown,4,0,0.356396599718909,0,1
8,4,p2f,87,future_unknown,5,0,0.6533821109928203,1,0
8,4,p2f,88,future_unknown,0,0,0.32888543946785487,0,1
8,4,p2f,88,future_unknown,1,0,0.8955535909409359,1,0
8,4,p2f,88,future_unknown,2,0,0.9975690278798157,1,0
8,4,p2f,88,future_unknown,3,0,0.8318427758813357,1,0
8,4,p2f,88,future_unknown,4,0,0.9989335910013624,1,0
8,4,p2f,88,future_unknown,5,0,0.86316671327963,1,0
8,4,p2f,89,future_unknown,0,0,0.01990231840871612,0,1
8,4,p2f,89,future_unknown,1,0,0.7259020297734549,1,0
8,4,p2f,89,future_unknown,2,0,0.47611811396779224,0,1
8,4,p2f,89,future_unknown,3,0,0.3566594151988167,0,1
8,4,p2f,89,future_unknown,4,0,0.4335985391740658,0,1
8,4,p2f,89,future_unknown,5,0,0.8395149407305927,1,0
8,4,p2f,90,future_unknown,0,0,0.984027728090673,1,0
8,4,p2f,90,future_unknown,1,0,0.9999774052177971,1,0
8,4,p2f,90,future_unknown,2,0,0.9991096479160478,1,0
8,4,p2f,90,future_unknown,3,0,0.998290286672219,1,0
8,4,p2f,90,future_unknown,4,0,0.9995420227765272,1,0
8,4,p2f,90,future_unknown,5,0,0.9996315724580639,1,0
8,4,p2f,91,future_unknown,0,0,0.014918105621901202,0,1
8,4,p2f,91,future_unknown,1,0,0.3677556252021917,0,1
8,4,p2f,91,future_unknown,2,0,0.11666918709813556,0,1
8,4,p2f,91,future_unknown,3,0,0.0946034133339157,0,1
8,4,p2f,91,future_unknown,4,0,0.06383915337003405,0,1
8,4,p2f,91,future_unknown,5,0,0.5697534590970967,1,0
8,4,p2f,92,future_unknown,0,0,0.0024713610663367764,0,1
8,4,p2f,92,future_unknown,1,0,0.018369641782183112,0,1
8,4,p2f,92,future_unknown,2,0,0.11470127251096647,0,1
8,4,p2f,92,future_unknown,3,0,0.7075830113441601,1,0
8,4,p2f,92,future_unknown,4,0,0.17676526433812095,0,1
8,4,p2f,92,future_unknown,5,0,2.7689213513719697e-05,0,1
8,4,p2f,93,future_unknown,0,0,0.18214126732271121,0,1
8,4,p2f,93,future_unknown,1,0,0.14399922214919708,0,1
8,4,p2f,93,future_unknown,2,0,0.017134109500779388,0,1
8,4,p2f,93,future_unknown,3,0,0.017134109500779388,0,1
8,4,p2f,93,future_unknown,4,0,0.13540735904479415,0,1
8,4,p2f,93,future_unknown,5,0,0.013119166085408486,0,1
8,4,p2f,94,future_unknown,0,0,0.7295605981274011,1,0
8,4,p2f,94,future_unknown,1,0,0.3159227630149872,0,1
8,4,p2f,94,future_unknown,2,0,0.002277993155429723,0,1
8,4,p2f,94,future_unknown,3,0,0.9004402881494173,1,0
8,4,p2f,94,future_unknown,4,0,0.8590681708239045,1,0
8,4,p2f,94,future_unknown,5,0,0.15827791110859374,0,1
8,4,p2f,95,future_unknown,0,0,0.2609576555136492,0,1
8,4,p2f,95,future_unknown,1,0,0.10932162329725077,0,1
8,4,p2f,95,future_unknown,2,0,0.6139918604115099,1,0
8,4,p2f,95,future_unknown,3,0,0.004413434243514122,0,1
8,4,p2f,95,future_unknown,4,0,0.8409557922446285,1,0
8,4,p2f,95,future_unknown,5,0,0.011148828882522275,0,1
8,4,p2f,96,future_unknown,0,0,0.9302846001692703,1,0
8,4,p2f,96,future_unknown,1,0,0.5879709046273419,1,0
8,4,p2f,96,future_unknown,2,0,0.9942960485052355,1,0
8,4,p2f,96,future_unknown,3,0,0.9385444631574495,1,0
8,4,p2f,96,future_unknown,4,0,0.2752910223430502,0,1
8,4,p2f,96,future_unknown,5,0,0.94575947921783,1,0
8,4,p2f,97,future_unknown,0,0,0.009813038584558152,0,1
8,4,p2f,97,future_unknown,1,0,0.5412029229914532,1,0
8,4,p2f,97,future_unknown,2,0,0.21054108404609115,0,1
8,4,p2f,97,future_unknown,3,0,0.5856816851792264,1,0
8,4,p2f,97,future_unknown,4,0,0.1226041131065006,0,1
8,4,p2f,97,future_unknown,5,0,0.709708762607787,1,0
8,4,p2f,98,future_unknown,0,0,0.005675759875082002,0,1
8,4,p2f,98,future_unknown,1,0,0.000691303926579705,0,1
8,4,p2f,98,future_unknown,2,0,0.006578860802166206,0,1
8,4,p2f,98,future_unknown,3,0,0.0010655091564291722,0,1
8,4,p2f,98,future_unknown,4,0,0.0004273359843714153,0,1
8,4,p2f,98,future_unknown,5,0,0.0009770656902312142,0,1
8,4,p2f,99,future_unknown,0,0,0.873986486366966,1,0
8,4,p2f,99,future_unknown,1,0,0.9704305058589487,1,0
8,4,p2f,99,future_unknown,2,0,0.9639672680082091,1,0
8,4,p2f,99,future_unknown,3,0,0.9963113999559043,1,0
8,4,p2f,99,future_unknown,4,0,0.8388232833941943,1,0
8,4,p2f,99,future_unknown,5,0,0.9466369257167164,1,0
8,4,f2p,0,past_known,0,1,0.00019448548326892314,0,0
8,4,f2p,0,past_known,1,1,1.69196292451926e-05,0,0
8,4,f2p,0,past_known,2,1,9.959830678121536e-05,0,0
8,4,f2p,0,past_known,3,1,1.4033419280272266e-06,0,0
8,4,f2p,0,past_known,4,1,0.011299903803704483,0,0
8,4,f2p,0,past_known,5,1,2.8856118255956484e-06,0,0
8,4,f2p,1,past_known,0,1,0.0031145545191405806,0,0
8,4,f2p,1,past_known,1,1,0.8724706273308445,1,1
8,4,f2p,1,past_known,2,1,0.00018209787602813964,0,0
8,4,f2p,1,past_known,3,1,0.000151143390084325,0,0
8,4,f2p,1,past_known,4,1,0.006358997369509545,0,0
8,4,f2p,1,past_known,5,1,0.013807047552466123,0,0
8,4,f2p,2,past_known,0,1,8.900072889987233e-06,0,0
8,4,f2p,2,past_known,1,1,1.915348543127111e-06,0,0
8,4,f2p,2,past_known,2,1,0.22493632424855295,0,0
8,4,f2p,2,past_known,3,1,3.7189738091462416e-06,0,0
8,4,f2p,2,past_known,4,1,7.020901669476568e-09,0,0
8,4,f2p,2,past_known,5,1,6.397060449684331e-11,0,0
8,4,f2p,3,past_known,0,1,3.5393007770466175e-08,0,0
8,4,f2p,3,past_known,1,1,9.053199791710687e-10,0,0
8,4,f2p,3,past_known,2,1,0.0003166644937057079,0,0
8,4,f2p,3,past_known,3,1,6.433365286765619e-06,0,0
8,4,f2p,3,past_known,4,1,4.962484016245398e-06,0,0
8,4,f2p,3,past_known,5,1,0.02008344209007038,0,0
8,4,f2p,4,past_known,0,1,8.396842498461984e-10,0,0
8,4,f2p,4,past_known,1,1,2.4610448904368805e-09,0,0
8,4,f2p,4,past_known,2,1,2.7903296000721088e-06,0,0
8,4,f2p,4,past_known,3,1,2.143788345836649e-08,0,0
8,4,f2p,4,past_known,4,1,0.004498388752414021,0,0
8,4,f2p,4,past_known,5,1,8.229406206479174e-10,0,0
8,4,f2p,5,past_known,0,1,0.8722636052787823,1,1
8,4,f2p,5,past_known,1,1,0.9998869657047555,1,1
8,4,f2p,5,past_known,2,1,0.9539717088219977,1,1
8,4,f2p,5,past_known,3,1,0.9943666698732927,1,1
8,4,f2p,5,past_known,4,1,0.99999998967518,1,1
8,4,f2p,5,past_known,5,1,0.9915763839599749,1,1
8,4,f2p,6,past_known,0,1,0.40263435959579863,0,0
8,4,f2p,6,past_known,1,1,0.4575223845262373,0,0
8,4,f2p,6,past_known,2,1,0.0063617964244592215,0,0
8,4,f2p,6,past_known,3,1,0.9928117339656023,1,1
8,4,f2p,6,past_known,4,1,0.9623783996478836,1,1
8,4,f2p,6,past_known,5,1,0.8454856254200434,1,1
8,4,f2p,7,past_known,0,1,0.012662482945050575,0,0
8,4,f2p,7,past_known,1,1,0.995755205747267,1,1
8,4,f2p,7,past_known,2,1,0.0006843053494453921,0,0
8,4,f2p,7,past_known,3,1,0.9257817605350469,1,1
8,4,f2p,7,past_known,4,1,0.11083600673433065,0,0
8,4,f2p,7,past_known,5,1,1.802098305688135e-05,0,0
8,4,f2p,8,past_known,0,1,0.9992271340709026,1,1
8,4,f2p,8,past_known,1,1,6.948081403797915e-07,0,0
8,4,f2p,8,past_known,2,1,0.6300118410900266,1,1
8,4,f2p,8,past_known,3,1,0.9845568454986938,1,1
8,4,f2p,8,past_known,4,1,2.0000154250855636e-09,0,0
8,4,f2p,8,past_known,5,1,0.9995299688489946,1,1
8,4,f2p,9,past_known,0,1,0.9985772832903972,1,1
8,4,f2p,9,past_known,1,1,0.9998001951707698,1,1
8,4,f2p,9,past_known,2,1,0.7546242855879507,1,1
8,4,f2p,9,past_known,3,1,0.9999999926653036,1,1
8,4,f2p,9,past_known,4,1,0.9331457136624329,1,1
8,4,f2p,9,past_known,5,1,0.010404293203594593,0,0
8,4,f2p,10,past_known,0,1,0.0006252061422906176,0,0
8,4,f2p,10,past_known,1,1,0.0053336128693353925,0,0
8,4,f2p,10,past_known,2,1,0.9299119997296692,1,1
8,4,f2p,10,past_known,3,1,0.0005406886181126571,0,0
8,4,f2p,10,past_known,4,1,0.47049941191733546,0,0
8,4,f2p,10,past_known,5,1,0.9208303531057717,1,1
8,4,f2p,11,past_known,0,1,0.00011290421744623818,0,0
8,4,f2p,11,past_known,1,1,0.08565059612898228,0,0
8,4,f2p,11,past_known,2,1,0.0020115238227445373,0,0
8,4,f2p,11,past_known,3,1,0.0019604162415568518,0,0
8,4,f2p,11,past_known,4,1,0.630127627747936,1,1
8,4,f2p,11,past_known,5,1,0.8324681651714889,1,1
8,4,f2p,12,past_known,0,1,0.0025005080910730213,0,0
8,4,f2p,12,past_known,1,1,0.001051194685587138,0,0
8,4,f2p,12,past_known,2,1,0.6437499872804906,1,1
8,4,f2p,12,past_known,3,1,0.5779503877252616,1,1
8,4,f2p,12,past_known,4,1,0.0009970716226077004,0,0
8,4,f2p,12,past_known,5,1,0.03731074443919475,0,0
8,4,f2p,13,past_known,0,1,0.9999985313136587,1,1
8,4,f2p,13,past_known,1,1,0.9999644508012384,1,1
8,4,f2p,13,past_known,2,1,0.9999980699798601,1,1
8,4,f2p,13,past_known,3,1,0.9999750222730467,1,1
8,4,f2p,13,past_known,4,1,0.9999764648810845,1,1
8,4,f2p,13,past_known,5,1,0.9999830662595253,1,1
8,4,f2p,14,past_known,0,1,0.0017157401189759442,0,0
8,4,f2p,14,past_known,1,1,0.9938938695810982,1,1
8,4,f2p,14,past_known,2,1,0.29397783821997303,0,0
8,4,f2p,14,past_known,3,1,0.0015099658068559875,0,0
8,4,f2p,14,past_known,4,1,0.04020691779976039,0,0
8,4,f2p,14,past_known,5,1,0.9999968954836991,1,1
8,4,f2p,15,past_known,0,1,1.139683262662407e-07,0,0
8,4,f2p,15,past_known,1,1,6.604555059484763e-11,0,0
8,4,f2p,15,past_known,2,1,0.0004047380060089814,0,0
8,4,f2p,15,past_known,3,1,9.887047746161564e-08,0,0
8,4,f2p,15,past_known,4,1,1.1316787240350254e-07,0,0
8,4,f2p,15,past_known,5,1,0.004268166194466776,0,0
8,4,f2p,16,past_known,0,1,0.999954194505821,1,1
8,4,f2p,16,past_known,1,1,0.9999999966499864,1,1
8,4,f2p,16,past_known,2,1,0.9999999891332051,1,1
8,4,f2p,16,past_known,3,1,0.999993961571696,1,1
8,4,f2p,16,past_known,4,1,0.9999773428305105,1,1
8,4,f2p,16,past_known,5,1,0.999999258370937,1,1
8,4,f2p,17,past_known,0,1,0.0003115564237077079,0,0
8,4,f2p,17,past_known,1,1,2.319802975445211e-06,0,0
8,4,f2p,17,past_known,2,1,3.7231093661204975e-05,0,0
8,4,f2p,17,past_known,3,1,2.7151585567169964e-09,0,0
8,4,f2p,17,past_known,4,1,0.0001507355367022137,0,0
8,4,f2p,17,past_known,5,1,7.546641463769715e-05,0,0
8,4,f2p,18,past_known,0,1,0.940158336869495,1,1
8,4,f2p,18,past_known,1,1,0.9944156068924253,1,1
8,4,f2p,18,past_known,2,1,0.9999768833297475,1,1
8,4,f2p,18,past_known,3,1,0.11520330521952683,0,0
8,4,f2p,18,past_known,4,1,0.47715132879500893,0,0
8,4,f2p,18,past_known,5,1,0.16237443882551167,0,0
8,4,f2p,19,past_known,0,1,0.9999994135379506,1,1
8,4,f2p,19,past_known,1,1,0.9999907118616957,1,1
8,4,f2p,19,past_known,2,1,0.9999597856159562,1,1
8,4,f2p,19,past_known,3,1,0.9999985136704242,1,1
8,4,f2p,19,past_known,4,1,0.9948274811756045,1,1
8,4,f2p,19,past_known,5,1,0.9985655789934036,1,1
8,4,f2p,20,past_known,0,1,0.9991355753472465,1,1
8,4,f2p,20,past_known,1,1,0.711761168296438,1,1
8,4,f2p,20,past_known,2,1,0.9999751392457674,1,1
8,4,f2p,20,past_known,3,1,0.281174708934901,0,0
8,4,f2p,20,past_known,4,1,0.9904148867879151,1,1
8,4,f2p,20,past_known,5,1,0.9938796242523785,1,1
8,4,f2p,21,past_known,0,1,1.387229089292333e-06,0,0
8,4,f2p,21,past_known,1,1,1.2247469367034256e-06,0,0
8,4,f2p,21,past_known,2,1,4.497445738053679e-07,0,0
8,4,f2p,21,past_known,3,1,1.1099021823571254e-06,0,0
8,4,f2p,21,past_known,4,1,0.0012015836923010739,0,0
8,4,f2p,21,past_known,5,1,3.819064278633272e-08,0,0
8,4,f2p,22,past_known,0,1,0.7151927622238271,1,1
8,4,f2p,22,past_known,1,1,0.9289279689903683,1,1
8,4,f2p,22,past_known,2,1,0.9845084440486013,1,1
8,4,f2p,22,past_known,3,1,0.992880447367531,1,1
8,4,f2p,22,past_known,4,1,0.9933860818922653,1,1
8,4,f2p,22,past_known,5,1,0.9998314357138718,1,1
8,4,f2p,23,past_known,0,1,0.883721362778362,1,1
8,4,f2p,23,past_known,1,1,0.009436736175915741,0,0
8,4,f2p,23,past_known,2,1,0.9821648901487227,1,1
8,4,f2p,23,past_known,3,1,0.9234548671838639,1,1
8,4,f2p,23,past_known,4,1,0.8462717121814889,1,1
8,4,f2p,23,past_known,5,1,0.16845304636372072,0,0
8,4,f2p,24,past_known,0,1,0.9999613097586909,1,1
8,4,f2p,24,past_known,1,1,0.9982346226039054,1,1
8,4,f2p,24,past_known,2,1,0.9564168716712554,1,1
8,4,f2p,24,past_known,3,1,0.9999999452997496,1,1
8,4,f2p,24,past_known,4,1,0.9998329874864826,1,1
8,4,f2p,24,past_known,5,1,0.9999910706156341,1,1
8,4,f2p,25,past_unknown,0,0,0.08052830343523433,0,1
8,4,f2p,25,past_unknown,1,0,0.32098471100136305,0,1
8,4,f2p,25,past_unknown,2,0,0.999995307620375,1,0
8,4,f2p,25,past_unknown,3,0,0.9668887072260323,1,0
8,4,f2p,25,past_unknown,4,0,0.2669480680513309,0,1
8,4,f2p,25,past_unknown,5,0,0.9998045278999872,1,0
8,4,f2p,26,past_unknown,0,0,9.419417440239226e-06,0,1
8,4,f2p,26,past_unknown,1,0,0.008108862336650582,0,1
8,4,f2p,26,past_unknown,2,0,0.0002805350204194184,0,1
8,4,f2p,26,past_unknown,3,0,0.11460979746985246,0,1
8,4,f2p,26,past_unknown,4,0,0.0012154996586269291,0,1
8,4,f2p,26,past_unknown,5,0,6.275165546374843e-06,0,1
8,4,f2p,27,past_unknown,0,0,0.014613204054091933,0,1
8,4,f2p,27,past_unknown,1,0,0.05826946951699443,0,1
8,4,f2p,27,past_unknown,2,0,0.23715156609299756,0,1
8,4,f2p,27,past_unknown,3,0,0.00033924548785944263,0,1
8,4,f2p,27,past_unknown,4,0,0.4678661731732697,0,1
8,4,f2p,27,past_unknown,5,0,0.6136783662791896,1,0
8,4,f2p,28,past_unknown,0,0,0.999786701884935,1,0
8,4,f2p,28,past_unknown,1,0,0.9650895192063038,1,0
8,4,f2p,28,past_unknown,2,0,0.041112282670659944,0,1
8,4,f2p,28,past_unknown,3,0,0.9985152155717192,1,0
8,4,f2p,28,past_unknown,4,0,0.9998279783953297,1,0
8,4,f2p,28,past_unknown,5,0,0.004051939075449658,0,1
8,4,f2p,29,past_unknown,0,0,0.049746499641897104,0,1
8,4,f2p,29,past_unknown,1,0,0.6726005797223856,1,0
8,4,f2p,29,past_unknown,2,0,0.49627568787595316,0,1
8,4,f2p,29,past_unknown,3,0,0.9999948919667384,1,0
8,4,f2p,29,past_unknown,4,0,0.9905543854459289,1,0
8,4,f2p,29,past_unknown,5,0,0.9804826020874837,1,0
8,4,f2p,30,past_unknown,0,0,0.2620145046281231,0,1
8,4,f2p,30,past_unknown,1,0,0.010591578310792046,0,1
8,4,f2p,30,past_unknown,2,0,0.40575683916163013,0,1
8,4,f2p,30,past_unknown,3,0,0.7602879223117782,1,0
8,4,f2p,30,past_unknown,4,0,0.12185884151163907,0,1
8,4,f2p,30,past_unknown,5,0,0.9996040011586206,1,0
8,4,f2p,31,past_unknown,0,0,0.9997824103197401,1,0
8,4,f2p,31,past_unknown,1,0,0.8669561046380625,1,0
8,4,f2p,31,past_unknown,2,0,0.9999972797260916,1,0
8,4,f2p,31,past_unknown,3,0,0.9994403274914828,1,0
8,4,f2p,31,past_unknown,4,0,0.9296066703630562,1,0
8,4,f2p,31,past_unknown,5,0,0.9999761758974187,1,0
8,4,f2p,32,past_unknown,0,0,0.013458964384063226,0,1
8,4,f2p,32,past_unknown,1,0,8.355627113043205e-05,0,1
8,4,f2p,32,past_unknown,2,0,0.4317318987226173,0,1
8,4,f2p,32,past_unknown,3,0,0.1267914927710136,0,1
8,4,f2p,32,past_unknown,4,0,0.34722292735362287,0,1
8,4,f2p,32,past_unknown,5,0,0.011606454004034154,0,1
8,4,f2p,33,past_unknown,0,0,0.005229089943694262,0,1
8,4,f2p,33,past_unknown,1,0,0.5386092243006504,1,0
8,4,f2p,33,past_unknown,2,0,0.00016657609039265176,0,1
8,4,f2p,33,past_unknown,3,0,0.8362759339003213,1,0
8,4,f2p,33,past_unknown,4,0,0.9999999576557683,1,0
8,4,f2p,33,past_unknown,5,0,0.6241879688266494,1,0
8,4,f2p,34,past_unknown,0,0,3.993393704429463e-05,0,1
8,4,f2p,34,past_unknown,1,0,9.978464292254946e-05,0,1
8,4,f2p,34,past_unknown,2,0,5.285882387384392e-06,0,1
8,4,f2p,34,past_unknown,3,0,0.0006447841845024094,0,1
8,4,f2p,34,past_unknown,4,0,7.730432318816918e-05,0,1
8,4,f2p,34,past_unknown,5,0,4.3867302965303526e-05,0,1
8,4,f2p,35,past_unknown,0,0,0.9771131156683929,1,0
8,4,f2p,35,past_unknown,1,0,0.01157080694074464,0,1
8,4,f2p,35,past_unknown,2,0,0.9957062337802245,1,0
8,4,f2p,35,past_unknown,3,0,0.7988993819279009,1,0
8,4,f2p,35,past_unknown,4,0,0.34794982028977217,0,1
8,4,f2p,35,past_unknown,5,0,0.7045952209016533,1,0
8,4,f2p,36,past_unknown,0,0,3.405152748966323e-05,0,1
8,4,f2p,36,past_unknown,1,0,0.7571527674165751,1,0
8,4,f2p,36,past_unknown,2,0,3.922184799800142e-05,0,1
8,4,f2p,36,past_unknown,3,0,0.15542962839985106,0,1
8,4,f2p,36,past_unknown,4,0,0.31060653214157613,0,1
8,4,f2p,36,past_unknown,5,0,8.657706895891304e-05,0,1
8,4,f2p,37,past_unknown,0,0,1.048754461233568e-06,0,1
8,4,f2p,37,past_unknown,1,0,0.01068399113780036,0,1
8,4,f2p,37,past_unknown,2,0,1.5117593762207998e-05,0,1
8,4,f2p,37,past_unknown,3,0,0.002722968891625673,0,1
8,4,f2p,37,past_unknown,4,0,0.003286866655192676,0,1
8,4,f2p,37,past_unknown,5,0,0.046254531722058685,0,1
8,4,f2p,38,past_unknown,0,0,0.0006480733677685579,0,1
8,4,f2p,38,past_unknown,1,0,0.00010688468727031529,0,1
8,4,f2p,38,past_unknown,2,0,0.011152139078807306,0,1
8,4,f2p,38,past_unknown,3,0,2.9400888001755783e-05,0,1
8,4,f2p,38,past_unknown,4,0,0.00019238438366434268,0,1
8,4,f2p,38,past_unknown,5,0,0.0028371363892100853,0,1
8,4,f2p,39,past_unknown,0,0,0.7687183399385529,1,0
8,4,f2p,39,past_unknown,1,0,0.0009334466355371473,0,1
8,4,f2p,39,past_unknown,2,0,0.6532321009169997,1,0
8,4,f2p,39,past_unknown,3,0,0.008757884347696388,0,1
8,4,f2p,39,past_unknown,4,0,0.00011654192172186192,0,1
8,4,f2p,39,past_unknown,5,0,0.4294658861116469,0,1
8,4,f2p,40,past_unknown,0,0,0.34639668667111045,0,1
8,4,f2p,40,past_unknown,1,0,0.6623668408526375,1,0
8,4,f2p,40,past_unknown,2,0,0.08931497427110685,0,1
8,4,f2p,40,past_unknown,3,0,0.7010471999080693,1,0
8,4,f2p,40,past_unknown,4,0,0.984409870939315,1,0
8,4,f2p,40,past_unknown,5,0,0.9994832055106024,1,0
8,4,f2p,41,past_unknown,0,0,0.011465405598628823,0,1
8,4,f2p,41,past_unknown,1,0,0.024850160507946095,0,1
8,4,f2p,41,past_unknown,2,0,0.0001426630826693074,0,1
8,4,f2p,41,past_unknown,3,0,0.0006689359083441268,0,1
8,4,f2p,41,past_unknown,4,0,1.2143573186328168e-05,0,1
8,4,f2p,41,past_unknown,5,0,0.049567801986878476,0,1
8,4,f2p,42,past_unknown,0,0,0.9653325094408723,1,0
8,4,f2p,42,past_unknown,1,0,0.8451566547847382,1,0
8,4,f2p,42,past_unknown,2,0,0.972799944553983,1,0
8,4,f2p,42,past_unknown,3,0,0.9990185959460627,1,0
8,4,f2p,42,past_unknown,4,0,0.9104878778601617,1,0
8,4,f2p,42,past_unknown,5,0,0.9097816381996128,1,0
8,4,f2p,43,past_unknown,0,0,0.9763872498789666,1,0
8,4,f2p,43,past_unknown,1,0,0.7108580712696196,1,0
8,4,f2p,43,past_unknown,2,0,0.9973413704743773,1,0
8,4,f2p,43,past_unknown,3,0,0.9999100288964076,1,0
8,4,f2p,43,past_unknown,4,0,0.9999969719406671,1,0
8,4,f2p,43,past_unknown,5,0,0.9998267444804437,1,0
8,4,f2p,44,past_unknown,0,0,0.0002600870603272046,0,1
8,4,f2p,44,past_unknown,1,0,0.0001631357321440745,0,1
8,4,f2p,44,past_unknown,2,0,0.0017195731136283182,0,1
8,4,f2p,44,past_unknown,3,0,0.011153192227556681,0,1
8,4,f2p,44,past_unknown,4,0,6.48854475006881e-06,0,1
8,4,f2p,44,past_unknown,5,0,0.021122780397028525,0,1
8,4,f2p,45,past_unknown,0,0,0.5437920196558145,1,0
8,4,f2p,45,past_unknown,1,0,0.30861219891527103,0,1
8,4,f2p,45,past_unknown,2,0,0.9846878355265795,1,0
8,4,f2p,45,past_unknown,3,0,0.9368178169449013,1,0
8,4,f2p,45,past_unknown,4,0,0.9484688280979199,1,0
8,4,f2p,45,past_unknown,5,0,0.8846660480834879,1,0
8,4,f2p,46,past_unknown,0,0,0.007130891767526434,0,1
8,4,f2p,46,past_unknown,1,0,0.024521237859926773,0,1
8,4,f2p,46,past_unknown,2,0,2.7315426204561625e-05,0,1
8,4,f2p,46,past_unknown,3,0,0.0011130497842663485,0,1
8,4,f2p,46,past_unknown,4,0,0.004721633733810808,0,1
8,4,f2p,46,past_unknown,5,0,0.05644127174958363,0,1
8,4,f2p,47,past_unknown,0,0,0.9678508866999685,1,0
8,4,f2p,47,past_unknown,1,0,0.9800938226801865,1,0
8,4,f2p,47,past_unknown,2,0,0.8746520709568677,1,0
8,4,f2p,47,past_unknown,3,0,0.9775705098558322,1,0
8,4,f2p,47,past_unknown,4,0,0.8050082879850898,1,0
8,4,f2p,47,past_unknown,5,0,0.7911717538804629,1,0
8,4,f2p,48,past_unknown,0,0,0.04967686188254101,0,1
8,4,f2p,48,past_unknown,1,0,0.058936612450356786,0,1
8,4,f2p,48,past_unknown,2,0,0.9738180263981651,1,0
8,4,f2p,48,past_unknown,3,0,0.29357971255236565,0,1
8,4,f2p,48,past_unknown,4,0,0.005154913951228255,0,1
8,4,f2p,48,past_unknown,5,0,0.994769240733702,1,0
8,4,f2p,49,past_unknown,0,0,0.10068907359995635,0,1
8,4,f2p,49,past_unknown,1,0,0.9779834972904033,1,0
8,4,f2p,49,past_unknown,2,0,0.0017819492625934566,0,1
8,4,f2p,49,past_unknown,3,0,0.23901149750387982,0,1
8,4,f2p,49,past_unknown,4,0,0.67129113301644,1,0
8,4,f2p,49,past_unknown,5,0,0.15500878297339712,0,1
9,4,p2f,50,future_known,0,1,0.9634470465740567,1,1
9,4,p2f,50,future_known,1,1,0.9962132982958966,1,1
9,4,p2f,50,future_known,2,1,0.7087006751954553,1,1
9,4,p2f,50,future_known,3,1,0.7999761291992912,1,1
9,4,p2f,50,future_known,4,1,0.9508576620416015,1,1
9,4,p2f,50,future_known,5,1,0.9984542433076332,1,1
9,4,p2f,51,future_known,0,1,0.993313321416798,1,1
9,4,p2f,51,future_known,1,1,0.9991778178899293,1,1
9,4,p2f,51,future_known,2,1,0.9459016911511919,1,1
9,4,p2f,51,future_known,3,1,0.9807216432311253,1,1
9,4,p2f,51,future_known,4,1,0.8559718778094884,1,1
9,4,p2f,51,future_known,5,1,0.30478289318660906,0,0
9,4,p2f,52,future_known,0,1,0.9932426309482772,1,1
9,4,p2f,52,future_known,1,1,0.9998820603252359,1,1
9,4,p2f,52,future_known,2,1,0.9762070662503899,1,1
9,4,p2f,52,future_known,3,1,0.9962262563482316,1,1
9,4,p2f,52,future_known,4,1,0.9144230053131728,1,1
9,4,p2f,52,future_known,5,1,0.9283669160981431,1,1
9,4,p2f,53,future_known,0,1,0.9950890485391162,1,1
9,4,p2f,53,future_known,1,1,0.44858164715510374,0,0
9,4,p2f,53,future_known,2,1,0.9642487904472747,1,1
9,4,p2f,53,future_known,3,1,0.23017165010432872,0,0
9,4,p2f,53,future_known,4,1,0.9570763235169562,1,1
9,4,p2f,53,future_known,5,1,0.5718787324577719,1,1
9,4,p2f,54,future_known,0,1,0.9989963302364859,1,1
9,4,p2f,54,future_known,1,1,0.7142902454034042,1,1
9,4,p2f,54,future_known,2,1,0.9917436332318154,1,1
9,4,p2f,54,future_known,3,1,0.9990203915875286,1,1
9,4,p2f,54,future_known,4,1,0.64058517815665,1,1
9,4,p2f,54,future_known,5,1,0.9988929348712724,1,1
9,4,p2f,55,future_known,0,1,0.9995408179011744,1,1
9,4,p2f,55,future_known,1,1,0.9996943422725705,1,1
9,4,p2f,55,future_known,2,1,0.9715907799294651,1,1
9,4,p2f,55,future_known,3,1,0.9998457153479887,1,1
9,4,p2f,55,future_known,4,1,0.9856397670612116,1,1
9,4,p2f,55,future_known,5,1,0.999784999707478,1,1
9,4,p2f,56,future_known,0,1,0.9995118441873517,1,1
9,4,p2f,56,future_known,1,1,0.988653200462453,1,1
9,4,p2f,56,future_known,2,1,0.7744510465969063,1,1
9,4,p2f,56,future_known,3,1,0.9594818404014603,1,1
9,4,p2f,56,future_known,4,1,0.5279838054604316,1,1
9,4,p2f,56,future_known,5,1,0.972359855941689,1,1
9,4,p2f,57,future_known,0,1,0.91315564678336,1,1
9,4,p2f,57,future_known,1,1,0.9755246450770869,1,1
9,4,p2f,57,future_known,2,1,0.9998376866143018,1,1
9,4,p2f,57,future_known,3,1,0.9959177242203867,1,1
9,4,p2f,57,future_known,4,1,0.883326025880892,1,1
9,4,p2f,57,future_known,5,1,0.9315823243181212,1,1
9,4,p2f,58,future_known,0,1,0.8930675388576628,1,1
9,4,p2f,58,future_known,1,1,0.9964697812610507,1,1
9,4,p2f,58,future_known,2,1,0.8694719866275923,1,1
9,4,p2f,58,future_known,3,1,0.9916719851219916,1,1
9,4,p2f,58,future_known,4,1,0.553368569937838,1,1
9,4,p2f,58,future_known,5,1,0.8068765876842209,1,1
9,4,p2f,59,future_known,0,1,0.9994659792337577,1,1
9,4,p2f,59,future_known,1,1,0.9986690588615795,1,1
9,4,p2f,59,future_known,2,1,0.9990089871504948,1,1
9,4,p2f,59,future_known,3,1,0.9987926511493862,1,1
9,4,p2f,59,future_known,4,1,0.998001553978424,1,1
9,4,p2f,59,future_known,5,1,0.9997442390731277,1,1
9,4,p2f,60,future_known,0,1,0.9986579246512894,1,1
9,4,p2f,60,future_known,1,1,0.9970228914746287,1,1
9,4,p2f,60,future_known,2,1,0.9156334564069594,1,1
9,4,p2f,60,future_known,3,1,0.9899142495096698,1,1
9,4,p2f,60,future_known,4,1,0.8070823590180844,1,1
9,4,p2f,60,future_known,5,1,0.9969692844636531,1,1
9,4,p2f,61,future_known,0,1,0.8818871907955754,1,1
9,4,p2f,61,future_known,1,1,0.8141032898861118,1,1
9,4,p2f,61,future_known,2,1,0.3611741895504951,0,0
9,4,p2f,61,future_known,3,1,0.9682511858174736,1,1
9,4,p2f,61,future_known,4,1,0.9816594648220395,1,1
9,4,p2f,61,future_known,5,1,0.8098557273139354,1,1
9,4,p2f,62,future_known,0,1,0.9976704992231569,1,1
9,4,p2f,62,future_known,1,1,0.9999611453348882,1,1
9,4,p2f,62,future_known,2,1,0.9216325367270148,1,1
9,4,p2f,62,future_known,3,1,0.9130003201784314,1,1
9,4,p2f,62,future_known,4,1,0.9996126590048215,1,1
9,4,p2f,62,future_known,5,1,0.7969514638019851,1,1
9,4,p2f,63,future_known,0,1,0.7903821183375977,1,1
9,4,p2f,63,future_known,1,1,0.9907012595690962,1,1
9,4,p2f,63,future_known,2,1,0.42919057343143124,0,0
9,4,p2f,63,future_known,3,1,0.9708012147854485,1,1
9,4,p2f,63,future_known,4,1,0.9849038196707037,1,1
9,4,p2f,63,future_known,5,1,0.9483259682521932,1,1
9,4,p2f,64,future_known,0,1,0.9995289917406299,1,1
9,4,p2f,64,future_known,1,1,0.9945244198194368,1,1
9,4,p2f,64,future_known,2,1,0.9434017116181806,1,1
9,4,p2f,64,future_known,3,1,0.982032493010756,1,1
9,4,p2f,64,future_known,4,1,0.3108841564309472,0,0
9,4,p2f,64,future_known,5,1,0.9964127224500298,1,1
9,4,p2f,65,future_known,0,1,0.7224178021517116,1,1
9,4,p2f,65,future_known,1,1,0.758137610727792,1,1
9,4,p2f,65,future_known,2,1,0.9951304101165024,1,1
9,4,p2f,65,future_known,3,1,0.8265461781816626,1,1
9,4,p2f,65,future_known,4,1,0.4546750458625445,0,0
9,4,p2f,65,future_known,5,1,0.9057632527137501,1,1
9,4,p2f,66,future_known,0,1,0.9694620792732096,1,1
9,4,p2f,66,future_known,1,1,0.9701948544920024,1,1
9,4,p2f,66,future_known,2,1,0.9406616225134634,1,1
9,4,p2f,66,future_known,3,1,0.9363795321618344,1,1
9,4,p2f,66,future_known,4,1,0.9292274636398746,1,1
9,4,p2f,66,future_known,5,1,0.9764810202456732,1,1
9,4,p2f,67,future_known,0,1,0.9725295271776649,1,1
9,4,p2f,67,future_known,1,1,0.9963318987170537,1,1
9,4,p2f,67,future_known,2,1,0.9313449017229622,1,1
9,4,p2f,67,future_known,3,1,0.9928808398645654,1,1
9,4,p2f,67,future_known,4,1,0.9990215285103536,1,1
9,4,p2f,67,future_known,5,1,0.7525265823914044,1,1
9,4,p2f,68,future_known,0,1,0.9787664143902589,1,1
9,4,p2f,68,future_known,1,1,0.9956255048039578,1,1
9,4,p2f,68,future_known,2,1,0.9170394921013656,1,1
9,4,p2f,68,future_known,3,1,0.962366457038481,1,1
9,4,p2f,68,future_known,4,1,0.9824783465116674,1,1
9,4,p2f,68,future_known,5,1,0.9868154138780759,1,1
9,4,p2f,69,future_known,0,1,0.845410769301457,1,1
9,4,p2f,69,future_known,1,1,0.906095088442222,1,1
9,4,p2f,69,future_known,2,1,0.8963249374346484,1,1
9,4,p2f,69,future_known,3,1,0.7813649752872494,1,1
9,4,p2f,69,future_known,4,1,0.958099038985532,1,1
9,4,p2f,69,future_known,5,1,0.9443970105696448,1,1
9,4,p2f,70,future_known,0,1,0.9779513544081349,1,1
9,4,p2f,70,future_known,1,1,0.9580325631596057,1,1
9,4,p2f,70,future_known,2,1,0.6047299253544597,1,1
9,4,p2f,70,future_known,3,1,0.9432409292181604,1,1
9,4,p2f,70,future_known,4,1,0.9960960090904164,1,1
9,4,p2f,70,future_known,5,1,0.7329012804646231,1,1
9,4,p2f,71,future_known,0,1,0.9918242607679334,1,1
9,4,p2f,71,future_known,1,1,0.9987361218704349,1,1
9,4,p2f,71,future_known,2,1,0.9950112790234342,1,1
9,4,p2f,71,future_known,3,1,0.9973843522731984,1,1
9,4,p2f,71,future_known,4,1,0.9983405362092299,1,1
9,4,p2f,71,future_known,5,1,0.8814256649935384,1,1
9,4,p2f,72,future_known,0,1,0.9715645403327431,1,1
9,4,p2f,72,future_known,1,1,0.9816861151427893,1,1
9,4,p2f,72,future_known,2,1,0.8616950210031963,1,1
9,4,p2f,72,future_known,3,1,0.9916939062762262,1,1
9,4,p2f,72,future_known,4,1,0.9289795863183152,1,1
9,4,p2f,72,future_known,5,1,0.9961334040230156,1,1
9,4,p2f,73,future_known,0,1,0.9564124208075289,1,1
9,4,p2f,73,future_known,1,1,0.7106117893473768,1,1
9,4,p2f,73,future_known,2,1,0.35751214644221446,0,0
9,4,p2f,73,future_known,3,1,0.42127195513168164,0,0
9,4,p2f,73,future_known,4,1,0.28549336468576764,0,0
9,4,p2f,73,future_known,5,1,0.5195924781644762,1,1
9,4,p2f,74,future_known,0,1,0.8981927798042249,1,1
9,4,p2f,74,future_known,1,1,0.9855506671468524,1,1
9,4,p2f,74,future_known,2,1,0.8412341689138274,1,1
9,4,p2f,74,future_known,3,1,0.46403099163733597,0,0
9,4,p2f,74,future_known,4,1,0.9915174945547074,1,1
9,4,p2f,74,future_known,5,1,0.9485694637647966,1,1
9,4,p2f,75,future_unknown,0,0,0.7883559395868588,1,0
9,4,p2f,75,future_unknown,1,0,0.9975915773189195,1,0
9,4,p2f,75,future_unknown,2,0,0.9722000456193329,1,0
9,4,p2f,75,future_unknown,3,0,0.5663613786633552,1,0
9,4,p2f,75,future_unknown,4,0,0.8430931209148638,1,0
9,4,p2f,75,future_unknown,5,0,0.9218292000131998,1,0
9,4,p2f,76,future_unknown,0,0,0.0002136487498279891,0,1
9,4,p2f,76,future_unknown,1,0,0.00268583472437519,0,1
9,4,p2f,76,future_unknown,2,0,0.009109925127939192,0,1
9,4,p2f,76,future_unknown,3,0,0.05662202237067865,0,1
9,4,p2f,76,future_unknown,4,0,0.003930610625796229,0,1
9,4,p2f,76,future_unknown,5,0,7.447816416591772e-05,0,1
9,4,p2f,77,future_unknown,0,0,0.003363322380176675,0,1
9,4,p2f,77,future_unknown,1,0,0.0007956980365538966,0,1
9,4,p2f,77,future_unknown,2,0,0.00028020568353355637,0,1
9,4,p2f,77,future_unknown,3,0,0.0018598414699990441,0,1
9,4,p2f,77,future_unknown,4,0,4.8598958952878386e-05,0,1
9,4,p2f,77,future_unknown,5,0,0.002043607818183226,0,1
9,4,p2f,78,future_unknown,0,0,0.9034146372231348,1,0
9,4,p2f,78,future_unknown,1,0,0.1342399879906848,0,1
9,4,p2f,78,future_unknown,2,0,0.9968717338124203,1,0
9,4,p2f,78,future_unknown,3,0,0.9888655011310277,1,0
9,4,p2f,78,future_unknown,4,0,0.9964627339257953,1,0
9,4,p2f,78,future_unknown,5,0,0.979878621340097,1,0
9,4,p2f,79,future_unknown,0,0,0.43338965499502474,0,1
9,4,p2f,79,future_unknown,1,0,0.2131259105383458,0,1
9,4,p2f,79,future_unknown,2,0,0.4448736107773417,0,1
9,4,p2f,79,future_unknown,3,0,0.18715419542798184,0,1
9,4,p2f,79,future_unknown,4,0,0.3881581549887453,0,1
9,4,p2f,79,future_unknown,5,0,0.5043061437835465,1,0
9,4,p2f,80,future_unknown,0,0,0.917272619759085,1,0
9,4,p2f,80,future_unknown,1,0,0.9990861893796914,1,0
9,4,p2f,80,future_unknown,2,0,0.9879364316320545,1,0
9,4,p2f,80,future_unknown,3,0,0.9993651982177184,1,0
9,4,p2f,80,future_unknown,4,0,0.6268154396404002,1,0
9,4,p2f,80,future_unknown,5,0,0.9968940015441702,1,0
9,4,p2f,81,future_unknown,0,0,0.1722606478802249,0,1
9,4,p2f,81,future_unknown,1,0,0.11864908049021795,0,1
9,4,p2f,81,future_unknown,2,0,0.03168828754373488,0,1
9,4,p2f,81,future_unknown,3,0,0.006837777584237626,0,1
9,4,p2f,81,future_unknown,4,0,0.23190346234074724,0,1
9,4,p2f,81,future_unknown,5,0,0.23230373502886814,0,1
9,4,p2f,82,future_unknown,0,0,0.10105377511681106,0,1
9,4,p2f,82,future_unknown,1,0,0.33824064136688975,0,1
9,4,p2f,82,future_unknown,2,0,0.011840951316613073,0,1
9,4,p2f,82,future_unknown,3,0,0.5746276472003242,1,0
9,4,p2f,82,future_unknown,4,0,0.16713980292174085,0,1
9,4,p2f,82,future_unknown,5,0,0.28174691132070867,0,1
9,4,p2f,83,future_unknown,0,0,0.9382201154331861,1,0
9,4,p2f,83,future_unknown,1,0,0.995350143124429,1,0
9,4,p2f,83,future_unknown,2,0,0.10869563587520288,0,1
9,4,p2f,83,future_unknown,3,0,0.9809849314396428,1,0
9,4,p2f,83,future_unknown,4,0,0.9109317446131425,1,0
9,4,p2f,83,future_unknown,5,0,0.8863283817236988,1,0
9,4,p2f,84,future_unknown,0,0,5.039730626794658e-05,0,1
9,4,p2f,84,future_unknown,1,0,0.02797493590054359,0,1
9,4,p2f,84,future_unknown,2,0,0.00023901693074631,0,1
9,4,p2f,84,future_unknown,3,0,0.0007942146925560957,0,1
9,4,p2f,84,future_unknown,4,0,0.00019360496214054502,0,1
9,4,p2f,84,future_unknown,5,0,0.01706324247332042,0,1
9,4,p2f,85,future_unknown,0,0,0.33703598685228725,0,1
9,4,p2f,85,future_unknown,1,0,0.9552501357434731,1,0
9,4,p2f,85,future_unknown,2,0,0.8493155808866559,1,0
9,4,p2f,85,future_unknown,3,0,0.9980061361267374,1,0
9,4,p2f,85,future_unknown,4,0,0.8543665474692307,1,0
9,4,p2f,85,future_unknown,5,0,0.8164031461482351,1,0
9,4,p2f,86,future_unknown,0,0,0.40923259217091956,0,1
9,4,p2f,86,future_unknown,1,0,0.7280394016830593,1,0
9,4,p2f,86,future_unknown,2,0,0.764383043093804,1,0
9,4,p2f,86,future_unknown,3,0,0.9739064823296063,1,0
9,4,p2f,86,future_unknown,4,0,0.9067094374860343,1,0
9,4,p2f,86,future_unknown,5,0,0.9008401930667037,1,0
9,4,p2f,87,future_unknown,0,0,0.10998098555001558,0,1
9,4,p2f,87,future_unknown,1,0,0.5814478073289023,1,0
9,4,p2f,87,future_unknown,2,0,0.8997387145262732,1,0
9,4,p2f,87,future_unknown,3,0,0.19092226831154452,0,1
9,4,p2f,87,future_unknown,4,0,0.5236792889316914,1,0
9,4,p2f,87,future_unknown,5,0,0.24463779582781442,0,1
9,4,p2f,88,future_unknown,0,0,0.8041014146968963,1,0
9,4,p2f,88,future_unknown,1,0,0.9768973127154909,1,0
9,4,p2f,88,future_unknown,2,0,0.996645913180568,1,0
9,4,p2f,88,future_unknown,3,0,0.6642610461633734,1,0
9,4,p2f,88,future_unknown,4,0,0.9976653599854767,1,0
9,4,p2f,88,future_unknown,5,0,0.9170179424666934,1,0
9,4,p2f,89,future_unknown,0,0,0.031226556412787123,0,1
9,4,p2f,89,future_unknown,1,0,0.8478627619778106,1,0
9,4,p2f,89,future_unknown,2,0,0.46157283660464593,0,1
9,4,p2f,89,future_unknown,3,0,0.14518104573851418,0,1
9,4,p2f,89,future_unknown,4,0,0.48339047142396735,0,1
9,4,p2f,89,future_unknown,5,0,0.895535760971907,1,0
9,4,p2f,90,future_unknown,0,0,0.9992466626324575,1,0
9,4,p2f,90,future_unknown,1,0,0.9999743475037518,1,0
9,4,p2f,90,future_unknown,2,0,0.9999463564236551,1,0
9,4,p2f,90,future_unknown,3,0,0.9994140473620959,1,0
9,4,p2f,90,future_unknown,4,0,0.999791941904024,1,0
9,4,p2f,90,future_unknown,5,0,0.9999177343771971,1,0
9,4,p2f,91,future_unknown,0,0,0.06148189020576764,0,1
9,4,p2f,91,future_unknown,1,0,0.1692580380445723,0,1
9,4,p2f,91,future_unknown,2,0,0.04865169289906416,0,1
9,4,p2f,91,future_unknown,3,0,0.19743311701174668,0,1
9,4,p2f,91,future_unknown,4,0,0.024863730137872617,0,1
9,4,p2f,91,future_unknown,5,0,0.09686124047293258,0,1
9,4,p2f,92,future_unknown,0,0,0.003243802404735508,0,1
9,4,p2f,92,future_unknown,1,0,0.0005067854795948405,0,1
9,4,p2f,92,future_unknown,2,0,0.007867935588255385,0,1
9,4,p2f,92,future_unknown,3,0,0.09665453027492109,0,1
9,4,p2f,92,future_unknown,4,0,0.1361501629566114,0,1
9,4,p2f,92,future_unknown,5,0,4.48542447970354e-06,0,1
9,4,p2f,93,future_unknown,0,0,0.1884791055065161,0,1
9,4,p2f,93,future_unknown,1,0,0.27245011287770027,0,1
9,4,p2f,93,future_unknown,2,0,0.029393997913075898,0,1
9,4,p2f,93,future_unknown,3,0,0.029393997913075898,0,1
9,4,p2f,93,future_unknown,4,0,0.2293858582840045,0,1
9,4,p2f,93,future_unknown,5,0,0.010285186374625608,0,1
9,4,p2f,94,future_unknown,0,0,0.5544177632837947,1,0
9,4,p2f,94,future_unknown,1,0,0.33318294863628817,0,1
9,4,p2f,94,future_unknown,2,0,0.006494550000414544,0,1
9,4,p2f,94,future_unknown,3,0,0.8832332012669104,1,0
9,4,p2f,94,future_unknown,4,0,0.7451688472011854,1,0
9,4,p2f,94,future_unknown,5,0,0.10061151397157532,0,1
9,4,p2f,95,future_unknown,0,0,0.2318881063288671,0,1
9,4,p2f,95,future_unknown,1,0,0.03933750796871787,0,1
9,4,p2f,95,future_unknown,2,0,0.7166898060601516,1,0
9,4,p2f,95,future_unknown,3,0,0.006918348779241563,0,1
9,4,p2f,95,future_unknown,4,0,0.9026754330834169,1,0
9,4,p2f,95,future_unknown,5,0,0.011646853945184265,0,1
9,4,p2f,96,future_unknown,0,0,0.9498888327360665,1,0
9,4,p2f,96,future_unknown,1,0,0.9236018690377454,1,0
9,4,p2f,96,future_unknown,2,0,0.9973771824248079,1,0
9,4,p2f,96,future_unknown,3,0,0.9707291646808935,1,0
9,4,p2f,96,future_unknown,4,0,0.8140117798883889,1,0
9,4,p2f,96,future_unknown,5,0,0.9910092434366214,1,0
9,4,p2f,97,future_unknown,0,0,0.003096803432250172,0,1
9,4,p2f,97,future_unknown,1,0,0.7292074199006504,1,0
9,4,p2f,97,future_unknown,2,0,0.3905888006817153,0,1
9,4,p2f,97,future_unknown,3,0,0.3892331839364112,0,1
9,4,p2f,97,future_unknown,4,0,0.13364731368957286,0,1
9,4,p2f,97,future_unknown,5,0,0.7493068084899321,1,0
9,4,p2f,98,future_unknown,0,0,0.29435326500243536,0,1
9,4,p2f,98,future_unknown,1,0,0.0014023152329619537,0,1
9,4,p2f,98,future_unknown,2,0,0.010305177225163886,0,1
9,4,p2f,98,future_unknown,3,0,0.0014974921642959705,0,1
9,4,p2f,98,future_unknown,4,0,0.0005779497193083912,0,1
9,4,p2f,98,future_unknown,5,0,0.0014829651660453363,0,1
9,4,p2f,99,future_unknown,0,0,0.9915343036477366,1,0
9,4,p2f,99,future_unknown,1,0,0.9961499196252518,1,0
9,4,p2f,99,future_unknown,2,0,0.9974933058093693,1,0
9,4,p2f,99,future_unknown,3,0,0.9998516883981562,1,0
9,4,p2f,99,future_unknown,4,0,0.9968074915783005,1,0
9,4,p2f,99,future_unknown,5,0,0.8491169567121574,1,0
9,4,f2p,0,past_known,0,1,0.0043383174204058884,0,0
9,4,f2p,0,past_known,1,1,0.000319148844941867,0,0
9,4,f2p,0,past_known,2,1,0.000711692395717672,0,0
9,4,f2p,0,past_known,3,1,3.7043465083389306e-05,0,0
9,4,f2p,0,past_known,4,1,0.01678197220257542,0,0
9,4,f2p,0,past_known,5,1,1.981660875722114e-05,0,0
9,4,f2p,1,past_known,0,1,0.0028552826716990703,0,0
9,4,f2p,1,past_known,1,1,0.25315042328278575,0,0
9,4,f2p,1,past_known,2,1,0.0016004712534824753,0,0
9,4,f2p,1,past_known,3,1,8.600326938940278e-05,0,0
9,4,f2p,1,past_known,4,1,0.01464650975020074,0,0
9,4,f2p,1,past_known,5,1,0.12688782726922557,0,0
9,4,f2p,2,past_known,0,1,0.0018166646216359705,0,0
9,4,f2p,2,past_known,1,1,0.00032400686172562743,0,0
9,4,f2p,2,past_known,2,1,0.703349892479016,1,1
9,4,f2p,2,past_known,3,1,0.0003588579631859884,0,0
9,4,f2p,2,past_known,4,1,6.442618969135182e-07,0,0
9,4,f2p,2,past_known,5,1,7.267183820524515e-08,0,0
9,4,f2p,3,past_known,0,1,1.4586518210474857e-05,0,0
9,4,f2p,3,past_known,1,1,1.1137426264450582e-07,0,0
9,4,f2p,3,past_known,2,1,0.05277362135876563,0,0
9,4,f2p,3,past_known,3,1,0.001750574905279678,0,0
9,4,f2p,3,past_known,4,1,0.00011403411229063965,0,0
9,4,f2p,3,past_known,5,1,0.12898687326650896,0,0
9,4,f2p,4,past_known,0,1,1.9971114219236287e-07,0,0
9,4,f2p,4,past_known,1,1,4.651142447336349e-06,0,0
9,4,f2p,4,past_known,2,1,6.845690921428895e-05,0,0
9,4,f2p,4,past_known,3,1,1.34469447068374e-05,0,0
9,4,f2p,4,past_known,4,1,0.13020283335232424,0,0
9,4,f2p,4,past_known,5,1,8.684738470212676e-06,0,0
9,4,f2p,5,past_known,0,1,0.9784778012055397,1,1
9,4,f2p,5,past_known,1,1,0.9999869015791693,1,1
9,4,f2p,5,past_known,2,1,0.9956154686776871,1,1
9,4,f2p,5,past_known,3,1,0.9997864120724235,1,1
9,4,f2p,5,past_known,4,1,0.999999996726288,1,1
9,4,f2p,5,past_known,5,1,0.9984438849605429,1,1
9,4,f2p,6,past_known,0,1,0.47927727601990566,0,0
9,4,f2p,6,past_known,1,1,0.22688337313618073,0,0
9,4,f2p,6,past_known,2,1,0.054234460508687535,0,0
9,4,f2p,6,past_known,3,1,0.9891580409381078,1,1
9,4,f2p,6,past_known,4,1,0.9809632833111738,1,1
9,4,f2p,6,past_known,5,1,0.9062193705094749,1,1
9,4,f2p,7,past_known,0,1,0.4647627637398773,0,0
9,4,f2p,7,past_known,1,1,0.9759722904873858,1,1
9,4,f2p,7,past_known,2,1,0.03584768489942109,0,0
9,4,f2p,7,past_known,3,1,0.6456693254770799,1,1
9,4,f2p,7,past_known,4,1,0.27507068719031214,0,0
9,4,f2p,7,past_known,5,1,0.0004373013950058667,0,0
9,4,f2p,8,past_known,0,1,0.9994554883577325,1,1
9,4,f2p,8,past_known,1,1,0.0001278578486013791,0,0
9,4,f2p,8,past_known,2,1,0.7762586499303774,1,1
9,4,f2p,8,past_known,3,1,0.9933379920612162,1,1
9,4,f2p,8,past_known,4,1,2.9930137053402807e-06,0,0
9,4,f2p,8,past_known,5,1,0.9993073883032697,1,1
9,4,f2p,9,past_known,0,1,0.9997642152081987,1,1
9,4,f2p,9,past_known,1,1,0.999981016513131,1,1
9,4,f2p,9,past_known,2,1,0.9975151196737458,1,1
9,4,f2p,9,past_known,3,1,0.9999999998882305,1,1
9,4,f2p,9,past_known,4,1,0.9846085745431928,1,1
9,4,f2p,9,past_known,5,1,0.6602337437420112,1,1
9,4,f2p,10,past_known,0,1,0.015642876745092,0,0
9,4,f2p,10,past_known,1,1,0.0580610129561124,0,0
9,4,f2p,10,past_known,2,1,0.9998573304151362,1,1
9,4,f2p,10,past_known,3,1,0.01162003418608179,0,0
9,4,f2p,10,past_known,4,1,0.9017608594701748,1,1
9,4,f2p,10,past_known,5,1,0.9749267799639179,1,1
9,4,f2p,11,past_known,0,1,0.0001455300145879198,0,0
9,4,f2p,11,past_known,1,1,0.6224735943468315,1,1
9,4,f2p,11,past_known,2,1,0.011336381015428684,0,0
9,4,f2p,11,past_known,3,1,0.0010203141382105728,0,0
9,4,f2p,11,past_known,4,1,0.9296365756682479,1,1
9,4,f2p,11,past_known,5,1,0.6050441475935132,1,1
9,4,f2p,12,past_known,0,1,0.0001899890103193365,0,0
9,4,f2p,12,past_known,1,1,7.234843533794639e-05,0,0
9,4,f2p,12,past_known,2,1,0.46803285081365137,0,0
9,4,f2p,12,past_known,3,1,0.2735892789604601,0,0
9,4,f2p,12,past_known,4,1,6.947309765671808e-05,0,0
9,4,f2p,12,past_known,5,1,0.010707930841536224,0,0
9,4,f2p,13,past_known,0,1,0.9999996110153607,1,1
9,4,f2p,13,past_known,1,1,0.9999989832110712,1,1
9,4,f2p,13,past_known,2,1,0.9999999057268287,1,1
9,4,f2p,13,past_known,3,1,0.9999966401069067,1,1
9,4,f2p,13,past_known,4,1,0.9999989232911697,1,1
9,4,f2p,13,past_known,5,1,0.9999929404056344,1,1
9,4,f2p,14,past_known,0,1,7.084814305926181e-06,0,0
9,4,f2p,14,past_known,1,1,0.9540570469922937,1,1
9,4,f2p,14,past_known,2,1,0.07971434606298312,0,0
9,4,f2p,14,past_known,3,1,2.447541314064207e-06,0,0
9,4,f2p,14,past_known,4,1,0.0010171805816084794,0,0
9,4,f2p,14,past_known,5,1,0.9999450746112359,1,1
9,4,f2p,15,past_known,0,1,4.755665774124589e-05,0,0
9,4,f2p,15,past_known,1,1,3.760618008032765e-06,0,0
9,4,f2p,15,past_known,2,1,0.06993761039757236,0,0
9,4,f2p,15,past_known,3,1,0.0005160286235024413,0,0
9,4,f2p,15,past_known,4,1,2.230112042031933e-05,0,0
9,4,f2p,15,past_known,5,1,0.20937072445776725,0,0
9,4,f2p,16,past_known,0,1,0.9999968691562255,1,1
9,4,f2p,16,past_known,1,1,0.9999999996463127,1,1
9,4,f2p,16,past_known,2,1,0.9999999990685757,1,1
9,4,f2p,16,past_known,3,1,0.9999991199574887,1,1
9,4,f2p,16,past_known,4,1,0.9999970713532452,1,1
9,4,f2p,16,past_known,5,1,0.99999990979019,1,1
9,4,f2p,17,past_known,0,1,0.0021673543585492665,0,0
9,4,f2p,17,past_known,1,1,6.85794823372256e-06,0,0
9,4,f2p,17,past_known,2,1,0.00027042344153661396,0,0
9,4,f2p,17,past_known,3,1,1.396670630188339e-06,0,0
9,4,f2p,17,past_known,4,1,0.00010226308180894114,0,0
9,4,f2p,17,past_known,5,1,0.0030901726520931433,0,0
9,4,f2p,18,past_known,0,1,0.9619587630479784,1,1
9,4,f2p,18,past_known,1,1,0.9978310074357799,1,1
9,4,f2p,18,past_known,2,1,0.9999908600368336,1,1
9,4,f2p,18,past_known,3,1,0.07013180623542078,0,0
9,4,f2p,18,past_known,4,1,0.6989745459687807,1,1
9,4,f2p,18,past_known,5,1,0.08293125793889872,0,0
9,4,f2p,19,past_known,0,1,0.9999999826377169,1,1
9,4,f2p,19,past_known,1,1,0.9999993293942467,1,1
9,4,f2p,19,past_known,2,1,0.999979288622015,1,1
9,4,f2p,19,past_known,3,1,0.9999999968282272,1,1
9,4,f2p,19,past_known,4,1,0.9979457334135848,1,1
9,4,f2p,19,past_known,5,1,0.9999332130329086,1,1
9,4,f2p,20,past_known,0,1,0.9913893224646259,1,1
9,4,f2p,20,past_known,1,1,0.5744145088699351,1,1
9,4,f2p,20,past_known,2,1,0.9999948713925944,1,1
9,4,f2p,20,past_known,3,1,0.22477191757948717,0,0
9,4,f2p,20,past_known,4,1,0.9787909356423542,1,1
9,4,f2p,20,past_known,5,1,0.8824848999379844,1,1
9,4,f2p,21,past_known,0,1,5.5363327045486265e-06,0,0
9,4,f2p,21,past_known,1,1,1.4563783104699883e-06,0,0
9,4,f2p,21,past_known,2,1,5.099928528914206e-06,0,0
9,4,f2p,21,past_known,3,1,3.0298843415142128e-06,0,0
9,4,f2p,21,past_known,4,1,0.0049846173505677625,0,0
9,4,f2p,21,past_known,5,1,1.9059518818671154e-07,0,0
9,4,f2p,22,past_known,0,1,0.6506152256898217,1,1
9,4,f2p,22,past_known,1,1,0.9847107120040883,1,1
9,4,f2p,22,past_known,2,1,0.9982003691827602,1,1
9,4,f2p,22,past_known,3,1,0.9982391541851449,1,1
9,4,f2p,22,past_known,4,1,0.9956821122642084,1,1
9,4,f2p,22,past_known,5,1,0.9999876465745938,1,1
9,4,f2p,23,past_known,0,1,0.8359395153397973,1,1
9,4,f2p,23,past_known,1,1,0.3071250822880224,0,0
9,4,f2p,23,past_known,2,1,0.9934983633145749,1,1
9,4,f2p,23,past_known,3,1,0.9960326974742628,1,1
9,4,f2p,23,past_known,4,1,0.6317476301578783,1,1
9,4,f2p,23,past_known,5,1,0.07759649193630634,0,0
9,4,f2p,24,past_known,0,1,0.9999151077710519,1,1
9,4,f2p,24,past_known,1,1,0.9904940868337001,1,1
9,4,f2p,24,past_known,2,1,0.590910000838804,1,1
9,4,f2p,24,past_known,3,1,0.9999999797645707,1,1
9,4,f2p,24,past_known,4,1,0.9989955166277067,1,1
9,4,f2p,24,past_known,5,1,0.9999966595221548,1,1
9,4,f2p,25,past_unknown,0,0,0.012301828711704994,0,1
9,4,f2p,25,past_unknown,1,0,0.14027936049842857,0,1
9,4,f2p,25,past_unknown,2,0,0.9999949631453656,1,0
9,4,f2p,25,past_unknown,3,0,0.7096341128811491,1,0
9,4,f2p,25,past_unknown,4,0,0.004285168539996806,0,1
9,4,f2p,25,past_unknown,5,0,0.9957944167646224,1,0
9,4,f2p,26,past_unknown,0,0,8.059190062082582e-05,0,1
9,4,f2p,26,past_unknown,1,0,0.017316251106704268,0,1
9,4,f2p,26,past_unknown,2,0,0.0024393236329027703,0,1
9,4,f2p,26,past_unknown,3,0,0.08634536522279505,0,1
9,4,f2p,26,past_unknown,4,0,0.0018681321176449142,0,1
9,4,f2p,26,past_unknown,5,0,7.021108255552974e-05,0,1
9,4,f2p,27,past_unknown,0,0,0.0005994236871137336,0,1
9,4,f2p,27,past_unknown,1,0,0.0034648567985262014,0,1
9,4,f2p,27,past_unknown,2,0,0.004490709841903892,0,1
9,4,f2p,27,past_unknown,3,0,0.0005138667244131115,0,1
9,4,f2p,27,past_unknown,4,0,0.02457830514963524,0,1
9,4,f2p,27,past_unknown,5,0,0.530004126320133,1,0
9,4,f2p,28,past_unknown,0,0,0.9999272600289372,1,0
9,4,f2p,28,past_unknown,1,0,0.9970965262794608,1,0
9,4,f2p,28,past_unknown,2,0,0.004397832469959842,0,1
9,4,f2p,28,past_unknown,3,0,0.9996860893740924,1,0
9,4,f2p,28,past_unknown,4,0,0.9999841066602057,1,0
9,4,f2p,28,past_unknown,5,0,0.07835740429943316,0,1
9,4,f2p,29,past_unknown,0,0,0.0030294109143087066,0,1
9,4,f2p,29,past_unknown,1,0,0.27092722500339567,0,1
9,4,f2p,29,past_unknown,2,0,0.5797718995925671,1,0
9,4,f2p,29,past_unknown,3,0,0.9999547796500722,1,0
9,4,f2p,29,past_unknown,4,0,0.8985703200814469,1,0
9,4,f2p,29,past_unknown,5,0,0.959346297449815,1,0
9,4,f2p,30,past_unknown,0,0,0.19514652190141962,0,1
9,4,f2p,30,past_unknown,1,0,0.0010921297808988764,0,1
9,4,f2p,30,past_unknown,2,0,0.08914900644688156,0,1
9,4,f2p,30,past_unknown,3,0,0.334934040084326,0,1
9,4,f2p,30,past_unknown,4,0,0.013361932702100815,0,1
9,4,f2p,30,past_unknown,5,0,0.9920981941967707,1,0
9,4,f2p,31,past_unknown,0,0,0.9986039712610708,1,0
9,4,f2p,31,past_unknown,1,0,0.45434232531644403,0,1
9,4,f2p,31,past_unknown,2,0,0.9999855166348841,1,0
9,4,f2p,31,past_unknown,3,0,0.9920171890622185,1,0
9,4,f2p,31,past_unknown,4,0,0.9831250554403281,1,0
9,4,f2p,31,past_unknown,5,0,0.9998945300014783,1,0
9,4,f2p,32,past_unknown,0,0,0.003061252228162045,0,1
9,4,f2p,32,past_unknown,1,0,1.0833490026893404e-05,0,1
9,4,f2p,32,past_unknown,2,0,0.06036830391643952,0,1
9,4,f2p,32,past_unknown,3,0,0.002628262913592547,0,1
9,4,f2p,32,past_unknown,4,0,0.019860829135819037,0,1
9,4,f2p,32,past_unknown,5,0,8.078405468651769e-05,0,1
9,4,f2p,33,past_unknown,0,0,0.0010686204221816815,0,1
9,4,f2p,33,past_unknown,1,0,0.6831575308600746,1,0
9,4,f2p,33,past_unknown,2,0,5.574426405509074e-05,0,1
9,4,f2p,33,past_unknown,3,0,0.20705074928920322,0,1
9,4,f2p,33,past_unknown,4,0,0.9999985232873705,1,0
9,4,f2p,33,past_unknown,5,0,0.8432062221381844,1,0
9,4,f2p,34,past_unknown,0,0,1.5658658560330182e-05,0,1
9,4,f2p,34,past_unknown,1,0,2.822964934185747e-05,0,1
9,4,f2p,34,past_unknown,2,0,2.325002751391379e-06,0,1
9,4,f2p,34,past_unknown,3,0,0.0018648661392274743,0,1
9,4,f2p,34,past_unknown,4,0,4.583470028151688e-05,0,1
9,4,f2p,34,past_unknown,5,0,1.8037385861024648e-05,0,1
9,4,f2p,35,past_unknown,0,0,0.9185933648210676,1,0
9,4,f2p,35,past_unknown,1,0,0.0028655043174043203,0,1
9,4,f2p,35,past_unknown,2,0,0.9871527826395352,1,0
9,4,f2p,35,past_unknown,3,0,0.4931065149285791,0,1
9,4,f2p,35,past_unknown,4,0,0.015892407732285833,0,1
9,4,f2p,35,past_unknown,5,0,0.4221993895865645,0,1
9,4,f2p,36,past_unknown,0,0,0.00044502495126999585,0,1
9,4,f2p,36,past_unknown,1,0,0.5032596077533495,1,0
9,4,f2p,36,past_unknown,2,0,5.853593408231529e-05,0,1
9,4,f2p,36,past_unknown,3,0,0.2190541013789992,0,1
9,4,f2p,36,past_unknown,4,0,0.5485416742599212,1,0
9,4,f2p,36,past_unknown,5,0,0.00011686978501512511,0,1
9,4,f2p,37,past_unknown,0,0,6.178999689213964e-07,0,1
9,4,f2p,37,past_unknown,1,0,0.0020523268689178094,0,1
9,4,f2p,37,past_unknown,2,0,1.4850023551246318e-05,0,1
9,4,f2p,37,past_unknown,3,0,0.0021886323042949784,0,1
9,4,f2p,37,past_unknown,4,0,0.00010657513675596909,0,1
9,4,f2p,37,past_unknown,5,0,0.008438265286321422,0,1
9,4,f2p,38,past_unknown,0,0,0.0031987109815413326,0,1
9,4,f2p,38,past_unknown,1,0,0.00026703922011024394,0,1
9,4,f2p,38,past_unknown,2,0,0.0013138271542973143,0,1
9,4,f2p,38,past_unknown,3,0,0.00017597060731068653,0,1
9,4,f2p,38,past_unknown,4,0,9.964897194595241e-05,0,1
9,4,f2p,38,past_unknown,5,0,0.023086010828449865,0,1
9,4,f2p,39,past_unknown,0,0,0.0653287911546112,0,1
9,4,f2p,39,past_unknown,1,0,1.17688891300193e-05,0,1
9,4,f2p,39,past_unknown,2,0,0.33903586514900125,0,1
9,4,f2p,39,past_unknown,3,0,0.003925305169279168,0,1
9,4,f2p,39,past_unknown,4,0,1.5211751322670128e-05,0,1
9,4,f2p,39,past_unknown,5,0,0.03834516456837563,0,1
9,4,f2p,40,past_unknown,0,0,0.07668969680995441,0,1
9,4,f2p,40,past_unknown,1,0,0.1372516893531697,0,1
9,4,f2p,40,past_unknown,2,0,0.005810704950615998,0,1
9,4,f2p,40,past_unknown,3,0,0.4589213279380442,0,1
9,4,f2p,40,past_unknown,4,0,0.7604631558968928,1,0
9,4,f2p,40,past_unknown,5,0,0.999435469026671,1,0
9,4,f2p,41,past_unknown,0,0,0.0003376618064976469,0,1
9,4,f2p,41,past_unknown,1,0,0.00028403663550555816,0,1
9,4,f2p,41,past_unknown,2,0,1.5167543951970183e-05,0,1
9,4,f2p,41,past_unknown,3,0,3.027020701004924e-05,0,1
9,4,f2p,41,past_unknown,4,0,5.672019320422546e-06,0,1
9,4,f2p,41,past_unknown,5,0,0.0002675906978762146,0,1
9,4,f2p,42,past_unknown,0,0,0.6311344083788258,1,0
9,4,f2p,42,past_unknown,1,0,0.11602076863891844,0,1
9,4,f2p,42,past_unknown,2,0,0.9861538787205889,1,0
9,4,f2p,42,past_unknown,3,0,0.9863669990212269,1,0
9,4,f2p,42,past_unknown,4,0,0.11559063269854726,0,1
9,4,f2p,42,past_unknown,5,0,0.5330650399287256,1,0
9,4,f2p,43,past_unknown,0,0,0.987320443367616,1,0
9,4,f2p,43,past_unknown,1,0,0.12332062004582516,0,1
9,4,f2p,43,past_unknown,2,0,0.9971236464954756,1,0
9,4,f2p,43,past_unknown,3,0,0.9999439879722124,1,0
9,4,f2p,43,past_unknown,4,0,0.9999962381805683,1,0
9,4,f2p,43,past_unknown,5,0,0.9997341672283182,1,0
9,4,f2p,44,past_unknown,0,0,0.00013061975006911682,0,1
9,4,f2p,44,past_unknown,1,0,0.00013069788702796325,0,1
9,4,f2p,44,past_unknown,2,0,0.0009190147191099494,0,1
9,4,f2p,44,past_unknown,3,0,0.026498678633712674,0,1
9,4,f2p,44,past_unknown,4,0,4.403027810122986e-06,0,1
9,4,f2p,44,past_unknown,5,0,0.034991898100192376,0,1
9,4,f2p,45,past_unknown,0,0,0.3838540620086587,0,1
9,4,f2p,45,past_unknown,1,0,0.05681538571852028,0,1
9,4,f2p,45,past_unknown,2,0,0.8693677168109517,1,0
9,4,f2p,45,past_unknown,3,0,0.7666595394797264,1,0
9,4,f2p,45,past_unknown,4,0,0.8121388047929082,1,0
9,4,f2p,45,past_unknown,5,0,0.5721482140848987,1,0
9,4,f2p,46,past_unknown,0,0,0.015529415216106958,0,1
9,4,f2p,46,past_unknown,1,0,0.2607256850242,0,1
9,4,f2p,46,past_unknown,2,0,4.190415311692602e-06,0,1
9,4,f2p,46,past_unknown,3,0,0.0008834342564064415,0,1
9,4,f2p,46,past_unknown,4,0,0.008262621742300923,0,1
9,4,f2p,46,past_unknown,5,0,0.014015028913780233,0,1
9,4,f2p,47,past_unknown,0,0,0.7883286138376991,1,0
9,4,f2p,47,past_unknown,1,0,0.9192262383913413,1,0
9,4,f2p,47,past_unknown,2,0,0.6230081038526021,1,0
9,4,f2p,47,past_unknown,3,0,0.5836078992723793,1,0
9,4,f2p,47,past_unknown,4,0,0.6794719732377806,1,0
9,4,f2p,47,past_unknown,5,0,0.26235950227539256,0,1
9,4,f2p,48,past_unknown,0,0,0.0006344788529413453,0,1
9,4,f2p,48,past_unknown,1,0,0.00011104981077426766,0,1
9,4,f2p,48,past_unknown,2,0,0.06479996894918216,0,1
9,4,f2p,48,past_unknown,3,0,0.008730104217793147,0,1
9,4,f2p,48,past_unknown,4,0,3.68122976492602e-06,0,1
9,4,f2p,48,past_unknown,5,0,0.20965916087955383,0,1
9,4,f2p,49,past_unknown,0,0,0.7090509265294629,1,0
9,4,f2p,49,past_unknown,1,0,0.9698894725201503,1,0
9,4,f2p,49,past_unknown,2,0,0.08953003449131725,0,1
9,4,f2p,49,past_unknown,3,0,0.4321037214839838,0,1
9,4,f2p,49,past_unknown,4,0,0.42493986416414103,0,1
9,4,f2p,49,past_unknown,5,0,0.8529182248074333,1,0
10,4,p2f,50,future_known,0,1,0.8136432746303027,1,1
10,4,p2f,50,future_known,1,1,0.9744235220305131,1,1
10,4,p2f,50,future_known,2,1,0.7924143411599672,1,1
10,4,p2f,50,future_known,3,1,0.5087600066431687,1,1
10,4,p2f,50,future_known,4,1,0.8132075490501279,1,1
10,4,p2f,50,future_known,5,1,0.996013469098033,1,1
10,4,p2f,51,future_known,0,1,0.9677825164356275,1,1
10,4,p2f,51,future_known,1,1,0.9940239931240988,1,1
10,4,p2f,51,future_known,2,1,0.6618868214954066,1,1
10,4,p2f,51,future_known,3,1,0.8900380235318818,1,1
10,4,p2f,51,future_known,4,1,0.615619941141644,1,1
10,4,p2f,51,future_known,5,1,0.11137515152577702,0,0
10,4,p2f,52,future_known,0,1,0.9612963815087187,1,1
10,4,p2f,52,future_known,1,1,0.9998288647457922,1,1
10,4,p2f,52,future_known,2,1,0.9211750275777151,1,1
10,4,p2f,52,future_known,3,1,0.9955947954296497,1,1
10,4,p2f,52,future_known,4,1,0.7219381131322344,1,1
10,4,p2f,52,future_known,5,1,0.8812532947346374,1,1
10,4,p2f,53,future_known,0,1,0.9970063740864354,1,1
10,4,p2f,53,future_known,1,1,0.5289329036926931,1,1
10,4,p2f,53,future_known,2,1,0.9538706589564989,1,1
10,4,p2f,53,future_known,3,1,0.4335894598084744,0,0
10,4,p2f,53,future_known,4,1,0.9263371539372884,1,1
10,4,p2f,53,future_known,5,1,0.6851759995292265,1,1
10,4,p2f,54,future_known,0,1,0.9972942062036072,1,1
10,4,p2f,54,future_known,1,1,0.36752906974462624,0,0
10,4,p2f,54,future_known,2,1,0.9515880464708162,1,1
10,4,p2f,54,future_known,3,1,0.9950125854746472,1,1
10,4,p2f,54,future_known,4,1,0.248259233881418,0,0
10,4,p2f,54,future_known,5,1,0.9973014673019244,1,1
10,4,p2f,55,future_known,0,1,0.9982593306221753,1,1
10,4,p2f,55,future_known,1,1,0.9967830932173906,1,1
10,4,p2f,55,future_known,2,1,0.8341242323976269,1,1
10,4,p2f,55,future_known,3,1,0.9995340218298621,1,1
10,4,p2f,55,future_known,4,1,0.7681587128666888,1,1
10,4,p2f,55,future_known,5,1,0.9970087227280843,1,1
10,4,p2f,56,future_known,0,1,0.9937774744815369,1,1
10,4,p2f,56,future_known,1,1,0.8843258669297908,1,1
10,4,p2f,56,future_known,2,1,0.12128277659690649,0,0
10,4,p2f,56,future_known,3,1,0.8132515879224677,1,1
10,4,p2f,56,future_known,4,1,0.03222614468161304,0,0
10,4,p2f,56,future_known,5,1,0.4812363931297937,0,0
10,4,p2f,57,future_known,0,1,0.8469079556624838,1,1
10,4,p2f,57,future_known,1,1,0.7873647235502553,1,1
10,4,p2f,57,future_known,2,1,0.9991508189656413,1,1
10,4,p2f,57,future_known,3,1,0.9068700744220447,1,1
10,4,p2f,57,future_known,4,1,0.6697924648915082,1,1
10,4,p2f,57,future_known,5,1,0.5980978403421309,1,1
10,4,p2f,58,future_known,0,1,0.9657444427746571,1,1
10,4,p2f,58,future_known,1,1,0.9917063740557321,1,1
10,4,p2f,58,future_known,2,1,0.9195047050724466,1,1
10,4,p2f,58,future_known,3,1,0.9837706466180529,1,1
10,4,p2f,58,future_known,4,1,0.7229827211244089,1,1
10,4,p2f,58,future_known,5,1,0.8608200088967068,1,1
10,4,p2f,59,future_known,0,1,0.9877552333587191,1,1
10,4,p2f,59,future_known,1,1,0.9832297914011224,1,1
10,4,p2f,59,future_known,2,1,0.9197796947890758,1,1
10,4,p2f,59,future_known,3,1,0.8383151285127303,1,1
10,4,p2f,59,future_known,4,1,0.973360801927249,1,1
10,4,p2f,59,future_known,5,1,0.9794303779185833,1,1
10,4,p2f,60,future_known,0,1,0.9934851612898796,1,1
10,4,p2f,60,future_known,1,1,0.987086202224073,1,1
10,4,p2f,60,future_known,2,1,0.3658309726173163,0,0
10,4,p2f,60,future_known,3,1,0.8674157798149973,1,1
10,4,p2f,60,future_known,4,1,0.1346669923145957,0,0
10,4,p2f,60,future_known,5,1,0.9893079393376208,1,1
10,4,p2f,61,future_known,0,1,0.5629933706193175,1,1
10,4,p2f,61,future_known,1,1,0.5816384379276304,1,1
10,4,p2f,61,future_known,2,1,0.02597749772096291,0,0
10,4,p2f,61,future_known,3,1,0.5186398905425148,1,1
10,4,p2f,61,future_known,4,1,0.8541256736414629,1,1
10,4,p2f,61,future_known,5,1,0.7078412279641565,1,1
10,4,p2f,62,future_known,0,1,0.9794291411267867,1,1
10,4,p2f,62,future_known,1,1,0.9989420589781008,1,1
10,4,p2f,62,future_known,2,1,0.7879738083717218,1,1
10,4,p2f,62,future_known,3,1,0.6105101818362108,1,1
10,4,p2f,62,future_known,4,1,0.9958965305555646,1,1
10,4,p2f,62,future_known,5,1,0.5677177682726462,1,1
10,4,p2f,63,future_known,0,1,0.5797862784079916,1,1
10,4,p2f,63,future_known,1,1,0.8855323661252896,1,1
10,4,p2f,63,future_known,2,1,0.016004574959695716,0,0
10,4,p2f,63,future_known,3,1,0.761598318424628,1,1
10,4,p2f,63,future_known,4,1,0.76725508649574,1,1
10,4,p2f,63,future_known,5,1,0.5001417609165526,1,1
10,4,p2f,64,future_known,0,1,0.9993825927502296,1,1
10,4,p2f,64,future_known,1,1,0.8803754954818748,1,1
10,4,p2f,64,future_known,2,1,0.9091343369499674,1,1
10,4,p2f,64,future_known,3,1,0.8659153276295997,1,1
10,4,p2f,64,future_known,4,1,0.07522377152501686,0,0
10,4,p2f,64,future_known,5,1,0.9491010745570911,1,1
10,4,p2f,65,future_known,0,1,0.8221228981204444,1,1
10,4,p2f,65,future_known,1,1,0.5178098059778764,1,1
10,4,p2f,65,future_known,2,1,0.9875478646767818,1,1
10,4,p2f,65,future_known,3,1,0.7984570247758878,1,1
10,4,p2f,65,future_known,4,1,0.10943149719421259,0,0
10,4,p2f,65,future_known,5,1,0.7865472237258343,1,1
10,4,p2f,66,future_known,0,1,0.7974031503307153,1,1
10,4,p2f,66,future_known,1,1,0.8438898866129806,1,1
10,4,p2f,66,future_known,2,1,0.8184226614419374,1,1
10,4,p2f,66,future_known,3,1,0.6670120821744134,1,1
10,4,p2f,66,future_known,4,1,0.2676956747912457,0,0
10,4,p2f,66,future_known,5,1,0.7248234576266541,1,1
10,4,p2f,67,future_known,0,1,0.7973993590420356,1,1
10,4,p2f,67,future_known,1,1,0.9858268786437563,1,1
10,4,p2f,67,future_known,2,1,0.1735218674869831,0,0
10,4,p2f,67,future_known,3,1,0.9340127775028013,1,1
10,4,p2f,67,future_known,4,1,0.9932730441421822,1,1
10,4,p2f,67,future_known,5,1,0.2071684782448591,0,0
10,4,p2f,68,future_known,0,1,0.9545957989384576,1,1
10,4,p2f,68,future_known,1,1,0.9936890582186623,1,1
10,4,p2f,68,future_known,2,1,0.6062755888697838,1,1
10,4,p2f,68,future_known,3,1,0.8962190029832269,1,1
10,4,p2f,68,future_known,4,1,0.9372155423028609,1,1
10,4,p2f,68,future_known,5,1,0.9342084739653912,1,1
10,4,p2f,69,future_known,0,1,0.7790997089054257,1,1
10,4,p2f,69,future_known,1,1,0.6816012795213816,1,1
10,4,p2f,69,future_known,2,1,0.40299341037710135,0,0
10,4,p2f,69,future_known,3,1,0.43685903323475245,0,0
10,4,p2f,69,future_known,4,1,0.8353374842864977,1,1
10,4,p2f,69,future_known,5,1,0.6838024940627948,1,1
10,4,p2f,70,future_known,0,1,0.9819840067840953,1,1
10,4,p2f,70,future_known,1,1,0.8160533417115807,1,1
10,4,p2f,70,future_known,2,1,0.17822323746258179,0,0
10,4,p2f,70,future_known,3,1,0.4196243957367016,0,0
10,4,p2f,70,future_known,4,1,0.9745519333318802,1,1
10,4,p2f,70,future_known,5,1,0.30071165303262054,0,0
10,4,p2f,71,future_known,0,1,0.9765886667048352,1,1
10,4,p2f,71,future_known,1,1,0.9955543440732689,1,1
10,4,p2f,71,future_known,2,1,0.9498663172437969,1,1
10,4,p2f,71,future_known,3,1,0.9802815415999838,1,1
10,4,p2f,71,future_known,4,1,0.9889159286400091,1,1
10,4,p2f,71,future_known,5,1,0.33482667992935655,0,0
10,4,p2f,72,future_known,0,1,0.9504714892136575,1,1
10,4,p2f,72,future_known,1,1,0.9293565347554315,1,1
10,4,p2f,72,future_known,2,1,0.7948365302013083,1,1
10,4,p2f,72,future_known,3,1,0.9379197627116223,1,1
10,4,p2f,72,future_known,4,1,0.7280142875191157,1,1
10,4,p2f,72,future_known,5,1,0.9919362482790872,1,1
10,4,p2f,73,future_known,0,1,0.9392657850340039,1,1
10,4,p2f,73,future_known,1,1,0.14386698505304268,0,0
10,4,p2f,73,future_known,2,1,0.04464009396191024,0,0
10,4,p2f,73,future_known,3,1,0.03949837648762263,0,0
10,4,p2f,73,future_known,4,1,0.0930522272252768,0,0
10,4,p2f,73,future_known,5,1,0.24540830134578215,0,0
10,4,p2f,74,future_known,0,1,0.9709579351712523,1,1
10,4,p2f,74,future_known,1,1,0.9718963152428236,1,1
10,4,p2f,74,future_known,2,1,0.37568661794917146,0,0
10,4,p2f,74,future_known,3,1,0.3092093323162276,0,0
10,4,p2f,74,future_known,4,1,0.9718627976604276,1,1
10,4,p2f,74,future_known,5,1,0.898205003902506,1,1
10,4,p2f,75,future_unknown,0,0,0.7562825052998495,1,0
10,4,p2f,75,future_unknown,1,0,0.9911686988011404,1,0
10,4,p2f,75,future_unknown,2,0,0.9474407608010801,1,0
10,4,p2f,75,future_unknown,3,0,0.3568402426000129,0,1
10,4,p2f,75,future_unknown,4,0,0.8642169128474915,1,0
10,4,p2f,75,future_unknown,5,0,0.8386538157140105,1,0
10,4,p2f,76,future_unknown,0,0,0.0005344630333566512,0,1
10,4,p2f,76,future_unknown,1,0,0.001425625820270173,0,1
10,4,p2f,76,future_unknown,2,0,0.03146866893149923,0,1
10,4,p2f,76,future_unknown,3,0,0.13270442221413092,0,1
10,4,p2f,76,future_unknown,4,0,0.005402436640428897,0,1
10,4,p2f,76,future_unknown,5,0,4.513216093342456e-05,0,1
10,4,p2f,77,future_unknown,0,0,0.01029468447307018,0,1
10,4,p2f,77,future_unknown,1,0,0.00034324870903852423,0,1
10,4,p2f,77,future_unknown,2,0,0.0001824062445558941,0,1
10,4,p2f,77,future_unknown,3,0,0.0007356472826456389,0,1
10,4,p2f,77,future_unknown,4,0,0.0001231663164398515,0,1
10,4,p2f,77,future_unknown,5,0,0.0003603717625568208,0,1
10,4,p2f,78,future_unknown,0,0,0.9481387024173364,1,0
10,4,p2f,78,future_unknown,1,0,0.06954236781706834,0,1
10,4,p2f,78,future_unknown,2,0,0.9936256806718459,1,0
10,4,p2f,78,future_unknown,3,0,0.9814012211330511,1,0
10,4,p2f,78,future_unknown,4,0,0.9923056666946879,1,0
10,4,p2f,78,future_unknown,5,0,0.9782394472206539,1,0
10,4,p2f,79,future_unknown,0,0,0.45847893023017733,0,1
10,4,p2f,79,future_unknown,1,0,0.08580596697831293,0,1
10,4,p2f,79,future_unknown,2,0,0.2882529430105336,0,1
10,4,p2f,79,future_unknown,3,0,0.02158358419432221,0,1
10,4,p2f,79,future_unknown,4,0,0.07131672879073644,0,1
10,4,p2f,79,future_unknown,5,0,0.5918996101594918,1,0
10,4,p2f,80,future_unknown,0,0,0.7480649534399652,1,0
10,4,p2f,80,future_unknown,1,0,0.9988431708128616,1,0
10,4,p2f,80,future_unknown,2,0,0.9414484535646833,1,0
10,4,p2f,80,future_unknown,3,0,0.9980471377708391,1,0
10,4,p2f,80,future_unknown,4,0,0.461754285279175,0,1
10,4,p2f,80,future_unknown,5,0,0.9753253337132647,1,0
10,4,p2f,81,future_unknown,0,0,0.08589053020392307,0,1
10,4,p2f,81,future_unknown,1,0,0.06500981682314612,0,1
10,4,p2f,81,future_unknown,2,0,0.010208770343101107,0,1
10,4,p2f,81,future_unknown,3,0,0.0011134742023321922,0,1
10,4,p2f,81,future_unknown,4,0,0.07099678464463206,0,1
10,4,p2f,81,future_unknown,5,0,0.19422081597122942,0,1
10,4,p2f,82,future_unknown,0,0,0.10187704327176826,0,1
10,4,p2f,82,future_unknown,1,0,0.0891459652043458,0,1
10,4,p2f,82,future_unknown,2,0,0.0031583743149758998,0,1
10,4,p2f,82,future_unknown,3,0,0.5099981445882465,1,0
10,4,p2f,82,future_unknown,4,0,0.06788663756241811,0,1
10,4,p2f,82,future_unknown,5,0,0.058000626552700156,0,1
10,4,p2f,83,future_unknown,0,0,0.8722197972062713,1,0
10,4,p2f,83,future_unknown,1,0,0.9820428526998125,1,0
10,4,p2f,83,future_unknown,2,0,0.19307662164019448,0,1
10,4,p2f,83,future_unknown,3,0,0.978155855407472,1,0
10,4,p2f,83,future_unknown,4,0,0.6682951002204177,1,0
10,4,p2f,83,future_unknown,5,0,0.680827362058574,1,0
10,4,p2f,84,future_unknown,0,0,1.6817187063530497e-05,0,1
10,4,p2f,84,future_unknown,1,0,0.0075006170358912685,0,1
10,4,p2f,84,future_unknown,2,0,2.1773824068716954e-05,0,1
10,4,p2f,84,future_unknown,3,0,0.0005323953028070162,0,1
10,4,p2f,84,future_unknown,4,0,2.466776259133266e-05,0,1
10,4,p2f,84,future_unknown,5,0,0.00341112806408816,0,1
10,4,p2f,85,future_unknown,0,0,0.7636929201129741,1,0
10,4,p2f,85,future_unknown,1,0,0.7098328066436267,1,0
10,4,p2f,85,future_unknown,2,0,0.8546295296951407,1,0
10,4,p2f,85,future_unknown,3,0,0.9877716072762128,1,0
10,4,p2f,85,future_unknown,4,0,0.5830839651762688,1,0
10,4,p2f,85,future_unknown,5,0,0.38028329250166326,0,1
10,4,p2f,86,future_unknown,0,0,0.6074239864974357,1,0
10,4,p2f,86,future_unknown,1,0,0.09922660496083839,0,1
10,4,p2f,86,future_unknown,2,0,0.7793206550829329,1,0
10,4,p2f,86,future_unknown,3,0,0.7981728070399552,1,0
10,4,p2f,86,future_unknown,4,0,0.7680240727731479,1,0
10,4,p2f,86,future_unknown,5,0,0.7899528875107455,1,0
10,4,p2f,87,future_unknown,0,0,0.22598886976091195,0,1
10,4,p2f,87,future_unknown,1,0,0.36745937591515115,0,1
10,4,p2f,87,future_unknown,2,0,0.8336079270121243,1,0
10,4,p2f,87,future_unknown,3,0,0.16445427378747338,0,1
10,4,p2f,87,future_unknown,4,0,0.18814890274084292,0,1
10,4,p2f,87,future_unknown,5,0,0.1256305079933941,0,1
10,4,p2f,88,future_unknown,0,0,0.9556169088163714,1,0
10,4,p2f,88,future_unknown,1,0,0.9495870593040249,1,0
10,4,p2f,88,future_unknown,2,0,0.994209081238348,1,0
10,4,p2f,88,future_unknown,3,0,0.2919513472484229,0,1
10,4,p2f,88,future_unknown,4,0,0.9973923844920046,1,0
10,4,p2f,88,future_unknown,5,0,0.706098531626368,1,0
10,4,p2f,89,future_unknown,0,0,0.11903155084687544,0,1
10,4,p2f,89,future_unknown,1,0,0.6776039472190378,1,0
10,4,p2f,89,future_unknown,2,0,0.2742224904142588,0,1
10,4,p2f,89,future_unknown,3,0,0.1857637775434616,0,1
10,4,p2f,89,future_unknown,4,0,0.36129003712628394,0,1
10,4,p2f,89,future_unknown,5,0,0.717039686456847,1,0
10,4,p2f,90,future_unknown,0,0,0.9995690424364195,1,0
10,4,p2f,90,future_unknown,1,0,0.9999551277816289,1,0
10,4,p2f,90,future_unknown,2,0,0.99991152671727,1,0
10,4,p2f,90,future_unknown,3,0,0.9989184590419271,1,0
10,4,p2f,90,future_unknown,4,0,0.9997447771872628,1,0
10,4,p2f,90,future_unknown,5,0,0.9982795417050677,1,0
10,4,p2f,91,future_unknown,0,0,0.18112081465561633,0,1
10,4,p2f,91,future_unknown,1,0,0.1980249327614324,0,1
10,4,p2f,91,future_unknown,2,0,0.02419321875940178,0,1
10,4,p2f,91,future_unknown,3,0,0.1345524220481729,0,1
10,4,p2f,91,future_unknown,4,0,0.011796070894991404,0,1
10,4,p2f,91,future_unknown,5,0,0.011345430289274025,0,1
10,4,p2f,92,future_unknown,0,0,0.0035654033531198025,0,1
10,4,p2f,92,future_unknown,1,0,0.00025637906351515916,0,1
10,4,p2f,92,future_unknown,2,0,0.005805199941027605,0,1
10,4,p2f,92,future_unknown,3,0,0.02460151952495052,0,1
10,4,p2f,92,future_unknown,4,0,0.29319383336380983,0,1
10,4,p2f,92,future_unknown,5,0,1.330071613657925e-06,0,1
10,4,p2f,93,future_unknown,0,0,0.39510317415453017,0,1
10,4,p2f,93,future_unknown,1,0,0.18141426214428438,0,1
10,4,p2f,93,future_unknown,2,0,0.012145054174667338,0,1
10,4,p2f,93,future_unknown,3,0,0.012145054174667338,0,1
10,4,p2f,93,future_unknown,4,0,0.12020409856074052,0,1
10,4,p2f,93,future_unknown,5,0,0.004611670625631373,0,1
10,4,p2f,94,future_unknown,0,0,0.6130069895134974,1,0
10,4,p2f,94,future_unknown,1,0,0.1493679971116382,0,1
10,4,p2f,94,future_unknown,2,0,0.017759214117747654,0,1
10,4,p2f,94,future_unknown,3,0,0.8828142050444445,1,0
10,4,p2f,94,future_unknown,4,0,0.7811163832286518,1,0
10,4,p2f,94,future_unknown,5,0,0.113866272724034,0,1
10,4,p2f,95,future_unknown,0,0,0.38256420154656,0,1
10,4,p2f,95,future_unknown,1,0,0.03852970920812046,0,1
10,4,p2f,95,future_unknown,2,0,0.9312328830139787,1,0
10,4,p2f,95,future_unknown,3,0,0.04596165667448755,0,1
10,4,p2f,95,future_unknown,4,0,0.9452760848622518,1,0
10,4,p2f,95,future_unknown,5,0,0.08618816135493086,0,1
10,4,p2f,96,future_unknown,0,0,0.9717339708416721,1,0
10,4,p2f,96,future_unknown,1,0,0.8828727701847748,1,0
10,4,p2f,96,future_unknown,2,0,0.999528331367831,1,0
10,4,p2f,96,future_unknown,3,0,0.9351831718695338,1,0
10,4,p2f,96,future_unknown,4,0,0.9066474862579296,1,0
10,4,p2f,96,future_unknown,5,0,0.9957330123357713,1,0
10,4,p2f,97,future_unknown,0,0,0.0021532139375271004,0,1
10,4,p2f,97,future_unknown,1,0,0.41700305263621357,0,1
10,4,p2f,97,future_unknown,2,0,0.459864689551788,0,1
10,4,p2f,97,future_unknown,3,0,0.26212958825697413,0,1
10,4,p2f,97,future_unknown,4,0,0.15080965861201648,0,1
10,4,p2f,97,future_unknown,5,0,0.5363234229909503,1,0
10,4,p2f,98,future_unknown,0,0,0.4487865901396869,0,1
10,4,p2f,98,future_unknown,1,0,0.00032025956517000496,0,1
10,4,p2f,98,future_unknown,2,0,0.010048588423106927,0,1
10,4,p2f,98,future_unknown,3,0,0.00017454952003545114,0,1
10,4,p2f,98,future_unknown,4,0,0.0011771339166157,0,1
10,4,p2f,98,future_unknown,5,0,0.0003773945827185349,0,1
10,4,p2f,99,future_unknown,0,0,0.950753163659066,1,0
10,4,p2f,99,future_unknown,1,0,0.9846046112147694,1,0
10,4,p2f,99,future_unknown,2,0,0.9821845309695704,1,0
10,4,p2f,99,future_unknown,3,0,0.9995188914619487,1,0
10,4,p2f,99,future_unknown,4,0,0.9931252580305205,1,0
10,4,p2f,99,future_unknown,5,0,0.8589112858284104,1,0
10,4,f2p,0,past_known,0,1,0.022252350781035064,0,0
10,4,f2p,0,past_known,1,1,0.004142991914531148,0,0
10,4,f2p,0,past_known,2,1,0.003266587473787366,0,0
10,4,f2p,0,past_known,3,1,7.281834805391535e-05,0,0
10,4,f2p,0,past_known,4,1,0.08772413241429064,0,0
10,4,f2p,0,past_known,5,1,0.0005926737781374041,0,0
10,4,f2p,1,past_known,0,1,0.14659336885275637,0,0
10,4,f2p,1,past_known,1,1,0.9172702678453959,1,1
10,4,f2p,1,past_known,2,1,0.005846957844760815,0,0
10,4,f2p,1,past_known,3,1,0.001036453503346025,0,0
10,4,f2p,1,past_known,4,1,0.0360632926655358,0,0
10,4,f2p,1,past_known,5,1,0.6591021725661107,1,1
10,4,f2p,2,past_known,0,1,0.009203412405424305,0,0
10,4,f2p,2,past_known,1,1,0.0018448032231161502,0,0
10,4,f2p,2,past_known,2,1,0.8334998126008368,1,1
10,4,f2p,2,past_known,3,1,0.0022492575112099946,0,0
10,4,f2p,2,past_known,4,1,1.4733282745076955e-06,0,0
10,4,f2p,2,past_known,5,1,3.059898620584432e-07,0,0
10,4,f2p,3,past_known,0,1,0.0007137252453212565,0,0
10,4,f2p,3,past_known,1,1,8.93043207270026e-07,0,0
10,4,f2p,3,past_known,2,1,0.3238072676792459,0,0
10,4,f2p,3,past_known,3,1,0.03188176755086463,0,0
10,4,f2p,3,past_known,4,1,0.0009950183443386505,0,0
10,4,f2p,3,past_known,5,1,0.6032983546619581,1,1
10,4,f2p,4,past_known,0,1,3.387586420923142e-07,0,0
10,4,f2p,4,past_known,1,1,2.1417427492814908e-06,0,0
10,4,f2p,4,past_known,2,1,8.381686392546502e-05,0,0
10,4,f2p,4,past_known,3,1,1.1537878589942805e-05,0,0
10,4,f2p,4,past_known,4,1,0.9121927858795034,1,1
10,4,f2p,4,past_known,5,1,5.568232665951944e-06,0,0
10,4,f2p,5,past_known,0,1,0.9926468532770325,1,1
10,4,f2p,5,past_known,1,1,0.9999927432957492,1,1
10,4,f2p,5,past_known,2,1,0.9912777923696938,1,1
10,4,f2p,5,past_known,3,1,0.999942621664295,1,1
10,4,f2p,5,past_known,4,1,0.9999999997000981,1,1
10,4,f2p,5,past_known,5,1,0.9995299427438502,1,1
10,4,f2p,6,past_known,0,1,0.6053119874616716,1,1
10,4,f2p,6,past_known,1,1,0.6089872969595402,1,1
10,4,f2p,6,past_known,2,1,0.5841300119007541,1,1
10,4,f2p,6,past_known,3,1,0.994413767224192,1,1
10,4,f2p,6,past_known,4,1,0.9932452207026419,1,1
10,4,f2p,6,past_known,5,1,0.9465671146272849,1,1
10,4,f2p,7,past_known,0,1,0.44822489208134236,0,0
10,4,f2p,7,past_known,1,1,0.9709942102010796,1,1
10,4,f2p,7,past_known,2,1,0.033339622937626066,0,0
10,4,f2p,7,past_known,3,1,0.8692313739411812,1,1
10,4,f2p,7,past_known,4,1,0.04911348139904679,0,0
10,4,f2p,7,past_known,5,1,0.0011658163681972184,0,0
10,4,f2p,8,past_known,0,1,0.9998273256569233,1,1
10,4,f2p,8,past_known,1,1,0.00015060298597161938,0,0
10,4,f2p,8,past_known,2,1,0.9633055770702307,1,1
10,4,f2p,8,past_known,3,1,0.9995857557585326,1,1
10,4,f2p,8,past_known,4,1,1.8618775640741763e-05,0,0
10,4,f2p,8,past_known,5,1,0.9998737947849422,1,1
10,4,f2p,9,past_known,0,1,0.9999237895343644,1,1
10,4,f2p,9,past_known,1,1,0.9999768562344572,1,1
10,4,f2p,9,past_known,2,1,0.9998211263694978,1,1
10,4,f2p,9,past_known,3,1,0.9999999999272688,1,1
10,4,f2p,9,past_known,4,1,0.9862122366635351,1,1
10,4,f2p,9,past_known,5,1,0.9727349632306623,1,1
10,4,f2p,10,past_known,0,1,0.4499801264957469,0,0
10,4,f2p,10,past_known,1,1,0.6779167589514618,1,1
10,4,f2p,10,past_known,2,1,0.9991449329377128,1,1
10,4,f2p,10,past_known,3,1,0.052707604768060363,0,0
10,4,f2p,10,past_known,4,1,0.99982029781543,1,1
10,4,f2p,10,past_known,5,1,0.9889456820260752,1,1
10,4,f2p,11,past_known,0,1,0.00010186768323897005,0,0
10,4,f2p,11,past_known,1,1,0.4095323366615129,0,0
10,4,f2p,11,past_known,2,1,0.050167331033775915,0,0
10,4,f2p,11,past_known,3,1,0.0004138135741574283,0,0
10,4,f2p,11,past_known,4,1,0.9630063071476681,1,1
10,4,f2p,11,past_known,5,1,0.4683025471831319,0,0
10,4,f2p,12,past_known,0,1,0.00046936140988536356,0,0
10,4,f2p,12,past_known,1,1,0.001434585637955477,0,0
10,4,f2p,12,past_known,2,1,0.8830192860215342,1,1
10,4,f2p,12,past_known,3,1,0.7226611431635828,1,1
10,4,f2p,12,past_known,4,1,0.00048606826193513,0,0
10,4,f2p,12,past_known,5,1,0.18769896542839948,0,0
10,4,f2p,13,past_known,0,1,0.9999992814606276,1,1
10,4,f2p,13,past_known,1,1,0.999999091408988,1,1
10,4,f2p,13,past_known,2,1,0.9999999357298132,1,1
10,4,f2p,13,past_known,3,1,0.9999987220102112,1,1
10,4,f2p,13,past_known,4,1,0.9999990703895949,1,1
10,4,f2p,13,past_known,5,1,0.9999985405241145,1,1
10,4,f2p,14,past_known,0,1,1.0541686365932929e-05,0,0
10,4,f2p,14,past_known,1,1,0.8453842391937076,1,1
10,4,f2p,14,past_known,2,1,0.06992816348401383,0,0
10,4,f2p,14,past_known,3,1,3.998383415638464e-06,0,0
10,4,f2p,14,past_known,4,1,0.00084115180079992,0,0
10,4,f2p,14,past_known,5,1,0.9999712149644238,1,1
10,4,f2p,15,past_known,0,1,0.00019880630551551718,0,0
10,4,f2p,15,past_known,1,1,1.852197553250101e-05,0,0
10,4,f2p,15,past_known,2,1,0.25283634353008405,0,0
10,4,f2p,15,past_known,3,1,0.001803165694631705,0,0
10,4,f2p,15,past_known,4,1,0.0006078886051495547,0,0
10,4,f2p,15,past_known,5,1,0.9341737305218618,1,1
10,4,f2p,16,past_known,0,1,0.9999993562801934,1,1
10,4,f2p,16,past_known,1,1,0.9999999998482147,1,1
10,4,f2p,16,past_known,2,1,0.9999999998841322,1,1
10,4,f2p,16,past_known,3,1,0.9999998923999556,1,1
10,4,f2p,16,past_known,4,1,0.9999994984436296,1,1
10,4,f2p,16,past_known,5,1,0.9999999839414511,1,1
10,4,f2p,17,past_known,0,1,0.017005046454212042,0,0
10,4,f2p,17,past_known,1,1,5.0644325971342765e-05,0,0
10,4,f2p,17,past_known,2,1,0.002816577349553869,0,0
10,4,f2p,17,past_known,3,1,4.789937218831348e-06,0,0
10,4,f2p,17,past_known,4,1,0.0015215130812049988,0,0
10,4,f2p,17,past_known,5,1,0.013999986604873624,0,0
10,4,f2p,18,past_known,0,1,0.9675533004641571,1,1
10,4,f2p,18,past_known,1,1,0.9999617390587927,1,1
10,4,f2p,18,past_known,2,1,0.999999054777044,1,1
10,4,f2p,18,past_known,3,1,0.723001208180708,1,1
10,4,f2p,18,past_known,4,1,0.9319649082824437,1,1
10,4,f2p,18,past_known,5,1,0.04387879279021762,0,0
10,4,f2p,19,past_known,0,1,0.99999999316341,1,1
10,4,f2p,19,past_known,1,1,0.9999993237763695,1,1
10,4,f2p,19,past_known,2,1,0.9999916074186123,1,1
10,4,f2p,19,past_known,3,1,0.999999999266475,1,1
10,4,f2p,19,past_known,4,1,0.9984942732769947,1,1
10,4,f2p,19,past_known,5,1,0.9999483953271266,1,1
10,4,f2p,20,past_known,0,1,0.997124190381444,1,1
10,4,f2p,20,past_known,1,1,0.5393602688587915,1,1
10,4,f2p,20,past_known,2,1,0.9999988009574974,1,1
10,4,f2p,20,past_known,3,1,0.14223545348605096,0,0
10,4,f2p,20,past_known,4,1,0.9784001828854889,1,1
10,4,f2p,20,past_known,5,1,0.9558866702284154,1,1
10,4,f2p,21,past_known,0,1,1.0858894413536336e-05,0,0
10,4,f2p,21,past_known,1,1,2.629176549263746e-05,0,0
10,4,f2p,21,past_known,2,1,1.7630596056010897e-05,0,0
10,4,f2p,21,past_known,3,1,5.751839143263885e-05,0,0
10,4,f2p,21,past_known,4,1,0.091268082354938,0,0
10,4,f2p,21,past_known,5,1,1.037193847569866e-06,0,0
10,4,f2p,22,past_known,0,1,0.878513658390048,1,1
10,4,f2p,22,past_known,1,1,0.9904617027639481,1,1
10,4,f2p,22,past_known,2,1,0.9994995864411658,1,1
10,4,f2p,22,past_known,3,1,0.9997907426778798,1,1
10,4,f2p,22,past_known,4,1,0.9999162589207817,1,1
10,4,f2p,22,past_known,5,1,0.9999946822810437,1,1
10,4,f2p,23,past_known,0,1,0.8414079127874904,1,1
10,4,f2p,23,past_known,1,1,0.8484783260209016,1,1
10,4,f2p,23,past_known,2,1,0.9991636275947603,1,1
10,4,f2p,23,past_known,3,1,0.9995797801488467,1,1
10,4,f2p,23,past_known,4,1,0.790757307251395,1,1
10,4,f2p,23,past_known,5,1,0.6422467110244966,1,1
10,4,f2p,24,past_known,0,1,0.9999633622489599,1,1
10,4,f2p,24,past_known,1,1,0.9997264533182655,1,1
10,4,f2p,24,past_known,2,1,0.7874557248707696,1,1
10,4,f2p,24,past_known,3,1,0.9999999858272017,1,1
10,4,f2p,24,past_known,4,1,0.9999382693716553,1,1
10,4,f2p,24,past_known,5,1,0.9999988144421981,1,1
10,4,f2p,25,past_unknown,0,0,0.030010891581211632,0,1
10,4,f2p,25,past_unknown,1,0,0.8026012140953945,1,0
10,4,f2p,25,past_unknown,2,0,0.9999956775126808,1,0
10,4,f2p,25,past_unknown,3,0,0.9458649134945117,1,0
10,4,f2p,25,past_unknown,4,0,0.0046122312564048406,0,1
10,4,f2p,25,past_unknown,5,0,0.9983418458898262,1,0
10,4,f2p,26,past_unknown,0,0,0.0021237558928688537,0,1
10,4,f2p,26,past_unknown,1,0,0.14459857914772983,0,1
10,4,f2p,26,past_unknown,2,0,0.0068146709656023395,0,1
10,4,f2p,26,past_unknown,3,0,0.26078969515158146,0,1
10,4,f2p,26,past_unknown,4,0,0.000758801093876572,0,1
10,4,f2p,26,past_unknown,5,0,0.00020717485176693549,0,1
10,4,f2p,27,past_unknown,0,0,0.021190519524640464,0,1
10,4,f2p,27,past_unknown,1,0,0.0047898363404043865,0,1
10,4,f2p,27,past_unknown,2,0,0.12006037031082134,0,1
10,4,f2p,27,past_unknown,3,0,0.009417072677125701,0,1
10,4,f2p,27,past_unknown,4,0,0.16228798647869555,0,1
10,4,f2p,27,past_unknown,5,0,0.9714446514820739,1,0
10,4,f2p,28,past_unknown,0,0,0.9999918285451259,1,0
10,4,f2p,28,past_unknown,1,0,0.9989434784315905,1,0
10,4,f2p,28,past_unknown,2,0,0.014053851792323673,0,1
10,4,f2p,28,past_unknown,3,0,0.9999601633471685,1,0
10,4,f2p,28,past_unknown,4,0,0.9999985226816233,1,0
10,4,f2p,28,past_unknown,5,0,0.7620625583645321,1,0
10,4,f2p,29,past_unknown,0,0,0.05083407976837892,0,1
10,4,f2p,29,past_unknown,1,0,0.9679799778224897,1,0
10,4,f2p,29,past_unknown,2,0,0.6532786546885696,1,0
10,4,f2p,29,past_unknown,3,0,0.9999848775622583,1,0
10,4,f2p,29,past_unknown,4,0,0.9805003060284374,1,0
10,4,f2p,29,past_unknown,5,0,0.9934555705670343,1,0
10,4,f2p,30,past_unknown,0,0,0.4949177189895584,0,1
10,4,f2p,30,past_unknown,1,0,0.003519310162228654,0,1
10,4,f2p,30,past_unknown,2,0,0.3636914542098641,0,1
10,4,f2p,30,past_unknown,3,0,0.6862035082089829,1,0
10,4,f2p,30,past_unknown,4,0,0.13051807455574843,0,1
10,4,f2p,30,past_unknown,5,0,0.9993011230510284,1,0
10,4,f2p,31,past_unknown,0,0,0.9998784420822148,1,0
10,4,f2p,31,past_unknown,1,0,0.6674138446543595,1,0
10,4,f2p,31,past_unknown,2,0,0.9999983879168612,1,0
10,4,f2p,31,past_unknown,3,0,0.9983957656919175,1,0
10,4,f2p,31,past_unknown,4,0,0.9986936591641863,1,0
10,4,f2p,31,past_unknown,5,0,0.9999218566969374,1,0
10,4,f2p,32,past_unknown,0,0,0.12275380713354457,0,1
10,4,f2p,32,past_unknown,1,0,0.00016872525675365032,0,1
10,4,f2p,32,past_unknown,2,0,0.6685054288587836,1,0
10,4,f2p,32,past_unknown,3,0,0.01721996180171623,0,1
10,4,f2p,32,past_unknown,4,0,0.09074330661889976,0,1
10,4,f2p,32,past_unknown,5,0,0.00032367919804232907,0,1
10,4,f2p,33,past_unknown,0,0,0.0017313209436864638,0,1
10,4,f2p,33,past_unknown,1,0,0.8007912438747887,1,0
10,4,f2p,33,past_unknown,2,0,0.00015928489331054358,0,1
10,4,f2p,33,past_unknown,3,0,0.7844853051233054,1,0
10,4,f2p,33,past_unknown,4,0,0.9999989601576932,1,0
10,4,f2p,33,past_unknown,5,0,0.9639988610578875,1,0
10,4,f2p,34,past_unknown,0,0,0.0001760211714318314,0,1
10,4,f2p,34,past_unknown,1,0,0.0006679414497442098,0,1
10,4,f2p,34,past_unknown,2,0,6.089175185882343e-05,0,1
10,4,f2p,34,past_unknown,3,0,0.08283552108177211,0,1
10,4,f2p,34,past_unknown,4,0,0.00018111183575227646,0,1
10,4,f2p,34,past_unknown,5,0,0.0001610091472889629,0,1
10,4,f2p,35,past_unknown,0,0,0.9961636283096675,1,0
10,4,f2p,35,past_unknown,1,0,0.011373312156984136,0,1
10,4,f2p,35,past_unknown,2,0,0.9995249107321411,1,0
10,4,f2p,35,past_unknown,3,0,0.927948880000278,1,0
10,4,f2p,35,past_unknown,4,0,0.08986538815015503,0,1
10,4,f2p,35,past_unknown,5,0,0.9658467186571913,1,0
10,4,f2p,36,past_unknown,0,0,0.002772731281500171,0,1
10,4,f2p,36,past_unknown,1,0,0.9600535568983268,1,0
10,4,f2p,36,past_unknown,2,0,0.0009868544135156346,0,1
10,4,f2p,36,past_unknown,3,0,0.8714413892305816,1,0
10,4,f2p,36,past_unknown,4,0,0.8968294206574152,1,0
10,4,f2p,36,past_unknown,5,0,0.00044429106377278705,0,1
10,4,f2p,37,past_unknown,0,0,7.489422189370437e-06,0,1
10,4,f2p,37,past_unknown,1,0,0.012472745894059167,0,1
10,4,f2p,37,past_unknown,2,0,2.3284512465443957e-05,0,1
10,4,f2p,37,past_unknown,3,0,0.004616518410285333,0,1
10,4,f2p,37,past_unknown,4,0,0.00017753954893760313,0,1
10,4,f2p,37,past_unknown,5,0,0.006575926432840831,0,1
10,4,f2p,38,past_unknown,0,0,0.051096190857168725,0,1
10,4,f2p,38,past_unknown,1,0,0.0036180211745813263,0,1
10,4,f2p,38,past_unknown,2,0,0.0029997623755240043,0,1
10,4,f2p,38,past_unknown,3,0,0.001035993068610415,0,1
10,4,f2p,38,past_unknown,4,0,0.003844373643854071,0,1
10,4,f2p,38,past_unknown,5,0,0.2001229696882664,0,1
10,4,f2p,39,past_unknown,0,0,0.27511868710003656,0,1
10,4,f2p,39,past_unknown,1,0,0.000603143111123582,0,1
10,4,f2p,39,past_unknown,2,0,0.7974950543103015,1,0
10,4,f2p,39,past_unknown,3,0,0.05829149338734629,0,1
10,4,f2p,39,past_unknown,4,0,8.906678236187624e-05,0,1
10,4,f2p,39,past_unknown,5,0,0.3394150986555004,0,1
10,4,f2p,40,past_unknown,0,0,0.1226203388112876,0,1
10,4,f2p,40,past_unknown,1,0,0.35657796017714344,0,1
10,4,f2p,40,past_unknown,2,0,0.13889997029887227,0,1
10,4,f2p,40,past_unknown,3,0,0.9069250352141973,1,0
10,4,f2p,40,past_unknown,4,0,0.6434715095311276,1,0
10,4,f2p,40,past_unknown,5,0,0.9997021694010766,1,0
10,4,f2p,41,past_unknown,0,0,0.0011042952441216347,0,1
10,4,f2p,41,past_unknown,1,0,0.007202919965873834,0,1
10,4,f2p,41,past_unknown,2,0,4.4948488257573225e-05,0,1
10,4,f2p,41,past_unknown,3,0,7.88298110843647e-05,0,1
10,4,f2p,41,past_unknown,4,0,0.00015521933975879378,0,1
10,4,f2p,41,past_unknown,5,0,0.0006613683414259803,0,1
10,4,f2p,42,past_unknown,0,0,0.7794579845205718,1,0
10,4,f2p,42,past_unknown,1,0,0.2591673599711314,0,1
10,4,f2p,42,past_unknown,2,0,0.9620268827547823,1,0
10,4,f2p,42,past_unknown,3,0,0.9856456723419155,1,0
10,4,f2p,42,past_unknown,4,0,0.07159143283111077,0,1
10,4,f2p,42,past_unknown,5,0,0.49592091163648616,0,1
10,4,f2p,43,past_unknown,0,0,0.9996689466712187,1,0
10,4,f2p,43,past_unknown,1,0,0.6421883908641608,1,0
10,4,f2p,43,past_unknown,2,0,0.9999347544658699,1,0
10,4,f2p,43,past_unknown,3,0,0.9999847390847009,1,0
10,4,f2p,43,past_unknown,4,0,0.9999995913198194,1,0
10,4,f2p,43,past_unknown,5,0,0.9999178455451626,1,0
10,4,f2p,44,past_unknown,0,0,0.0008820826104609653,0,1
10,4,f2p,44,past_unknown,1,0,0.004275560096237175,0,1
10,4,f2p,44,past_unknown,2,0,0.0037516870233523336,0,1
10,4,f2p,44,past_unknown,3,0,0.3620114845631525,0,1
10,4,f2p,44,past_unknown,4,0,0.00010778920807808991,0,1
10,4,f2p,44,past_unknown,5,0,0.5602078013360332,1,0
10,4,f2p,45,past_unknown,0,0,0.95373711589911,1,0
10,4,f2p,45,past_unknown,1,0,0.34614582229892893,0,1
10,4,f2p,45,past_unknown,2,0,0.9832433116541839,1,0
10,4,f2p,45,past_unknown,3,0,0.9879941468659724,1,0
10,4,f2p,45,past_unknown,4,0,0.9650047431427954,1,0
10,4,f2p,45,past_unknown,5,0,0.8607972539256892,1,0
10,4,f2p,46,past_unknown,0,0,0.03572494273248085,0,1
10,4,f2p,46,past_unknown,1,0,0.943599540632641,1,0
10,4,f2p,46,past_unknown,2,0,1.1468755787658863e-05,0,1
10,4,f2p,46,past_unknown,3,0,0.008126985398983945,0,1
10,4,f2p,46,past_unknown,4,0,0.12265387549019892,0,1
10,4,f2p,46,past_unknown,5,0,0.24777565772957547,0,1
10,4,f2p,47,past_unknown,0,0,0.9942424821809399,1,0
10,4,f2p,47,past_unknown,1,0,0.999866537609534,1,0
10,4,f2p,47,past_unknown,2,0,0.9963212769861659,1,0
10,4,f2p,47,past_unknown,3,0,0.992263962830671,1,0
10,4,f2p,47,past_unknown,4,0,0.9663566136344821,1,0
10,4,f2p,47,past_unknown,5,0,0.9958091929137763,1,0
10,4,f2p,48,past_unknown,0,0,0.0032624327942220163,0,1
10,4,f2p,48,past_unknown,1,0,0.0007787187687926839,0,1
10,4,f2p,48,past_unknown,2,0,0.4957957497982519,0,1
10,4,f2p,48,past_unknown,3,0,0.08139162937634245,0,1
10,4,f2p,48,past_unknown,4,0,8.213935733232866e-05,0,1
10,4,f2p,48,past_unknown,5,0,0.789865241619806,1,0
10,4,f2p,49,past_unknown,0,0,0.9524438485783083,1,0
10,4,f2p,49,past_unknown,1,0,0.988030189805639,1,0
10,4,f2p,49,past_unknown,2,0,0.13760353534887967,0,1
10,4,f2p,49,past_unknown,3,0,0.6297881863363696,1,0
10,4,f2p,49,past_unknown,4,0,0.697654793299765,1,0
10,4,f2p,49,past_unknown,5,0,0.9297187374512879,1,0
11,4,p2f,50,future_known,0,1,0.6181081684200529,1,1
11,4,p2f,50,future_known,1,1,0.9578196869541579,1,1
11,4,p2f,50,future_known,2,1,0.9007788613388902,1,1
11,4,p2f,50,future_known,3,1,0.1994780643360858,0,0
11,4,p2f,50,future_known,4,1,0.6950228310470611,1,1
11,4,p2f,50,future_known,5,1,0.9966196190566231,1,1
11,4,p2f,51,future_known,0,1,0.8284885438711816,1,1
11,4,p2f,51,future_known,1,1,0.980650005804882,1,1
11,4,p2f,51,future_known,2,1,0.5382156628783449,1,1
11,4,p2f,51,future_known,3,1,0.6584683554292938,1,1
11,4,p2f,51,future_known,4,1,0.5200896351276293,1,1
11,4,p2f,51,future_known,5,1,0.02317445959672633,0,0
11,4,p2f,52,future_known,0,1,0.8372446047800897,1,1
11,4,p2f,52,future_known,1,1,0.9999834305483892,1,1
11,4,p2f,52,future_known,2,1,0.5192356906656808,1,1
11,4,p2f,52,future_known,3,1,0.9856525143037023,1,1
11,4,p2f,52,future_known,4,1,0.7324912129027457,1,1
11,4,p2f,52,future_known,5,1,0.6017096635571767,1,1
11,4,p2f,53,future_known,0,1,0.9740252035617398,1,1
11,4,p2f,53,future_known,1,1,0.5574681924069496,1,1
11,4,p2f,53,future_known,2,1,0.9674472914862546,1,1
11,4,p2f,53,future_known,3,1,0.14624612486195612,0,0
11,4,p2f,53,future_known,4,1,0.7820695979158695,1,1
11,4,p2f,53,future_known,5,1,0.04338671631084065,0,0
11,4,p2f,54,future_known,0,1,0.9914333459966775,1,1
11,4,p2f,54,future_known,1,1,0.5052526939937282,1,1
11,4,p2f,54,future_known,2,1,0.9411399905514806,1,1
11,4,p2f,54,future_known,3,1,0.9919650571636042,1,1
11,4,p2f,54,future_known,4,1,0.39811547399117664,0,0
11,4,p2f,54,future_known,5,1,0.9934616652466706,1,1
11,4,p2f,55,future_known,0,1,0.9992945436012911,1,1
11,4,p2f,55,future_known,1,1,0.9982965270510238,1,1
11,4,p2f,55,future_known,2,1,0.8881401074260966,1,1
11,4,p2f,55,future_known,3,1,0.9994214509868086,1,1
11,4,p2f,55,future_known,4,1,0.9039999665537876,1,1
11,4,p2f,55,future_known,5,1,0.9982061988162564,1,1
11,4,p2f,56,future_known,0,1,0.9904629131200432,1,1
11,4,p2f,56,future_known,1,1,0.9744577931230058,1,1
11,4,p2f,56,future_known,2,1,0.29237088061821564,0,0
11,4,p2f,56,future_known,3,1,0.9822505288027835,1,1
11,4,p2f,56,future_known,4,1,0.027759826775108055,0,0
11,4,p2f,56,future_known,5,1,0.8176939138544249,1,1
11,4,p2f,57,future_known,0,1,0.5481654043405144,1,1
11,4,p2f,57,future_known,1,1,0.6763603044367387,1,1
11,4,p2f,57,future_known,2,1,0.99901630242755,1,1
11,4,p2f,57,future_known,3,1,0.795995556193975,1,1
11,4,p2f,57,future_known,4,1,0.5811550969944436,1,1
11,4,p2f,57,future_known,5,1,0.3659692729463016,0,0
11,4,p2f,58,future_known,0,1,0.9430819414147216,1,1
11,4,p2f,58,future_known,1,1,0.9938233043530298,1,1
11,4,p2f,58,future_known,2,1,0.7634393732806922,1,1
11,4,p2f,58,future_known,3,1,0.9616212037193516,1,1
11,4,p2f,58,future_known,4,1,0.680793881270417,1,1
11,4,p2f,58,future_known,5,1,0.7610490789993095,1,1
11,4,p2f,59,future_known,0,1,0.9988472180248894,1,1
11,4,p2f,59,future_known,1,1,0.985821132803171,1,1
11,4,p2f,59,future_known,2,1,0.9829171896242092,1,1
11,4,p2f,59,future_known,3,1,0.9829575222861341,1,1
11,4,p2f,59,future_known,4,1,0.9967115356110932,1,1
11,4,p2f,59,future_known,5,1,0.9940334286140426,1,1
11,4,p2f,60,future_known,0,1,0.9879694096556326,1,1
11,4,p2f,60,future_known,1,1,0.9951446033209742,1,1
11,4,p2f,60,future_known,2,1,0.2254804057862022,0,0
11,4,p2f,60,future_known,3,1,0.9119305490143113,1,1
11,4,p2f,60,future_known,4,1,0.04404460924754589,0,0
11,4,p2f,60,future_known,5,1,0.9926622966462054,1,1
11,4,p2f,61,future_known,0,1,0.32931004306728967,0,0
11,4,p2f,61,future_known,1,1,0.602474657090131,1,1
11,4,p2f,61,future_known,2,1,0.01269427245950433,0,0
11,4,p2f,61,future_known,3,1,0.21288749243423297,0,0
11,4,p2f,61,future_known,4,1,0.7622107553147032,1,1
11,4,p2f,61,future_known,5,1,0.4053967215734168,0,0
11,4,p2f,62,future_known,0,1,0.9729621706142975,1,1
11,4,p2f,62,future_known,1,1,0.9971606658801186,1,1
11,4,p2f,62,future_known,2,1,0.4369810692976096,0,0
11,4,p2f,62,future_known,3,1,0.3211035953888793,0,0
11,4,p2f,62,future_known,4,1,0.9799165294944805,1,1
11,4,p2f,62,future_known,5,1,0.13955276360750152,0,0
11,4,p2f,63,future_known,0,1,0.346410201481985,0,0
11,4,p2f,63,future_known,1,1,0.9059344102046587,1,1
11,4,p2f,63,future_known,2,1,0.014808202915035719,0,0
11,4,p2f,63,future_known,3,1,0.8707568223252218,1,1
11,4,p2f,63,future_known,4,1,0.6537050127199031,1,1
11,4,p2f,63,future_known,5,1,0.6066569204196165,1,1
11,4,p2f,64,future_known,0,1,0.9845489742967533,1,1
11,4,p2f,64,future_known,1,1,0.8737789591844656,1,1
11,4,p2f,64,future_known,2,1,0.8986949869582361,1,1
11,4,p2f,64,future_known,3,1,0.9446557086118932,1,1
11,4,p2f,64,future_known,4,1,0.043216007802416564,0,0
11,4,p2f,64,future_known,5,1,0.9870621826602816,1,1
11,4,p2f,65,future_known,0,1,0.18560339614660568,0,0
11,4,p2f,65,future_known,1,1,0.13713805379689473,0,0
11,4,p2f,65,future_known,2,1,0.9797393007001207,1,1
11,4,p2f,65,future_known,3,1,0.43078382488520667,0,0
11,4,p2f,65,future_known,4,1,0.040297877679290085,0,0
11,4,p2f,65,future_known,5,1,0.26829628290557084,0,0
11,4,p2f,66,future_known,0,1,0.9006754408382757,1,1
11,4,p2f,66,future_known,1,1,0.9830812613917865,1,1
11,4,p2f,66,future_known,2,1,0.5587697866714824,1,1
11,4,p2f,66,future_known,3,1,0.9270991174610032,1,1
11,4,p2f,66,future_known,4,1,0.3315483643855646,0,0
11,4,p2f,66,future_known,5,1,0.8332840879337049,1,1
11,4,p2f,67,future_known,0,1,0.9434339487561035,1,1
11,4,p2f,67,future_known,1,1,0.9982945499572387,1,1
11,4,p2f,67,future_known,2,1,0.5283222998940943,1,1
11,4,p2f,67,future_known,3,1,0.9559493660939038,1,1
11,4,p2f,67,future_known,4,1,0.9984975350130674,1,1
11,4,p2f,67,future_known,5,1,0.6979178918771315,1,1
11,4,p2f,68,future_known,0,1,0.8256467240589915,1,1
11,4,p2f,68,future_known,1,1,0.9898147437264095,1,1
11,4,p2f,68,future_known,2,1,0.17222944169685847,0,0
11,4,p2f,68,future_known,3,1,0.5985985955094639,1,1
11,4,p2f,68,future_known,4,1,0.5025591272254675,1,1
11,4,p2f,68,future_known,5,1,0.8610462742595325,1,1
11,4,p2f,69,future_known,0,1,0.6350625030719012,1,1
11,4,p2f,69,future_known,1,1,0.8431441747004583,1,1
11,4,p2f,69,future_known,2,1,0.43401975114693064,0,0
11,4,p2f,69,future_known,3,1,0.2517786779208998,0,0
11,4,p2f,69,future_known,4,1,0.8228587194509833,1,1
11,4,p2f,69,future_known,5,1,0.5250193596093481,1,1
11,4,p2f,70,future_known,0,1,0.9670352402978563,1,1
11,4,p2f,70,future_known,1,1,0.9314457990472207,1,1
11,4,p2f,70,future_known,2,1,0.26299354912849726,0,0
11,4,p2f,70,future_known,3,1,0.3772084691488924,0,0
11,4,p2f,70,future_known,4,1,0.9890230301207724,1,1
11,4,p2f,70,future_known,5,1,0.39654340273990074,0,0
11,4,p2f,71,future_known,0,1,0.9875633353305551,1,1
11,4,p2f,71,future_known,1,1,0.9985247271192879,1,1
11,4,p2f,71,future_known,2,1,0.9952712791228371,1,1
11,4,p2f,71,future_known,3,1,0.9903804161884099,1,1
11,4,p2f,71,future_known,4,1,0.9980178276001576,1,1
11,4,p2f,71,future_known,5,1,0.6753768866367507,1,1
11,4,p2f,72,future_known,0,1,0.8002113440640405,1,1
11,4,p2f,72,future_known,1,1,0.8845739950896996,1,1
11,4,p2f,72,future_known,2,1,0.3179897938314657,0,0
11,4,p2f,72,future_known,3,1,0.7733309547227276,1,1
11,4,p2f,72,future_known,4,1,0.5820477323007105,1,1
11,4,p2f,72,future_known,5,1,0.9816063288647818,1,1
11,4,p2f,73,future_known,0,1,0.8194474378614397,1,1
11,4,p2f,73,future_known,1,1,0.1645625952635054,0,0
11,4,p2f,73,future_known,2,1,0.020344593757242617,0,0
11,4,p2f,73,future_known,3,1,0.016096385914252893,0,0
11,4,p2f,73,future_known,4,1,0.05441647200915261,0,0
11,4,p2f,73,future_known,5,1,0.11721065066750508,0,0
11,4,p2f,74,future_known,0,1,0.8519362096025532,1,1
11,4,p2f,74,future_known,1,1,0.9485878399004692,1,1
11,4,p2f,74,future_known,2,1,0.29587121633718283,0,0
11,4,p2f,74,future_known,3,1,0.08571747748586579,0,0
11,4,p2f,74,future_known,4,1,0.8857002754869291,1,1
11,4,p2f,74,future_known,5,1,0.3230727291975636,0,0
11,4,p2f,75,future_unknown,0,0,0.5099357452555211,1,0
11,4,p2f,75,future_unknown,1,0,0.9655974395535292,1,0
11,4,p2f,75,future_unknown,2,0,0.7026882442701192,1,0
11,4,p2f,75,future_unknown,3,0,0.06510281831537745,0,1
11,4,p2f,75,future_unknown,4,0,0.8335505694659292,1,0
11,4,p2f,75,future_unknown,5,0,0.6106417204896153,1,0
11,4,p2f,76,future_unknown,0,0,3.943335099902534e-05,0,1
11,4,p2f,76,future_unknown,1,0,0.0012074187921865761,0,1
11,4,p2f,76,future_unknown,2,0,0.016429808751077773,0,1
11,4,p2f,76,future_unknown,3,0,0.047069977993346675,0,1
11,4,p2f,76,future_unknown,4,0,0.00447393694258085,0,1
11,4,p2f,76,future_unknown,5,0,2.8805151976547596e-06,0,1
11,4,p2f,77,future_unknown,0,0,0.0018236008087012766,0,1
11,4,p2f,77,future_unknown,1,0,0.00019786469262097713,0,1
11,4,p2f,77,future_unknown,2,0,9.30121823568244e-06,0,1
11,4,p2f,77,future_unknown,3,0,0.00016327295364167724,0,1
11,4,p2f,77,future_unknown,4,0,6.937788985386658e-06,0,1
11,4,p2f,77,future_unknown,5,0,2.9311905886332772e-05,0,1
11,4,p2f,78,future_unknown,0,0,0.6851676253732426,1,0
11,4,p2f,78,future_unknown,1,0,0.004369006431495909,0,1
11,4,p2f,78,future_unknown,2,0,0.9569574886520675,1,0
11,4,p2f,78,future_unknown,3,0,0.8280775545987271,1,0
11,4,p2f,78,future_unknown,4,0,0.8652232706106917,1,0
11,4,p2f,78,future_unknown,5,0,0.7409540164209429,1,0
11,4,p2f,79,future_unknown,0,0,0.09182325173738008,0,1
11,4,p2f,79,future_unknown,1,0,0.003326056282499496,0,1
11,4,p2f,79,future_unknown,2,0,0.20289215764568105,0,1
11,4,p2f,79,future_unknown,3,0,0.009490043872283175,0,1
11,4,p2f,79,future_unknown,4,0,0.022458484816986132,0,1
11,4,p2f,79,future_unknown,5,0,0.5123973932946431,1,0
11,4,p2f,80,future_unknown,0,0,0.42190866534060667,0,1
11,4,p2f,80,future_unknown,1,0,0.9994376558259782,1,0
11,4,p2f,80,future_unknown,2,0,0.8784801335887708,1,0
11,4,p2f,80,future_unknown,3,0,0.9978688727556583,1,0
11,4,p2f,80,future_unknown,4,0,0.06564287929674036,0,1
11,4,p2f,80,future_unknown,5,0,0.959057198678522,1,0
11,4,p2f,81,future_unknown,0,0,0.006671067724879496,0,1
11,4,p2f,81,future_unknown,1,0,0.011191931483397847,0,1
11,4,p2f,81,future_unknown,2,0,8.281017127022972e-05,0,1
11,4,p2f,81,future_unknown,3,0,2.9652706495269022e-05,0,1
11,4,p2f,81,future_unknown,4,0,0.0012255211644927463,0,1
11,4,p2f,81,future_unknown,5,0,0.006630302924265842,0,1
11,4,p2f,82,future_unknown,0,0,0.02351037778019752,0,1
11,4,p2f,82,future_unknown,1,0,0.05528273831335667,0,1
11,4,p2f,82,future_unknown,2,0,0.0004769996590797322,0,1
11,4,p2f,82,future_unknown,3,0,0.4057996535459469,0,1
11,4,p2f,82,future_unknown,4,0,0.04552071604003516,0,1
11,4,p2f,82,future_unknown,5,0,0.13274382382458452,0,1
11,4,p2f,83,future_unknown,0,0,0.3044446454788828,0,1
11,4,p2f,83,future_unknown,1,0,0.917888335213046,1,0
11,4,p2f,83,future_unknown,2,0,0.006143722179921036,0,1
11,4,p2f,83,future_unknown,3,0,0.9575528559949653,1,0
11,4,p2f,83,future_unknown,4,0,0.10654279531291459,0,1
11,4,p2f,83,future_unknown,5,0,0.2940531755369939,0,1
11,4,p2f,84,future_unknown,0,0,4.37222499929898e-06,0,1
11,4,p2f,84,future_unknown,1,0,0.0032784875232356246,0,1
11,4,p2f,84,future_unknown,2,0,2.632769191954845e-06,0,1
11,4,p2f,84,future_unknown,3,0,4.8933825230227774e-05,0,1
11,4,p2f,84,future_unknown,4,0,1.149517015286777e-06,0,1
11,4,p2f,84,future_unknown,5,0,0.0010509668113242508,0,1
11,4,p2f,85,future_unknown,0,0,0.25703544399910017,0,1
11,4,p2f,85,future_unknown,1,0,0.6869912833878389,1,0
11,4,p2f,85,future_unknown,2,0,0.6014853792064621,1,0
11,4,p2f,85,future_unknown,3,0,0.9930692527170631,1,0
11,4,p2f,85,future_unknown,4,0,0.4223036823195259,0,1
11,4,p2f,85,future_unknown,5,0,0.2031999586133943,0,1
11,4,p2f,86,future_unknown,0,0,0.15286570542093153,0,1
11,4,p2f,86,future_unknown,1,0,0.029776322058855578,0,1
11,4,p2f,86,future_unknown,2,0,0.13298189326136098,0,1
11,4,p2f,86,future_unknown,3,0,0.6625236500771436,1,0
11,4,p2f,86,future_unknown,4,0,0.4596142970420131,0,1
11,4,p2f,86,future_unknown,5,0,0.48489519560691885,0,1
11,4,p2f,87,future_unknown,0,0,0.011833990342421781,0,1
11,4,p2f,87,future_unknown,1,0,0.1920056256170485,0,1
11,4,p2f,87,future_unknown,2,0,0.06351257752386948,0,1
11,4,p2f,87,future_unknown,3,0,0.042349651542558917,0,1
11,4,p2f,87,future_unknown,4,0,0.015303684216718115,0,1
11,4,p2f,87,future_unknown,5,0,0.0686881182675807,0,1
11,4,p2f,88,future_unknown,0,0,0.49225755787159015,0,1
11,4,p2f,88,future_unknown,1,0,0.3817841935064774,0,1
11,4,p2f,88,future_unknown,2,0,0.8570064350484727,1,0
11,4,p2f,88,future_unknown,3,0,0.22853538201813697,0,1
11,4,p2f,88,future_unknown,4,0,0.9607096737901358,1,0
11,4,p2f,88,future_unknown,5,0,0.2757856066370155,0,1
11,4,p2f,89,future_unknown,0,0,0.002458712325666954,0,1
11,4,p2f,89,future_unknown,1,0,0.2476991407090581,0,1
11,4,p2f,89,future_unknown,2,0,0.007322941665608769,0,1
11,4,p2f,89,future_unknown,3,0,0.0376007629253702,0,1
11,4,p2f,89,future_unknown,4,0,0.017446261736783215,0,1
11,4,p2f,89,future_unknown,5,0,0.05663568332300874,0,1
11,4,p2f,90,future_unknown,0,0,0.9979778678370712,1,0
11,4,p2f,90,future_unknown,1,0,0.9999546458580274,1,0
11,4,p2f,90,future_unknown,2,0,0.9996804290104092,1,0
11,4,p2f,90,future_unknown,3,0,0.9952435469768031,1,0
11,4,p2f,90,future_unknown,4,0,0.9996098192015233,1,0
11,4,p2f,90,future_unknown,5,0,0.9961208225867528,1,0
11,4,p2f,91,future_unknown,0,0,0.008334828216932223,0,1
11,4,p2f,91,future_unknown,1,0,0.025541263539751557,0,1
11,4,p2f,91,future_unknown,2,0,0.0005664256515830148,0,1
11,4,p2f,91,future_unknown,3,0,0.015789819297873497,0,1
11,4,p2f,91,future_unknown,4,0,0.001150875328448602,0,1
11,4,p2f,91,future_unknown,5,0,0.019729657403156825,0,1
11,4,p2f,92,future_unknown,0,0,0.00014991776487884365,0,1
11,4,p2f,92,future_unknown,1,0,0.0004800982072238243,0,1
11,4,p2f,92,future_unknown,2,0,0.001824753861657043,0,1
11,4,p2f,92,future_unknown,3,0,0.24209364247868514,0,1
11,4,p2f,92,future_unknown,4,0,0.2974510505050504,0,1
11,4,p2f,92,future_unknown,5,0,1.1092984676634387e-06,0,1
11,4,p2f,93,future_unknown,0,0,0.14546002554245935,0,1
11,4,p2f,93,future_unknown,1,0,0.024660211432069434,0,1
11,4,p2f,93,future_unknown,2,0,0.004838441705099403,0,1
11,4,p2f,93,future_unknown,3,0,0.004838441705099403,0,1
11,4,p2f,93,future_unknown,4,0,0.016507260717975192,0,1
11,4,p2f,93,future_unknown,5,0,0.0005449489414053532,0,1
11,4,p2f,94,future_unknown,0,0,0.3497674502957773,0,1
11,4,p2f,94,future_unknown,1,0,0.2947307964294743,0,1
11,4,p2f,94,future_unknown,2,0,0.006491589184728596,0,1
11,4,p2f,94,future_unknown,3,0,0.9402781492755553,1,0
11,4,p2f,94,future_unknown,4,0,0.8159804285306032,1,0
11,4,p2f,94,future_unknown,5,0,0.05935218448012111,0,1
11,4,p2f,95,future_unknown,0,0,0.13487202073379925,0,1
11,4,p2f,95,future_unknown,1,0,0.43542421598308256,0,1
11,4,p2f,95,future_unknown,2,0,0.9384583748055487,1,0
11,4,p2f,95,future_unknown,3,0,0.006670872426433598,0,1
11,4,p2f,95,future_unknown,4,0,0.7294762448720037,1,0
11,4,p2f,95,future_unknown,5,0,0.006742171268043281,0,1
11,4,p2f,96,future_unknown,0,0,0.7479131681376988,1,0
11,4,p2f,96,future_unknown,1,0,0.8682355984960582,1,0
11,4,p2f,96,future_unknown,2,0,0.9994678477130103,1,0
11,4,p2f,96,future_unknown,3,0,0.9211095993406342,1,0
11,4,p2f,96,future_unknown,4,0,0.8083338139155739,1,0
11,4,p2f,96,future_unknown,5,0,0.9980661488731676,1,0
11,4,p2f,97,future_unknown,0,0,0.00011395414531224248,0,1
11,4,p2f,97,future_unknown,1,0,0.04288145191087957,0,1
11,4,p2f,97,future_unknown,2,0,0.05017272831225757,0,1
11,4,p2f,97,future_unknown,3,0,0.2632974713762987,0,1
11,4,p2f,97,future_unknown,4,0,0.004711643718230459,0,1
11,4,p2f,97,future_unknown,5,0,0.06280857336176408,0,1
11,4,p2f,98,future_unknown,0,0,0.002158086631259353,0,1
11,4,p2f,98,future_unknown,1,0,4.361398303194019e-05,0,1
11,4,p2f,98,future_unknown,2,0,0.0007024292110892744,0,1
11,4,p2f,98,future_unknown,3,0,2.9597938878474725e-06,0,1
11,4,p2f,98,future_unknown,4,0,2.6968082429971618e-05,0,1
11,4,p2f,98,future_unknown,5,0,5.881142088668548e-05,0,1
11,4,p2f,99,future_unknown,0,0,0.4023741223569413,0,1
11,4,p2f,99,future_unknown,1,0,0.8815398799506281,1,0
11,4,p2f,99,future_unknown,2,0,0.6425232761081159,1,0
11,4,p2f,99,future_unknown,3,0,0.9960936833542084,1,0
11,4,p2f,99,future_unknown,4,0,0.7306758173747275,1,0
11,4,p2f,99,future_unknown,5,0,0.952655920917216,1,0
11,4,f2p,0,past_known,0,1,0.0021949242558610416,0,0
11,4,f2p,0,past_known,1,1,0.0003356413787365952,0,0
11,4,f2p,0,past_known,2,1,2.7925936730149256e-05,0,0
11,4,f2p,0,past_known,3,1,3.6268532805824765e-06,0,0
11,4,f2p,0,past_known,4,1,0.00031122442435017726,0,0
11,4,f2p,0,past_known,5,1,1.793308124545465e-05,0,0
11,4,f2p,1,past_known,0,1,0.06550262680949114,0,0
11,4,f2p,1,past_known,1,1,0.42837251804993326,0,0
11,4,f2p,1,past_known,2,1,0.0026776493786229414,0,0
11,4,f2p,1,past_known,3,1,0.0001293815079628291,0,0
11,4,f2p,1,past_known,4,1,0.012907157277836808,0,0
11,4,f2p,1,past_known,5,1,0.404205142018222,0,0
11,4,f2p,2,past_known,0,1,0.0009401735689830242,0,0
11,4,f2p,2,past_known,1,1,0.0015116369244654218,0,0
11,4,f2p,2,past_known,2,1,0.30958427465120125,0,0
11,4,f2p,2,past_known,3,1,0.00041730602193732147,0,0
11,4,f2p,2,past_known,4,1,7.25764399913104e-06,0,0
11,4,f2p,2,past_known,5,1,6.589282739200236e-06,0,0
11,4,f2p,3,past_known,0,1,0.0007250798196115381,0,0
11,4,f2p,3,past_known,1,1,1.118968414001328e-06,0,0
11,4,f2p,3,past_known,2,1,0.07445065038672004,0,0
11,4,f2p,3,past_known,3,1,0.007541473278660125,0,0
11,4,f2p,3,past_known,4,1,0.0004296014179596574,0,0
11,4,f2p,3,past_known,5,1,0.006551562518175711,0,0
11,4,f2p,4,past_known,0,1,1.1597867890311546e-05,0,0
11,4,f2p,4,past_known,1,1,6.586297279768581e-06,0,0
11,4,f2p,4,past_known,2,1,0.0006937892386214908,0,0
11,4,f2p,4,past_known,3,1,1.7137708762308078e-06,0,0
11,4,f2p,4,past_known,4,1,0.3484990407281286,0,0
11,4,f2p,4,past_known,5,1,5.602026042655143e-05,0,0
11,4,f2p,5,past_known,0,1,0.9996691349342282,1,1
11,4,f2p,5,past_known,1,1,0.9999982363439907,1,1
11,4,f2p,5,past_known,2,1,0.9991339265376444,1,1
11,4,f2p,5,past_known,3,1,0.9994085122003682,1,1
11,4,f2p,5,past_known,4,1,0.9999999973300866,1,1
11,4,f2p,5,past_known,5,1,0.9999709512112193,1,1
11,4,f2p,6,past_known,0,1,0.48317921071891134,0,0
11,4,f2p,6,past_known,1,1,0.7105718903812309,1,1
11,4,f2p,6,past_known,2,1,0.6968385094721539,1,1
11,4,f2p,6,past_known,3,1,0.9357669544679874,1,1
11,4,f2p,6,past_known,4,1,0.9863546228529994,1,1
11,4,f2p,6,past_known,5,1,0.9337947060589906,1,1
11,4,f2p,7,past_known,0,1,0.12152100545608292,0,0
11,4,f2p,7,past_known,1,1,0.8758535356791324,1,1
11,4,f2p,7,past_known,2,1,0.010667048991796138,0,0
11,4,f2p,7,past_known,3,1,0.7920605094099481,1,1
11,4,f2p,7,past_known,4,1,0.009801792870869309,0,0
11,4,f2p,7,past_known,5,1,0.0004639045915481953,0,0
11,4,f2p,8,past_known,0,1,0.9984686025425821,1,1
11,4,f2p,8,past_known,1,1,0.00011678252648401133,0,0
11,4,f2p,8,past_known,2,1,0.9577654171059138,1,1
11,4,f2p,8,past_known,3,1,0.9943477429626495,1,1
11,4,f2p,8,past_known,4,1,6.97182269457904e-06,0,0
11,4,f2p,8,past_known,5,1,0.992745691236613,1,1
11,4,f2p,9,past_known,0,1,0.9999192206518669,1,1
11,4,f2p,9,past_known,1,1,0.9999530822427912,1,1
11,4,f2p,9,past_known,2,1,0.9998467605160927,1,1
11,4,f2p,9,past_known,3,1,0.999999999891682,1,1
11,4,f2p,9,past_known,4,1,0.9910452870256804,1,1
11,4,f2p,9,past_known,5,1,0.9997709673874237,1,1
11,4,f2p,10,past_known,0,1,0.7448777816702743,1,1
11,4,f2p,10,past_known,1,1,0.3912947331023372,0,0
11,4,f2p,10,past_known,2,1,0.9960480314825759,1,1
11,4,f2p,10,past_known,3,1,0.07060334779978851,0,0
11,4,f2p,10,past_known,4,1,0.9998152273775212,1,1
11,4,f2p,10,past_known,5,1,0.9273885067728804,1,1
11,4,f2p,11,past_known,0,1,0.0001060882050646008,0,0
11,4,f2p,11,past_known,1,1,0.16215882646870589,0,0
11,4,f2p,11,past_known,2,1,0.006235241034558612,0,0
11,4,f2p,11,past_known,3,1,0.000486459181502512,0,0
11,4,f2p,11,past_known,4,1,0.6160435217745694,1,1
11,4,f2p,11,past_known,5,1,0.23838904087171436,0,0
11,4,f2p,12,past_known,0,1,3.915359425513168e-05,0,0
11,4,f2p,12,past_known,1,1,2.7535938410147196e-05,0,0
11,4,f2p,12,past_known,2,1,0.02931537426850442,0,0
11,4,f2p,12,past_known,3,1,0.006242960277625815,0,0
11,4,f2p,12,past_known,4,1,0.00011012200168804433,0,0
11,4,f2p,12,past_known,5,1,0.006409055184315465,0,0
11,4,f2p,13,past_known,0,1,0.9999976749147411,1,1
11,4,f2p,13,past_known,1,1,0.9999993341966137,1,1
11,4,f2p,13,past_known,2,1,0.9999987703534209,1,1
11,4,f2p,13,past_known,3,1,0.999997465126882,1,1
11,4,f2p,13,past_known,4,1,0.9999989150069951,1,1
11,4,f2p,13,past_known,5,1,0.9999941736809681,1,1
11,4,f2p,14,past_known,0,1,3.385018870358363e-05,0,0
11,4,f2p,14,past_known,1,1,0.9097898586389773,1,1
11,4,f2p,14,past_known,2,1,0.023805935957385373,0,0
11,4,f2p,14,past_known,3,1,6.519445095141451e-06,0,0
11,4,f2p,14,past_known,4,1,0.00012205387691011752,0,0
11,4,f2p,14,past_known,5,1,0.9981453841705208,1,1
11,4,f2p,15,past_known,0,1,0.004320388704618265,0,0
11,4,f2p,15,past_known,1,1,0.00021456275364791253,0,0
11,4,f2p,15,past_known,2,1,0.028108884107026985,0,0
11,4,f2p,15,past_known,3,1,0.0006083669260477758,0,0
11,4,f2p,15,past_known,4,1,0.0007984922086801753,0,0
11,4,f2p,15,past_known,5,1,0.9979941237618623,1,1
11,4,f2p,16,past_known,0,1,0.9999998090509292,1,1
11,4,f2p,16,past_known,1,1,0.9999999997951414,1,1
11,4,f2p,16,past_known,2,1,0.9999999993133033,1,1
11,4,f2p,16,past_known,3,1,0.9999999151725666,1,1
11,4,f2p,16,past_known,4,1,0.9999992943130913,1,1
11,4,f2p,16,past_known,5,1,0.9999999875372686,1,1
11,4,f2p,17,past_known,0,1,0.0074974200865354996,0,0
11,4,f2p,17,past_known,1,1,2.5856981464733532e-05,0,0
11,4,f2p,17,past_known,2,1,0.0001828923773366518,0,0
11,4,f2p,17,past_known,3,1,1.4318583272587599e-05,0,0
11,4,f2p,17,past_known,4,1,0.0009986611386399668,0,0
11,4,f2p,17,past_known,5,1,0.002330638584498332,0,0
11,4,f2p,18,past_known,0,1,0.7273574358454923,1,1
11,4,f2p,18,past_known,1,1,0.995437170085442,1,1
11,4,f2p,18,past_known,2,1,0.9999158948959198,1,1
11,4,f2p,18,past_known,3,1,0.3070081958718864,0,0
11,4,f2p,18,past_known,4,1,0.10091881559218557,0,0
11,4,f2p,18,past_known,5,1,0.12400935548442492,0,0
11,4,f2p,19,past_known,0,1,0.9999999904662346,1,1
11,4,f2p,19,past_known,1,1,0.9999994869511056,1,1
11,4,f2p,19,past_known,2,1,0.9999953869843009,1,1
11,4,f2p,19,past_known,3,1,0.9999999967232698,1,1
11,4,f2p,19,past_known,4,1,0.9999598127263938,1,1
11,4,f2p,19,past_known,5,1,0.9999627557050633,1,1
11,4,f2p,20,past_known,0,1,0.9620487374973958,1,1
11,4,f2p,20,past_known,1,1,0.10629864173038564,0,0
11,4,f2p,20,past_known,2,1,0.9999769240111338,1,1
11,4,f2p,20,past_known,3,1,0.0032378904663390913,0,0
11,4,f2p,20,past_known,4,1,0.7921183121849089,1,1
11,4,f2p,20,past_known,5,1,0.6893373931821077,1,1
11,4,f2p,21,past_known,0,1,2.5861248022448704e-05,0,0
11,4,f2p,21,past_known,1,1,3.540068901789937e-06,0,0
11,4,f2p,21,past_known,2,1,2.1558173833312867e-06,0,0
11,4,f2p,21,past_known,3,1,3.3724268160617055e-06,0,0
11,4,f2p,21,past_known,4,1,0.001094724340000026,0,0
11,4,f2p,21,past_known,5,1,5.73770730292582e-07,0,0
11,4,f2p,22,past_known,0,1,0.9030550309228592,1,1
11,4,f2p,22,past_known,1,1,0.8742375271031882,1,1
11,4,f2p,22,past_known,2,1,0.9965142719937604,1,1
11,4,f2p,22,past_known,3,1,0.9997751707807759,1,1
11,4,f2p,22,past_known,4,1,0.9974390838180696,1,1
11,4,f2p,22,past_known,5,1,0.9999941378323236,1,1
11,4,f2p,23,past_known,0,1,0.9934567882819829,1,1
11,4,f2p,23,past_known,1,1,0.980868436142493,1,1
11,4,f2p,23,past_known,2,1,0.99575933174473,1,1
11,4,f2p,23,past_known,3,1,0.9964615260329159,1,1
11,4,f2p,23,past_known,4,1,0.9018573350745049,1,1
11,4,f2p,23,past_known,5,1,0.8255046468195321,1,1
11,4,f2p,24,past_known,0,1,0.9999605499284682,1,1
11,4,f2p,24,past_known,1,1,0.9978866798996894,1,1
11,4,f2p,24,past_known,2,1,0.9144958568461987,1,1
11,4,f2p,24,past_known,3,1,0.9999999662047894,1,1
11,4,f2p,24,past_known,4,1,0.9998533760706692,1,1
11,4,f2p,24,past_known,5,1,0.9999996137682838,1,1
11,4,f2p,25,past_unknown,0,0,0.036299731871765814,0,1
11,4,f2p,25,past_unknown,1,0,0.6496178096429733,1,0
11,4,f2p,25,past_unknown,2,0,0.9999901747738668,1,0
11,4,f2p,25,past_unknown,3,0,0.9758968903597602,1,0
11,4,f2p,25,past_unknown,4,0,0.00258611131479731,0,1
11,4,f2p,25,past_unknown,5,0,0.9991376751348992,1,0
11,4,f2p,26,past_unknown,0,0,0.001111158931264556,0,1
11,4,f2p,26,past_unknown,1,0,0.0747133123061703,0,1
11,4,f2p,26,past_unknown,2,0,0.0030198907256423707,0,1
11,4,f2p,26,past_unknown,3,0,0.3863994051283911,0,1
11,4,f2p,26,past_unknown,4,0,0.01925325973185504,0,1
11,4,f2p,26,past_unknown,5,0,0.00018265769533352283,0,1
11,4,f2p,27,past_unknown,0,0,0.0008957113699948019,0,1
11,4,f2p,27,past_unknown,1,0,3.939036329067686e-05,0,1
11,4,f2p,27,past_unknown,2,0,0.0023345659306583917,0,1
11,4,f2p,27,past_unknown,3,0,0.0007213385489684342,0,1
11,4,f2p,27,past_unknown,4,0,0.02985061808402833,0,1
11,4,f2p,27,past_unknown,5,0,0.6201553044199618,1,0
11,4,f2p,28,past_unknown,0,0,0.9999923088936267,1,0
11,4,f2p,28,past_unknown,1,0,0.997696171913971,1,0
11,4,f2p,28,past_unknown,2,0,0.0018999240500694027,0,1
11,4,f2p,28,past_unknown,3,0,0.9997529251528569,1,0
11,4,f2p,28,past_unknown,4,0,0.9999992146736615,1,0
11,4,f2p,28,past_unknown,5,0,0.11602892445784109,0,1
11,4,f2p,29,past_unknown,0,0,0.06208660361794401,0,1
11,4,f2p,29,past_unknown,1,0,0.6385974156819297,1,0
11,4,f2p,29,past_unknown,2,0,0.18076011131945685,0,1
11,4,f2p,29,past_unknown,3,0,0.9999366813754449,1,0
11,4,f2p,29,past_unknown,4,0,0.9853047916696441,1,0
11,4,f2p,29,past_unknown,5,0,0.9714407646755323,1,0
11,4,f2p,30,past_unknown,0,0,0.03455564139447973,0,1
11,4,f2p,30,past_unknown,1,0,0.0004872726488382711,0,1
11,4,f2p,30,past_unknown,2,0,0.031454028919481715,0,1
11,4,f2p,30,past_unknown,3,0,0.04308503026760624,0,1
11,4,f2p,30,past_unknown,4,0,0.005297473265124047,0,1
11,4,f2p,30,past_unknown,5,0,0.9894894794091413,1,0
11,4,f2p,31,past_unknown,0,0,0.9997134221087625,1,0
11,4,f2p,31,past_unknown,1,0,0.5131963733604415,1,0
11,4,f2p,31,past_unknown,2,0,0.9992837001328626,1,0
11,4,f2p,31,past_unknown,3,0,0.9508565454092959,1,0
11,4,f2p,31,past_unknown,4,0,0.9918643619251271,1,0
11,4,f2p,31,past_unknown,5,0,0.9996145241840875,1,0
11,4,f2p,32,past_unknown,0,0,0.005774512601435942,0,1
11,4,f2p,32,past_unknown,1,0,1.2388923667953076e-05,0,1
11,4,f2p,32,past_unknown,2,0,0.038739427078379476,0,1
11,4,f2p,32,past_unknown,3,0,0.000604382771381982,0,1
11,4,f2p,32,past_unknown,4,0,0.010664569878327127,0,1
11,4,f2p,32,past_unknown,5,0,5.3231522364651255e-05,0,1
11,4,f2p,33,past_unknown,0,0,0.006500634273973415,0,1
11,4,f2p,33,past_unknown,1,0,0.7116997884627518,1,0
11,4,f2p,33,past_unknown,2,0,0.0009850593452214286,0,1
11,4,f2p,33,past_unknown,3,0,0.5525955698733227,1,0
11,4,f2p,33,past_unknown,4,0,0.9999971748728624,1,0
11,4,f2p,33,past_unknown,5,0,0.9520050142689449,1,0
11,4,f2p,34,past_unknown,0,0,3.1418057303386675e-05,0,1
11,4,f2p,34,past_unknown,1,0,1.259436777917137e-05,0,1
11,4,f2p,34,past_unknown,2,0,5.529728730830438e-06,0,1
11,4,f2p,34,past_unknown,3,0,0.016487747147868034,0,1
11,4,f2p,34,past_unknown,4,0,4.375946274502132e-05,0,1
11,4,f2p,34,past_unknown,5,0,1.0840040657180437e-05,0,1
11,4,f2p,35,past_unknown,0,0,0.8212243602146431,1,0
11,4,f2p,35,past_unknown,1,0,0.0014518502703686933,0,1
11,4,f2p,35,past_unknown,2,0,0.9750694892155691,1,0
11,4,f2p,35,past_unknown,3,0,0.3916286623052126,0,1
11,4,f2p,35,past_unknown,4,0,0.0046078636566796675,0,1
11,4,f2p,35,past_unknown,5,0,0.4652985837132766,0,1
11,4,f2p,36,past_unknown,0,0,0.0041697583353202256,0,1
11,4,f2p,36,past_unknown,1,0,0.28399210426696503,0,1
11,4,f2p,36,past_unknown,2,0,0.002469696094747148,0,1
11,4,f2p,36,past_unknown,3,0,0.42207672188998197,0,1
11,4,f2p,36,past_unknown,4,0,0.5181856913569262,1,0
11,4,f2p,36,past_unknown,5,0,0.00025112208016311177,0,1
11,4,f2p,37,past_unknown,0,0,1.849490724473243e-06,0,1
11,4,f2p,37,past_unknown,1,0,0.0038287982748133236,0,1
11,4,f2p,37,past_unknown,2,0,1.584215543699053e-05,0,1
11,4,f2p,37,past_unknown,3,0,0.007682019501252826,0,1
11,4,f2p,37,past_unknown,4,0,0.00013193869991114497,0,1
11,4,f2p,37,past_unknown,5,0,0.0012308261713735382,0,1
11,4,f2p,38,past_unknown,0,0,0.004686068330727183,0,1
11,4,f2p,38,past_unknown,1,0,0.0005004379945200826,0,1
11,4,f2p,38,past_unknown,2,0,0.0003623289815076325,0,1
11,4,f2p,38,past_unknown,3,0,0.000665073312383521,0,1
11,4,f2p,38,past_unknown,4,0,0.0029376714848780077,0,1
11,4,f2p,38,past_unknown,5,0,0.017177138715843355,0,1
11,4,f2p,39,past_unknown,0,0,0.019252397618675355,0,1
11,4,f2p,39,past_unknown,1,0,0.00041523896254307444,0,1
11,4,f2p,39,past_unknown,2,0,0.042580088024995785,0,1
11,4,f2p,39,past_unknown,3,0,0.0030496966563822066,0,1
11,4,f2p,39,past_unknown,4,0,1.619351223801328e-05,0,1
11,4,f2p,39,past_unknown,5,0,0.01543844196163212,0,1
11,4,f2p,40,past_unknown,0,0,0.0102077431312483,0,1
11,4,f2p,40,past_unknown,1,0,0.00260031647985605,0,1
11,4,f2p,40,past_unknown,2,0,0.022631106614627607,0,1
11,4,f2p,40,past_unknown,3,0,0.5694984114844788,1,0
11,4,f2p,40,past_unknown,4,0,0.04327242536135861,0,1
11,4,f2p,40,past_unknown,5,0,0.6950997142920059,1,0
11,4,f2p,41,past_unknown,0,0,0.001559239034023747,0,1
11,4,f2p,41,past_unknown,1,0,0.02323513167158069,0,1
11,4,f2p,41,past_unknown,2,0,2.9129883630455978e-05,0,1
11,4,f2p,41,past_unknown,3,0,0.0005313964134762008,0,1
11,4,f2p,41,past_unknown,4,0,0.00017505241430273408,0,1
11,4,f2p,41,past_unknown,5,0,0.0002142783822435123,0,1
11,4,f2p,42,past_unknown,0,0,0.624216394413755,1,0
11,4,f2p,42,past_unknown,1,0,0.012993659966684988,0,1
11,4,f2p,42,past_unknown,2,0,0.984943817240802,1,0
11,4,f2p,42,past_unknown,3,0,0.8986736742276925,1,0
11,4,f2p,42,past_unknown,4,0,0.00793601560853672,0,1
11,4,f2p,42,past_unknown,5,0,0.17017270693532777,0,1
11,4,f2p,43,past_unknown,0,0,0.9987619992074452,1,0
11,4,f2p,43,past_unknown,1,0,0.834510772178649,1,0
11,4,f2p,43,past_unknown,2,0,0.9998277488945914,1,0
11,4,f2p,43,past_unknown,3,0,0.9999990012456873,1,0
11,4,f2p,43,past_unknown,4,0,0.9999998767285015,1,0
11,4,f2p,43,past_unknown,5,0,0.9999844375124837,1,0
11,4,f2p,44,past_unknown,0,0,0.0006503774319792858,0,1
11,4,f2p,44,past_unknown,1,0,0.0025771215439569025,0,1
11,4,f2p,44,past_unknown,2,0,0.005371180958860137,0,1
11,4,f2p,44,past_unknown,3,0,0.27728562836884424,0,1
11,4,f2p,44,past_unknown,4,0,0.00012389489783786484,0,1
11,4,f2p,44,past_unknown,5,0,0.4197166982935992,0,1
11,4,f2p,45,past_unknown,0,0,0.5954825274102532,1,0
11,4,f2p,45,past_unknown,1,0,0.008040207001505142,0,1
11,4,f2p,45,past_unknown,2,0,0.38371011957699325,0,1
11,4,f2p,45,past_unknown,3,0,0.5806621110909185,1,0
11,4,f2p,45,past_unknown,4,0,0.4490406114235221,0,1
11,4,f2p,45,past_unknown,5,0,0.09931740358506506,0,1
11,4,f2p,46,past_unknown,0,0,0.04944567057588696,0,1
11,4,f2p,46,past_unknown,1,0,0.8185389807448299,1,0
11,4,f2p,46,past_unknown,2,0,4.3421686802259334e-05,0,1
11,4,f2p,46,past_unknown,3,0,0.001885268338765395,0,1
11,4,f2p,46,past_unknown,4,0,0.02207959617553068,0,1
11,4,f2p,46,past_unknown,5,0,0.6906678392166729,1,0
11,4,f2p,47,past_unknown,0,0,0.6284970999509386,1,0
11,4,f2p,47,past_unknown,1,0,0.9846487119266216,1,0
11,4,f2p,47,past_unknown,2,0,0.9417575726237382,1,0
11,4,f2p,47,past_unknown,3,0,0.5335403205026908,1,0
11,4,f2p,47,past_unknown,4,0,0.7074890618128871,1,0
11,4,f2p,47,past_unknown,5,0,0.7517577330343987,1,0
11,4,f2p,48,past_unknown,0,0,0.0008024822008714554,0,1
11,4,f2p,48,past_unknown,1,0,9.815596402723431e-05,0,1
11,4,f2p,48,past_unknown,2,0,0.006479928237925089,0,1
11,4,f2p,48,past_unknown,3,0,0.003787403153027802,0,1
11,4,f2p,48,past_unknown,4,0,1.3006765077735202e-05,0,1
11,4,f2p,48,past_unknown,5,0,0.09212913629349108,0,1
11,4,f2p,49,past_unknown,0,0,0.9824080379187222,1,0
11,4,f2p,49,past_unknown,1,0,0.9937655612302286,1,0
11,4,f2p,49,past_unknown,2,0,0.07127646906323759,0,1
11,4,f2p,49,past_unknown,3,0,0.5082100266228983,1,0
11,4,f2p,49,past_unknown,4,0,0.9241413760817491,1,0
11,4,f2p,49,past_unknown,5,0,0.9231951200517452,1,0
12,4,p2f,50,future_known,0,1,0.7917036117396283,1,1
12,4,p2f,50,future_known,1,1,0.9598114453828005,1,1
12,4,p2f,50,future_known,2,1,0.9616441156552378,1,1
12,4,p2f,50,future_known,3,1,0.2517737585011822,0,0
12,4,p2f,50,future_known,4,1,0.7367968426373868,1,1
12,4,p2f,50,future_known,5,1,0.9888461449904615,1,1
12,4,p2f,51,future_known,0,1,0.7988307215208774,1,1
12,4,p2f,51,future_known,1,1,0.9921642052860032,1,1
12,4,p2f,51,future_known,2,1,0.698940558595618,1,1
12,4,p2f,51,future_known,3,1,0.5323861169764793,1,1
12,4,p2f,51,future_known,4,1,0.6108871696935833,1,1
12,4,p2f,51,future_known,5,1,0.01658089450561885,0,0
12,4,p2f,52,future_known,0,1,0.8709627347103589,1,1
12,4,p2f,52,future_known,1,1,0.9999400999793698,1,1
12,4,p2f,52,future_known,2,1,0.4794741552101109,0,0
12,4,p2f,52,future_known,3,1,0.9919784340990777,1,1
12,4,p2f,52,future_known,4,1,0.8967367166645958,1,1
12,4,p2f,52,future_known,5,1,0.6333902765279922,1,1
12,4,p2f,53,future_known,0,1,0.9936066186315877,1,1
12,4,p2f,53,future_known,1,1,0.8735916500981619,1,1
12,4,p2f,53,future_known,2,1,0.9926500432741069,1,1
12,4,p2f,53,future_known,3,1,0.5994606555669785,1,1
12,4,p2f,53,future_known,4,1,0.9463646087693827,1,1
12,4,p2f,53,future_known,5,1,0.26239077973325686,0,0
12,4,p2f,54,future_known,0,1,0.9869789572531987,1,1
12,4,p2f,54,future_known,1,1,0.45811060009379434,0,0
12,4,p2f,54,future_known,2,1,0.8902367004101965,1,1
12,4,p2f,54,future_known,3,1,0.9887143128833943,1,1
12,4,p2f,54,future_known,4,1,0.5587317175979605,1,1
12,4,p2f,54,future_known,5,1,0.9877286695952987,1,1
12,4,p2f,55,future_known,0,1,0.9996462394292254,1,1
12,4,p2f,55,future_known,1,1,0.999549691562134,1,1
12,4,p2f,55,future_known,2,1,0.9598928940797539,1,1
12,4,p2f,55,future_known,3,1,0.9998708902994463,1,1
12,4,p2f,55,future_known,4,1,0.9476579942354086,1,1
12,4,p2f,55,future_known,5,1,0.9990099551056456,1,1
12,4,p2f,56,future_known,0,1,0.9935435490383289,1,1
12,4,p2f,56,future_known,1,1,0.9946472579748024,1,1
12,4,p2f,56,future_known,2,1,0.5940907198096091,1,1
12,4,p2f,56,future_known,3,1,0.9945311853954308,1,1
12,4,p2f,56,future_known,4,1,0.022742983861426994,0,0
12,4,p2f,56,future_known,5,1,0.9651229180372604,1,1
12,4,p2f,57,future_known,0,1,0.6661919995324935,1,1
12,4,p2f,57,future_known,1,1,0.7453431310665852,1,1
12,4,p2f,57,future_known,2,1,0.9995469760016277,1,1
12,4,p2f,57,future_known,3,1,0.7294427098206262,1,1
12,4,p2f,57,future_known,4,1,0.9014404151960501,1,1
12,4,p2f,57,future_known,5,1,0.2897327466913067,0,0
12,4,p2f,58,future_known,0,1,0.9901792027586025,1,1
12,4,p2f,58,future_known,1,1,0.9965545199292168,1,1
12,4,p2f,58,future_known,2,1,0.7590614772283804,1,1
12,4,p2f,58,future_known,3,1,0.9773640970336833,1,1
12,4,p2f,58,future_known,4,1,0.7677568548648018,1,1
12,4,p2f,58,future_known,5,1,0.8117009544171991,1,1
12,4,p2f,59,future_known,0,1,0.9994092361248438,1,1
12,4,p2f,59,future_known,1,1,0.9976358337927598,1,1
12,4,p2f,59,future_known,2,1,0.9918365481658309,1,1
12,4,p2f,59,future_known,3,1,0.9975955072816953,1,1
12,4,p2f,59,future_known,4,1,0.9997799539019008,1,1
12,4,p2f,59,future_known,5,1,0.9976836047195239,1,1
12,4,p2f,60,future_known,0,1,0.9897813972183004,1,1
12,4,p2f,60,future_known,1,1,0.9893649874969063,1,1
12,4,p2f,60,future_known,2,1,0.29047559109202564,0,0
12,4,p2f,60,future_known,3,1,0.9916754644581158,1,1
12,4,p2f,60,future_known,4,1,0.053956536291518475,0,0
12,4,p2f,60,future_known,5,1,0.9914301072120688,1,1
12,4,p2f,61,future_known,0,1,0.2959634643791286,0,0
12,4,p2f,61,future_known,1,1,0.39281105752066003,0,0
12,4,p2f,61,future_known,2,1,0.008822811722803595,0,0
12,4,p2f,61,future_known,3,1,0.2763263457005201,0,0
12,4,p2f,61,future_known,4,1,0.7686441812366077,1,1
12,4,p2f,61,future_known,5,1,0.680359941200866,1,1
12,4,p2f,62,future_known,0,1,0.9095243130220562,1,1
12,4,p2f,62,future_known,1,1,0.9980078736204342,1,1
12,4,p2f,62,future_known,2,1,0.22818064909634128,0,0
12,4,p2f,62,future_known,3,1,0.16705088362626744,0,0
12,4,p2f,62,future_known,4,1,0.977822970439305,1,1
12,4,p2f,62,future_known,5,1,0.07656046463070247,0,0
12,4,p2f,63,future_known,0,1,0.1940856022774727,0,0
12,4,p2f,63,future_known,1,1,0.866802172030431,1,1
12,4,p2f,63,future_known,2,1,0.0035481093899219092,0,0
12,4,p2f,63,future_known,3,1,0.9122038254804077,1,1
12,4,p2f,63,future_known,4,1,0.5664468720739289,1,1
12,4,p2f,63,future_known,5,1,0.5045335918208317,1,1
12,4,p2f,64,future_known,0,1,0.9902721987412638,1,1
12,4,p2f,64,future_known,1,1,0.8744411380784235,1,1
12,4,p2f,64,future_known,2,1,0.9565782220974448,1,1
12,4,p2f,64,future_known,3,1,0.9567915142144767,1,1
12,4,p2f,64,future_known,4,1,0.09879992748563028,0,0
12,4,p2f,64,future_known,5,1,0.9935031391337555,1,1
12,4,p2f,65,future_known,0,1,0.4783355682379998,0,0
12,4,p2f,65,future_known,1,1,0.2437709044292314,0,0
12,4,p2f,65,future_known,2,1,0.9955092177308977,1,1
12,4,p2f,65,future_known,3,1,0.6137586624943452,1,1
12,4,p2f,65,future_known,4,1,0.021470388972998994,0,0
12,4,p2f,65,future_known,5,1,0.42075515465744195,0,0
12,4,p2f,66,future_known,0,1,0.9066731233299806,1,1
12,4,p2f,66,future_known,1,1,0.995013750626415,1,1
12,4,p2f,66,future_known,2,1,0.5517022686978573,1,1
12,4,p2f,66,future_known,3,1,0.9548779005844047,1,1
12,4,p2f,66,future_known,4,1,0.7867831626736723,1,1
12,4,p2f,66,future_known,5,1,0.9034570820916906,1,1
12,4,p2f,67,future_known,0,1,0.9613296339410602,1,1
12,4,p2f,67,future_known,1,1,0.9998818067996869,1,1
12,4,p2f,67,future_known,2,1,0.7442927629509197,1,1
12,4,p2f,67,future_known,3,1,0.961996589871769,1,1
12,4,p2f,67,future_known,4,1,0.9999741218668757,1,1
12,4,p2f,67,future_known,5,1,0.8135371904365463,1,1
12,4,p2f,68,future_known,0,1,0.6992082267694355,1,1
12,4,p2f,68,future_known,1,1,0.9955897463751315,1,1
12,4,p2f,68,future_known,2,1,0.136065796223684,0,0
12,4,p2f,68,future_known,3,1,0.5282442698360368,1,1
12,4,p2f,68,future_known,4,1,0.5668537402988009,1,1
12,4,p2f,68,future_known,5,1,0.6895310698026171,1,1
12,4,p2f,69,future_known,0,1,0.33148430641996673,0,0
12,4,p2f,69,future_known,1,1,0.973702535399687,1,1
12,4,p2f,69,future_known,2,1,0.2119725268944283,0,0
12,4,p2f,69,future_known,3,1,0.12778131075878038,0,0
12,4,p2f,69,future_known,4,1,0.8339155341935535,1,1
12,4,p2f,69,future_known,5,1,0.3865748337921746,0,0
12,4,p2f,70,future_known,0,1,0.9668365457751746,1,1
12,4,p2f,70,future_known,1,1,0.9627577389354004,1,1
12,4,p2f,70,future_known,2,1,0.2173072954925392,0,0
12,4,p2f,70,future_known,3,1,0.41077519142233615,0,0
12,4,p2f,70,future_known,4,1,0.9870556592156888,1,1
12,4,p2f,70,future_known,5,1,0.42466423726201,0,0
12,4,p2f,71,future_known,0,1,0.9955537350335166,1,1
12,4,p2f,71,future_known,1,1,0.9998046513253324,1,1
12,4,p2f,71,future_known,2,1,0.9983713365019571,1,1
12,4,p2f,71,future_known,3,1,0.9949603318231246,1,1
12,4,p2f,71,future_known,4,1,0.9998515150901927,1,1
12,4,p2f,71,future_known,5,1,0.7706789400197516,1,1
12,4,p2f,72,future_known,0,1,0.9692096270953943,1,1
12,4,p2f,72,future_known,1,1,0.9875304082358568,1,1
12,4,p2f,72,future_known,2,1,0.6410055145990814,1,1
12,4,p2f,72,future_known,3,1,0.9034011437202217,1,1
12,4,p2f,72,future_known,4,1,0.9485614976117435,1,1
12,4,p2f,72,future_known,5,1,0.9950196807222152,1,1
12,4,p2f,73,future_known,0,1,0.8048608252564838,1,1
12,4,p2f,73,future_known,1,1,0.3978867159006811,0,0
12,4,p2f,73,future_known,2,1,0.10438904692959138,0,0
12,4,p2f,73,future_known,3,1,0.032660043750530277,0,0
12,4,p2f,73,future_known,4,1,0.11983353701813335,0,0
12,4,p2f,73,future_known,5,1,0.07745014949657887,0,0
12,4,p2f,74,future_known,0,1,0.9733771338978076,1,1
12,4,p2f,74,future_known,1,1,0.9891420100825667,1,1
12,4,p2f,74,future_known,2,1,0.363281993306166,0,0
12,4,p2f,74,future_known,3,1,0.2352633254531602,0,0
12,4,p2f,74,future_known,4,1,0.9603576314438588,1,1
12,4,p2f,74,future_known,5,1,0.37135570464724726,0,0
12,4,p2f,75,future_unknown,0,0,0.6236198679003492,1,0
12,4,p2f,75,future_unknown,1,0,0.9613552966573418,1,0
12,4,p2f,75,future_unknown,2,0,0.908607204082014,1,0
12,4,p2f,75,future_unknown,3,0,0.06438309218284732,0,1
12,4,p2f,75,future_unknown,4,0,0.9716864049347571,1,0
12,4,p2f,75,future_unknown,5,0,0.7770696904489754,1,0
12,4,p2f,76,future_unknown,0,0,3.0676160937311826e-05,0,1
12,4,p2f,76,future_unknown,1,0,0.004749233871008435,0,1
12,4,p2f,76,future_unknown,2,0,0.024304887696396923,0,1
12,4,p2f,76,future_unknown,3,0,0.11404707204371431,0,1
12,4,p2f,76,future_unknown,4,0,0.02534392690184342,0,1
12,4,p2f,76,future_unknown,5,0,3.735967364352487e-06,0,1
12,4,p2f,77,future_unknown,0,0,0.0022521184780340433,0,1
12,4,p2f,77,future_unknown,1,0,0.00029657461674163343,0,1
12,4,p2f,77,future_unknown,2,0,1.7748692923006852e-05,0,1
12,4,p2f,77,future_unknown,3,0,0.000489080831751182,0,1
12,4,p2f,77,future_unknown,4,0,8.961338976242662e-06,0,1
12,4,p2f,77,future_unknown,5,0,6.556118212555783e-05,0,1
12,4,p2f,78,future_unknown,0,0,0.9371766671599385,1,0
12,4,p2f,78,future_unknown,1,0,0.025403900748243176,0,1
12,4,p2f,78,future_unknown,2,0,0.9903926848708574,1,0
12,4,p2f,78,future_unknown,3,0,0.9665623659465822,1,0
12,4,p2f,78,future_unknown,4,0,0.9668784985860379,1,0
12,4,p2f,78,future_unknown,5,0,0.9594370146878155,1,0
12,4,p2f,79,future_unknown,0,0,0.25073210970639015,0,1
12,4,p2f,79,future_unknown,1,0,0.010337453008255575,0,1
12,4,p2f,79,future_unknown,2,0,0.2940218644675907,0,1
12,4,p2f,79,future_unknown,3,0,0.0395526117875768,0,1
12,4,p2f,79,future_unknown,4,0,0.1201125658745966,0,1
12,4,p2f,79,future_unknown,5,0,0.4536985764049176,0,1
12,4,p2f,80,future_unknown,0,0,0.5371562212519047,1,0
12,4,p2f,80,future_unknown,1,0,0.9998244799882149,1,0
12,4,p2f,80,future_unknown,2,0,0.9640043450479692,1,0
12,4,p2f,80,future_unknown,3,0,0.9987774890909371,1,0
12,4,p2f,80,future_unknown,4,0,0.27941942470162384,0,1
12,4,p2f,80,future_unknown,5,0,0.9832374416631058,1,0
12,4,p2f,81,future_unknown,0,0,0.004155334985323037,0,1
12,4,p2f,81,future_unknown,1,0,0.026717116599877,0,1
12,4,p2f,81,future_unknown,2,0,4.7505655256069714e-05,0,1
12,4,p2f,81,future_unknown,3,0,2.5817459924790944e-05,0,1
12,4,p2f,81,future_unknown,4,0,0.000337757229401434,0,1
12,4,p2f,81,future_unknown,5,0,0.008110392335728175,0,1
12,4,p2f,82,future_unknown,0,0,0.14168789951066926,0,1
12,4,p2f,82,future_unknown,1,0,0.08483218611209187,0,1
12,4,p2f,82,future_unknown,2,0,0.00300556265859296,0,1
12,4,p2f,82,future_unknown,3,0,0.47845397699801107,0,1
12,4,p2f,82,future_unknown,4,0,0.19308170437022257,0,1
12,4,p2f,82,future_unknown,5,0,0.4869100071560692,0,1
12,4,p2f,83,future_unknown,0,0,0.39010030912574917,0,1
12,4,p2f,83,future_unknown,1,0,0.9286886794362258,1,0
12,4,p2f,83,future_unknown,2,0,0.011495528245593929,0,1
12,4,p2f,83,future_unknown,3,0,0.9599447167509599,1,0
12,4,p2f,83,future_unknown,4,0,0.3502360419720219,0,1
12,4,p2f,83,future_unknown,5,0,0.2902831179552232,0,1
12,4,p2f,84,future_unknown,0,0,1.1146881893692865e-05,0,1
12,4,p2f,84,future_unknown,1,0,0.004240533932028337,0,1
12,4,p2f,84,future_unknown,2,0,1.3798564863210428e-05,0,1
12,4,p2f,84,future_unknown,3,0,8.083350266710169e-05,0,1
12,4,p2f,84,future_unknown,4,0,3.6913838933223607e-06,0,1
12,4,p2f,84,future_unknown,5,0,0.004416991556452666,0,1
12,4,p2f,85,future_unknown,0,0,0.8227390865365839,1,0
12,4,p2f,85,future_unknown,1,0,0.8192030273634833,1,0
12,4,p2f,85,future_unknown,2,0,0.7877172778886244,1,0
12,4,p2f,85,future_unknown,3,0,0.997632902104087,1,0
12,4,p2f,85,future_unknown,4,0,0.5861089431017278,1,0
12,4,p2f,85,future_unknown,5,0,0.47353251899940063,0,1
12,4,p2f,86,future_unknown,0,0,0.6994596927943746,1,0
12,4,p2f,86,future_unknown,1,0,0.053861122259018956,0,1
12,4,p2f,86,future_unknown,2,0,0.48880113393917646,0,1
12,4,p2f,86,future_unknown,3,0,0.7309342966580805,1,0
12,4,p2f,86,future_unknown,4,0,0.7479756392420841,1,0
12,4,p2f,86,future_unknown,5,0,0.39513061859531934,0,1
12,4,p2f,87,future_unknown,0,0,0.2165931297275515,0,1
12,4,p2f,87,future_unknown,1,0,0.8145733486722994,1,0
12,4,p2f,87,future_unknown,2,0,0.26152043373173933,0,1
12,4,p2f,87,future_unknown,3,0,0.4866990479070297,0,1
12,4,p2f,87,future_unknown,4,0,0.1795313355692204,0,1
12,4,p2f,87,future_unknown,5,0,0.3223428718944049,0,1
12,4,p2f,88,future_unknown,0,0,0.8568392412195744,1,0
12,4,p2f,88,future_unknown,1,0,0.5770638998914271,1,0
12,4,p2f,88,future_unknown,2,0,0.9007578518276236,1,0
12,4,p2f,88,future_unknown,3,0,0.40528853794806596,0,1
12,4,p2f,88,future_unknown,4,0,0.9681502325348668,1,0
12,4,p2f,88,future_unknown,5,0,0.4173356749310515,0,1
12,4,p2f,89,future_unknown,0,0,0.01454840751990399,0,1
12,4,p2f,89,future_unknown,1,0,0.447393381213781,0,1
12,4,p2f,89,future_unknown,2,0,0.019643928190074916,0,1
12,4,p2f,89,future_unknown,3,0,0.05595073912782751,0,1
12,4,p2f,89,future_unknown,4,0,0.033979979425606106,0,1
12,4,p2f,89,future_unknown,5,0,0.14776599893614498,0,1
12,4,p2f,90,future_unknown,0,0,0.9998921983670377,1,0
12,4,p2f,90,future_unknown,1,0,0.9999970758125714,1,0
12,4,p2f,90,future_unknown,2,0,0.9999314482583764,1,0
12,4,p2f,90,future_unknown,3,0,0.9993315705082967,1,0
12,4,p2f,90,future_unknown,4,0,0.9999385245348209,1,0
12,4,p2f,90,future_unknown,5,0,0.9994645414894386,1,0
12,4,p2f,91,future_unknown,0,0,0.11538192753417661,0,1
12,4,p2f,91,future_unknown,1,0,0.10633908216427461,0,1
12,4,p2f,91,future_unknown,2,0,0.0005847098884787056,0,1
12,4,p2f,91,future_unknown,3,0,0.04091924026640426,0,1
12,4,p2f,91,future_unknown,4,0,0.003057295668820287,0,1
12,4,p2f,91,future_unknown,5,0,0.07580874111841164,0,1
12,4,p2f,92,future_unknown,0,0,4.642391440598868e-05,0,1
12,4,p2f,92,future_unknown,1,0,0.00119720798194105,0,1
12,4,p2f,92,future_unknown,2,0,0.002879222012152602,0,1
12,4,p2f,92,future_unknown,3,0,0.23553128099595544,0,1
12,4,p2f,92,future_unknown,4,0,0.46640425913847045,0,1
12,4,p2f,92,future_unknown,5,0,2.007972001456896e-07,0,1
12,4,p2f,93,future_unknown,0,0,0.31749535522382644,0,1
12,4,p2f,93,future_unknown,1,0,0.08338941819851091,0,1
12,4,p2f,93,future_unknown,2,0,0.008501381423987708,0,1
12,4,p2f,93,future_unknown,3,0,0.008501381423987708,0,1
12,4,p2f,93,future_unknown,4,0,0.0728131526301464,0,1
12,4,p2f,93,future_unknown,5,0,0.0017021312356450655,0,1
12,4,p2f,94,future_unknown,0,0,0.8481476324239308,1,0
12,4,p2f,94,future_unknown,1,0,0.9280408661276124,1,0
12,4,p2f,94,future_unknown,2,0,0.10823363825789051,0,1
12,4,p2f,94,future_unknown,3,0,0.9952011825622316,1,0
12,4,p2f,94,future_unknown,4,0,0.971963106850112,1,0
12,4,p2f,94,future_unknown,5,0,0.48978852907418985,0,1
12,4,p2f,95,future_unknown,0,0,0.1538220326710644,0,1
12,4,p2f,95,future_unknown,1,0,0.6989367676978322,1,0
12,4,p2f,95,future_unknown,2,0,0.9769711418392845,1,0
12,4,p2f,95,future_unknown,3,0,0.030944308303223606,0,1
12,4,p2f,95,future_unknown,4,0,0.6397610472211271,1,0
12,4,p2f,95,future_unknown,5,0,0.0026900565694563208,0,1
12,4,p2f,96,future_unknown,0,0,0.782508766801108,1,0
12,4,p2f,96,future_unknown,1,0,0.9829460939475327,1,0
12,4,p2f,96,future_unknown,2,0,0.9999276445708853,1,0
12,4,p2f,96,future_unknown,3,0,0.9812741441341445,1,0
12,4,p2f,96,future_unknown,4,0,0.9788242226000292,1,0
12,4,p2f,96,future_unknown,5,0,0.9999338553256956,1,0
12,4,p2f,97,future_unknown,0,0,0.0011764940311556771,0,1
12,4,p2f,97,future_unknown,1,0,0.18247837613021753,0,1
12,4,p2f,97,future_unknown,2,0,0.10814083996335636,0,1
12,4,p2f,97,future_unknown,3,0,0.7036603098645852,1,0
12,4,p2f,97,future_unknown,4,0,0.04267994899724246,0,1
12,4,p2f,97,future_unknown,5,0,0.18859319093235993,0,1
12,4,p2f,98,future_unknown,0,0,0.0049043728278274305,0,1
12,4,p2f,98,future_unknown,1,0,8.071939163160429e-05,0,1
12,4,p2f,98,future_unknown,2,0,0.0009373257815404336,0,1
12,4,p2f,98,future_unknown,3,0,5.806036964507731e-06,0,1
12,4,p2f,98,future_unknown,4,0,7.244128386350373e-05,0,1
12,4,p2f,98,future_unknown,5,0,9.710170770727775e-05,0,1
12,4,p2f,99,future_unknown,0,0,0.7764788082382041,1,0
12,4,p2f,99,future_unknown,1,0,0.9155013908260702,1,0
12,4,p2f,99,future_unknown,2,0,0.91928528345978,1,0
12,4,p2f,99,future_unknown,3,0,0.9985412346694372,1,0
12,4,p2f,99,future_unknown,4,0,0.8862994384650682,1,0
12,4,p2f,99,future_unknown,5,0,0.9887141688368392,1,0
12,4,f2p,0,past_known,0,1,0.0009307430141827775,0,0
12,4,f2p,0,past_known,1,1,0.0030138243616789785,0,0
12,4,f2p,0,past_known,2,1,8.387060019391344e-05,0,0
12,4,f2p,0,past_known,3,1,7.999202127768303e-06,0,0
12,4,f2p,0,past_known,4,1,5.7798770832789855e-05,0,0
12,4,f2p,0,past_known,5,1,1.8442277771772266e-05,0,0
12,4,f2p,1,past_known,0,1,0.037665983266725864,0,0
12,4,f2p,1,past_known,1,1,0.47712943388210655,0,0
12,4,f2p,1,past_known,2,1,0.0037814351196136273,0,0
12,4,f2p,1,past_known,3,1,8.289312926580328e-05,0,0
12,4,f2p,1,past_known,4,1,0.004188401393144651,0,0
12,4,f2p,1,past_known,5,1,0.5075102669515679,1,1
12,4,f2p,2,past_known,0,1,0.0023030579491082133,0,0
12,4,f2p,2,past_known,1,1,0.00459592900467437,0,0
12,4,f2p,2,past_known,2,1,0.4818782714929127,0,0
12,4,f2p,2,past_known,3,1,0.0059970564319353934,0,0
12,4,f2p,2,past_known,4,1,1.6890645302452752e-05,0,0
12,4,f2p,2,past_known,5,1,8.104918169770545e-05,0,0
12,4,f2p,3,past_known,0,1,0.007544439633419606,0,0
12,4,f2p,3,past_known,1,1,2.034332030781482e-05,0,0
12,4,f2p,3,past_known,2,1,0.4745777335236187,0,0
12,4,f2p,3,past_known,3,1,0.011069811139306914,0,0
12,4,f2p,3,past_known,4,1,0.0060827316523461294,0,0
12,4,f2p,3,past_known,5,1,0.049725799867325456,0,0
12,4,f2p,4,past_known,0,1,3.8918179021163456e-05,0,0
12,4,f2p,4,past_known,1,1,2.280048120982729e-05,0,0
12,4,f2p,4,past_known,2,1,0.005492414693983839,0,0
12,4,f2p,4,past_known,3,1,1.4374536584067412e-06,0,0
12,4,f2p,4,past_known,4,1,0.9540655021811321,1,1
12,4,f2p,4,past_known,5,1,2.6840260956869697e-05,0,0
12,4,f2p,5,past_known,0,1,0.9975349168113701,1,1
12,4,f2p,5,past_known,1,1,0.9999905984463645,1,1
12,4,f2p,5,past_known,2,1,0.9964289313068203,1,1
12,4,f2p,5,past_known,3,1,0.9989016851553966,1,1
12,4,f2p,5,past_known,4,1,0.9999999919969528,1,1
12,4,f2p,5,past_known,5,1,0.9999261324489529,1,1
12,4,f2p,6,past_known,0,1,0.6329911741547118,1,1
12,4,f2p,6,past_known,1,1,0.9233121872257299,1,1
12,4,f2p,6,past_known,2,1,0.8612642812782478,1,1
12,4,f2p,6,past_known,3,1,0.9840194524350674,1,1
12,4,f2p,6,past_known,4,1,0.9950663624644749,1,1
12,4,f2p,6,past_known,5,1,0.9737640354458283,1,1
12,4,f2p,7,past_known,0,1,0.4150131056021579,0,0
12,4,f2p,7,past_known,1,1,0.9189035395948578,1,1
12,4,f2p,7,past_known,2,1,0.0465308517343246,0,0
12,4,f2p,7,past_known,3,1,0.9601998881625005,1,1
12,4,f2p,7,past_known,4,1,0.004742334196912588,0,0
12,4,f2p,7,past_known,5,1,0.0005933443748553679,0,0
12,4,f2p,8,past_known,0,1,0.9916000457006033,1,1
12,4,f2p,8,past_known,1,1,0.0003655930226993835,0,0
12,4,f2p,8,past_known,2,1,0.9595416430669577,1,1
12,4,f2p,8,past_known,3,1,0.996891371080521,1,1
12,4,f2p,8,past_known,4,1,6.42961292962405e-05,0,0
12,4,f2p,8,past_known,5,1,0.9982230760026002,1,1
12,4,f2p,9,past_known,0,1,0.9997752432768285,1,1
12,4,f2p,9,past_known,1,1,0.9999221333716504,1,1
12,4,f2p,9,past_known,2,1,0.9999280164144922,1,1
12,4,f2p,9,past_known,3,1,0.999999999794672,1,1
12,4,f2p,9,past_known,4,1,0.9962602834640603,1,1
12,4,f2p,9,past_known,5,1,0.9999903431879891,1,1
12,4,f2p,10,past_known,0,1,0.7391618647980227,1,1
12,4,f2p,10,past_known,1,1,0.5366310307625789,1,1
12,4,f2p,10,past_known,2,1,0.992453981491535,1,1
12,4,f2p,10,past_known,3,1,0.04167567050004242,0,0
12,4,f2p,10,past_known,4,1,0.9997829118299182,1,1
12,4,f2p,10,past_known,5,1,0.5355603593025405,1,1
12,4,f2p,11,past_known,0,1,0.0005643008030046751,0,0
12,4,f2p,11,past_known,1,1,0.5097030443812532,1,1
12,4,f2p,11,past_known,2,1,0.029243795579860933,0,0
12,4,f2p,11,past_known,3,1,0.005321969959428011,0,0
12,4,f2p,11,past_known,4,1,0.6760539034712494,1,1
12,4,f2p,11,past_known,5,1,0.7674304413241352,1,1
12,4,f2p,12,past_known,0,1,0.0005498057011425973,0,0
12,4,f2p,12,past_known,1,1,0.00012271829796691358,0,0
12,4,f2p,12,past_known,2,1,0.03161004706220126,0,0
12,4,f2p,12,past_known,3,1,0.06716207641324665,0,0
12,4,f2p,12,past_known,4,1,0.0007730658249626459,0,0
12,4,f2p,12,past_known,5,1,0.07450873743329785,0,0
12,4,f2p,13,past_known,0,1,0.9999951221775635,1,1
12,4,f2p,13,past_known,1,1,0.9999980657994924,1,1
12,4,f2p,13,past_known,2,1,0.9999989892557808,1,1
12,4,f2p,13,past_known,3,1,0.9999880693260071,1,1
12,4,f2p,13,past_known,4,1,0.999993627598142,1,1
12,4,f2p,13,past_known,5,1,0.9999837333698033,1,1
12,4,f2p,14,past_known,0,1,0.00027872920989741067,0,0
12,4,f2p,14,past_known,1,1,0.9764054838183446,1,1
12,4,f2p,14,past_known,2,1,0.03449389978856056,0,0
12,4,f2p,14,past_known,3,1,2.0578010917599688e-05,0,0
12,4,f2p,14,past_known,4,1,0.00016992261293111881,0,0
12,4,f2p,14,past_known,5,1,0.9992904839524637,1,1
12,4,f2p,15,past_known,0,1,0.010698649401083891,0,0
12,4,f2p,15,past_known,1,1,0.00038758278025345996,0,0
12,4,f2p,15,past_known,2,1,0.0121172171935085,0,0
12,4,f2p,15,past_known,3,1,0.0010913678238387713,0,0
12,4,f2p,15,past_known,4,1,0.009034841599720242,0,0
12,4,f2p,15,past_known,5,1,0.9998397367562055,1,1
12,4,f2p,16,past_known,0,1,0.9999994314316898,1,1
12,4,f2p,16,past_known,1,1,0.9999999990290687,1,1
12,4,f2p,16,past_known,2,1,0.9999999933190304,1,1
12,4,f2p,16,past_known,3,1,0.9999996647116637,1,1
12,4,f2p,16,past_known,4,1,0.9999959059552861,1,1
12,4,f2p,16,past_known,5,1,0.9999999331329308,1,1
12,4,f2p,17,past_known,0,1,0.027223265928914234,0,0
12,4,f2p,17,past_known,1,1,5.1769099454927975e-05,0,0
12,4,f2p,17,past_known,2,1,0.001958568315726406,0,0
12,4,f2p,17,past_known,3,1,5.906872028722465e-05,0,0
12,4,f2p,17,past_known,4,1,0.0026091693192348032,0,0
12,4,f2p,17,past_known,5,1,0.005443083450893508,0,0
12,4,f2p,18,past_known,0,1,0.817699779621731,1,1
12,4,f2p,18,past_known,1,1,0.9985758313361591,1,1
12,4,f2p,18,past_known,2,1,0.9999411216757006,1,1
12,4,f2p,18,past_known,3,1,0.7139908730847419,1,1
12,4,f2p,18,past_known,4,1,0.18314414610386243,0,0
12,4,f2p,18,past_known,5,1,0.1746517780296053,0,0
12,4,f2p,19,past_known,0,1,0.999999951744997,1,1
12,4,f2p,19,past_known,1,1,0.9999983362153966,1,1
12,4,f2p,19,past_known,2,1,0.999983297953951,1,1
12,4,f2p,19,past_known,3,1,0.9999999911764791,1,1
12,4,f2p,19,past_known,4,1,0.9996085941500479,1,1
12,4,f2p,19,past_known,5,1,0.9996143819990168,1,1
12,4,f2p,20,past_known,0,1,0.9854212540879675,1,1
12,4,f2p,20,past_known,1,1,0.03951749942848242,0,0
12,4,f2p,20,past_known,2,1,0.9999816365439125,1,1
12,4,f2p,20,past_known,3,1,0.00566091821276386,0,0
12,4,f2p,20,past_known,4,1,0.5792539667043405,1,1
12,4,f2p,20,past_known,5,1,0.6892631124295543,1,1
12,4,f2p,21,past_known,0,1,0.0003202409535399023,0,0
12,4,f2p,21,past_known,1,1,0.0003530489576438959,0,0
12,4,f2p,21,past_known,2,1,2.9160192051619188e-05,0,0
12,4,f2p,21,past_known,3,1,9.781523043962276e-05,0,0
12,4,f2p,21,past_known,4,1,0.0030265167370404802,0,0
12,4,f2p,21,past_known,5,1,3.455121804672579e-06,0,0
12,4,f2p,22,past_known,0,1,0.8747114093083959,1,1
12,4,f2p,22,past_known,1,1,0.9050627631412761,1,1
12,4,f2p,22,past_known,2,1,0.988766353299537,1,1
12,4,f2p,22,past_known,3,1,0.9998463212518179,1,1
12,4,f2p,22,past_known,4,1,0.9983008082495234,1,1
12,4,f2p,22,past_known,5,1,0.9999846558486072,1,1
12,4,f2p,23,past_known,0,1,0.9842098139791835,1,1
12,4,f2p,23,past_known,1,1,0.9945461677937029,1,1
12,4,f2p,23,past_known,2,1,0.9934915173532815,1,1
12,4,f2p,23,past_known,3,1,0.9976740980480513,1,1
12,4,f2p,23,past_known,4,1,0.9217472738203463,1,1
12,4,f2p,23,past_known,5,1,0.8951775539667797,1,1
12,4,f2p,24,past_known,0,1,0.9999158077469643,1,1
12,4,f2p,24,past_known,1,1,0.9971009587531058,1,1
12,4,f2p,24,past_known,2,1,0.9842315912874544,1,1
12,4,f2p,24,past_known,3,1,0.9999999035153153,1,1
12,4,f2p,24,past_known,4,1,0.9997100852057452,1,1
12,4,f2p,24,past_known,5,1,0.9999998067150307,1,1
12,4,f2p,25,past_unknown,0,0,0.017883071348753082,0,1
12,4,f2p,25,past_unknown,1,0,0.4773813027018539,0,1
12,4,f2p,25,past_unknown,2,0,0.9997648471614031,1,0
12,4,f2p,25,past_unknown,3,0,0.9833817030557004,1,0
12,4,f2p,25,past_unknown,4,0,0.0023912574296030653,0,1
12,4,f2p,25,past_unknown,5,0,0.9955955981634323,1,0
12,4,f2p,26,past_unknown,0,0,0.005694701473023585,0,1
12,4,f2p,26,past_unknown,1,0,0.1449657173595984,0,1
12,4,f2p,26,past_unknown,2,0,0.03000257503998561,0,1
12,4,f2p,26,past_unknown,3,0,0.25471697698391,0,1
12,4,f2p,26,past_unknown,4,0,0.033065656386811595,0,1
12,4,f2p,26,past_unknown,5,0,0.0014337857991817496,0,1
12,4,f2p,27,past_unknown,0,0,0.0008558054409210322,0,1
12,4,f2p,27,past_unknown,1,0,4.9410112299383066e-05,0,1
12,4,f2p,27,past_unknown,2,0,0.0071968661474786765,0,1
12,4,f2p,27,past_unknown,3,0,0.007725076044069313,0,1
12,4,f2p,27,past_unknown,4,0,0.046209565872983326,0,1
12,4,f2p,27,past_unknown,5,0,0.5886594998465144,1,0
12,4,f2p,28,past_unknown,0,0,0.9998083381996454,1,0
12,4,f2p,28,past_unknown,1,0,0.969054475478616,1,0
12,4,f2p,28,past_unknown,2,0,0.00990489765381222,0,1
12,4,f2p,28,past_unknown,3,0,0.9999027143480594,1,0
12,4,f2p,28,past_unknown,4,0,0.9999725651155623,1,0
12,4,f2p,28,past_unknown,5,0,0.1534701102223642,0,1
12,4,f2p,29,past_unknown,0,0,0.05785371597860768,0,1
12,4,f2p,29,past_unknown,1,0,0.8892117875859452,1,0
12,4,f2p,29,past_unknown,2,0,0.322970050313739,0,1
12,4,f2p,29,past_unknown,3,0,0.9999246456847438,1,0
12,4,f2p,29,past_unknown,4,0,0.8658441192130217,1,0
12,4,f2p,29,past_unknown,5,0,0.9933721432331298,1,0
12,4,f2p,30,past_unknown,0,0,0.025143231368513028,0,1
12,4,f2p,30,past_unknown,1,0,0.0015716437227861566,0,1
12,4,f2p,30,past_unknown,2,0,0.13273400923882303,0,1
12,4,f2p,30,past_unknown,3,0,0.032324953654461024,0,1
12,4,f2p,30,past_unknown,4,0,0.011045593715279692,0,1
12,4,f2p,30,past_unknown,5,0,0.984695264472623,1,0
12,4,f2p,31,past_unknown,0,0,0.999369684174192,1,0
12,4,f2p,31,past_unknown,1,0,0.13942941255979258,0,1
12,4,f2p,31,past_unknown,2,0,0.9962938989744365,1,0
12,4,f2p,31,past_unknown,3,0,0.8390972283307901,1,0
12,4,f2p,31,past_unknown,4,0,0.9970029120421535,1,0
12,4,f2p,31,past_unknown,5,0,0.9988593480111161,1,0
12,4,f2p,32,past_unknown,0,0,0.0028804008629610516,0,1
12,4,f2p,32,past_unknown,1,0,3.4736186076839905e-05,0,1
12,4,f2p,32,past_unknown,2,0,0.15372532873288863,0,1
12,4,f2p,32,past_unknown,3,0,0.0009107286777422954,0,1
12,4,f2p,32,past_unknown,4,0,0.024378574218561842,0,1
12,4,f2p,32,past_unknown,5,0,0.00014382285163194424,0,1
12,4,f2p,33,past_unknown,0,0,0.028213733078436987,0,1
12,4,f2p,33,past_unknown,1,0,0.8081597851441347,1,0
12,4,f2p,33,past_unknown,2,0,0.0012329813979851689,0,1
12,4,f2p,33,past_unknown,3,0,0.6058522296741219,1,0
12,4,f2p,33,past_unknown,4,0,0.9999879534824843,1,0
12,4,f2p,33,past_unknown,5,0,0.9822155743993461,1,0
12,4,f2p,34,past_unknown,0,0,3.159369604921172e-05,0,1
12,4,f2p,34,past_unknown,1,0,1.3944450233208257e-05,0,1
12,4,f2p,34,past_unknown,2,0,7.227514922617342e-06,0,1
12,4,f2p,34,past_unknown,3,0,0.0717887636437883,0,1
12,4,f2p,34,past_unknown,4,0,5.901842752313282e-05,0,1
12,4,f2p,34,past_unknown,5,0,1.2190757319589157e-05,0,1
12,4,f2p,35,past_unknown,0,0,0.7590298058750561,1,0
12,4,f2p,35,past_unknown,1,0,0.0029547129652825353,0,1
12,4,f2p,35,past_unknown,2,0,0.9938758861477334,1,0
12,4,f2p,35,past_unknown,3,0,0.2089997643835019,0,1
12,4,f2p,35,past_unknown,4,0,0.004799784361770405,0,1
12,4,f2p,35,past_unknown,5,0,0.3388121075927904,0,1
12,4,f2p,36,past_unknown,0,0,0.037316780355587456,0,1
12,4,f2p,36,past_unknown,1,0,0.7765741404492039,1,0
12,4,f2p,36,past_unknown,2,0,0.026793984666548927,0,1
12,4,f2p,36,past_unknown,3,0,0.9041302615775021,1,0
12,4,f2p,36,past_unknown,4,0,0.9975303798662015,1,0
12,4,f2p,36,past_unknown,5,0,0.019267133576066117,0,1
12,4,f2p,37,past_unknown,0,0,2.9035171844959495e-06,0,1
12,4,f2p,37,past_unknown,1,0,0.0129979075597855,0,1
12,4,f2p,37,past_unknown,2,0,2.5139886346114404e-05,0,1
12,4,f2p,37,past_unknown,3,0,0.015169584077011319,0,1
12,4,f2p,37,past_unknown,4,0,0.00037528855529407644,0,1
12,4,f2p,37,past_unknown,5,0,0.0011085771017010505,0,1
12,4,f2p,38,past_unknown,0,0,0.021740501104922465,0,1
12,4,f2p,38,past_unknown,1,0,0.00575687864507262,0,1
12,4,f2p,38,past_unknown,2,0,0.002700623542848842,0,1
12,4,f2p,38,past_unknown,3,0,0.002107754433653192,0,1
12,4,f2p,38,past_unknown,4,0,0.010020037029104652,0,1
12,4,f2p,38,past_unknown,5,0,0.05234190485870789,0,1
12,4,f2p,39,past_unknown,0,0,0.007645068575631212,0,1
12,4,f2p,39,past_unknown,1,0,0.0006877204896749691,0,1
12,4,f2p,39,past_unknown,2,0,0.07696373566421297,0,1
12,4,f2p,39,past_unknown,3,0,0.033147886067635815,0,1
12,4,f2p,39,past_unknown,4,0,6.726884143602797e-06,0,1
12,4,f2p,39,past_unknown,5,0,0.01505382706653322,0,1
12,4,f2p,40,past_unknown,0,0,0.017533684832636957,0,1
12,4,f2p,40,past_unknown,1,0,0.004930384326678224,0,1
12,4,f2p,40,past_unknown,2,0,0.10361663179800976,0,1
12,4,f2p,40,past_unknown,3,0,0.7232330576674922,1,0
12,4,f2p,40,past_unknown,4,0,0.06397715622437482,0,1
12,4,f2p,40,past_unknown,5,0,0.7892058377788013,1,0
12,4,f2p,41,past_unknown,0,0,0.0022044137477515214,0,1
12,4,f2p,41,past_unknown,1,0,0.07286729579819086,0,1
12,4,f2p,41,past_unknown,2,0,8.658526106310021e-05,0,1
12,4,f2p,41,past_unknown,3,0,0.0008312172412162749,0,1
12,4,f2p,41,past_unknown,4,0,0.000308136252303514,0,1
12,4,f2p,41,past_unknown,5,0,0.0003097658589245251,0,1
12,4,f2p,42,past_unknown,0,0,0.6632459137664631,1,0
12,4,f2p,42,past_unknown,1,0,0.013353620346992504,0,1
12,4,f2p,42,past_unknown,2,0,0.8960755212901335,1,0
12,4,f2p,42,past_unknown,3,0,0.9821005247227901,1,0
12,4,f2p,42,past_unknown,4,0,0.013492058896904866,0,1
12,4,f2p,42,past_unknown,5,0,0.022565769904216413,0,1
12,4,f2p,43,past_unknown,0,0,0.9969447950310062,1,0
12,4,f2p,43,past_unknown,1,0,0.8989870652519977,1,0
12,4,f2p,43,past_unknown,2,0,0.9998777556594448,1,0
12,4,f2p,43,past_unknown,3,0,0.9999993941840559,1,0
12,4,f2p,43,past_unknown,4,0,0.9999996022112537,1,0
12,4,f2p,43,past_unknown,5,0,0.9999994919958435,1,0
12,4,f2p,44,past_unknown,0,0,0.002480922671880682,0,1
12,4,f2p,44,past_unknown,1,0,0.012327874345487133,0,1
12,4,f2p,44,past_unknown,2,0,0.022220365191091,0,1
12,4,f2p,44,past_unknown,3,0,0.4779772242446863,0,1
12,4,f2p,44,past_unknown,4,0,0.00017596629830876777,0,1
12,4,f2p,44,past_unknown,5,0,0.8132122338127814,1,0
12,4,f2p,45,past_unknown,0,0,0.19784760986504055,0,1
12,4,f2p,45,past_unknown,1,0,0.004089395220346668,0,1
12,4,f2p,45,past_unknown,2,0,0.10693530185898019,0,1
12,4,f2p,45,past_unknown,3,0,0.7362726480403256,1,0
12,4,f2p,45,past_unknown,4,0,0.7834269395976422,1,0
12,4,f2p,45,past_unknown,5,0,0.02314873636169634,0,1
12,4,f2p,46,past_unknown,0,0,0.02524129844707985,0,1
12,4,f2p,46,past_unknown,1,0,0.4700971344574118,0,1
12,4,f2p,46,past_unknown,2,0,1.750342575477759e-05,0,1
12,4,f2p,46,past_unknown,3,0,0.0024190582411081616,0,1
12,4,f2p,46,past_unknown,4,0,0.04945225859626018,0,1
12,4,f2p,46,past_unknown,5,0,0.6179544930777333,1,0
12,4,f2p,47,past_unknown,0,0,0.6766060315740371,1,0
12,4,f2p,47,past_unknown,1,0,0.9633958738020342,1,0
12,4,f2p,47,past_unknown,2,0,0.9724816037410834,1,0
12,4,f2p,47,past_unknown,3,0,0.6088556960410418,1,0
12,4,f2p,47,past_unknown,4,0,0.8615668760049462,1,0
12,4,f2p,47,past_unknown,5,0,0.38136294818397615,0,1
12,4,f2p,48,past_unknown,0,0,0.00043459340424464887,0,1
12,4,f2p,48,past_unknown,1,0,9.951431122718326e-05,0,1
12,4,f2p,48,past_unknown,2,0,0.010965764148137033,0,1
12,4,f2p,48,past_unknown,3,0,0.004495992799004209,0,1
12,4,f2p,48,past_unknown,4,0,1.7103301310630745e-05,0,1
12,4,f2p,48,past_unknown,5,0,0.11639987492515937,0,1
12,4,f2p,49,past_unknown,0,0,0.8857117123491721,1,0
12,4,f2p,49,past_unknown,1,0,0.9729277067176795,1,0
12,4,f2p,49,past_unknown,2,0,0.04432828206741813,0,1
12,4,f2p,49,past_unknown,3,0,0.24658945303706306,0,1
12,4,f2p,49,past_unknown,4,0,0.8087121925409678,1,0
12,4,f2p,49,past_unknown,5,0,0.957868529035543,1,0
13,4,p2f,50,future_known,0,1,0.8722147866819462,1,1
13,4,p2f,50,future_known,1,1,0.9990197236625773,1,1
13,4,p2f,50,future_known,2,1,0.1028652176991182,0,0
13,4,p2f,50,future_known,3,1,0.22525604797720367,0,0
13,4,p2f,50,future_known,4,1,0.7039496768680967,1,1
13,4,p2f,50,future_known,5,1,0.9983008523517961,1,1
13,4,p2f,51,future_known,0,1,0.8884392149212964,1,1
13,4,p2f,51,future_known,1,1,0.9899471575972608,1,1
13,4,p2f,51,future_known,2,1,0.39140466164954246,0,0
13,4,p2f,51,future_known,3,1,0.9256762553147012,1,1
13,4,p2f,51,future_known,4,1,0.3714459739563111,0,0
13,4,p2f,51,future_known,5,1,0.525315294930891,1,1
13,4,p2f,52,future_known,0,1,0.7867209278879432,1,1
13,4,p2f,52,future_known,1,1,0.9994696576534808,1,1
13,4,p2f,52,future_known,2,1,0.6632904198597293,1,1
13,4,p2f,52,future_known,3,1,0.9795778246002739,1,1
13,4,p2f,52,future_known,4,1,0.13143238292447992,0,0
13,4,p2f,52,future_known,5,1,0.2531837349557076,0,0
13,4,p2f,53,future_known,0,1,0.9343124393757121,1,1
13,4,p2f,53,future_known,1,1,0.5604457695449623,1,1
13,4,p2f,53,future_known,2,1,0.9191982949129206,1,1
13,4,p2f,53,future_known,3,1,0.25170860776455956,0,0
13,4,p2f,53,future_known,4,1,0.6542007330211382,1,1
13,4,p2f,53,future_known,5,1,0.006482044070362757,0,0
13,4,p2f,54,future_known,0,1,0.999646887067304,1,1
13,4,p2f,54,future_known,1,1,0.7337603856856749,1,1
13,4,p2f,54,future_known,2,1,0.9767530717900088,1,1
13,4,p2f,54,future_known,3,1,0.9998155274299485,1,1
13,4,p2f,54,future_known,4,1,0.8476853932756065,1,1
13,4,p2f,54,future_known,5,1,0.9996135346789128,1,1
13,4,p2f,55,future_known,0,1,0.9999929447069462,1,1
13,4,p2f,55,future_known,1,1,0.9999357662356851,1,1
13,4,p2f,55,future_known,2,1,0.999511938740551,1,1
13,4,p2f,55,future_known,3,1,0.9999983397176174,1,1
13,4,p2f,55,future_known,4,1,0.9781094992547245,1,1
13,4,p2f,55,future_known,5,1,0.9997520524136823,1,1
13,4,p2f,56,future_known,0,1,0.9952732709464337,1,1
13,4,p2f,56,future_known,1,1,0.9974474450806415,1,1
13,4,p2f,56,future_known,2,1,0.9423703048153025,1,1
13,4,p2f,56,future_known,3,1,0.9976593640225192,1,1
13,4,p2f,56,future_known,4,1,0.04923884721350566,0,0
13,4,p2f,56,future_known,5,1,0.9967288410379572,1,1
13,4,p2f,57,future_known,0,1,0.5629069464030697,1,1
13,4,p2f,57,future_known,1,1,0.22529112807821236,0,0
13,4,p2f,57,future_known,2,1,0.9988189812115149,1,1
13,4,p2f,57,future_known,3,1,0.9026793647290409,1,1
13,4,p2f,57,future_known,4,1,0.9709488004747645,1,1
13,4,p2f,57,future_known,5,1,0.40791108513548424,0,0
13,4,p2f,58,future_known,0,1,0.34256196616511536,0,0
13,4,p2f,58,future_known,1,1,0.9997641698959725,1,1
13,4,p2f,58,future_known,2,1,0.3726550112907168,0,0
13,4,p2f,58,future_known,3,1,0.9948442421906982,1,1
13,4,p2f,58,future_known,4,1,0.6357389333783634,1,1
13,4,p2f,58,future_known,5,1,0.2762244395866585,0,0
13,4,p2f,59,future_known,0,1,0.9999982090487219,1,1
13,4,p2f,59,future_known,1,1,0.9999898879639514,1,1
13,4,p2f,59,future_known,2,1,0.9997499175904003,1,1
13,4,p2f,59,future_known,3,1,0.999979600412506,1,1
13,4,p2f,59,future_known,4,1,0.9999978290976915,1,1
13,4,p2f,59,future_known,5,1,0.9999824633895987,1,1
13,4,p2f,60,future_known,0,1,0.9886649132752353,1,1
13,4,p2f,60,future_known,1,1,0.9982510985429869,1,1
13,4,p2f,60,future_known,2,1,0.5363406156909926,1,1
13,4,p2f,60,future_known,3,1,0.8831776853286043,1,1
13,4,p2f,60,future_known,4,1,0.13279176419181477,0,0
13,4,p2f,60,future_known,5,1,0.9978676122784899,1,1
13,4,p2f,61,future_known,0,1,0.9938425622860819,1,1
13,4,p2f,61,future_known,1,1,0.8977550230559773,1,1
13,4,p2f,61,future_known,2,1,0.9802316260354299,1,1
13,4,p2f,61,future_known,3,1,0.9784880254079699,1,1
13,4,p2f,61,future_known,4,1,0.9927030662771634,1,1
13,4,p2f,61,future_known,5,1,0.9971419657419096,1,1
13,4,p2f,62,future_known,0,1,0.999756219957017,1,1
13,4,p2f,62,future_known,1,1,0.9999770014368127,1,1
13,4,p2f,62,future_known,2,1,0.8911373633215127,1,1
13,4,p2f,62,future_known,3,1,0.9803812557906368,1,1
13,4,p2f,62,future_known,4,1,0.999162257403336,1,1
13,4,p2f,62,future_known,5,1,0.927176998491191,1,1
13,4,p2f,63,future_known,0,1,0.8170745860268251,1,1
13,4,p2f,63,future_known,1,1,0.9193463135098343,1,1
13,4,p2f,63,future_known,2,1,0.3902293627321686,0,0
13,4,p2f,63,future_known,3,1,0.9697803770308372,1,1
13,4,p2f,63,future_known,4,1,0.8892497176705053,1,1
13,4,p2f,63,future_known,5,1,0.7356760170975774,1,1
13,4,p2f,64,future_known,0,1,0.995940732027603,1,1
13,4,p2f,64,future_known,1,1,0.997009886012457,1,1
13,4,p2f,64,future_known,2,1,0.953119164140735,1,1
13,4,p2f,64,future_known,3,1,0.9738946723534222,1,1
13,4,p2f,64,future_known,4,1,0.9953380979399008,1,1
13,4,p2f,64,future_known,5,1,0.9998462558991283,1,1
13,4,p2f,65,future_known,0,1,0.5443979064811707,1,1
13,4,p2f,65,future_known,1,1,0.6276602746933552,1,1
13,4,p2f,65,future_known,2,1,0.9982328124176849,1,1
13,4,p2f,65,future_known,3,1,0.8686644415566362,1,1
13,4,p2f,65,future_known,4,1,0.34646572705873185,0,0
13,4,p2f,65,future_known,5,1,0.6950608502504274,1,1
13,4,p2f,66,future_known,0,1,0.9991133966779963,1,1
13,4,p2f,66,future_known,1,1,0.966932594242008,1,1
13,4,p2f,66,future_known,2,1,0.3701721575672538,0,0
13,4,p2f,66,future_known,3,1,0.9997355851373518,1,1
13,4,p2f,66,future_known,4,1,0.9802017391623226,1,1
13,4,p2f,66,future_known,5,1,0.9991403361176495,1,1
13,4,p2f,67,future_known,0,1,0.9986367197184987,1,1
13,4,p2f,67,future_known,1,1,0.9999509399746043,1,1
13,4,p2f,67,future_known,2,1,0.9980025852484428,1,1
13,4,p2f,67,future_known,3,1,0.9996027485701954,1,1
13,4,p2f,67,future_known,4,1,0.9999884256457853,1,1
13,4,p2f,67,future_known,5,1,0.909529649606769,1,1
13,4,p2f,68,future_known,0,1,0.9801669257433802,1,1
13,4,p2f,68,future_known,1,1,0.9993077374720579,1,1
13,4,p2f,68,future_known,2,1,0.9517859362764585,1,1
13,4,p2f,68,future_known,3,1,0.9009795609459309,1,1
13,4,p2f,68,future_known,4,1,0.9860849125400084,1,1
13,4,p2f,68,future_known,5,1,0.9840210922948216,1,1
13,4,p2f,69,future_known,0,1,0.9957177642692396,1,1
13,4,p2f,69,future_known,1,1,0.9994632802746753,1,1
13,4,p2f,69,future_known,2,1,0.6089004002064925,1,1
13,4,p2f,69,future_known,3,1,0.9760903628287181,1,1
13,4,p2f,69,future_known,4,1,0.974400396748832,1,1
13,4,p2f,69,future_known,5,1,0.9901112142073728,1,1
13,4,p2f,70,future_known,0,1,0.9909238589029358,1,1
13,4,p2f,70,future_known,1,1,0.8214059267515339,1,1
13,4,p2f,70,future_known,2,1,0.3507968980914889,0,0
13,4,p2f,70,future_known,3,1,0.996343455855543,1,1
13,4,p2f,70,future_known,4,1,0.9735100235497662,1,1
13,4,p2f,70,future_known,5,1,0.8765786521535113,1,1
13,4,p2f,71,future_known,0,1,0.9966258936262538,1,1
13,4,p2f,71,future_known,1,1,0.999195536833875,1,1
13,4,p2f,71,future_known,2,1,0.9963103661080474,1,1
13,4,p2f,71,future_known,3,1,0.9997179769487352,1,1
13,4,p2f,71,future_known,4,1,0.9999607107096824,1,1
13,4,p2f,71,future_known,5,1,0.949342890165253,1,1
13,4,p2f,72,future_known,0,1,0.9598832399432442,1,1
13,4,p2f,72,future_known,1,1,0.9980822177089325,1,1
13,4,p2f,72,future_known,2,1,0.977326392295685,1,1
13,4,p2f,72,future_known,3,1,0.9988308793852284,1,1
13,4,p2f,72,future_known,4,1,0.9979560586726356,1,1
13,4,p2f,72,future_known,5,1,0.9999574941124624,1,1
13,4,p2f,73,future_known,0,1,0.9830308707663291,1,1
13,4,p2f,73,future_known,1,1,0.6289277607724963,1,1
13,4,p2f,73,future_known,2,1,0.05669452011151074,0,0
13,4,p2f,73,future_known,3,1,0.21832893927612182,0,0
13,4,p2f,73,future_known,4,1,0.35265698086374647,0,0
13,4,p2f,73,future_known,5,1,0.5741904950022476,1,1
13,4,p2f,74,future_known,0,1,0.966117226420793,1,1
13,4,p2f,74,future_known,1,1,0.9981745040715709,1,1
13,4,p2f,74,future_known,2,1,0.9423278979429252,1,1
13,4,p2f,74,future_known,3,1,0.9109128830303056,1,1
13,4,p2f,74,future_known,4,1,0.9981125537328959,1,1
13,4,p2f,74,future_known,5,1,0.9066172632413051,1,1
13,4,p2f,75,future_unknown,0,0,0.010781672911526796,0,1
13,4,p2f,75,future_unknown,1,0,0.0056757986018818865,0,1
13,4,p2f,75,future_unknown,2,0,0.08867679737049838,0,1
13,4,p2f,75,future_unknown,3,0,0.0026000115530231947,0,1
13,4,p2f,75,future_unknown,4,0,0.04909735039911336,0,1
13,4,p2f,75,future_unknown,5,0,0.09410013813956024,0,1
13,4,p2f,76,future_unknown,0,0,9.87056896110778e-07,0,1
13,4,p2f,76,future_unknown,1,0,5.8720706528125224e-05,0,1
13,4,p2f,76,future_unknown,2,0,5.9128161747452705e-05,0,1
13,4,p2f,76,future_unknown,3,0,0.0026419880595527005,0,1
13,4,p2f,76,future_unknown,4,0,3.801241064437964e-06,0,1
13,4,p2f,76,future_unknown,5,0,6.019819156552362e-06,0,1
13,4,p2f,77,future_unknown,0,0,2.9726915518947052e-08,0,1
13,4,p2f,77,future_unknown,1,0,9.639803562422418e-09,0,1
13,4,p2f,77,future_unknown,2,0,1.6819966695627724e-08,0,1
13,4,p2f,77,future_unknown,3,0,2.0413924422835468e-08,0,1
13,4,p2f,77,future_unknown,4,0,1.9862439991740597e-09,0,1
13,4,p2f,77,future_unknown,5,0,5.692705740408751e-09,0,1
13,4,p2f,78,future_unknown,0,0,0.2854644624886308,0,1
13,4,p2f,78,future_unknown,1,0,0.01821233685873092,0,1
13,4,p2f,78,future_unknown,2,0,0.9741027552734535,1,0
13,4,p2f,78,future_unknown,3,0,0.7475467013028676,1,0
13,4,p2f,78,future_unknown,4,0,0.8120063846841887,1,0
13,4,p2f,78,future_unknown,5,0,0.7250113504949668,1,0
13,4,p2f,79,future_unknown,0,0,0.06853321758345055,0,1
13,4,p2f,79,future_unknown,1,0,0.02365017908494137,0,1
13,4,p2f,79,future_unknown,2,0,0.020219514431898247,0,1
13,4,p2f,79,future_unknown,3,0,0.03087266755218808,0,1
13,4,p2f,79,future_unknown,4,0,0.010689383854801197,0,1
13,4,p2f,79,future_unknown,5,0,0.3079674854909699,0,1
13,4,p2f,80,future_unknown,0,0,0.6909954584699108,1,0
13,4,p2f,80,future_unknown,1,0,0.9755972219415535,1,0
13,4,p2f,80,future_unknown,2,0,0.6961734528219075,1,0
13,4,p2f,80,future_unknown,3,0,0.9857549105963445,1,0
13,4,p2f,80,future_unknown,4,0,0.07609844747259581,0,1
13,4,p2f,80,future_unknown,5,0,0.5528961011474279,1,0
13,4,p2f,81,future_unknown,0,0,4.2734955819416746e-05,0,1
13,4,p2f,81,future_unknown,1,0,0.014560444677948177,0,1
13,4,p2f,81,future_unknown,2,0,1.4485385934558205e-06,0,1
13,4,p2f,81,future_unknown,3,0,4.3332001595077765e-06,0,1
13,4,p2f,81,future_unknown,4,0,0.0016484857896931523,0,1
13,4,p2f,81,future_unknown,5,0,0.0001191288418239886,0,1
13,4,p2f,82,future_unknown,0,0,0.0031300870245885336,0,1
13,4,p2f,82,future_unknown,1,0,0.004051731563527628,0,1
13,4,p2f,82,future_unknown,2,0,0.00021325401643301065,0,1
13,4,p2f,82,future_unknown,3,0,0.0359617466139137,0,1
13,4,p2f,82,future_unknown,4,0,0.0068335567914329315,0,1
13,4,p2f,82,future_unknown,5,0,0.01784129536232754,0,1
13,4,p2f,83,future_unknown,0,0,0.3455000002287569,0,1
13,4,p2f,83,future_unknown,1,0,0.9966667314226691,1,0
13,4,p2f,83,future_unknown,2,0,0.08728399763024523,0,1
13,4,p2f,83,future_unknown,3,0,0.23587169155892113,0,1
13,4,p2f,83,future_unknown,4,0,0.7685810187531453,1,0
13,4,p2f,83,future_unknown,5,0,0.6842473346039497,1,0
13,4,p2f,84,future_unknown,0,0,0.0002247977300615664,0,1
13,4,p2f,84,future_unknown,1,0,0.0015925733573351288,0,1
13,4,p2f,84,future_unknown,2,0,8.377606335735615e-05,0,1
13,4,p2f,84,future_unknown,3,0,0.0015044920693838382,0,1
13,4,p2f,84,future_unknown,4,0,0.0001188502799713992,0,1
13,4,p2f,84,future_unknown,5,0,0.008368778762321881,0,1
13,4,p2f,85,future_unknown,0,0,0.05093244334787378,0,1
13,4,p2f,85,future_unknown,1,0,0.2406941613453628,0,1
13,4,p2f,85,future_unknown,2,0,0.3852827031783175,0,1
13,4,p2f,85,future_unknown,3,0,0.975623944683888,1,0
13,4,p2f,85,future_unknown,4,0,0.34185557590482124,0,1
13,4,p2f,85,future_unknown,5,0,0.20837378793781766,0,1
13,4,p2f,86,future_unknown,0,0,0.011889324043879247,0,1
13,4,p2f,86,future_unknown,1,0,0.005574260060998029,0,1
13,4,p2f,86,future_unknown,2,0,0.009266887384820375,0,1
13,4,p2f,86,future_unknown,3,0,0.07063140976681609,0,1
13,4,p2f,86,future_unknown,4,0,0.017794567560337548,0,1
13,4,p2f,86,future_unknown,5,0,0.004501432906382761,0,1
13,4,p2f,87,future_unknown,0,0,0.006611488424741204,0,1
13,4,p2f,87,future_unknown,1,0,0.005802474647277273,0,1
13,4,p2f,87,future_unknown,2,0,0.2128297883077209,0,1
13,4,p2f,87,future_unknown,3,0,0.17245177479693916,0,1
13,4,p2f,87,future_unknown,4,0,0.179804944826556,0,1
13,4,p2f,87,future_unknown,5,0,0.004511531703203314,0,1
13,4,p2f,88,future_unknown,0,0,0.01586271155095852,0,1
13,4,p2f,88,future_unknown,1,0,0.4961866785040727,0,1
13,4,p2f,88,future_unknown,2,0,0.07426078031669135,0,1
13,4,p2f,88,future_unknown,3,0,0.4354504344289386,0,1
13,4,p2f,88,future_unknown,4,0,0.05464104808994284,0,1
13,4,p2f,88,future_unknown,5,0,0.13208016508266904,0,1
13,4,p2f,89,future_unknown,0,0,0.0002229329151133828,0,1
13,4,p2f,89,future_unknown,1,0,0.0022435960016669357,0,1
13,4,p2f,89,future_unknown,2,0,0.00048189200708630744,0,1
13,4,p2f,89,future_unknown,3,0,3.618523070936289e-05,0,1
13,4,p2f,89,future_unknown,4,0,0.0009515517892430118,0,1
13,4,p2f,89,future_unknown,5,0,0.0037401496181658556,0,1
13,4,p2f,90,future_unknown,0,0,0.984915803068161,1,0
13,4,p2f,90,future_unknown,1,0,0.9999983656125226,1,0
13,4,p2f,90,future_unknown,2,0,0.9994665927525933,1,0
13,4,p2f,90,future_unknown,3,0,0.9999390890609428,1,0
13,4,p2f,90,future_unknown,4,0,0.9966517580259593,1,0
13,4,p2f,90,future_unknown,5,0,0.9999882226475807,1,0
13,4,p2f,91,future_unknown,0,0,0.0020603959265115207,0,1
13,4,p2f,91,future_unknown,1,0,0.0006774897854667686,0,1
13,4,p2f,91,future_unknown,2,0,0.0035069537410625062,0,1
13,4,p2f,91,future_unknown,3,0,0.00016418168049976977,0,1
13,4,p2f,91,future_unknown,4,0,0.00033767914715439107,0,1
13,4,p2f,91,future_unknown,5,0,0.204943642362651,0,1
13,4,p2f,92,future_unknown,0,0,2.488200379897849e-06,0,1
13,4,p2f,92,future_unknown,1,0,5.0940930805155715e-06,0,1
13,4,p2f,92,future_unknown,2,0,3.956642258766008e-05,0,1
13,4,p2f,92,future_unknown,3,0,0.2546037230700507,0,1
13,4,p2f,92,future_unknown,4,0,0.0023724003259094012,0,1
13,4,p2f,92,future_unknown,5,0,9.155640240585719e-08,0,1
13,4,p2f,93,future_unknown,0,0,0.046843766758308605,0,1
13,4,p2f,93,future_unknown,1,0,0.0026583097690252673,0,1
13,4,p2f,93,future_unknown,2,0,0.0028024738326994287,0,1
13,4,p2f,93,future_unknown,3,0,0.0028024738326994287,0,1
13,4,p2f,93,future_unknown,4,0,0.003107972270974826,0,1
13,4,p2f,93,future_unknown,5,0,0.001425254969897427,0,1
13,4,p2f,94,future_unknown,0,0,0.008617866598854815,0,1
13,4,p2f,94,future_unknown,1,0,0.10857519812051554,0,1
13,4,p2f,94,future_unknown,2,0,0.03124157346986511,0,1
13,4,p2f,94,future_unknown,3,0,0.5337243903476504,1,0
13,4,p2f,94,future_unknown,4,0,0.24908385155683244,0,1
13,4,p2f,94,future_unknown,5,0,0.24538618421654085,0,1
13,4,p2f,95,future_unknown,0,0,1.5991646368216187e-05,0,1
13,4,p2f,95,future_unknown,1,0,0.00018313251010310903,0,1
13,4,p2f,95,future_unknown,2,0,0.05112265559944426,0,1
13,4,p2f,95,future_unknown,3,0,8.432722559480792e-05,0,1
13,4,p2f,95,future_unknown,4,0,0.0016699545999254474,0,1
13,4,p2f,95,future_unknown,5,0,2.1204686771448805e-05,0,1
13,4,p2f,96,future_unknown,0,0,0.04396007024410597,0,1
13,4,p2f,96,future_unknown,1,0,0.44569446613644476,0,1
13,4,p2f,96,future_unknown,2,0,0.973458900473455,1,0
13,4,p2f,96,future_unknown,3,0,0.41896767147893105,0,1
13,4,p2f,96,future_unknown,4,0,0.20937517232743208,0,1
13,4,p2f,96,future_unknown,5,0,0.7816151356962434,1,0
13,4,p2f,97,future_unknown,0,0,0.0009713471128918185,0,1
13,4,p2f,97,future_unknown,1,0,0.7620022192524651,1,0
13,4,p2f,97,future_unknown,2,0,0.005444207351297663,0,1
13,4,p2f,97,future_unknown,3,0,0.15860687922322717,0,1
13,4,p2f,97,future_unknown,4,0,0.0763388785301505,0,1
13,4,p2f,97,future_unknown,5,0,0.8122733797120293,1,0
13,4,p2f,98,future_unknown,0,0,0.0001154614682107142,0,1
13,4,p2f,98,future_unknown,1,0,5.06013102754163e-06,0,1
13,4,p2f,98,future_unknown,2,0,0.001128142036008319,0,1
13,4,p2f,98,future_unknown,3,0,3.5299645074141785e-06,0,1
13,4,p2f,98,future_unknown,4,0,3.0420300191924843e-05,0,1
13,4,p2f,98,future_unknown,5,0,5.494455648758952e-06,0,1
13,4,p2f,99,future_unknown,0,0,0.9649045792001294,1,0
13,4,p2f,99,future_unknown,1,0,0.9930261840866904,1,0
13,4,p2f,99,future_unknown,2,0,0.9942663225153657,1,0
13,4,p2f,99,future_unknown,3,0,0.99787623285732,1,0
13,4,p2f,99,future_unknown,4,0,0.987623172253172,1,0
13,4,p2f,99,future_unknown,5,0,0.61936307206541,1,0
13,4,f2p,0,past_known,0,1,0.033951855036135646,0,0
13,4,f2p,0,past_known,1,1,0.0010966169464310023,0,0
13,4,f2p,0,past_known,2,1,0.0001430596432583651,0,0
13,4,f2p,0,past_known,3,1,0.00012085175603032935,0,0
13,4,f2p,0,past_known,4,1,0.0002296955462093899,0,0
13,4,f2p,0,past_known,5,1,4.991667851122394e-05,0,0
13,4,f2p,1,past_known,0,1,0.9789667549886096,1,1
13,4,f2p,1,past_known,1,1,0.9694898834641057,1,1
13,4,f2p,1,past_known,2,1,0.4921679438362287,0,0
13,4,f2p,1,past_known,3,1,0.03031291130497585,0,0
13,4,f2p,1,past_known,4,1,0.4498756347413018,0,0
13,4,f2p,1,past_known,5,1,0.9376383721250032,1,1
13,4,f2p,2,past_known,0,1,0.02025779081825927,0,0
13,4,f2p,2,past_known,1,1,0.8013371202115881,1,1
13,4,f2p,2,past_known,2,1,0.9484757683263398,1,1
13,4,f2p,2,past_known,3,1,0.03411242945025683,0,0
13,4,f2p,2,past_known,4,1,0.00018997750745432146,0,0
13,4,f2p,2,past_known,5,1,3.121807755591681e-05,0,0
13,4,f2p,3,past_known,0,1,0.003029131656644135,0,0
13,4,f2p,3,past_known,1,1,1.1671283678540747e-05,0,0
13,4,f2p,3,past_known,2,1,0.1576427784727697,0,0
13,4,f2p,3,past_known,3,1,0.0029937439560415815,0,0
13,4,f2p,3,past_known,4,1,0.0011825536938732113,0,0
13,4,f2p,3,past_known,5,1,0.0473082691039684,0,0
13,4,f2p,4,past_known,0,1,1.3582418199832245e-05,0,0
13,4,f2p,4,past_known,1,1,5.1429049895159956e-05,0,0
13,4,f2p,4,past_known,2,1,1.4865228189291292e-05,0,0
13,4,f2p,4,past_known,3,1,6.803588822059728e-06,0,0
13,4,f2p,4,past_known,4,1,0.4269685874279831,0,0
13,4,f2p,4,past_known,5,1,2.3277032923542826e-05,0,0
13,4,f2p,5,past_known,0,1,0.9854820868691483,1,1
13,4,f2p,5,past_known,1,1,0.999609919120634,1,1
13,4,f2p,5,past_known,2,1,0.8111217341109556,1,1
13,4,f2p,5,past_known,3,1,0.8673499835493187,1,1
13,4,f2p,5,past_known,4,1,0.9999995749080461,1,1
13,4,f2p,5,past_known,5,1,0.9998387692367923,1,1
13,4,f2p,6,past_known,0,1,0.9896375398755489,1,1
13,4,f2p,6,past_known,1,1,0.9956530749990605,1,1
13,4,f2p,6,past_known,2,1,0.979528048334423,1,1
13,4,f2p,6,past_known,3,1,0.9775129354823504,1,1
13,4,f2p,6,past_known,4,1,0.9826948891502426,1,1
13,4,f2p,6,past_known,5,1,0.9918475896324297,1,1
13,4,f2p,7,past_known,0,1,0.8474064206005698,1,1
13,4,f2p,7,past_known,1,1,0.9953294531187289,1,1
13,4,f2p,7,past_known,2,1,0.36553661607361326,0,0
13,4,f2p,7,past_known,3,1,0.8106703119410723,1,1
13,4,f2p,7,past_known,4,1,0.025029182190833124,0,0
13,4,f2p,7,past_known,5,1,0.005089280847420058,0,0
13,4,f2p,8,past_known,0,1,0.9966374673373593,1,1
13,4,f2p,8,past_known,1,1,0.0015595857590430709,0,0
13,4,f2p,8,past_known,2,1,0.5030492587183362,1,1
13,4,f2p,8,past_known,3,1,0.9896665111000846,1,1
13,4,f2p,8,past_known,4,1,4.177025879150404e-08,0,0
13,4,f2p,8,past_known,5,1,0.914491547727735,1,1
13,4,f2p,9,past_known,0,1,0.9928640496006899,1,1
13,4,f2p,9,past_known,1,1,0.999686493250551,1,1
13,4,f2p,9,past_known,2,1,0.9999770373625538,1,1
13,4,f2p,9,past_known,3,1,0.9999999738177017,1,1
13,4,f2p,9,past_known,4,1,0.9999803561292794,1,1
13,4,f2p,9,past_known,5,1,0.9999991028945548,1,1
13,4,f2p,10,past_known,0,1,0.9004100670060408,1,1
13,4,f2p,10,past_known,1,1,0.5377646607560674,1,1
13,4,f2p,10,past_known,2,1,0.4096238362555603,0,0
13,4,f2p,10,past_known,3,1,0.009204172757928107,0,0
13,4,f2p,10,past_known,4,1,0.994036571314048,1,1
13,4,f2p,10,past_known,5,1,0.46557699614519915,0,0
13,4,f2p,11,past_known,0,1,0.010475754162411017,0,0
13,4,f2p,11,past_known,1,1,0.2565015168072105,0,0
13,4,f2p,11,past_known,2,1,0.009329360839624367,0,0
13,4,f2p,11,past_known,3,1,0.021271604383122034,0,0
13,4,f2p,11,past_known,4,1,0.8601811112787618,1,1
13,4,f2p,11,past_known,5,1,0.6943941691586272,1,1
13,4,f2p,12,past_known,0,1,0.38799238399786157,0,0
13,4,f2p,12,past_known,1,1,0.02789502761954336,0,0
13,4,f2p,12,past_known,2,1,0.9723382411246102,1,1
13,4,f2p,12,past_known,3,1,0.6904838627493602,1,1
13,4,f2p,12,past_known,4,1,0.00013212263266526982,0,0
13,4,f2p,12,past_known,5,1,0.48082804451651023,0,0
13,4,f2p,13,past_known,0,1,0.9999998959412078,1,1
13,4,f2p,13,past_known,1,1,0.9999999759215056,1,1
13,4,f2p,13,past_known,2,1,0.999976776854036,1,1
13,4,f2p,13,past_known,3,1,0.9999466700072571,1,1
13,4,f2p,13,past_known,4,1,0.9999978799237649,1,1
13,4,f2p,13,past_known,5,1,0.9999996066491934,1,1
13,4,f2p,14,past_known,0,1,0.7283332290815051,1,1
13,4,f2p,14,past_known,1,1,0.9999549258833423,1,1
13,4,f2p,14,past_known,2,1,0.9630632246632242,1,1
13,4,f2p,14,past_known,3,1,0.0011026971150647049,0,0
13,4,f2p,14,past_known,4,1,0.006235533211639293,0,0
13,4,f2p,14,past_known,5,1,0.9981969696092587,1,1
13,4,f2p,15,past_known,0,1,0.7179316706386739,1,1
13,4,f2p,15,past_known,1,1,0.3401024464586177,0,0
13,4,f2p,15,past_known,2,1,0.3390557649666845,0,0
13,4,f2p,15,past_known,3,1,0.3607068457739152,0,0
13,4,f2p,15,past_known,4,1,0.028773948603302103,0,0
13,4,f2p,15,past_known,5,1,0.999630373420575,1,1
13,4,f2p,16,past_known,0,1,0.9999998969434811,1,1
13,4,f2p,16,past_known,1,1,0.9999999917049344,1,1
13,4,f2p,16,past_known,2,1,0.9999999963523738,1,1
13,4,f2p,16,past_known,3,1,0.9999994849058274,1,1
13,4,f2p,16,past_known,4,1,0.9999975832980545,1,1
13,4,f2p,16,past_known,5,1,0.999999910067397,1,1
13,4,f2p,17,past_known,0,1,0.021670234547040673,0,0
13,4,f2p,17,past_known,1,1,0.0007438200853360056,0,0
13,4,f2p,17,past_known,2,1,0.0016346232948663564,0,0
13,4,f2p,17,past_known,3,1,5.614436777233044e-05,0,0
13,4,f2p,17,past_known,4,1,0.00026064803346856217,0,0
13,4,f2p,17,past_known,5,1,0.000535137486753807,0,0
13,4,f2p,18,past_known,0,1,0.988121179021455,1,1
13,4,f2p,18,past_known,1,1,0.9859100930660442,1,1
13,4,f2p,18,past_known,2,1,0.9924125422213329,1,1
13,4,f2p,18,past_known,3,1,0.9003657561827954,1,1
13,4,f2p,18,past_known,4,1,0.8724363821240354,1,1
13,4,f2p,18,past_known,5,1,0.13278374697695824,0,0
13,4,f2p,19,past_known,0,1,0.9999999865957991,1,1
13,4,f2p,19,past_known,1,1,0.9999929596976099,1,1
13,4,f2p,19,past_known,2,1,0.999995170647599,1,1
13,4,f2p,19,past_known,3,1,0.9999999791039353,1,1
13,4,f2p,19,past_known,4,1,0.9998547136967426,1,1
13,4,f2p,19,past_known,5,1,0.9793745651933092,1,1
13,4,f2p,20,past_known,0,1,0.9306536027575147,1,1
13,4,f2p,20,past_known,1,1,0.5679643982216077,1,1
13,4,f2p,20,past_known,2,1,0.9991697348359605,1,1
13,4,f2p,20,past_known,3,1,0.00461905497787283,0,0
13,4,f2p,20,past_known,4,1,0.8407920164408001,1,1
13,4,f2p,20,past_known,5,1,0.09260404152799945,0,0
13,4,f2p,21,past_known,0,1,0.036346645039752164,0,0
13,4,f2p,21,past_known,1,1,8.278726267246231e-08,0,0
13,4,f2p,21,past_known,2,1,0.0031181717765828877,0,0
13,4,f2p,21,past_known,3,1,1.3221911632798722e-06,0,0
13,4,f2p,21,past_known,4,1,0.0031120076874132144,0,0
13,4,f2p,21,past_known,5,1,1.9476748333316758e-10,0,0
13,4,f2p,22,past_known,0,1,0.9303750715093404,1,1
13,4,f2p,22,past_known,1,1,0.2967182292580747,0,0
13,4,f2p,22,past_known,2,1,3.4477677748745095e-05,0,0
13,4,f2p,22,past_known,3,1,0.99758523716803,1,1
13,4,f2p,22,past_known,4,1,0.032807441106243104,0,0
13,4,f2p,22,past_known,5,1,0.9208233926826209,1,1
13,4,f2p,23,past_known,0,1,0.9990319817965949,1,1
13,4,f2p,23,past_known,1,1,0.9620767352738793,1,1
13,4,f2p,23,past_known,2,1,0.9976045820720927,1,1
13,4,f2p,23,past_known,3,1,0.9849581628393561,1,1
13,4,f2p,23,past_known,4,1,0.8563798022504217,1,1
13,4,f2p,23,past_known,5,1,0.9772049125221618,1,1
13,4,f2p,24,past_known,0,1,0.9957070951853835,1,1
13,4,f2p,24,past_known,1,1,0.9987734961638174,1,1
13,4,f2p,24,past_known,2,1,0.8684988918873107,1,1
13,4,f2p,24,past_known,3,1,0.9994212442853864,1,1
13,4,f2p,24,past_known,4,1,0.9997210177679476,1,1
13,4,f2p,24,past_known,5,1,0.9999842957421943,1,1
13,4,f2p,25,past_unknown,0,0,0.029232041964493118,0,1
13,4,f2p,25,past_unknown,1,0,0.001326947910252849,0,1
13,4,f2p,25,past_unknown,2,0,0.9725067990983653,1,0
13,4,f2p,25,past_unknown,3,0,0.21231594635619694,0,1
13,4,f2p,25,past_unknown,4,0,0.003223373379116603,0,1
13,4,f2p,25,past_unknown,5,0,0.1969666988060389,0,1
13,4,f2p,26,past_unknown,0,0,0.0003356116802885637,0,1
13,4,f2p,26,past_unknown,1,0,0.017463903022360946,0,1
13,4,f2p,26,past_unknown,2,0,0.0047816398996065376,0,1
13,4,f2p,26,past_unknown,3,0,0.131488819162063,0,1
13,4,f2p,26,past_unknown,4,0,0.027077026288217947,0,1
13,4,f2p,26,past_unknown,5,0,1.2509930762541125e-05,0,1
13,4,f2p,27,past_unknown,0,0,0.000252600432797504,0,1
13,4,f2p,27,past_unknown,1,0,7.454625284198968e-07,0,1
13,4,f2p,27,past_unknown,2,0,8.367676518058058e-06,0,1
13,4,f2p,27,past_unknown,3,0,7.06797463632808e-05,0,1
13,4,f2p,27,past_unknown,4,0,0.0025831708271872086,0,1
13,4,f2p,27,past_unknown,5,0,0.034554871807783175,0,1
13,4,f2p,28,past_unknown,0,0,0.9988117008620732,1,0
13,4,f2p,28,past_unknown,1,0,0.055430804815696434,0,1
13,4,f2p,28,past_unknown,2,0,0.036548711165225935,0,1
13,4,f2p,28,past_unknown,3,0,0.9709397974942132,1,0
13,4,f2p,28,past_unknown,4,0,0.9997356395336594,1,0
13,4,f2p,28,past_unknown,5,0,0.0005094419774595946,0,1
13,4,f2p,29,past_unknown,0,0,9.714458041021596e-05,0,1
13,4,f2p,29,past_unknown,1,0,0.007256513677202169,0,1
13,4,f2p,29,past_unknown,2,0,0.0023240453267616298,0,1
13,4,f2p,29,past_unknown,3,0,0.8690185485837095,1,0
13,4,f2p,29,past_unknown,4,0,0.11083182880522241,0,1
13,4,f2p,29,past_unknown,5,0,0.4234477404567477,0,1
13,4,f2p,30,past_unknown,0,0,0.005442286604185572,0,1
13,4,f2p,30,past_unknown,1,0,0.00029279235543568766,0,1
13,4,f2p,30,past_unknown,2,0,0.0067725598564038715,0,1
13,4,f2p,30,past_unknown,3,0,0.016547183555862013,0,1
13,4,f2p,30,past_unknown,4,0,0.00495263012739081,0,1
13,4,f2p,30,past_unknown,5,0,0.07271502561880024,0,1
13,4,f2p,31,past_unknown,0,0,0.9856575664785083,1,0
13,4,f2p,31,past_unknown,1,0,0.05707692645310249,0,1
13,4,f2p,31,past_unknown,2,0,0.49106277570588736,0,1
13,4,f2p,31,past_unknown,3,0,0.023815878754955087,0,1
13,4,f2p,31,past_unknown,4,0,0.8382694181143656,1,0
13,4,f2p,31,past_unknown,5,0,0.6890023619585391,1,0
13,4,f2p,32,past_unknown,0,0,2.6074831211506337e-05,0,1
13,4,f2p,32,past_unknown,1,0,5.100406615373303e-08,0,1
13,4,f2p,32,past_unknown,2,0,0.0003607272091229365,0,1
13,4,f2p,32,past_unknown,3,0,5.3642298140313055e-05,0,1
13,4,f2p,32,past_unknown,4,0,0.0005350364386113696,0,1
13,4,f2p,32,past_unknown,5,0,1.04277514704011e-06,0,1
13,4,f2p,33,past_unknown,0,0,0.034383256153645396,0,1
13,4,f2p,33,past_unknown,1,0,0.5561771502467453,1,0
13,4,f2p,33,past_unknown,2,0,3.366208490863688e-06,0,1
13,4,f2p,33,past_unknown,3,0,0.07339008364747737,0,1
13,4,f2p,33,past_unknown,4,0,0.99822364862706,1,0
13,4,f2p,33,past_unknown,5,0,0.011809518194139747,0,1
13,4,f2p,34,past_unknown,0,0,2.644053356821847e-05,0,1
13,4,f2p,34,past_unknown,1,0,3.468039166930815e-05,0,1
13,4,f2p,34,past_unknown,2,0,3.0058385796847196e-05,0,1
13,4,f2p,34,past_unknown,3,0,0.0006405606530042842,0,1
13,4,f2p,34,past_unknown,4,0,0.00028470846614696635,0,1
13,4,f2p,34,past_unknown,5,0,0.0005725513011866089,0,1
13,4,f2p,35,past_unknown,0,0,0.013817189255623986,0,1
13,4,f2p,35,past_unknown,1,0,0.00035044284430203824,0,1
13,4,f2p,35,past_unknown,2,0,0.1418354781488987,0,1
13,4,f2p,35,past_unknown,3,0,0.007202458393701183,0,1
13,4,f2p,35,past_unknown,4,0,0.0005046207498941591,0,1
13,4,f2p,35,past_unknown,5,0,0.03126360741061517,0,1
13,4,f2p,36,past_unknown,0,0,8.503967536925447e-05,0,1
13,4,f2p,36,past_unknown,1,0,0.0698537403459433,0,1
13,4,f2p,36,past_unknown,2,0,0.00027883171509893146,0,1
13,4,f2p,36,past_unknown,3,0,0.020226481622541172,0,1
13,4,f2p,36,past_unknown,4,0,0.31175572062174867,0,1
13,4,f2p,36,past_unknown,5,0,4.424927309481723e-05,0,1
13,4,f2p,37,past_unknown,0,0,3.24144379005607e-08,0,1
13,4,f2p,37,past_unknown,1,0,0.0001681370058301814,0,1
13,4,f2p,37,past_unknown,2,0,7.594459579704574e-06,0,1
13,4,f2p,37,past_unknown,3,0,0.0009738609603764427,0,1
13,4,f2p,37,past_unknown,4,0,3.83770288608159e-06,0,1
13,4,f2p,37,past_unknown,5,0,1.5572130211136388e-05,0,1
13,4,f2p,38,past_unknown,0,0,0.010592149108183102,0,1
13,4,f2p,38,past_unknown,1,0,0.003774677129467627,0,1
13,4,f2p,38,past_unknown,2,0,0.0020083096926178465,0,1
13,4,f2p,38,past_unknown,3,0,4.844325068147683e-05,0,1
13,4,f2p,38,past_unknown,4,0,0.0008320391000009781,0,1
13,4,f2p,38,past_unknown,5,0,0.005808157574437298,0,1
13,4,f2p,39,past_unknown,0,0,0.00021075641784879258,0,1
13,4,f2p,39,past_unknown,1,0,6.569747891522141e-06,0,1
13,4,f2p,39,past_unknown,2,0,0.0006126640390009021,0,1
13,4,f2p,39,past_unknown,3,0,2.3514420133797955e-06,0,1
13,4,f2p,39,past_unknown,4,0,4.947203716939576e-07,0,1
13,4,f2p,39,past_unknown,5,0,3.114563426761712e-05,0,1
13,4,f2p,40,past_unknown,0,0,9.99823023939403e-06,0,1
13,4,f2p,40,past_unknown,1,0,0.00038448605653359564,0,1
13,4,f2p,40,past_unknown,2,0,0.0001578198761982437,0,1
13,4,f2p,40,past_unknown,3,0,0.2698411115192474,0,1
13,4,f2p,40,past_unknown,4,0,0.0016927250113577623,0,1
13,4,f2p,40,past_unknown,5,0,0.10825521094107741,0,1
13,4,f2p,41,past_unknown,0,0,4.7845386676686323e-05,0,1
13,4,f2p,41,past_unknown,1,0,0.0003793808067059754,0,1
13,4,f2p,41,past_unknown,2,0,1.7664472179710125e-05,0,1
13,4,f2p,41,past_unknown,3,0,2.4981289376093055e-05,0,1
13,4,f2p,41,past_unknown,4,0,9.547232182871546e-07,0,1
13,4,f2p,41,past_unknown,5,0,1.0228282356952829e-05,0,1
13,4,f2p,42,past_unknown,0,0,0.0008952935010785996,0,1
13,4,f2p,42,past_unknown,1,0,1.0691747920803327e-05,0,1
13,4,f2p,42,past_unknown,2,0,0.0079971681926445,0,1
13,4,f2p,42,past_unknown,3,0,0.005598460805843829,0,1
13,4,f2p,42,past_unknown,4,0,0.0005484272304537936,0,1
13,4,f2p,42,past_unknown,5,0,0.0011829000276555467,0,1
13,4,f2p,43,past_unknown,0,0,0.1564736731781816,0,1
13,4,f2p,43,past_unknown,1,0,0.0115654077337927,0,1
13,4,f2p,43,past_unknown,2,0,0.9893379233691153,1,0
13,4,f2p,43,past_unknown,3,0,0.9937291023588999,1,0
13,4,f2p,43,past_unknown,4,0,0.9955224295375131,1,0
13,4,f2p,43,past_unknown,5,0,0.4275427938474041,0,1
13,4,f2p,44,past_unknown,0,0,0.0046975800339495635,0,1
13,4,f2p,44,past_unknown,1,0,0.00047339245072321575,0,1
13,4,f2p,44,past_unknown,2,0,0.11118056960079795,0,1
13,4,f2p,44,past_unknown,3,0,0.0021676008078860974,0,1
13,4,f2p,44,past_unknown,4,0,1.9466313443292686e-05,0,1
13,4,f2p,44,past_unknown,5,0,0.7055177708735698,1,0
13,4,f2p,45,past_unknown,0,0,0.004552741836769136,0,1
13,4,f2p,45,past_unknown,1,0,0.00010099379885623236,0,1
13,4,f2p,45,past_unknown,2,0,0.0007164832365096933,0,1
13,4,f2p,45,past_unknown,3,0,0.024710543592084196,0,1
13,4,f2p,45,past_unknown,4,0,0.11116876524693244,0,1
13,4,f2p,45,past_unknown,5,0,0.0010739094121131692,0,1
13,4,f2p,46,past_unknown,0,0,0.00021992000019243764,0,1
13,4,f2p,46,past_unknown,1,0,0.0025556417085328487,0,1
13,4,f2p,46,past_unknown,2,0,8.403469652592549e-07,0,1
13,4,f2p,46,past_unknown,3,0,0.00029707068881017315,0,1
13,4,f2p,46,past_unknown,4,0,0.002027828297277029,0,1
13,4,f2p,46,past_unknown,5,0,0.0006006633034585898,0,1
13,4,f2p,47,past_unknown,0,0,0.29170044946144574,0,1
13,4,f2p,47,past_unknown,1,0,0.9278487126480107,1,0
13,4,f2p,47,past_unknown,2,0,0.21084041269819886,0,1
13,4,f2p,47,past_unknown,3,0,0.07292325944032209,0,1
13,4,f2p,47,past_unknown,4,0,0.029550406191347307,0,1
13,4,f2p,47,past_unknown,5,0,0.4211438175030104,0,1
13,4,f2p,48,past_unknown,0,0,8.885015007606446e-07,0,1
13,4,f2p,48,past_unknown,1,0,3.517685285364613e-05,0,1
13,4,f2p,48,past_unknown,2,0,1.530901390651338e-05,0,1
13,4,f2p,48,past_unknown,3,0,6.437947608946313e-06,0,1
13,4,f2p,48,past_unknown,4,0,2.9435628583640795e-07,0,1
13,4,f2p,48,past_unknown,5,0,0.00014168037623612866,0,1
13,4,f2p,49,past_unknown,0,0,0.0015783414907367674,0,1
13,4,f2p,49,past_unknown,1,0,0.03660902911656775,0,1
13,4,f2p,49,past_unknown,2,0,3.3920340844895404e-06,0,1
13,4,f2p,49,past_unknown,3,0,0.005503556180947993,0,1
13,4,f2p,49,past_unknown,4,0,7.274354475023555e-05,0,1
13,4,f2p,49,past_unknown,5,0,0.00029552800588975936,0,1
14,4,p2f,50,future_known,0,1,0.9152671079653231,1,1
14,4,p2f,50,future_known,1,1,0.9993583047840569,1,1
14,4,p2f,50,future_known,2,1,0.08422582159959531,0,0
14,4,p2f,50,future_known,3,1,0.28139198629030787,0,0
14,4,p2f,50,future_known,4,1,0.4604167650911261,0,0
14,4,p2f,50,future_known,5,1,0.9944157170031653,1,1
14,4,p2f,51,future_known,0,1,0.7715500460488013,1,1
14,4,p2f,51,future_known,1,1,0.9980852365014228,1,1
14,4,p2f,51,future_known,2,1,0.17191917499792259,0,0
14,4,p2f,51,future_known,3,1,0.9277352314958562,1,1
14,4,p2f,51,future_known,4,1,0.4060668199677511,0,0
14,4,p2f,51,future_known,5,1,0.11115058840873746,0,0
14,4,p2f,52,future_known,0,1,0.5836017572063077,1,1
14,4,p2f,52,future_known,1,1,0.9992519596440863,1,1
14,4,p2f,52,future_known,2,1,0.3905201068651339,0,0
14,4,p2f,52,future_known,3,1,0.9924375245495928,1,1
14,4,p2f,52,future_known,4,1,0.08011045827573246,0,0
14,4,p2f,52,future_known,5,1,0.3560892764998503,0,0
14,4,p2f,53,future_known,0,1,0.9304561178513864,1,1
14,4,p2f,53,future_known,1,1,0.32638468072077226,0,0
14,4,p2f,53,future_known,2,1,0.6815597561500111,1,1
14,4,p2f,53,future_known,3,1,0.14121054905124483,0,0
14,4,p2f,53,future_known,4,1,0.2834887801673416,0,0
14,4,p2f,53,future_known,5,1,0.0003392606525153131,0,0
14,4,p2f,54,future_known,0,1,0.9996909363621141,1,1
14,4,p2f,54,future_known,1,1,0.8799832292141881,1,1
14,4,p2f,54,future_known,2,1,0.9591632454635175,1,1
14,4,p2f,54,future_known,3,1,0.999755573947544,1,1
14,4,p2f,54,future_known,4,1,0.9301531068460615,1,1
14,4,p2f,54,future_known,5,1,0.9997284661813897,1,1
14,4,p2f,55,future_known,0,1,0.9999998306829618,1,1
14,4,p2f,55,future_known,1,1,0.9999980988214194,1,1
14,4,p2f,55,future_known,2,1,0.9999047389939918,1,1
14,4,p2f,55,future_known,3,1,0.9999994347058996,1,1
14,4,p2f,55,future_known,4,1,0.9723787899757093,1,1
14,4,p2f,55,future_known,5,1,0.9999096775891158,1,1
14,4,p2f,56,future_known,0,1,0.9908451460831567,1,1
14,4,p2f,56,future_known,1,1,0.9998192902309826,1,1
14,4,p2f,56,future_known,2,1,0.995727526675551,1,1
14,4,p2f,56,future_known,3,1,0.9996116260795959,1,1
14,4,p2f,56,future_known,4,1,0.05124318459540075,0,0
14,4,p2f,56,future_known,5,1,0.999935890060548,1,1
14,4,p2f,57,future_known,0,1,0.9211116686754413,1,1
14,4,p2f,57,future_known,1,1,0.5462316806835703,1,1
14,4,p2f,57,future_known,2,1,0.9988960819366829,1,1
14,4,p2f,57,future_known,3,1,0.983967156780879,1,1
14,4,p2f,57,future_known,4,1,0.9236639721869533,1,1
14,4,p2f,57,future_known,5,1,0.2702851417088998,0,0
14,4,p2f,58,future_known,0,1,0.16263407008460384,0,0
14,4,p2f,58,future_known,1,1,0.998980261782636,1,1
14,4,p2f,58,future_known,2,1,0.0840777726425638,0,0
14,4,p2f,58,future_known,3,1,0.977538294148855,1,1
14,4,p2f,58,future_known,4,1,0.15095487760126772,0,0
14,4,p2f,58,future_known,5,1,0.028895881507101658,0,0
14,4,p2f,59,future_known,0,1,0.9999996334533743,1,1
14,4,p2f,59,future_known,1,1,0.9999999239478778,1,1
14,4,p2f,59,future_known,2,1,0.9999339125771867,1,1
14,4,p2f,59,future_known,3,1,0.9999981920061619,1,1
14,4,p2f,59,future_known,4,1,0.9999999853583705,1,1
14,4,p2f,59,future_known,5,1,0.9999992082276289,1,1
14,4,p2f,60,future_known,0,1,0.996902018036079,1,1
14,4,p2f,60,future_known,1,1,0.9996944825726994,1,1
14,4,p2f,60,future_known,2,1,0.3688242813800058,0,0
14,4,p2f,60,future_known,3,1,0.9724439742894988,1,1
14,4,p2f,60,future_known,4,1,0.2539679133189604,0,0
14,4,p2f,60,future_known,5,1,0.9997368893674318,1,1
14,4,p2f,61,future_known,0,1,0.993575915584276,1,1
14,4,p2f,61,future_known,1,1,0.9069289339994131,1,1
14,4,p2f,61,future_known,2,1,0.9940648954625906,1,1
14,4,p2f,61,future_known,3,1,0.9931958265333972,1,1
14,4,p2f,61,future_known,4,1,0.9977478420805665,1,1
14,4,p2f,61,future_known,5,1,0.9984567017775751,1,1
14,4,p2f,62,future_known,0,1,0.9998821629592375,1,1
14,4,p2f,62,future_known,1,1,0.9999976397277477,1,1
14,4,p2f,62,future_known,2,1,0.9126079995687811,1,1
14,4,p2f,62,future_known,3,1,0.9899529208998447,1,1
14,4,p2f,62,future_known,4,1,0.9998768597748571,1,1
14,4,p2f,62,future_known,5,1,0.984868930778804,1,1
14,4,p2f,63,future_known,0,1,0.6983973441970913,1,1
14,4,p2f,63,future_known,1,1,0.9392515972589544,1,1
14,4,p2f,63,future_known,2,1,0.21838308084449315,0,0
14,4,p2f,63,future_known,3,1,0.987657963663485,1,1
14,4,p2f,63,future_known,4,1,0.778759553127997,1,1
14,4,p2f,63,future_known,5,1,0.5796343543896886,1,1
14,4,p2f,64,future_known,0,1,0.9997898512465672,1,1
14,4,p2f,64,future_known,1,1,0.9998943040338844,1,1
14,4,p2f,64,future_known,2,1,0.9896750825579991,1,1
14,4,p2f,64,future_known,3,1,0.9772407855583632,1,1
14,4,p2f,64,future_known,4,1,0.9996826312755637,1,1
14,4,p2f,64,future_known,5,1,0.9998514564229057,1,1
14,4,p2f,65,future_known,0,1,0.800190272670355,1,1
14,4,p2f,65,future_known,1,1,0.794289795784175,1,1
14,4,p2f,65,future_known,2,1,0.9998322803091747,1,1
14,4,p2f,65,future_known,3,1,0.8529334308092651,1,1
14,4,p2f,65,future_known,4,1,0.19074339817721406,0,0
14,4,p2f,65,future_known,5,1,0.793150314602928,1,1
14,4,p2f,66,future_known,0,1,0.9981685250175757,1,1
14,4,p2f,66,future_known,1,1,0.9289439820452547,1,1
14,4,p2f,66,future_known,2,1,0.2763308208246888,0,0
14,4,p2f,66,future_known,3,1,0.9997508656691353,1,1
14,4,p2f,66,future_known,4,1,0.9943433600556395,1,1
14,4,p2f,66,future_known,5,1,0.9990136454028773,1,1
14,4,p2f,67,future_known,0,1,0.9998706612072774,1,1
14,4,p2f,67,future_known,1,1,0.9999998157875929,1,1
14,4,p2f,67,future_known,2,1,0.9999565493170173,1,1
14,4,p2f,67,future_known,3,1,0.9999914957084163,1,1
14,4,p2f,67,future_known,4,1,0.9999998119094754,1,1
14,4,p2f,67,future_known,5,1,0.9904209650301343,1,1
14,4,p2f,68,future_known,0,1,0.9732952077959427,1,1
14,4,p2f,68,future_known,1,1,0.9999778208295325,1,1
14,4,p2f,68,future_known,2,1,0.9877221484873898,1,1
14,4,p2f,68,future_known,3,1,0.8624102722267446,1,1
14,4,p2f,68,future_known,4,1,0.999603107908601,1,1
14,4,p2f,68,future_known,5,1,0.9776449513343648,1,1
14,4,p2f,69,future_known,0,1,0.993506753616365,1,1
14,4,p2f,69,future_known,1,1,0.9999486351977397,1,1
14,4,p2f,69,future_known,2,1,0.6545015332750468,1,1
14,4,p2f,69,future_known,3,1,0.9953181072750538,1,1
14,4,p2f,69,future_known,4,1,0.9942255157028049,1,1
14,4,p2f,69,future_known,5,1,0.9941908096275149,1,1
14,4,p2f,70,future_known,0,1,0.9894308462834066,1,1
14,4,p2f,70,future_known,1,1,0.7770919973012296,1,1
14,4,p2f,70,future_known,2,1,0.053971170065568355,0,0
14,4,p2f,70,future_known,3,1,0.983942732789575,1,1
14,4,p2f,70,future_known,4,1,0.9281658737125523,1,1
14,4,p2f,70,future_known,5,1,0.3909775371908264,0,0
14,4,p2f,71,future_known,0,1,0.9993942149676537,1,1
14,4,p2f,71,future_known,1,1,0.999970670364249,1,1
14,4,p2f,71,future_known,2,1,0.9854679885418762,1,1
14,4,p2f,71,future_known,3,1,0.9999466520131901,1,1
14,4,p2f,71,future_known,4,1,0.9999964580559934,1,1
14,4,p2f,71,future_known,5,1,0.9350976914440527,1,1
14,4,p2f,72,future_known,0,1,0.9975237953222332,1,1
14,4,p2f,72,future_known,1,1,0.9998675818881869,1,1
14,4,p2f,72,future_known,2,1,0.9944305798506327,1,1
14,4,p2f,72,future_known,3,1,0.9998755618427076,1,1
14,4,p2f,72,future_known,4,1,0.9995847845949763,1,1
14,4,p2f,72,future_known,5,1,0.999995095711676,1,1
14,4,p2f,73,future_known,0,1,0.999281891509637,1,1
14,4,p2f,73,future_known,1,1,0.9446921830233639,1,1
14,4,p2f,73,future_known,2,1,0.1387583973870746,0,0
14,4,p2f,73,future_known,3,1,0.4967085021672534,0,0
14,4,p2f,73,future_known,4,1,0.6621968441443316,1,1
14,4,p2f,73,future_known,5,1,0.6125056204787558,1,1
14,4,p2f,74,future_known,0,1,0.9996983811182882,1,1
14,4,p2f,74,future_known,1,1,0.9995541668908493,1,1
14,4,p2f,74,future_known,2,1,0.9944991784369014,1,1
14,4,p2f,74,future_known,3,1,0.9679747851738133,1,1
14,4,p2f,74,future_known,4,1,0.9995680115310868,1,1
14,4,p2f,74,future_known,5,1,0.9834023752934048,1,1
14,4,p2f,75,future_unknown,0,0,0.021580626275400954,0,1
14,4,p2f,75,future_unknown,1,0,0.0069760388614870635,0,1
14,4,p2f,75,future_unknown,2,0,0.07377552617955631,0,1
14,4,p2f,75,future_unknown,3,0,0.0013355842704686918,0,1
14,4,p2f,75,future_unknown,4,0,0.12057136717798417,0,1
14,4,p2f,75,future_unknown,5,0,0.18093278973829457,0,1
14,4,p2f,76,future_unknown,0,0,2.7953982639546224e-07,0,1
14,4,p2f,76,future_unknown,1,0,8.03226713199253e-06,0,1
14,4,p2f,76,future_unknown,2,0,8.841846313361694e-05,0,1
14,4,p2f,76,future_unknown,3,0,0.00029940939959972445,0,1
14,4,p2f,76,future_unknown,4,0,1.9975518392588198e-07,0,1
14,4,p2f,76,future_unknown,5,0,2.127273906025255e-06,0,1
14,4,p2f,77,future_unknown,0,0,1.1512777331209791e-08,0,1
14,4,p2f,77,future_unknown,1,0,1.0251987481059633e-09,0,1
14,4,p2f,77,future_unknown,2,0,1.4804608548866635e-09,0,1
14,4,p2f,77,future_unknown,3,0,2.8243292074871857e-09,0,1
14,4,p2f,77,future_unknown,4,0,5.4581212082055085e-11,0,1
14,4,p2f,77,future_unknown,5,0,5.615505783522488e-10,0,1
14,4,p2f,78,future_unknown,0,0,0.3319392134030442,0,1
14,4,p2f,78,future_unknown,1,0,0.006880284719687796,0,1
14,4,p2f,78,future_unknown,2,0,0.9572043683719987,1,0
14,4,p2f,78,future_unknown,3,0,0.5916898609650904,1,0
14,4,p2f,78,future_unknown,4,0,0.5188703679506959,1,0
14,4,p2f,78,future_unknown,5,0,0.6535777915746012,1,0
14,4,p2f,79,future_unknown,0,0,0.02831135260705519,0,1
14,4,p2f,79,future_unknown,1,0,0.00042148277069879535,0,1
14,4,p2f,79,future_unknown,2,0,0.005857513471518825,0,1
14,4,p2f,79,future_unknown,3,0,0.010866020235048873,0,1
14,4,p2f,79,future_unknown,4,0,0.0011792005288314515,0,1
14,4,p2f,79,future_unknown,5,0,0.04597770564801581,0,1
14,4,p2f,80,future_unknown,0,0,0.6378972040968528,1,0
14,4,p2f,80,future_unknown,1,0,0.9891161534598993,1,0
14,4,p2f,80,future_unknown,2,0,0.735401184300393,1,0
14,4,p2f,80,future_unknown,3,0,0.9965784168690445,1,0
14,4,p2f,80,future_unknown,4,0,0.08047413997631905,0,1
14,4,p2f,80,future_unknown,5,0,0.5747492959963049,1,0
14,4,p2f,81,future_unknown,0,0,2.3424436917003602e-05,0,1
14,4,p2f,81,future_unknown,1,0,0.003504172780494556,0,1
14,4,p2f,81,future_unknown,2,0,5.357479391085688e-07,0,1
14,4,p2f,81,future_unknown,3,0,7.623551215378935e-07,0,1
14,4,p2f,81,future_unknown,4,0,0.0003516489088457219,0,1
14,4,p2f,81,future_unknown,5,0,3.943001059656799e-05,0,1
14,4,p2f,82,future_unknown,0,0,0.001266926562748732,0,1
14,4,p2f,82,future_unknown,1,0,0.0014876375086544822,0,1
14,4,p2f,82,future_unknown,2,0,3.593906824743868e-05,0,1
14,4,p2f,82,future_unknown,3,0,0.003889115805068391,0,1
14,4,p2f,82,future_unknown,4,0,0.000747938020929959,0,1
14,4,p2f,82,future_unknown,5,0,0.002418107017821188,0,1
14,4,p2f,83,future_unknown,0,0,0.08599500441328312,0,1
14,4,p2f,83,future_unknown,1,0,0.9783078821096992,1,0
14,4,p2f,83,future_unknown,2,0,0.02253158522133255,0,1
14,4,p2f,83,future_unknown,3,0,0.1944605577896947,0,1
14,4,p2f,83,future_unknown,4,0,0.6382790937995225,1,0
14,4,p2f,83,future_unknown,5,0,0.27025723186602146,0,1
14,4,p2f,84,future_unknown,0,0,3.388509931218188e-05,0,1
14,4,p2f,84,future_unknown,1,0,0.0018858323279918468,0,1
14,4,p2f,84,future_unknown,2,0,4.317669861151943e-05,0,1
14,4,p2f,84,future_unknown,3,0,8.566276607305599e-05,0,1
14,4,p2f,84,future_unknown,4,0,1.3633406752907641e-05,0,1
14,4,p2f,84,future_unknown,5,0,0.006962442625461631,0,1
14,4,p2f,85,future_unknown,0,0,0.06311425336014272,0,1
14,4,p2f,85,future_unknown,1,0,0.23850504282506182,0,1
14,4,p2f,85,future_unknown,2,0,0.29322361820263404,0,1
14,4,p2f,85,future_unknown,3,0,0.9696750052283857,1,0
14,4,p2f,85,future_unknown,4,0,0.17123524740639637,0,1
14,4,p2f,85,future_unknown,5,0,0.22261232671983402,0,1
14,4,p2f,86,future_unknown,0,0,0.03228716927548213,0,1
14,4,p2f,86,future_unknown,1,0,0.0031751146591192654,0,1
14,4,p2f,86,future_unknown,2,0,0.002224513190030622,0,1
14,4,p2f,86,future_unknown,3,0,0.05410555407326612,0,1
14,4,p2f,86,future_unknown,4,0,0.011007715555843916,0,1
14,4,p2f,86,future_unknown,5,0,0.005502897171470275,0,1
14,4,p2f,87,future_unknown,0,0,0.0018778707378532492,0,1
14,4,p2f,87,future_unknown,1,0,0.0008202291988957762,0,1
14,4,p2f,87,future_unknown,2,0,0.02911452584085497,0,1
14,4,p2f,87,future_unknown,3,0,0.011209236764423976,0,1
14,4,p2f,87,future_unknown,4,0,0.05488466083787791,0,1
14,4,p2f,87,future_unknown,5,0,0.0008551559496841736,0,1
14,4,p2f,88,future_unknown,0,0,0.004068261779892102,0,1
14,4,p2f,88,future_unknown,1,0,0.06745385845966213,0,1
14,4,p2f,88,future_unknown,2,0,0.00546684308052614,0,1
14,4,p2f,88,future_unknown,3,0,0.3444105006240074,0,1
14,4,p2f,88,future_unknown,4,0,0.028178090524576063,0,1
14,4,p2f,88,future_unknown,5,0,0.043272625359679746,0,1
14,4,p2f,89,future_unknown,0,0,0.0002510287692306276,0,1
14,4,p2f,89,future_unknown,1,0,0.0003604125442080953,0,1
14,4,p2f,89,future_unknown,2,0,7.104995662869674e-05,0,1
14,4,p2f,89,future_unknown,3,0,3.487082464103783e-06,0,1
14,4,p2f,89,future_unknown,4,0,7.327883040165275e-05,0,1
14,4,p2f,89,future_unknown,5,0,0.0008454146589123039,0,1
14,4,p2f,90,future_unknown,0,0,0.9984569012307116,1,0
14,4,p2f,90,future_unknown,1,0,0.9999999491077122,1,0
14,4,p2f,90,future_unknown,2,0,0.9999687786024963,1,0
14,4,p2f,90,future_unknown,3,0,0.9999977552337148,1,0
14,4,p2f,90,future_unknown,4,0,0.9998037647514688,1,0
14,4,p2f,90,future_unknown,5,0,0.9999990710271621,1,0
14,4,p2f,91,future_unknown,0,0,0.001888719247016541,0,1
14,4,p2f,91,future_unknown,1,0,0.0002972431759293117,0,1
14,4,p2f,91,future_unknown,2,0,0.0005723138352246547,0,1
14,4,p2f,91,future_unknown,3,0,2.53082684034866e-05,0,1
14,4,p2f,91,future_unknown,4,0,3.6235120703104897e-06,0,1
14,4,p2f,91,future_unknown,5,0,0.04048968053992151,0,1
14,4,p2f,92,future_unknown,0,0,1.299381260387792e-07,0,1
14,4,p2f,92,future_unknown,1,0,4.0246688183741874e-07,0,1
14,4,p2f,92,future_unknown,2,0,3.954006782053837e-06,0,1
14,4,p2f,92,future_unknown,3,0,0.09828457508882896,0,1
14,4,p2f,92,future_unknown,4,0,0.0006129865566039354,0,1
14,4,p2f,92,future_unknown,5,0,1.3898003709058917e-09,0,1
14,4,p2f,93,future_unknown,0,0,0.037093106184100645,0,1
14,4,p2f,93,future_unknown,1,0,0.000836713465405236,0,1
14,4,p2f,93,future_unknown,2,0,0.0011504235495427997,0,1
14,4,p2f,93,future_unknown,3,0,0.0011504235495427997,0,1
14,4,p2f,93,future_unknown,4,0,0.001041589615566884,0,1
14,4,p2f,93,future_unknown,5,0,0.0006458196185908937,0,1
14,4,p2f,94,future_unknown,0,0,0.011117302301302253,0,1
14,4,p2f,94,future_unknown,1,0,0.03360557869462672,0,1
14,4,p2f,94,future_unknown,2,0,0.04449452172550621,0,1
14,4,p2f,94,future_unknown,3,0,0.28793907570391103,0,1
14,4,p2f,94,future_unknown,4,0,0.1543706266382204,0,1
14,4,p2f,94,future_unknown,5,0,0.3120052304586651,0,1
14,4,p2f,95,future_unknown,0,0,5.001587284489136e-06,0,1
14,4,p2f,95,future_unknown,1,0,6.940430579530084e-06,0,1
14,4,p2f,95,future_unknown,2,0,0.005483307282620283,0,1
14,4,p2f,95,future_unknown,3,0,4.6235030349324635e-06,0,1
14,4,p2f,95,future_unknown,4,0,0.0002319398228493012,0,1
14,4,p2f,95,future_unknown,5,0,1.0195773167834566e-06,0,1
14,4,p2f,96,future_unknown,0,0,0.007841223310313635,0,1
14,4,p2f,96,future_unknown,1,0,0.14404951545156414,0,1
14,4,p2f,96,future_unknown,2,0,0.9536823590831054,1,0
14,4,p2f,96,future_unknown,3,0,0.32565165720961153,0,1
14,4,p2f,96,future_unknown,4,0,0.027910102241278607,0,1
14,4,p2f,96,future_unknown,5,0,0.6378101256081457,1,0
14,4,p2f,97,future_unknown,0,0,0.00038381379418880965,0,1
14,4,p2f,97,future_unknown,1,0,0.18786952776483523,0,1
14,4,p2f,97,future_unknown,2,0,0.0005751072270129786,0,1
14,4,p2f,97,future_unknown,3,0,0.04288160383566,0,1
14,4,p2f,97,future_unknown,4,0,0.019027920539194828,0,1
14,4,p2f,97,future_unknown,5,0,0.238571912147773,0,1
14,4,p2f,98,future_unknown,0,0,3.4994782250394753e-06,0,1
14,4,p2f,98,future_unknown,1,0,3.3589700465968823e-07,0,1
14,4,p2f,98,future_unknown,2,0,4.014345038378874e-05,0,1
14,4,p2f,98,future_unknown,3,0,2.708635175112248e-07,0,1
14,4,p2f,98,future_unknown,4,0,5.397969014543556e-07,0,1
14,4,p2f,98,future_unknown,5,0,3.9675846046243233e-07,0,1
14,4,p2f,99,future_unknown,0,0,0.9310121070963842,1,0
14,4,p2f,99,future_unknown,1,0,0.9882843084195561,1,0
14,4,p2f,99,future_unknown,2,0,0.9734397899155401,1,0
14,4,p2f,99,future_unknown,3,0,0.9992025317491935,1,0
14,4,p2f,99,future_unknown,4,0,0.9582918486283662,1,0
14,4,p2f,99,future_unknown,5,0,0.6805988277390527,1,0
14,4,f2p,0,past_known,0,1,0.03390152484071096,0,0
14,4,f2p,0,past_known,1,1,0.0013665171816297495,0,0
14,4,f2p,0,past_known,2,1,1.3755610433831832e-05,0,0
14,4,f2p,0,past_known,3,1,2.8578986543396908e-05,0,0
14,4,f2p,0,past_known,4,1,4.064791567304813e-05,0,0
14,4,f2p,0,past_known,5,1,3.3030508568115335e-05,0,0
14,4,f2p,1,past_known,0,1,0.8051200709708428,1,1
14,4,f2p,1,past_known,1,1,0.9596085571283228,1,1
14,4,f2p,1,past_known,2,1,0.4573977585901292,0,0
14,4,f2p,1,past_known,3,1,0.033239845993629,0,0
14,4,f2p,1,past_known,4,1,0.8253432982916287,1,1
14,4,f2p,1,past_known,5,1,0.6205343731816471,1,1
14,4,f2p,2,past_known,0,1,0.0027957175955051366,0,0
14,4,f2p,2,past_known,1,1,0.08825564625098835,0,0
14,4,f2p,2,past_known,2,1,0.535545567409556,1,1
14,4,f2p,2,past_known,3,1,0.0007084275957612746,0,0
14,4,f2p,2,past_known,4,1,5.111248607397432e-05,0,0
14,4,f2p,2,past_known,5,1,5.21808478797318e-06,0,0
14,4,f2p,3,past_known,0,1,0.0019475594292075716,0,0
14,4,f2p,3,past_known,1,1,5.534766569132212e-06,0,0
14,4,f2p,3,past_known,2,1,0.11397039594155889,0,0
14,4,f2p,3,past_known,3,1,0.0035413634679824697,0,0
14,4,f2p,3,past_known,4,1,0.00014289997250769318,0,0
14,4,f2p,3,past_known,5,1,0.26217967466512454,0,0
14,4,f2p,4,past_known,0,1,0.00014372417100376808,0,0
14,4,f2p,4,past_known,1,1,0.00010513608868422742,0,0
14,4,f2p,4,past_known,2,1,6.238516539704978e-05,0,0
14,4,f2p,4,past_known,3,1,1.610539286041184e-05,0,0
14,4,f2p,4,past_known,4,1,0.8810427295057138,1,1
14,4,f2p,4,past_known,5,1,6.2169698483056695e-06,0,0
14,4,f2p,5,past_known,0,1,0.9597580765085508,1,1
14,4,f2p,5,past_known,1,1,0.9910867590397087,1,1
14,4,f2p,5,past_known,2,1,0.7962172559270878,1,1
14,4,f2p,5,past_known,3,1,0.9752322202278423,1,1
14,4,f2p,5,past_known,4,1,0.9999996959392156,1,1
14,4,f2p,5,past_known,5,1,0.9995570073240726,1,1
14,4,f2p,6,past_known,0,1,0.88033523719136,1,1
14,4,f2p,6,past_known,1,1,0.9954442527105881,1,1
14,4,f2p,6,past_known,2,1,0.9956975916137517,1,1
14,4,f2p,6,past_known,3,1,0.9824407558975631,1,1
14,4,f2p,6,past_known,4,1,0.991751779331232,1,1
14,4,f2p,6,past_known,5,1,0.9843660356475509,1,1
14,4,f2p,7,past_known,0,1,0.6907146323578528,1,1
14,4,f2p,7,past_known,1,1,0.9769879075024809,1,1
14,4,f2p,7,past_known,2,1,0.2698098222037775,0,0
14,4,f2p,7,past_known,3,1,0.817284020649908,1,1
14,4,f2p,7,past_known,4,1,0.048916980522579104,0,0
14,4,f2p,7,past_known,5,1,0.005825424597789706,0,0
14,4,f2p,8,past_known,0,1,0.9990569051064188,1,1
14,4,f2p,8,past_known,1,1,0.003056287924292392,0,0
14,4,f2p,8,past_known,2,1,0.7121811185518185,1,1
14,4,f2p,8,past_known,3,1,0.9976205041918251,1,1
14,4,f2p,8,past_known,4,1,1.8690142291593996e-07,0,0
14,4,f2p,8,past_known,5,1,0.9754250680317513,1,1
14,4,f2p,9,past_known,0,1,0.9465752621993285,1,1
14,4,f2p,9,past_known,1,1,0.9993604985778769,1,1
14,4,f2p,9,past_known,2,1,0.9989007980681305,1,1
14,4,f2p,9,past_known,3,1,0.9999979124489198,1,1
14,4,f2p,9,past_known,4,1,0.99973049417587,1,1
14,4,f2p,9,past_known,5,1,0.9995042652185402,1,1
14,4,f2p,10,past_known,0,1,0.9727069828298053,1,1
14,4,f2p,10,past_known,1,1,0.8893991527742102,1,1
14,4,f2p,10,past_known,2,1,0.6750542361754513,1,1
14,4,f2p,10,past_known,3,1,0.020746580525370744,0,0
14,4,f2p,10,past_known,4,1,0.9966663615150819,1,1
14,4,f2p,10,past_known,5,1,0.47575861898346894,0,0
14,4,f2p,11,past_known,0,1,0.000488934702668583,0,0
14,4,f2p,11,past_known,1,1,0.09373239730672785,0,0
14,4,f2p,11,past_known,2,1,0.006094333605545952,0,0
14,4,f2p,11,past_known,3,1,0.00030301869568833415,0,0
14,4,f2p,11,past_known,4,1,0.8753951976030204,1,1
14,4,f2p,11,past_known,5,1,0.29970629360076795,0,0
14,4,f2p,12,past_known,0,1,0.3239570259443704,0,0
14,4,f2p,12,past_known,1,1,0.2503965489356305,0,0
14,4,f2p,12,past_known,2,1,0.989668361905369,1,1
14,4,f2p,12,past_known,3,1,0.7014973966164917,1,1
14,4,f2p,12,past_known,4,1,0.0016505573716877565,0,0
14,4,f2p,12,past_known,5,1,0.8726143642720506,1,1
14,4,f2p,13,past_known,0,1,0.9999997958188391,1,1
14,4,f2p,13,past_known,1,1,0.999999956062687,1,1
14,4,f2p,13,past_known,2,1,0.9999693704734733,1,1
14,4,f2p,13,past_known,3,1,0.999961663086642,1,1
14,4,f2p,13,past_known,4,1,0.9999990997482284,1,1
14,4,f2p,13,past_known,5,1,0.9999997516162946,1,1
14,4,f2p,14,past_known,0,1,0.5628912927239386,1,1
14,4,f2p,14,past_known,1,1,0.9984510582902515,1,1
14,4,f2p,14,past_known,2,1,0.7980518358766048,1,1
14,4,f2p,14,past_known,3,1,3.8720282528846206e-05,0,0
14,4,f2p,14,past_known,4,1,0.0003946965539353379,0,0
14,4,f2p,14,past_known,5,1,0.9933911330879894,1,1
14,4,f2p,15,past_known,0,1,0.5851951167806505,1,1
14,4,f2p,15,past_known,1,1,0.9353563941151319,1,1
14,4,f2p,15,past_known,2,1,0.6041161326157185,1,1
14,4,f2p,15,past_known,3,1,0.44165588070993606,0,0
14,4,f2p,15,past_known,4,1,0.6614809018359112,1,1
14,4,f2p,15,past_known,5,1,0.9997248551712741,1,1
14,4,f2p,16,past_known,0,1,0.9999999080054522,1,1
14,4,f2p,16,past_known,1,1,0.999999995354526,1,1
14,4,f2p,16,past_known,2,1,0.9999999986310295,1,1
14,4,f2p,16,past_known,3,1,0.9999986414890688,1,1
14,4,f2p,16,past_known,4,1,0.9999994384946069,1,1
14,4,f2p,16,past_known,5,1,0.9999999164334666,1,1
14,4,f2p,17,past_known,0,1,0.012967114489970757,0,0
14,4,f2p,17,past_known,1,1,0.00032493798632146685,0,0
14,4,f2p,17,past_known,2,1,0.0012326484347576633,0,0
14,4,f2p,17,past_known,3,1,0.00017796502624187096,0,0
14,4,f2p,17,past_known,4,1,0.00010206211667455359,0,0
14,4,f2p,17,past_known,5,1,0.0004335120742305569,0,0
14,4,f2p,18,past_known,0,1,0.9349840769309228,1,1
14,4,f2p,18,past_known,1,1,0.9831151484946458,1,1
14,4,f2p,18,past_known,2,1,0.7947233568181498,1,1
14,4,f2p,18,past_known,3,1,0.8995417025826163,1,1
14,4,f2p,18,past_known,4,1,0.7314069557146604,1,1
14,4,f2p,18,past_known,5,1,0.014204781550405643,0,0
14,4,f2p,19,past_known,0,1,0.9999997260276965,1,1
14,4,f2p,19,past_known,1,1,0.9999732410017165,1,1
14,4,f2p,19,past_known,2,1,0.9999746216852154,1,1
14,4,f2p,19,past_known,3,1,0.9999999008165162,1,1
14,4,f2p,19,past_known,4,1,0.9989492544953426,1,1
14,4,f2p,19,past_known,5,1,0.9848338090130597,1,1
14,4,f2p,20,past_known,0,1,0.8001214574787444,1,1
14,4,f2p,20,past_known,1,1,0.10464322607894129,0,0
14,4,f2p,20,past_known,2,1,0.9956357777094175,1,1
14,4,f2p,20,past_known,3,1,0.00016663304932634966,0,0
14,4,f2p,20,past_known,4,1,0.697024092038499,1,1
14,4,f2p,20,past_known,5,1,0.04979808882509257,0,0
14,4,f2p,21,past_known,0,1,0.01678453341640514,0,0
14,4,f2p,21,past_known,1,1,1.7401872867231282e-07,0,0
14,4,f2p,21,past_known,2,1,0.023806006611721043,0,0
14,4,f2p,21,past_known,3,1,2.228294342670882e-06,0,0
14,4,f2p,21,past_known,4,1,0.003775050209246481,0,0
14,4,f2p,21,past_known,5,1,1.8867843570297556e-10,0,0
14,4,f2p,22,past_known,0,1,0.979576958285218,1,1
14,4,f2p,22,past_known,1,1,0.8348683113435421,1,1
14,4,f2p,22,past_known,2,1,2.3908115058356775e-05,0,0
14,4,f2p,22,past_known,3,1,0.999856440381898,1,1
14,4,f2p,22,past_known,4,1,0.03507164486594528,0,0
14,4,f2p,22,past_known,5,1,0.7942181923737758,1,1
14,4,f2p,23,past_known,0,1,0.9922417096586107,1,1
14,4,f2p,23,past_known,1,1,0.991076757119073,1,1
14,4,f2p,23,past_known,2,1,0.999963294250312,1,1
14,4,f2p,23,past_known,3,1,0.9895900921300587,1,1
14,4,f2p,23,past_known,4,1,0.9948022646976925,1,1
14,4,f2p,23,past_known,5,1,0.9988966898015886,1,1
14,4,f2p,24,past_known,0,1,0.9484621023253804,1,1
14,4,f2p,24,past_known,1,1,0.9958461797318778,1,1
14,4,f2p,24,past_known,2,1,0.926929710003181,1,1
14,4,f2p,24,past_known,3,1,0.9993227330979864,1,1
14,4,f2p,24,past_known,4,1,0.9985762031561755,1,1
14,4,f2p,24,past_known,5,1,0.9999923616534211,1,1
14,4,f2p,25,past_unknown,0,0,0.010931673295647239,0,1
14,4,f2p,25,past_unknown,1,0,0.005805535199711936,0,1
14,4,f2p,25,past_unknown,2,0,0.9737482096626938,1,0
14,4,f2p,25,past_unknown,3,0,0.0544945384145387,0,1
14,4,f2p,25,past_unknown,4,0,0.0006764629153344132,0,1
14,4,f2p,25,past_unknown,5,0,0.018438986605608526,0,1
14,4,f2p,26,past_unknown,0,0,0.0035137221178553214,0,1
14,4,f2p,26,past_unknown,1,0,0.049014657887025775,0,1
14,4,f2p,26,past_unknown,2,0,0.0037023802300062457,0,1
14,4,f2p,26,past_unknown,3,0,0.20377906930492684,0,1
14,4,f2p,26,past_unknown,4,0,0.009072841772078143,0,1
14,4,f2p,26,past_unknown,5,0,0.00011847043538855028,0,1
14,4,f2p,27,past_unknown,0,0,2.101213377440186e-05,0,1
14,4,f2p,27,past_unknown,1,0,2.8845565404639685e-07,0,1
14,4,f2p,27,past_unknown,2,0,4.416459306245634e-06,0,1
14,4,f2p,27,past_unknown,3,0,1.3123805183926813e-05,0,1
14,4,f2p,27,past_unknown,4,0,0.0004274574719065491,0,1
14,4,f2p,27,past_unknown,5,0,0.013547452204636518,0,1
14,4,f2p,28,past_unknown,0,0,0.9986368706993909,1,0
14,4,f2p,28,past_unknown,1,0,0.16765014406094492,0,1
14,4,f2p,28,past_unknown,2,0,0.0051461509482626155,0,1
14,4,f2p,28,past_unknown,3,0,0.906631039392953,1,0
14,4,f2p,28,past_unknown,4,0,0.9945258843361703,1,0
14,4,f2p,28,past_unknown,5,0,0.0001896538817635335,0,1
14,4,f2p,29,past_unknown,0,0,5.263785740758159e-05,0,1
14,4,f2p,29,past_unknown,1,0,0.0005346193672612431,0,1
14,4,f2p,29,past_unknown,2,0,0.0018861359950359802,0,1
14,4,f2p,29,past_unknown,3,0,0.7414830864436011,1,0
14,4,f2p,29,past_unknown,4,0,0.02920799428906373,0,1
14,4,f2p,29,past_unknown,5,0,0.01699438819893333,0,1
14,4,f2p,30,past_unknown,0,0,0.0015363031607128475,0,1
14,4,f2p,30,past_unknown,1,0,0.00017621807597398704,0,1
14,4,f2p,30,past_unknown,2,0,0.0021195181884877574,0,1
14,4,f2p,30,past_unknown,3,0,0.009436014187026588,0,1
14,4,f2p,30,past_unknown,4,0,0.005085368698854074,0,1
14,4,f2p,30,past_unknown,5,0,0.009018446464531354,0,1
14,4,f2p,31,past_unknown,0,0,0.9808779338205437,1,0
14,4,f2p,31,past_unknown,1,0,0.002198637003616891,0,1
14,4,f2p,31,past_unknown,2,0,0.1322373839642016,0,1
14,4,f2p,31,past_unknown,3,0,0.013392995323457479,0,1
14,4,f2p,31,past_unknown,4,0,0.7904338653490071,1,0
14,4,f2p,31,past_unknown,5,0,0.48233053943238025,0,1
14,4,f2p,32,past_unknown,0,0,1.2138652623358558e-05,0,1
14,4,f2p,32,past_unknown,1,0,2.0493236151782864e-08,0,1
14,4,f2p,32,past_unknown,2,0,6.194147543178355e-05,0,1
14,4,f2p,32,past_unknown,3,0,6.263007397969816e-06,0,1
14,4,f2p,32,past_unknown,4,0,0.00023656156850693328,0,1
14,4,f2p,32,past_unknown,5,0,7.065899026291018e-07,0,1
14,4,f2p,33,past_unknown,0,0,0.09004317619861853,0,1
14,4,f2p,33,past_unknown,1,0,0.7854378443433861,1,0
14,4,f2p,33,past_unknown,2,0,1.323337134767575e-05,0,1
14,4,f2p,33,past_unknown,3,0,0.10749297355832459,0,1
14,4,f2p,33,past_unknown,4,0,0.9989538434501244,1,0
14,4,f2p,33,past_unknown,5,0,0.020118068306210754,0,1
14,4,f2p,34,past_unknown,0,0,1.2517912459436721e-06,0,1
14,4,f2p,34,past_unknown,1,0,4.032218378582131e-06,0,1
14,4,f2p,34,past_unknown,2,0,6.321745279816931e-06,0,1
14,4,f2p,34,past_unknown,3,0,0.0005935490650352697,0,1
14,4,f2p,34,past_unknown,4,0,4.1285718824979014e-05,0,1
14,4,f2p,34,past_unknown,5,0,3.891749325648483e-06,0,1
14,4,f2p,35,past_unknown,0,0,0.007644523363135352,0,1
14,4,f2p,35,past_unknown,1,0,0.0002571061859717171,0,1
14,4,f2p,35,past_unknown,2,0,0.11791104837302441,0,1
14,4,f2p,35,past_unknown,3,0,0.00441374898043176,0,1
14,4,f2p,35,past_unknown,4,0,0.00019122781539739173,0,1
14,4,f2p,35,past_unknown,5,0,0.01637183887988053,0,1
14,4,f2p,36,past_unknown,0,0,0.0004899717065726813,0,1
14,4,f2p,36,past_unknown,1,0,0.389246060538495,0,1
14,4,f2p,36,past_unknown,2,0,0.0016462550503722675,0,1
14,4,f2p,36,past_unknown,3,0,0.13041183240391713,0,1
14,4,f2p,36,past_unknown,4,0,0.4357438748137645,0,1
14,4,f2p,36,past_unknown,5,0,0.0003593593222180612,0,1
14,4,f2p,37,past_unknown,0,0,1.048587057969178e-07,0,1
14,4,f2p,37,past_unknown,1,0,0.00014559260552586122,0,1
14,4,f2p,37,past_unknown,2,0,4.201216484176805e-06,0,1
14,4,f2p,37,past_unknown,3,0,0.00015957731250806258,0,1
14,4,f2p,37,past_unknown,4,0,7.942329186021542e-07,0,1
14,4,f2p,37,past_unknown,5,0,2.5414383362422557e-05,0,1
14,4,f2p,38,past_unknown,0,0,0.0013894597694161111,0,1
14,4,f2p,38,past_unknown,1,0,0.000766232249358042,0,1
14,4,f2p,38,past_unknown,2,0,0.0003155404883405352,0,1
14,4,f2p,38,past_unknown,3,0,1.7430297822398827e-05,0,1
14,4,f2p,38,past_unknown,4,0,0.00026418115684744367,0,1
14,4,f2p,38,past_unknown,5,0,0.0018026044976471498,0,1
14,4,f2p,39,past_unknown,0,0,0.00020231545493035194,0,1
14,4,f2p,39,past_unknown,1,0,8.139707764342923e-07,0,1
14,4,f2p,39,past_unknown,2,0,0.0011940851177270908,0,1
14,4,f2p,39,past_unknown,3,0,5.443092078878046e-06,0,1
14,4,f2p,39,past_unknown,4,0,4.7147375924461036e-07,0,1
14,4,f2p,39,past_unknown,5,0,2.389570036717118e-05,0,1
14,4,f2p,40,past_unknown,0,0,1.7582748184299424e-06,0,1
14,4,f2p,40,past_unknown,1,0,6.746781729952756e-05,0,1
14,4,f2p,40,past_unknown,2,0,1.7379681223568113e-05,0,1
14,4,f2p,40,past_unknown,3,0,0.01629608786931782,0,1
14,4,f2p,40,past_unknown,4,0,0.000211652803984179,0,1
14,4,f2p,40,past_unknown,5,0,0.047653140715486354,0,1
14,4,f2p,41,past_unknown,0,0,0.00011935341862798629,0,1
14,4,f2p,41,past_unknown,1,0,0.0004624890476969153,0,1
14,4,f2p,41,past_unknown,2,0,1.7279284870514183e-05,0,1
14,4,f2p,41,past_unknown,3,0,0.00011277613902591557,0,1
14,4,f2p,41,past_unknown,4,0,1.8406270961461772e-06,0,1
14,4,f2p,41,past_unknown,5,0,4.653485348634308e-05,0,1
14,4,f2p,42,past_unknown,0,0,0.0012320265107896265,0,1
14,4,f2p,42,past_unknown,1,0,2.093150398603673e-05,0,1
14,4,f2p,42,past_unknown,2,0,0.008303843261878184,0,1
14,4,f2p,42,past_unknown,3,0,0.0036608608432379857,0,1
14,4,f2p,42,past_unknown,4,0,0.0007212602410527922,0,1
14,4,f2p,42,past_unknown,5,0,0.0007046177688996489,0,1
14,4,f2p,43,past_unknown,0,0,0.6112313687426845,1,0
14,4,f2p,43,past_unknown,1,0,0.005992463606331088,0,1
14,4,f2p,43,past_unknown,2,0,0.978143445729549,1,0
14,4,f2p,43,past_unknown,3,0,0.8311487226678855,1,0
14,4,f2p,43,past_unknown,4,0,0.9903811435393212,1,0
14,4,f2p,43,past_unknown,5,0,0.298169305260415,0,1
14,4,f2p,44,past_unknown,0,0,0.0004009070068206331,0,1
14,4,f2p,44,past_unknown,1,0,6.189755652930507e-05,0,1
14,4,f2p,44,past_unknown,2,0,0.09568860587294858,0,1
14,4,f2p,44,past_unknown,3,0,0.0019157847653867536,0,1
14,4,f2p,44,past_unknown,4,0,1.1880787272548354e-05,0,1
14,4,f2p,44,past_unknown,5,0,0.7904780476374312,1,0
14,4,f2p,45,past_unknown,0,0,0.00207176827246573,0,1
14,4,f2p,45,past_unknown,1,0,4.318523426123255e-05,0,1
14,4,f2p,45,past_unknown,2,0,0.0008691336803297562,0,1
14,4,f2p,45,past_unknown,3,0,0.0076459237992160655,0,1
14,4,f2p,45,past_unknown,4,0,0.08526693394230944,0,1
14,4,f2p,45,past_unknown,5,0,0.00019184311812839864,0,1
14,4,f2p,46,past_unknown,0,0,9.142095406277419e-05,0,1
14,4,f2p,46,past_unknown,1,0,0.004483985288380209,0,1
14,4,f2p,46,past_unknown,2,0,5.522736473051142e-07,0,1
14,4,f2p,46,past_unknown,3,0,3.0642424187666637e-05,0,1
14,4,f2p,46,past_unknown,4,0,0.002032639440331211,0,1
14,4,f2p,46,past_unknown,5,0,0.0001317589495418327,0,1
14,4,f2p,47,past_unknown,0,0,0.05657217018077924,0,1
14,4,f2p,47,past_unknown,1,0,0.6930370802988793,1,0
14,4,f2p,47,past_unknown,2,0,0.08305749495856536,0,1
14,4,f2p,47,past_unknown,3,0,0.04677260087516487,0,1
14,4,f2p,47,past_unknown,4,0,0.01821614536178018,0,1
14,4,f2p,47,past_unknown,5,0,0.08174289624787816,0,1
14,4,f2p,48,past_unknown,0,0,2.0733388342699013e-06,0,1
14,4,f2p,48,past_unknown,1,0,8.795223298852598e-06,0,1
14,4,f2p,48,past_unknown,2,0,7.438277161438001e-06,0,1
14,4,f2p,48,past_unknown,3,0,4.93882506337012e-06,0,1
14,4,f2p,48,past_unknown,4,0,1.0130696240936833e-07,0,1
14,4,f2p,48,past_unknown,5,0,4.466456443384643e-05,0,1
14,4,f2p,49,past_unknown,0,0,0.04465229275773259,0,1
14,4,f2p,49,past_unknown,1,0,0.03438033606227965,0,1
14,4,f2p,49,past_unknown,2,0,0.0001655450154753291,0,1
14,4,f2p,49,past_unknown,3,0,0.03205950862024435,0,1
14,4,f2p,49,past_unknown,4,0,0.000386793003345817,0,1
14,4,f2p,49,past_unknown,5,0,0.010853767525712503,0,1
15,4,p2f,50,future_known,0,1,0.7508528056129499,1,1
15,4,p2f,50,future_known,1,1,0.9893331122971647,1,1
15,4,p2f,50,future_known,2,1,0.006928707891082178,0,0
15,4,p2f,50,future_known,3,1,0.004982496470629881,0,0
15,4,p2f,50,future_known,4,1,0.011102896489228619,0,0
15,4,p2f,50,future_known,5,1,0.42209411676671726,0,0
15,4,p2f,51,future_known,0,1,0.7424890876062507,1,1
15,4,p2f,51,future_known,1,1,0.9946814391810288,1,1
15,4,p2f,51,future_known,2,1,0.005989876849280429,0,0
15,4,p2f,51,future_known,3,1,0.8795397573530466,1,1
15,4,p2f,51,future_known,4,1,0.03783996902336528,0,0
15,4,p2f,51,future_known,5,1,0.003501807480855378,0,0
15,4,p2f,52,future_known,0,1,0.08903471004892942,0,0
15,4,p2f,52,future_known,1,1,0.9980579467544539,1,1
15,4,p2f,52,future_known,2,1,0.07299457385386987,0,0
15,4,p2f,52,future_known,3,1,0.7916701497175646,1,1
15,4,p2f,52,future_known,4,1,0.0016472568047981508,0,0
15,4,p2f,52,future_known,5,1,0.062403378184863204,0,0
15,4,p2f,53,future_known,0,1,0.6656429249857121,1,1
15,4,p2f,53,future_known,1,1,0.1142920765316646,0,0
15,4,p2f,53,future_known,2,1,0.2256741171449468,0,0
15,4,p2f,53,future_known,3,1,0.03468601580077842,0,0
15,4,p2f,53,future_known,4,1,0.22131583879237995,0,0
15,4,p2f,53,future_known,5,1,6.643038908887742e-05,0,0
15,4,p2f,54,future_known,0,1,0.9994325718175924,1,1
15,4,p2f,54,future_known,1,1,0.11019998499844609,0,0
15,4,p2f,54,future_known,2,1,0.6872970487629566,1,1
15,4,p2f,54,future_known,3,1,0.9985554396059745,1,1
15,4,p2f,54,future_known,4,1,0.2967039875297869,0,0
15,4,p2f,54,future_known,5,1,0.9997185302151818,1,1
15,4,p2f,55,future_known,0,1,0.9999999230445143,1,1
15,4,p2f,55,future_known,1,1,0.9999723711503878,1,1
15,4,p2f,55,future_known,2,1,0.9998820918768727,1,1
15,4,p2f,55,future_known,3,1,0.9999965949895803,1,1
15,4,p2f,55,future_known,4,1,0.620987289993627,1,1
15,4,p2f,55,future_known,5,1,0.9970128075675856,1,1
15,4,p2f,56,future_known,0,1,0.9857554017386808,1,1
15,4,p2f,56,future_known,1,1,0.9978205974200919,1,1
15,4,p2f,56,future_known,2,1,0.8951810342935742,1,1
15,4,p2f,56,future_known,3,1,0.9836904694557868,1,1
15,4,p2f,56,future_known,4,1,0.007140825588109366,0,0
15,4,p2f,56,future_known,5,1,0.9996380843075751,1,1
15,4,p2f,57,future_known,0,1,0.9726588903259294,1,1
15,4,p2f,57,future_known,1,1,0.011152671937226565,0,0
15,4,p2f,57,future_known,2,1,0.9915077003486797,1,1
15,4,p2f,57,future_known,3,1,0.8499078020467973,1,1
15,4,p2f,57,future_known,4,1,0.17368187465965435,0,0
15,4,p2f,57,future_known,5,1,0.03631692793037492,0,0
15,4,p2f,58,future_known,0,1,0.12186177243096173,0,0
15,4,p2f,58,future_known,1,1,0.9533882097930833,1,1
15,4,p2f,58,future_known,2,1,0.0030233668779817103,0,0
15,4,p2f,58,future_known,3,1,0.46623204841204197,0,0
15,4,p2f,58,future_known,4,1,0.003407562324387859,0,0
15,4,p2f,58,future_known,5,1,0.00043547156526678893,0,0
15,4,p2f,59,future_known,0,1,0.9999997154123356,1,1
15,4,p2f,59,future_known,1,1,0.9999999394014439,1,1
15,4,p2f,59,future_known,2,1,0.999985363194401,1,1
15,4,p2f,59,future_known,3,1,0.9999995755575931,1,1
15,4,p2f,59,future_known,4,1,0.999999974401176,1,1
15,4,p2f,59,future_known,5,1,0.999999854705159,1,1
15,4,p2f,60,future_known,0,1,0.9961122019361844,1,1
15,4,p2f,60,future_known,1,1,0.9990296741780251,1,1
15,4,p2f,60,future_known,2,1,0.2225534996480742,0,0
15,4,p2f,60,future_known,3,1,0.6556501470584726,1,1
15,4,p2f,60,future_known,4,1,0.10984490816488736,0,0
15,4,p2f,60,future_known,5,1,0.9979738712424819,1,1
15,4,p2f,61,future_known,0,1,0.9968851809578644,1,1
15,4,p2f,61,future_known,1,1,0.9058259284339222,1,1
15,4,p2f,61,future_known,2,1,0.9996871079407779,1,1
15,4,p2f,61,future_known,3,1,0.9983693301691471,1,1
15,4,p2f,61,future_known,4,1,0.9984715080891091,1,1
15,4,p2f,61,future_known,5,1,0.9996987971361958,1,1
15,4,p2f,62,future_known,0,1,0.9998724570852073,1,1
15,4,p2f,62,future_known,1,1,0.9999949356693202,1,1
15,4,p2f,62,future_known,2,1,0.9249582100357175,1,1
15,4,p2f,62,future_known,3,1,0.9823988626970093,1,1
15,4,p2f,62,future_known,4,1,0.9998920201244557,1,1
15,4,p2f,62,future_known,5,1,0.9970011746895461,1,1
15,4,p2f,63,future_known,0,1,0.8612917891856342,1,1
15,4,p2f,63,future_known,1,1,0.5945143014797581,1,1
15,4,p2f,63,future_known,2,1,0.017532970103202015,0,0
15,4,p2f,63,future_known,3,1,0.9159226228125086,1,1
15,4,p2f,63,future_known,4,1,0.4259325671388814,0,0
15,4,p2f,63,future_known,5,1,0.4631557629718715,0,0
15,4,p2f,64,future_known,0,1,0.9996631116048664,1,1
15,4,p2f,64,future_known,1,1,0.9995039113265354,1,1
15,4,p2f,64,future_known,2,1,0.996344782617274,1,1
15,4,p2f,64,future_known,3,1,0.7624162807301902,1,1
15,4,p2f,64,future_known,4,1,0.9975014830074909,1,1
15,4,p2f,64,future_known,5,1,0.9983751291230266,1,1
15,4,p2f,65,future_known,0,1,0.803945316745261,1,1
15,4,p2f,65,future_known,1,1,0.1767558106437791,0,0
15,4,p2f,65,future_known,2,1,0.9996878994096279,1,1
15,4,p2f,65,future_known,3,1,0.915204911141605,1,1
15,4,p2f,65,future_known,4,1,0.015279068767520717,0,0
15,4,p2f,65,future_known,5,1,0.1138926841349153,0,0
15,4,p2f,66,future_known,0,1,0.9908493606609071,1,1
15,4,p2f,66,future_known,1,1,0.9822065688137261,1,1
15,4,p2f,66,future_known,2,1,0.021068831209874208,0,0
15,4,p2f,66,future_known,3,1,0.9969317366099583,1,1
15,4,p2f,66,future_known,4,1,0.8578857029430763,1,1
15,4,p2f,66,future_known,5,1,0.9946558903287365,1,1
15,4,p2f,67,future_known,0,1,0.9999363259025777,1,1
15,4,p2f,67,future_known,1,1,0.9999969413319852,1,1
15,4,p2f,67,future_known,2,1,0.999951639892782,1,1
15,4,p2f,67,future_known,3,1,0.9999979493099587,1,1
15,4,p2f,67,future_known,4,1,0.9999995318452723,1,1
15,4,p2f,67,future_known,5,1,0.8797944248779731,1,1
15,4,p2f,68,future_known,0,1,0.946124759102483,1,1
15,4,p2f,68,future_known,1,1,0.9999748369781815,1,1
15,4,p2f,68,future_known,2,1,0.9849151189932172,1,1
15,4,p2f,68,future_known,3,1,0.594767212944649,1,1
15,4,p2f,68,future_known,4,1,0.9999683774968833,1,1
15,4,p2f,68,future_known,5,1,0.9528212162814197,1,1
15,4,p2f,69,future_known,0,1,0.9973225495875991,1,1
15,4,p2f,69,future_known,1,1,0.9999120855852457,1,1
15,4,p2f,69,future_known,2,1,0.7183335999120469,1,1
15,4,p2f,69,future_known,3,1,0.9995975115345768,1,1
15,4,p2f,69,future_known,4,1,0.9785084003200795,1,1
15,4,p2f,69,future_known,5,1,0.9933650586208681,1,1
15,4,p2f,70,future_known,0,1,0.9909368832448033,1,1
15,4,p2f,70,future_known,1,1,0.026403188941338286,0,0
15,4,p2f,70,future_known,2,1,0.0027685509012547525,0,0
15,4,p2f,70,future_known,3,1,0.9597299233887073,1,1
15,4,p2f,70,future_known,4,1,0.14312014641496995,0,0
15,4,p2f,70,future_known,5,1,0.09735198595350954,0,0
15,4,p2f,71,future_known,0,1,0.999654392009634,1,1
15,4,p2f,71,future_known,1,1,0.9997994251718407,1,1
15,4,p2f,71,future_known,2,1,0.9462590915155489,1,1
15,4,p2f,71,future_known,3,1,0.9999431662923871,1,1
15,4,p2f,71,future_known,4,1,0.9999828619021888,1,1
15,4,p2f,71,future_known,5,1,0.8547273057239909,1,1
15,4,p2f,72,future_known,0,1,0.9985945070251586,1,1
15,4,p2f,72,future_known,1,1,0.9952826109570733,1,1
15,4,p2f,72,future_known,2,1,0.9886472564937305,1,1
15,4,p2f,72,future_known,3,1,0.999864418768608,1,1
15,4,p2f,72,future_known,4,1,0.9978953758663854,1,1
15,4,p2f,72,future_known,5,1,0.9999962123601136,1,1
15,4,p2f,73,future_known,0,1,0.9996080514072465,1,1
15,4,p2f,73,future_known,1,1,0.7906069578596366,1,1
15,4,p2f,73,future_known,2,1,0.02462597548717517,0,0
15,4,p2f,73,future_known,3,1,0.11542643529631036,0,0
15,4,p2f,73,future_known,4,1,0.05784182461206638,0,0
15,4,p2f,73,future_known,5,1,0.10666002420303163,0,0
15,4,p2f,74,future_known,0,1,0.9999226700366526,1,1
15,4,p2f,74,future_known,1,1,0.9995577843750316,1,1
15,4,p2f,74,future_known,2,1,0.9963084138327974,1,1
15,4,p2f,74,future_known,3,1,0.9892376512061806,1,1
15,4,p2f,74,future_known,4,1,0.999923467346084,1,1
15,4,p2f,74,future_known,5,1,0.9815508859486299,1,1
15,4,p2f,75,future_unknown,0,0,0.04179396652936043,0,1
15,4,p2f,75,future_unknown,1,0,0.0009633918329732023,0,1
15,4,p2f,75,future_unknown,2,0,0.0269754259696249,0,1
15,4,p2f,75,future_unknown,3,0,0.0014839145627570398,0,1
15,4,p2f,75,future_unknown,4,0,0.028799101576001105,0,1
15,4,p2f,75,future_unknown,5,0,0.18072271882677513,0,1
15,4,p2f,76,future_unknown,0,0,1.1133529753131472e-07,0,1
15,4,p2f,76,future_unknown,1,0,1.1513016975998582e-06,0,1
15,4,p2f,76,future_unknown,2,0,1.6706079170952826e-05,0,1
15,4,p2f,76,future_unknown,3,0,7.249412616067648e-05,0,1
15,4,p2f,76,future_unknown,4,0,3.714441228096168e-08,0,1
15,4,p2f,76,future_unknown,5,0,7.84943015712338e-08,0,1
15,4,p2f,77,future_unknown,0,0,4.175910985949111e-08,0,1
15,4,p2f,77,future_unknown,1,0,2.1894098790603287e-09,0,1
15,4,p2f,77,future_unknown,2,0,3.406083721824817e-09,0,1
15,4,p2f,77,future_unknown,3,0,2.4141509070254595e-08,0,1
15,4,p2f,77,future_unknown,4,0,1.2170345045183003e-10,0,1
15,4,p2f,77,future_unknown,5,0,1.7525270293132874e-09,0,1
15,4,p2f,78,future_unknown,0,0,0.06128709286252403,0,1
15,4,p2f,78,future_unknown,1,0,0.0008196369072913583,0,1
15,4,p2f,78,future_unknown,2,0,0.17838365882849483,0,1
15,4,p2f,78,future_unknown,3,0,0.009983872445313626,0,1
15,4,p2f,78,future_unknown,4,0,0.01001945750227954,0,1
15,4,p2f,78,future_unknown,5,0,0.060318077391677674,0,1
15,4,p2f,79,future_unknown,0,0,0.029233773878492353,0,1
15,4,p2f,79,future_unknown,1,0,6.029851269071486e-05,0,1
15,4,p2f,79,future_unknown,2,0,0.0010317431529922286,0,1
15,4,p2f,79,future_unknown,3,0,0.008448817697429573,0,1
15,4,p2f,79,future_unknown,4,0,0.00019989746924050587,0,1
15,4,p2f,79,future_unknown,5,0,0.005279621456976603,0,1
15,4,p2f,80,future_unknown,0,0,0.20806076650533908,0,1
15,4,p2f,80,future_unknown,1,0,0.8771224280832286,1,0
15,4,p2f,80,future_unknown,2,0,0.23146373906910842,0,1
15,4,p2f,80,future_unknown,3,0,0.8784127807935541,1,0
15,4,p2f,80,future_unknown,4,0,0.016007966276624125,0,1
15,4,p2f,80,future_unknown,5,0,0.1815352805785912,0,1
15,4,p2f,81,future_unknown,0,0,6.298307841595133e-07,0,1
15,4,p2f,81,future_unknown,1,0,1.4743551592699223e-05,0,1
15,4,p2f,81,future_unknown,2,0,3.01532890206855e-09,0,1
15,4,p2f,81,future_unknown,3,0,1.2608182840399159e-07,0,1
15,4,p2f,81,future_unknown,4,0,1.0980179722782506e-06,0,1
15,4,p2f,81,future_unknown,5,0,5.594784813710516e-08,0,1
15,4,p2f,82,future_unknown,0,0,0.0012169084342329643,0,1
15,4,p2f,82,future_unknown,1,0,8.627232146634e-06,0,1
15,4,p2f,82,future_unknown,2,0,8.138493938827803e-06,0,1
15,4,p2f,82,future_unknown,3,0,0.0002478924761222693,0,1
15,4,p2f,82,future_unknown,4,0,1.674031766161897e-05,0,1
15,4,p2f,82,future_unknown,5,0,0.00031629482508546057,0,1
15,4,p2f,83,future_unknown,0,0,0.020415977634301127,0,1
15,4,p2f,83,future_unknown,1,0,0.7067673745195999,1,0
15,4,p2f,83,future_unknown,2,0,0.007111303010173496,0,1
15,4,p2f,83,future_unknown,3,0,0.34335214380885815,0,1
15,4,p2f,83,future_unknown,4,0,0.40193733277836846,0,1
15,4,p2f,83,future_unknown,5,0,0.03529992486110478,0,1
15,4,p2f,84,future_unknown,0,0,1.7328117819234072e-05,0,1
15,4,p2f,84,future_unknown,1,0,0.000578184357651116,0,1
15,4,p2f,84,future_unknown,2,0,1.7058125717087465e-05,0,1
15,4,p2f,84,future_unknown,3,0,1.9789365198409738e-05,0,1
15,4,p2f,84,future_unknown,4,0,9.091107393456695e-07,0,1
15,4,p2f,84,future_unknown,5,0,0.003358265395809174,0,1
15,4,p2f,85,future_unknown,0,0,0.004186464290442915,0,1
15,4,p2f,85,future_unknown,1,0,0.007310794437763092,0,1
15,4,p2f,85,future_unknown,2,0,0.05074763069713283,0,1
15,4,p2f,85,future_unknown,3,0,0.6191266438628621,1,0
15,4,p2f,85,future_unknown,4,0,0.03827533792922596,0,1
15,4,p2f,85,future_unknown,5,0,0.008842656781042981,0,1
15,4,p2f,86,future_unknown,0,0,0.015154655062997282,0,1
15,4,p2f,86,future_unknown,1,0,5.424578535801618e-05,0,1
15,4,p2f,86,future_unknown,2,0,0.0002801649865915172,0,1
15,4,p2f,86,future_unknown,3,0,0.0011716510190256963,0,1
15,4,p2f,86,future_unknown,4,0,0.003220858816098765,0,1
15,4,p2f,86,future_unknown,5,0,0.00056446244043973,0,1
15,4,p2f,87,future_unknown,0,0,0.0013848355637268066,0,1
15,4,p2f,87,future_unknown,1,0,0.00039866217608020997,0,1
15,4,p2f,87,future_unknown,2,0,0.0035611276329322486,0,1
15,4,p2f,87,future_unknown,3,0,0.007006994297959708,0,1
15,4,p2f,87,future_unknown,4,0,0.0063834714020415805,0,1
15,4,p2f,87,future_unknown,5,0,0.0002754824359645318,0,1
15,4,p2f,88,future_unknown,0,0,0.0007483713543200903,0,1
15,4,p2f,88,future_unknown,1,0,0.0035758793579326,0,1
15,4,p2f,88,future_unknown,2,0,0.00024089246892142928,0,1
15,4,p2f,88,future_unknown,3,0,0.20235165617127848,0,1
15,4,p2f,88,future_unknown,4,0,0.0034039794605632604,0,1
15,4,p2f,88,future_unknown,5,0,0.0025704690776265793,0,1
15,4,p2f,89,future_unknown,0,0,4.387986781842123e-05,0,1
15,4,p2f,89,future_unknown,1,0,9.943490991336301e-07,0,1
15,4,p2f,89,future_unknown,2,0,4.7348946295899826e-07,0,1
15,4,p2f,89,future_unknown,3,0,4.4012284764111746e-08,0,1
15,4,p2f,89,future_unknown,4,0,6.210694823970914e-07,0,1
15,4,p2f,89,future_unknown,5,0,5.475982762186067e-06,0,1
15,4,p2f,90,future_unknown,0,0,0.9985004959250364,1,0
15,4,p2f,90,future_unknown,1,0,0.9999996790451766,1,0
15,4,p2f,90,future_unknown,2,0,0.9999139541220589,1,0
15,4,p2f,90,future_unknown,3,0,0.9999861296777488,1,0
15,4,p2f,90,future_unknown,4,0,0.99977531180791,1,0
15,4,p2f,90,future_unknown,5,0,0.9998706507139552,1,0
15,4,p2f,91,future_unknown,0,0,0.0011181695247871883,0,1
15,4,p2f,91,future_unknown,1,0,1.3538645615123584e-05,0,1
15,4,p2f,91,future_unknown,2,0,0.00020758601296520462,0,1
15,4,p2f,91,future_unknown,3,0,4.6471686843831135e-06,0,1
15,4,p2f,91,future_unknown,4,0,9.423926930514936e-08,0,1
15,4,p2f,91,future_unknown,5,0,0.00800941141459396,0,1
15,4,p2f,92,future_unknown,0,0,2.7141347700084835e-09,0,1
15,4,p2f,92,future_unknown,1,0,1.1724860706427436e-09,0,1
15,4,p2f,92,future_unknown,2,0,1.7498417439724384e-07,0,1
15,4,p2f,92,future_unknown,3,0,0.02896214407421108,0,1
15,4,p2f,92,future_unknown,4,0,6.913066511277388e-06,0,1
15,4,p2f,92,future_unknown,5,0,8.252054621441422e-10,0,1
15,4,p2f,93,future_unknown,0,0,0.029748708033043865,0,1
15,4,p2f,93,future_unknown,1,0,2.44367133885586e-06,0,1
15,4,p2f,93,future_unknown,2,0,9.717067610491854e-05,0,1
15,4,p2f,93,future_unknown,3,0,9.717067610491854e-05,0,1
15,4,p2f,93,future_unknown,4,0,3.2069011573705778e-06,0,1
15,4,p2f,93,future_unknown,5,0,6.834297909306395e-06,0,1
15,4,p2f,94,future_unknown,0,0,0.016459929676064147,0,1
15,4,p2f,94,future_unknown,1,0,0.004993414016311146,0,1
15,4,p2f,94,future_unknown,2,0,0.0038586237501379954,0,1
15,4,p2f,94,future_unknown,3,0,0.10011910215755075,0,1
15,4,p2f,94,future_unknown,4,0,0.053212356377987595,0,1
15,4,p2f,94,future_unknown,5,0,0.03896029517246082,0,1
15,4,p2f,95,future_unknown,0,0,1.3130470678215552e-06,0,1
15,4,p2f,95,future_unknown,1,0,2.3843116497813643e-07,0,1
15,4,p2f,95,future_unknown,2,0,5.9670675266413406e-05,0,1
15,4,p2f,95,future_unknown,3,0,2.476434346173684e-07,0,1
15,4,p2f,95,future_unknown,4,0,2.065439999871892e-06,0,1
15,4,p2f,95,future_unknown,5,0,1.3125141815717988e-07,0,1
15,4,p2f,96,future_unknown,0,0,0.009349395485862878,0,1
15,4,p2f,96,future_unknown,1,0,0.015588176506659333,0,1
15,4,p2f,96,future_unknown,2,0,0.52679930309514,1,0
15,4,p2f,96,future_unknown,3,0,0.0399636457708975,0,1
15,4,p2f,96,future_unknown,4,0,0.0015688735582585866,0,1
15,4,p2f,96,future_unknown,5,0,0.478015990538339,0,1
15,4,p2f,97,future_unknown,0,0,0.00113833346992055,0,1
15,4,p2f,97,future_unknown,1,0,0.2506697539237846,0,1
15,4,p2f,97,future_unknown,2,0,0.0001370847428652733,0,1
15,4,p2f,97,future_unknown,3,0,0.08529095751611483,0,1
15,4,p2f,97,future_unknown,4,0,0.01193556045000367,0,1
15,4,p2f,97,future_unknown,5,0,0.18354349624475727,0,1
15,4,p2f,98,future_unknown,0,0,1.557979080885998e-07,0,1
15,4,p2f,98,future_unknown,1,0,7.2313067250246724e-09,0,1
15,4,p2f,98,future_unknown,2,0,3.0958807929793967e-06,0,1
15,4,p2f,98,future_unknown,3,0,6.261721916092825e-07,0,1
15,4,p2f,98,future_unknown,4,0,2.695130196155225e-09,0,1
15,4,p2f,98,future_unknown,5,0,8.527324579375567e-09,0,1
15,4,p2f,99,future_unknown,0,0,0.9445413363918392,1,0
15,4,p2f,99,future_unknown,1,0,0.6744214962140049,1,0
15,4,p2f,99,future_unknown,2,0,0.9346837742303394,1,0
15,4,p2f,99,future_unknown,3,0,0.9802044774002265,1,0
15,4,p2f,99,future_unknown,4,0,0.4986039346200639,0,1
15,4,p2f,99,future_unknown,5,0,0.6431750805315163,1,0
15,4,f2p,0,past_known,0,1,0.1997206251987413,0,0
15,4,f2p,0,past_known,1,1,0.0068561508598920665,0,0
15,4,f2p,0,past_known,2,1,8.072277471830232e-05,0,0
15,4,f2p,0,past_known,3,1,0.0006333277975501811,0,0
15,4,f2p,0,past_known,4,1,0.00023574775601584172,0,0
15,4,f2p,0,past_known,5,1,0.00013197220400468546,0,0
15,4,f2p,1,past_known,0,1,0.5277867466412316,1,1
15,4,f2p,1,past_known,1,1,0.7578303137874133,1,1
15,4,f2p,1,past_known,2,1,0.5272487305003218,1,1
15,4,f2p,1,past_known,3,1,0.032393552322163364,0,0
15,4,f2p,1,past_known,4,1,0.21203215497014333,0,0
15,4,f2p,1,past_known,5,1,0.36057311802089076,0,0
15,4,f2p,2,past_known,0,1,0.004333079746060425,0,0
15,4,f2p,2,past_known,1,1,0.09560216636709097,0,0
15,4,f2p,2,past_known,2,1,0.3860464831461642,0,0
15,4,f2p,2,past_known,3,1,0.0003521207510060006,0,0
15,4,f2p,2,past_known,4,1,0.0007040778752229818,0,0
15,4,f2p,2,past_known,5,1,9.70975459946056e-06,0,0
15,4,f2p,3,past_known,0,1,0.0007977533735062479,0,0
15,4,f2p,3,past_known,1,1,2.534012786427784e-05,0,0
15,4,f2p,3,past_known,2,1,0.1446640788465978,0,0
15,4,f2p,3,past_known,3,1,0.01593311625990076,0,0
15,4,f2p,3,past_known,4,1,0.0003082032935455168,0,0
15,4,f2p,3,past_known,5,1,0.08779897625341741,0,0
15,4,f2p,4,past_known,0,1,0.021522261156530432,0,0
15,4,f2p,4,past_known,1,1,0.00042009086494746914,0,0
15,4,f2p,4,past_known,2,1,0.000270417071333184,0,0
15,4,f2p,4,past_known,3,1,7.221499666397067e-05,0,0
15,4,f2p,4,past_known,4,1,0.9486252064806592,1,1
15,4,f2p,4,past_known,5,1,7.717914591465542e-06,0,0
15,4,f2p,5,past_known,0,1,0.8228395096193295,1,1
15,4,f2p,5,past_known,1,1,0.9159498516961675,1,1
15,4,f2p,5,past_known,2,1,0.3068721564117949,0,0
15,4,f2p,5,past_known,3,1,0.9690853067170684,1,1
15,4,f2p,5,past_known,4,1,0.9999994920742059,1,1
15,4,f2p,5,past_known,5,1,0.99798120800798,1,1
15,4,f2p,6,past_known,0,1,0.9219039483500979,1,1
15,4,f2p,6,past_known,1,1,0.9988752838022363,1,1
15,4,f2p,6,past_known,2,1,0.9990348093912113,1,1
15,4,f2p,6,past_known,3,1,0.9883014701563312,1,1
15,4,f2p,6,past_known,4,1,0.9930716182841702,1,1
15,4,f2p,6,past_known,5,1,0.9948808218195474,1,1
15,4,f2p,7,past_known,0,1,0.4676445769311529,0,0
15,4,f2p,7,past_known,1,1,0.9595958100013359,1,1
15,4,f2p,7,past_known,2,1,0.09749192109552483,0,0
15,4,f2p,7,past_known,3,1,0.49109077604681384,0,0
15,4,f2p,7,past_known,4,1,0.01645712567732479,0,0
15,4,f2p,7,past_known,5,1,0.0016228958777637491,0,0
15,4,f2p,8,past_known,0,1,0.9999296530679789,1,1
15,4,f2p,8,past_known,1,1,0.07864691728735622,0,0
15,4,f2p,8,past_known,2,1,0.9776607263408144,1,1
15,4,f2p,8,past_known,3,1,0.9997040100389254,1,1
15,4,f2p,8,past_known,4,1,5.857911746648424e-07,0,0
15,4,f2p,8,past_known,5,1,0.994426903261338,1,1
15,4,f2p,9,past_known,0,1,0.8260288485551865,1,1
15,4,f2p,9,past_known,1,1,0.9972444378318946,1,1
15,4,f2p,9,past_known,2,1,0.9316152854031227,1,1
15,4,f2p,9,past_known,3,1,0.9999922140948923,1,1
15,4,f2p,9,past_known,4,1,0.992282787545254,1,1
15,4,f2p,9,past_known,5,1,0.9383181203596962,1,1
15,4,f2p,10,past_known,0,1,0.9849037589968369,1,1
15,4,f2p,10,past_known,1,1,0.8349703929499341,1,1
15,4,f2p,10,past_known,2,1,0.8834512646243373,1,1
15,4,f2p,10,past_known,3,1,0.034924013978529914,0,0
15,4,f2p,10,past_known,4,1,0.9963776360520199,1,1
15,4,f2p,10,past_known,5,1,0.38531544199858836,0,0
15,4,f2p,11,past_known,0,1,0.0008218769324391236,0,0
15,4,f2p,11,past_known,1,1,0.3880343200389653,0,0
15,4,f2p,11,past_known,2,1,0.04627350596486808,0,0
15,4,f2p,11,past_known,3,1,0.0006129968320225377,0,0
15,4,f2p,11,past_known,4,1,0.7701435625187331,1,1
15,4,f2p,11,past_known,5,1,0.6909383291303727,1,1
15,4,f2p,12,past_known,0,1,0.2241267930873447,0,0
15,4,f2p,12,past_known,1,1,0.1321434389964114,0,0
15,4,f2p,12,past_known,2,1,0.9729424200205335,1,1
15,4,f2p,12,past_known,3,1,0.43512214010697525,0,0
15,4,f2p,12,past_known,4,1,0.00045232915760705,0,0
15,4,f2p,12,past_known,5,1,0.4976735593594155,0,0
15,4,f2p,13,past_known,0,1,0.9999804492452792,1,1
15,4,f2p,13,past_known,1,1,0.9999971532316493,1,1
15,4,f2p,13,past_known,2,1,0.9998117881860438,1,1
15,4,f2p,13,past_known,3,1,0.9995810136107247,1,1
15,4,f2p,13,past_known,4,1,0.9999802729118826,1,1
15,4,f2p,13,past_known,5,1,0.9999933998101537,1,1
15,4,f2p,14,past_known,0,1,0.3671144879172708,0,0
15,4,f2p,14,past_known,1,1,0.9730210942308012,1,1
15,4,f2p,14,past_known,2,1,0.29623512487359926,0,0
15,4,f2p,14,past_known,3,1,1.0602358499479844e-05,0,0
15,4,f2p,14,past_known,4,1,5.331361927509428e-05,0,0
15,4,f2p,14,past_known,5,1,0.9355012836737495,1,1
15,4,f2p,15,past_known,0,1,0.7996627128720937,1,1
15,4,f2p,15,past_known,1,1,0.9922605484604663,1,1
15,4,f2p,15,past_known,2,1,0.3686913126235281,0,0
15,4,f2p,15,past_known,3,1,0.8202647107874143,1,1
15,4,f2p,15,past_known,4,1,0.9537099451708577,1,1
15,4,f2p,15,past_known,5,1,0.9998683158631825,1,1
15,4,f2p,16,past_known,0,1,0.9999970233892765,1,1
15,4,f2p,16,past_known,1,1,0.9999998730798619,1,1
15,4,f2p,16,past_known,2,1,0.9999999656184263,1,1
15,4,f2p,16,past_known,3,1,0.9999987903308065,1,1
15,4,f2p,16,past_known,4,1,0.9999782603641055,1,1
15,4,f2p,16,past_known,5,1,0.9999986853576169,1,1
15,4,f2p,17,past_known,0,1,0.05172524449256506,0,0
15,4,f2p,17,past_known,1,1,0.0014810551420380896,0,0
15,4,f2p,17,past_known,2,1,0.0023015172391278,0,0
15,4,f2p,17,past_known,3,1,0.0005948032869115002,0,0
15,4,f2p,17,past_known,4,1,0.00026157870337435794,0,0
15,4,f2p,17,past_known,5,1,0.0008290823441687766,0,0
15,4,f2p,18,past_known,0,1,0.9769827056900304,1,1
15,4,f2p,18,past_known,1,1,0.968522378539413,1,1
15,4,f2p,18,past_known,2,1,0.8457592774134947,1,1
15,4,f2p,18,past_known,3,1,0.9166959312480338,1,1
15,4,f2p,18,past_known,4,1,0.6530628973106645,1,1
15,4,f2p,18,past_known,5,1,0.007374580397723401,0,0
15,4,f2p,19,past_known,0,1,0.9999781530092283,1,1
15,4,f2p,19,past_known,1,1,0.9996955986632059,1,1
15,4,f2p,19,past_known,2,1,0.999560922855421,1,1
15,4,f2p,19,past_known,3,1,0.9999987377845863,1,1
15,4,f2p,19,past_known,4,1,0.9338819965367471,1,1
15,4,f2p,19,past_known,5,1,0.8927785743393097,1,1
15,4,f2p,20,past_known,0,1,0.672903428786907,1,1
15,4,f2p,20,past_known,1,1,0.1686692524270425,0,0
15,4,f2p,20,past_known,2,1,0.9955491363042387,1,1
15,4,f2p,20,past_known,3,1,3.483197882273538e-05,0,0
15,4,f2p,20,past_known,4,1,0.5889819961676582,1,1
15,4,f2p,20,past_known,5,1,0.05411002257506442,0,0
15,4,f2p,21,past_known,0,1,0.11311573914143945,0,0
15,4,f2p,21,past_known,1,1,1.6300008665409868e-07,0,0
15,4,f2p,21,past_known,2,1,0.4270189501156607,0,0
15,4,f2p,21,past_known,3,1,1.6234395642753152e-05,0,0
15,4,f2p,21,past_known,4,1,0.014954170985569342,0,0
15,4,f2p,21,past_known,5,1,1.590359433762315e-10,0,0
15,4,f2p,22,past_known,0,1,0.8406980441001104,1,1
15,4,f2p,22,past_known,1,1,0.6494616038460836,1,1
15,4,f2p,22,past_known,2,1,3.1230219090563956e-06,0,0
15,4,f2p,22,past_known,3,1,0.9994305913037271,1,1
15,4,f2p,22,past_known,4,1,0.004018819135843487,0,0
15,4,f2p,22,past_known,5,1,0.15855286373862937,0,0
15,4,f2p,23,past_known,0,1,0.9063862166929719,1,1
15,4,f2p,23,past_known,1,1,0.9841508576473387,1,1
15,4,f2p,23,past_known,2,1,0.9999014041529812,1,1
15,4,f2p,23,past_known,3,1,0.867372361336419,1,1
15,4,f2p,23,past_known,4,1,0.987063605323743,1,1
15,4,f2p,23,past_known,5,1,0.999431118419255,1,1
15,4,f2p,24,past_known,0,1,0.9162927803422533,1,1
15,4,f2p,24,past_known,1,1,0.9961191696887006,1,1
15,4,f2p,24,past_known,2,1,0.9697248324167365,1,1
15,4,f2p,24,past_known,3,1,0.9996368379164493,1,1
15,4,f2p,24,past_known,4,1,0.9984936249139078,1,1
15,4,f2p,24,past_known,5,1,0.9999829587106231,1,1
15,4,f2p,25,past_unknown,0,0,0.011304489667858353,0,1
15,4,f2p,25,past_unknown,1,0,0.018352394511470357,0,1
15,4,f2p,25,past_unknown,2,0,0.9822520301529982,1,0
15,4,f2p,25,past_unknown,3,0,0.022915490638536408,0,1
15,4,f2p,25,past_unknown,4,0,0.0002609337798947019,0,1
15,4,f2p,25,past_unknown,5,0,0.016531019161174137,0,1
15,4,f2p,26,past_unknown,0,0,0.009201612477872404,0,1
15,4,f2p,26,past_unknown,1,0,0.11191284253029676,0,1
15,4,f2p,26,past_unknown,2,0,0.002966479584422173,0,1
15,4,f2p,26,past_unknown,3,0,0.1217985673550154,0,1
15,4,f2p,26,past_unknown,4,0,0.0035175404835742488,0,1
15,4,f2p,26,past_unknown,5,0,0.0004413144871188052,0,1
15,4,f2p,27,past_unknown,0,0,1.4670411383329685e-06,0,1
15,4,f2p,27,past_unknown,1,0,1.6539203163438952e-07,0,1
15,4,f2p,27,past_unknown,2,0,4.657237234865044e-06,0,1
15,4,f2p,27,past_unknown,3,0,1.5535466954094156e-06,0,1
15,4,f2p,27,past_unknown,4,0,0.0001743036222925433,0,1
15,4,f2p,27,past_unknown,5,0,0.07311458433747839,0,1
15,4,f2p,28,past_unknown,0,0,0.9997996729475747,1,0
15,4,f2p,28,past_unknown,1,0,0.09227116405319642,0,1
15,4,f2p,28,past_unknown,2,0,0.012577072472240932,0,1
15,4,f2p,28,past_unknown,3,0,0.9657739336512624,1,0
15,4,f2p,28,past_unknown,4,0,0.9974199158980784,1,0
15,4,f2p,28,past_unknown,5,0,0.00015809642435531042,0,1
15,4,f2p,29,past_unknown,0,0,5.288089339190509e-06,0,1
15,4,f2p,29,past_unknown,1,0,1.1571504385034253e-05,0,1
15,4,f2p,29,past_unknown,2,0,0.00011415961402935418,0,1
15,4,f2p,29,past_unknown,3,0,0.07939518942642002,0,1
15,4,f2p,29,past_unknown,4,0,0.0019019860893888278,0,1
15,4,f2p,29,past_unknown,5,0,0.01568440980656907,0,1
15,4,f2p,30,past_unknown,0,0,0.00193511969781422,0,1
15,4,f2p,30,past_unknown,1,0,0.00012016346603472895,0,1
15,4,f2p,30,past_unknown,2,0,0.001983475247826037,0,1
15,4,f2p,30,past_unknown,3,0,0.01300510864987061,0,1
15,4,f2p,30,past_unknown,4,0,0.006362304907918003,0,1
15,4,f2p,30,past_unknown,5,0,0.003274136056306926,0,1
15,4,f2p,31,past_unknown,0,0,0.9864611445192758,1,0
15,4,f2p,31,past_unknown,1,0,0.0006152935923420162,0,1
15,4,f2p,31,past_unknown,2,0,0.02890893396634079,0,1
15,4,f2p,31,past_unknown,3,0,0.004081133823551668,0,1
15,4,f2p,31,past_unknown,4,0,0.6378277405666817,1,0
15,4,f2p,31,past_unknown,5,0,0.523985366705937,1,0
15,4,f2p,32,past_unknown,0,0,1.1341832000138154e-06,0,1
15,4,f2p,32,past_unknown,1,0,2.2929392233439744e-09,0,1
15,4,f2p,32,past_unknown,2,0,2.5992646018292522e-05,0,1
15,4,f2p,32,past_unknown,3,0,5.71563536334272e-06,0,1
15,4,f2p,32,past_unknown,4,0,7.83702422383724e-05,0,1
15,4,f2p,32,past_unknown,5,0,5.05868086461156e-07,0,1
15,4,f2p,33,past_unknown,0,0,0.6385143156575978,1,0
15,4,f2p,33,past_unknown,1,0,0.9613067351471521,1,0
15,4,f2p,33,past_unknown,2,0,0.00012109572492249716,0,1
15,4,f2p,33,past_unknown,3,0,0.6019257176772698,1,0
15,4,f2p,33,past_unknown,4,0,0.9989799973064208,1,0
15,4,f2p,33,past_unknown,5,0,0.03321228320773256,0,1
15,4,f2p,34,past_unknown,0,0,7.866172353059072e-07,0,1
15,4,f2p,34,past_unknown,1,0,8.109100757742853e-07,0,1
15,4,f2p,34,past_unknown,2,0,8.908838155216806e-06,0,1
15,4,f2p,34,past_unknown,3,0,0.00013121471578327032,0,1
15,4,f2p,34,past_unknown,4,0,6.61004463634592e-05,0,1
15,4,f2p,34,past_unknown,5,0,6.406827495148437e-06,0,1
15,4,f2p,35,past_unknown,0,0,0.002497437785862639,0,1
15,4,f2p,35,past_unknown,1,0,4.9609639538147184e-05,0,1
15,4,f2p,35,past_unknown,2,0,0.043114620105479465,0,1
15,4,f2p,35,past_unknown,3,0,0.005730508257962917,0,1
15,4,f2p,35,past_unknown,4,0,0.0002427248751006171,0,1
15,4,f2p,35,past_unknown,5,0,0.005191088938628139,0,1
15,4,f2p,36,past_unknown,0,0,0.0008828490701134536,0,1
15,4,f2p,36,past_unknown,1,0,0.4302765984351193,0,1
15,4,f2p,36,past_unknown,2,0,0.007726481227552428,0,1
15,4,f2p,36,past_unknown,3,0,0.18842341550601724,0,1
15,4,f2p,36,past_unknown,4,0,0.18185140200557337,0,1
15,4,f2p,36,past_unknown,5,0,7.515279423679054e-05,0,1
15,4,f2p,37,past_unknown,0,0,1.1131651524488808e-07,0,1
15,4,f2p,37,past_unknown,1,0,3.135002344519204e-05,0,1
15,4,f2p,37,past_unknown,2,0,2.8090491965298664e-06,0,1
15,4,f2p,37,past_unknown,3,0,2.0166787572380325e-05,0,1
15,4,f2p,37,past_unknown,4,0,1.0614682860233614e-07,0,1
15,4,f2p,37,past_unknown,5,0,9.429902326818077e-07,0,1
15,4,f2p,38,past_unknown,0,0,0.0008422999168792829,0,1
15,4,f2p,38,past_unknown,1,0,0.0002736027302963097,0,1
15,4,f2p,38,past_unknown,2,0,0.0004514254104861279,0,1
15,4,f2p,38,past_unknown,3,0,1.4485376447717592e-05,0,1
15,4,f2p,38,past_unknown,4,0,0.00021008894494905028,0,1
15,4,f2p,38,past_unknown,5,0,0.0011533199407347732,0,1
15,4,f2p,39,past_unknown,0,0,3.2232128638947075e-05,0,1
15,4,f2p,39,past_unknown,1,0,4.074845129371295e-07,0,1
15,4,f2p,39,past_unknown,2,0,9.624906647429072e-05,0,1
15,4,f2p,39,past_unknown,3,0,1.973909206908955e-06,0,1
15,4,f2p,39,past_unknown,4,0,4.207289770265505e-07,0,1
15,4,f2p,39,past_unknown,5,0,6.331641622078506e-06,0,1
15,4,f2p,40,past_unknown,0,0,6.403939336018501e-07,0,1
15,4,f2p,40,past_unknown,1,0,1.1993857876622062e-05,0,1
15,4,f2p,40,past_unknown,2,0,1.5015922370458272e-05,0,1
15,4,f2p,40,past_unknown,3,0,0.02346625460446822,0,1
15,4,f2p,40,past_unknown,4,0,3.3906089691912457e-05,0,1
15,4,f2p,40,past_unknown,5,0,0.06962102865330334,0,1
15,4,f2p,41,past_unknown,0,0,6.490145173731942e-05,0,1
15,4,f2p,41,past_unknown,1,0,0.00011028925255416092,0,1
15,4,f2p,41,past_unknown,2,0,1.265135591928469e-05,0,1
15,4,f2p,41,past_unknown,3,0,0.000380931072874696,0,1
15,4,f2p,41,past_unknown,4,0,7.98378531736218e-07,0,1
15,4,f2p,41,past_unknown,5,0,1.9141736928012077e-05,0,1
15,4,f2p,42,past_unknown,0,0,0.0001638710483038821,0,1
15,4,f2p,42,past_unknown,1,0,3.16724893290006e-06,0,1
15,4,f2p,42,past_unknown,2,0,0.00012127714861970023,0,1
15,4,f2p,42,past_unknown,3,0,0.00042074347349694874,0,1
15,4,f2p,42,past_unknown,4,0,0.0002201147268560917,0,1
15,4,f2p,42,past_unknown,5,0,3.1941244914515505e-05,0,1
15,4,f2p,43,past_unknown,0,0,0.3512526240890635,0,1
15,4,f2p,43,past_unknown,1,0,0.00012354303427689853,0,1
15,4,f2p,43,past_unknown,2,0,0.7712804784220694,1,0
15,4,f2p,43,past_unknown,3,0,0.5980466659411579,1,0
15,4,f2p,43,past_unknown,4,0,0.9828736427360796,1,0
15,4,f2p,43,past_unknown,5,0,0.13164089500311943,0,1
15,4,f2p,44,past_unknown,0,0,0.0009677895156269627,0,1
15,4,f2p,44,past_unknown,1,0,6.794537010069354e-05,0,1
15,4,f2p,44,past_unknown,2,0,0.24312379900901174,0,1
15,4,f2p,44,past_unknown,3,0,0.004092260667937907,0,1
15,4,f2p,44,past_unknown,4,0,1.1483198176710238e-05,0,1
15,4,f2p,44,past_unknown,5,0,0.7774066079380443,1,0
15,4,f2p,45,past_unknown,0,0,0.00043662075528792067,0,1
15,4,f2p,45,past_unknown,1,0,1.2456649878774244e-05,0,1
15,4,f2p,45,past_unknown,2,0,0.000295968930307432,0,1
15,4,f2p,45,past_unknown,3,0,0.0005333094570043492,0,1
15,4,f2p,45,past_unknown,4,0,0.022996467385276782,0,1
15,4,f2p,45,past_unknown,5,0,3.122775589170465e-05,0,1
15,4,f2p,46,past_unknown,0,0,2.0232637629971327e-05,0,1
15,4,f2p,46,past_unknown,1,0,0.0028444929469565346,0,1
15,4,f2p,46,past_unknown,2,0,5.115415565101618e-07,0,1
15,4,f2p,46,past_unknown,3,0,1.0665736118756798e-05,0,1
15,4,f2p,46,past_unknown,4,0,0.00049978822642157,0,1
15,4,f2p,46,past_unknown,5,0,1.157569152958802e-05,0,1
15,4,f2p,47,past_unknown,0,0,0.0036325639224073793,0,1
15,4,f2p,47,past_unknown,1,0,0.20376135573631513,0,1
15,4,f2p,47,past_unknown,2,0,0.018791881514446784,0,1
15,4,f2p,47,past_unknown,3,0,0.00263921195672778,0,1
15,4,f2p,47,past_unknown,4,0,0.005924884763198801,0,1
15,4,f2p,47,past_unknown,5,0,0.0014155954043692908,0,1
15,4,f2p,48,past_unknown,0,0,1.4274776789087897e-06,0,1
15,4,f2p,48,past_unknown,1,0,7.3970339568905954e-06,0,1
15,4,f2p,48,past_unknown,2,0,2.6951418218295432e-06,0,1
15,4,f2p,48,past_unknown,3,0,1.6577438186504393e-06,0,1
15,4,f2p,48,past_unknown,4,0,1.1075580874791593e-07,0,1
15,4,f2p,48,past_unknown,5,0,6.356154886473159e-06,0,1
15,4,f2p,49,past_unknown,0,0,0.18906244241806913,0,1
15,4,f2p,49,past_unknown,1,0,0.025659852837520404,0,1
15,4,f2p,49,past_unknown,2,0,0.0003464672570757042,0,1
15,4,f2p,49,past_unknown,3,0,0.24985321617458842,0,1
15,4,f2p,49,past_unknown,4,0,0.002112462454334025,0,1
15,4,f2p,49,past_unknown,5,0,0.06737228668973803,0,1
16,4,p2f,50,future_known,0,1,0.4638181644993199,0,0
16,4,p2f,50,future_known,1,1,0.9840244479251701,1,1
16,4,p2f,50,future_known,2,1,0.000775130406312626,0,0
16,4,p2f,50,future_known,3,1,0.0023178614025593375,0,0
16,4,p2f,50,future_known,4,1,0.0056124925827830165,0,0
16,4,p2f,50,future_known,5,1,0.0771847648467084,0,0
16,4,p2f,51,future_known,0,1,0.89537290577888,1,1
16,4,p2f,51,future_known,1,1,0.9955596712205121,1,1
16,4,p2f,51,future_known,2,1,0.12719800241961107,0,0
16,4,p2f,51,future_known,3,1,0.9837917539094776,1,1
16,4,p2f,51,future_known,4,1,0.0643549406329563,0,0
16,4,p2f,51,future_known,5,1,0.0054559917408100725,0,0
16,4,p2f,52,future_known,0,1,0.2836639070780691,0,0
16,4,p2f,52,future_known,1,1,0.9977951640717436,1,1
16,4,p2f,52,future_known,2,1,0.26038133589153184,0,0
16,4,p2f,52,future_known,3,1,0.8529722819866931,1,1
16,4,p2f,52,future_known,4,1,0.0030117701267696915,0,0
16,4,p2f,52,future_known,5,1,0.046080132762461104,0,0
16,4,p2f,53,future_known,0,1,0.44575050545048106,0,0
16,4,p2f,53,future_known,1,1,0.04425902231132529,0,0
16,4,p2f,53,future_known,2,1,0.13257991144417,0,0
16,4,p2f,53,future_known,3,1,0.009196998612710162,0,0
16,4,p2f,53,future_known,4,1,0.18726567976083935,0,0
16,4,p2f,53,future_known,5,1,6.394370849837086e-05,0,0
16,4,p2f,54,future_known,0,1,0.9981531262171983,1,1
16,4,p2f,54,future_known,1,1,0.010465074993586914,0,0
16,4,p2f,54,future_known,2,1,0.25872138634888037,0,0
16,4,p2f,54,future_known,3,1,0.9981733538808705,1,1
16,4,p2f,54,future_known,4,1,0.040385523154190285,0,0
16,4,p2f,54,future_known,5,1,0.999326025206924,1,1
16,4,p2f,55,future_known,0,1,0.999999802311661,1,1
16,4,p2f,55,future_known,1,1,0.9998834745667863,1,1
16,4,p2f,55,future_known,2,1,0.9998406555596527,1,1
16,4,p2f,55,future_known,3,1,0.9999823383890647,1,1
16,4,p2f,55,future_known,4,1,0.4360092059442009,0,0
16,4,p2f,55,future_known,5,1,0.9941540171048199,1,1
16,4,p2f,56,future_known,0,1,0.9646080430128637,1,1
16,4,p2f,56,future_known,1,1,0.9841789506595654,1,1
16,4,p2f,56,future_known,2,1,0.5075057697309514,1,1
16,4,p2f,56,future_known,3,1,0.8958868860576488,1,1
16,4,p2f,56,future_known,4,1,0.014634233558393082,0,0
16,4,p2f,56,future_known,5,1,0.995294235417364,1,1
16,4,p2f,57,future_known,0,1,0.9585571007050026,1,1
16,4,p2f,57,future_known,1,1,0.011353817117970746,0,0
16,4,p2f,57,future_known,2,1,0.9912538155357254,1,1
16,4,p2f,57,future_known,3,1,0.8091080240613865,1,1
16,4,p2f,57,future_known,4,1,0.6931895101138758,1,1
16,4,p2f,57,future_known,5,1,0.08498493683389974,0,0
16,4,p2f,58,future_known,0,1,0.015078415465947431,0,0
16,4,p2f,58,future_known,1,1,0.5037059664806753,1,1
16,4,p2f,58,future_known,2,1,0.000344891349156308,0,0
16,4,p2f,58,future_known,3,1,0.05229435411234434,0,0
16,4,p2f,58,future_known,4,1,0.0002794539668144434,0,0
16,4,p2f,58,future_known,5,1,9.798967655745436e-05,0,0
16,4,p2f,59,future_known,0,1,0.9999997516032231,1,1
16,4,p2f,59,future_known,1,1,0.9999999925482096,1,1
16,4,p2f,59,future_known,2,1,0.9999717781588459,1,1
16,4,p2f,59,future_known,3,1,0.9999997930894156,1,1
16,4,p2f,59,future_known,4,1,0.999999988508233,1,1
16,4,p2f,59,future_known,5,1,0.9999996441770531,1,1
16,4,p2f,60,future_known,0,1,0.9887355746853387,1,1
16,4,p2f,60,future_known,1,1,0.9972869114246311,1,1
16,4,p2f,60,future_known,2,1,0.16574190611619702,0,0
16,4,p2f,60,future_known,3,1,0.19378466670046154,0,0
16,4,p2f,60,future_known,4,1,0.10502220626661413,0,0
16,4,p2f,60,future_known,5,1,0.9904196731449764,1,1
16,4,p2f,61,future_known,0,1,0.9996631971883264,1,1
16,4,p2f,61,future_known,1,1,0.9230601007086582,1,1
16,4,p2f,61,future_known,2,1,0.9999470808889092,1,1
16,4,p2f,61,future_known,3,1,0.9996371324355479,1,1
16,4,p2f,61,future_known,4,1,0.9997378621411893,1,1
16,4,p2f,61,future_known,5,1,0.9999539099652487,1,1
16,4,p2f,62,future_known,0,1,0.9999744939605829,1,1
16,4,p2f,62,future_known,1,1,0.9999973327570707,1,1
16,4,p2f,62,future_known,2,1,0.9639420343114935,1,1
16,4,p2f,62,future_known,3,1,0.9962139588310812,1,1
16,4,p2f,62,future_known,4,1,0.9999958084758575,1,1
16,4,p2f,62,future_known,5,1,0.9952739524253716,1,1
16,4,p2f,63,future_known,0,1,0.9255368607521618,1,1
16,4,p2f,63,future_known,1,1,0.4938137983766282,0,0
16,4,p2f,63,future_known,2,1,0.11263749271954027,0,0
16,4,p2f,63,future_known,3,1,0.9554902454851696,1,1
16,4,p2f,63,future_known,4,1,0.6356558431860817,1,1
16,4,p2f,63,future_known,5,1,0.7686393262785215,1,1
16,4,p2f,64,future_known,0,1,0.9998432577341778,1,1
16,4,p2f,64,future_known,1,1,0.9997295052576073,1,1
16,4,p2f,64,future_known,2,1,0.9946760675873528,1,1
16,4,p2f,64,future_known,3,1,0.9200529774767281,1,1
16,4,p2f,64,future_known,4,1,0.9995934989377732,1,1
16,4,p2f,64,future_known,5,1,0.9989884447780244,1,1
16,4,p2f,65,future_known,0,1,0.960579535969477,1,1
16,4,p2f,65,future_known,1,1,0.6496848189416593,1,1
16,4,p2f,65,future_known,2,1,0.9998478161974452,1,1
16,4,p2f,65,future_known,3,1,0.9393271646136189,1,1
16,4,p2f,65,future_known,4,1,0.15878973165586682,0,0
16,4,p2f,65,future_known,5,1,0.24795182320389303,0,0
16,4,p2f,66,future_known,0,1,0.9848278497391197,1,1
16,4,p2f,66,future_known,1,1,0.8035776568784102,1,1
16,4,p2f,66,future_known,2,1,0.003790491351465375,0,0
16,4,p2f,66,future_known,3,1,0.9991007824137522,1,1
16,4,p2f,66,future_known,4,1,0.28866882690134693,0,0
16,4,p2f,66,future_known,5,1,0.9932259018873689,1,1
16,4,p2f,67,future_known,0,1,0.9999226542689499,1,1
16,4,p2f,67,future_known,1,1,0.9999960684403881,1,1
16,4,p2f,67,future_known,2,1,0.9999753626290372,1,1
16,4,p2f,67,future_known,3,1,0.9999984080575625,1,1
16,4,p2f,67,future_known,4,1,0.9999991629571127,1,1
16,4,p2f,67,future_known,5,1,0.8908557754991129,1,1
16,4,p2f,68,future_known,0,1,0.982686877886254,1,1
16,4,p2f,68,future_known,1,1,0.99999099222069,1,1
16,4,p2f,68,future_known,2,1,0.993837247901587,1,1
16,4,p2f,68,future_known,3,1,0.7618358486351139,1,1
16,4,p2f,68,future_known,4,1,0.9999835672759649,1,1
16,4,p2f,68,future_known,5,1,0.9805210838716947,1,1
16,4,p2f,69,future_known,0,1,0.9990179819351226,1,1
16,4,p2f,69,future_known,1,1,0.9999364625442588,1,1
16,4,p2f,69,future_known,2,1,0.8967902384700964,1,1
16,4,p2f,69,future_known,3,1,0.9997555837855614,1,1
16,4,p2f,69,future_known,4,1,0.9940870222018637,1,1
16,4,p2f,69,future_known,5,1,0.9968956187313297,1,1
16,4,p2f,70,future_known,0,1,0.9875750301246758,1,1
16,4,p2f,70,future_known,1,1,0.05284657142340193,0,0
16,4,p2f,70,future_known,2,1,0.014893333042457152,0,0
16,4,p2f,70,future_known,3,1,0.9779095482582382,1,1
16,4,p2f,70,future_known,4,1,0.1274975165883987,0,0
16,4,p2f,70,future_known,5,1,0.5318032603034031,1,1
16,4,p2f,71,future_known,0,1,0.9997560524650715,1,1
16,4,p2f,71,future_known,1,1,0.9999101398515571,1,1
16,4,p2f,71,future_known,2,1,0.9729303880654444,1,1
16,4,p2f,71,future_known,3,1,0.9999523850345805,1,1
16,4,p2f,71,future_known,4,1,0.9999760382398654,1,1
16,4,p2f,71,future_known,5,1,0.9523100358385402,1,1
16,4,p2f,72,future_known,0,1,0.9987004202041853,1,1
16,4,p2f,72,future_known,1,1,0.9984592098144428,1,1
16,4,p2f,72,future_known,2,1,0.9979928997734301,1,1
16,4,p2f,72,future_known,3,1,0.999857882930546,1,1
16,4,p2f,72,future_known,4,1,0.9989044861570052,1,1
16,4,p2f,72,future_known,5,1,0.9999949658365096,1,1
16,4,p2f,73,future_known,0,1,0.9996611523311539,1,1
16,4,p2f,73,future_known,1,1,0.7736703653535512,1,1
16,4,p2f,73,future_known,2,1,0.053482864163550525,0,0
16,4,p2f,73,future_known,3,1,0.17317366574273405,0,0
16,4,p2f,73,future_known,4,1,0.15167616950071897,0,0
16,4,p2f,73,future_known,5,1,0.20249995465891055,0,0
16,4,p2f,74,future_known,0,1,0.9999674224693142,1,1
16,4,p2f,74,future_known,1,1,0.9997769198626256,1,1
16,4,p2f,74,future_known,2,1,0.9994908416380165,1,1
16,4,p2f,74,future_known,3,1,0.9956979092297836,1,1
16,4,p2f,74,future_known,4,1,0.9999602451780313,1,1
16,4,p2f,74,future_known,5,1,0.9948674390794707,1,1
16,4,p2f,75,future_unknown,0,0,0.06984966586933007,0,1
16,4,p2f,75,future_unknown,1,0,0.005761760654844829,0,1
16,4,p2f,75,future_unknown,2,0,0.07472206095135753,0,1
16,4,p2f,75,future_unknown,3,0,0.002712821503080784,0,1
16,4,p2f,75,future_unknown,4,0,0.022713790215837474,0,1
16,4,p2f,75,future_unknown,5,0,0.36638275702156986,0,1
16,4,p2f,76,future_unknown,0,0,4.559811121456413e-07,0,1
16,4,p2f,76,future_unknown,1,0,6.09465807710869e-07,0,1
16,4,p2f,76,future_unknown,2,0,1.1336120982544544e-05,0,1
16,4,p2f,76,future_unknown,3,0,0.00012395559350322262,0,1
16,4,p2f,76,future_unknown,4,0,8.90172277470499e-09,0,1
16,4,p2f,76,future_unknown,5,0,1.0088559790669567e-07,0,1
16,4,p2f,77,future_unknown,0,0,1.491638441170605e-07,0,1
16,4,p2f,77,future_unknown,1,0,5.053577741753649e-09,0,1
16,4,p2f,77,future_unknown,2,0,2.3474069962835557e-08,0,1
16,4,p2f,77,future_unknown,3,0,4.3739987019195135e-08,0,1
16,4,p2f,77,future_unknown,4,0,3.787228554633799e-10,0,1
16,4,p2f,77,future_unknown,5,0,3.693427486043831e-08,0,1
16,4,p2f,78,future_unknown,0,0,0.00837950749848348,0,1
16,4,p2f,78,future_unknown,1,0,0.0013995351332524591,0,1
16,4,p2f,78,future_unknown,2,0,0.014791307260909286,0,1
16,4,p2f,78,future_unknown,3,0,0.0005003471633068202,0,1
16,4,p2f,78,future_unknown,4,0,0.0011674704851673526,0,1
16,4,p2f,78,future_unknown,5,0,0.00764756628872088,0,1
16,4,p2f,79,future_unknown,0,0,0.07824510037275556,0,1
16,4,p2f,79,future_unknown,1,0,0.0008555222065510273,0,1
16,4,p2f,79,future_unknown,2,0,0.003302844087148484,0,1
16,4,p2f,79,future_unknown,3,0,0.021760172309207567,0,1
16,4,p2f,79,future_unknown,4,0,0.0018070915524886185,0,1
16,4,p2f,79,future_unknown,5,0,0.007402421847617097,0,1
16,4,p2f,80,future_unknown,0,0,0.15998798309368334,0,1
16,4,p2f,80,future_unknown,1,0,0.8832004444145026,1,0
16,4,p2f,80,future_unknown,2,0,0.12426323008166104,0,1
16,4,p2f,80,future_unknown,3,0,0.8746724960991961,1,0
16,4,p2f,80,future_unknown,4,0,0.017845732078365723,0,1
16,4,p2f,80,future_unknown,5,0,0.08635326269373561,0,1
16,4,p2f,81,future_unknown,0,0,4.553379390469954e-07,0,1
16,4,p2f,81,future_unknown,1,0,1.4527131568114956e-06,0,1
16,4,p2f,81,future_unknown,2,0,3.059723308795333e-08,0,1
16,4,p2f,81,future_unknown,3,0,5.801163710744494e-07,0,1
16,4,p2f,81,future_unknown,4,0,8.394645309103003e-06,0,1
16,4,p2f,81,future_unknown,5,0,1.253504869980082e-07,0,1
16,4,p2f,82,future_unknown,0,0,0.002756739739990565,0,1
16,4,p2f,82,future_unknown,1,0,1.517049535359103e-05,0,1
16,4,p2f,82,future_unknown,2,0,4.9876926030174364e-05,0,1
16,4,p2f,82,future_unknown,3,0,0.0007863947858479915,0,1
16,4,p2f,82,future_unknown,4,0,0.00011800386304953809,0,1
16,4,p2f,82,future_unknown,5,0,0.00016733782351001342,0,1
16,4,p2f,83,future_unknown,0,0,0.08254277413468325,0,1
16,4,p2f,83,future_unknown,1,0,0.6930448740161228,1,0
16,4,p2f,83,future_unknown,2,0,0.05267329627771845,0,1
16,4,p2f,83,future_unknown,3,0,0.1871307377820725,0,1
16,4,p2f,83,future_unknown,4,0,0.7406594628973393,1,0
16,4,p2f,83,future_unknown,5,0,0.08183010532584346,0,1
16,4,p2f,84,future_unknown,0,0,3.970229413308424e-05,0,1
16,4,p2f,84,future_unknown,1,0,0.00017897211791637922,0,1
16,4,p2f,84,future_unknown,2,0,1.9349225969801065e-05,0,1
16,4,p2f,84,future_unknown,3,0,5.3863013725599646e-05,0,1
16,4,p2f,84,future_unknown,4,0,1.2371116772335074e-06,0,1
16,4,p2f,84,future_unknown,5,0,0.0009016659858763641,0,1
16,4,p2f,85,future_unknown,0,0,0.004639051173971148,0,1
16,4,p2f,85,future_unknown,1,0,0.006059645500589917,0,1
16,4,p2f,85,future_unknown,2,0,0.1513057598043228,0,1
16,4,p2f,85,future_unknown,3,0,0.45622818899962736,0,1
16,4,p2f,85,future_unknown,4,0,0.03444877497347347,0,1
16,4,p2f,85,future_unknown,5,0,0.015776416347153238,0,1
16,4,p2f,86,future_unknown,0,0,0.013458902772737376,0,1
16,4,p2f,86,future_unknown,1,0,6.148718076338088e-05,0,1
16,4,p2f,86,future_unknown,2,0,0.000851876544647571,0,1
16,4,p2f,86,future_unknown,3,0,0.0007350553974384256,0,1
16,4,p2f,86,future_unknown,4,0,0.0034482356495064525,0,1
16,4,p2f,86,future_unknown,5,0,0.0019153668888403075,0,1
16,4,p2f,87,future_unknown,0,0,0.0008163607755174986,0,1
16,4,p2f,87,future_unknown,1,0,9.948187536178525e-05,0,1
16,4,p2f,87,future_unknown,2,0,0.01074156594644376,0,1
16,4,p2f,87,future_unknown,3,0,0.005217929840728428,0,1
16,4,p2f,87,future_unknown,4,0,0.003573492676136084,0,1
16,4,p2f,87,future_unknown,5,0,5.890339914775728e-05,0,1
16,4,p2f,88,future_unknown,0,0,0.0026621403612718444,0,1
16,4,p2f,88,future_unknown,1,0,0.09527909332315239,0,1
16,4,p2f,88,future_unknown,2,0,0.0033775609818201624,0,1
16,4,p2f,88,future_unknown,3,0,0.4352307231261456,0,1
16,4,p2f,88,future_unknown,4,0,0.10347871842461823,0,1
16,4,p2f,88,future_unknown,5,0,0.015215857218025292,0,1
16,4,p2f,89,future_unknown,0,0,3.3646574784689526e-05,0,1
16,4,p2f,89,future_unknown,1,0,2.2200740641142587e-07,0,1
16,4,p2f,89,future_unknown,2,0,1.2894350613209587e-06,0,1
16,4,p2f,89,future_unknown,3,0,6.508806325043633e-08,0,1
16,4,p2f,89,future_unknown,4,0,1.1607786042907202e-06,0,1
16,4,p2f,89,future_unknown,5,0,3.4172224547631072e-06,0,1
16,4,p2f,90,future_unknown,0,0,0.9936538457756283,1,0
16,4,p2f,90,future_unknown,1,0,0.9999987253123431,1,0
16,4,p2f,90,future_unknown,2,0,0.9997366327825699,1,0
16,4,p2f,90,future_unknown,3,0,0.999960418738914,1,0
16,4,p2f,90,future_unknown,4,0,0.9993342694092603,1,0
16,4,p2f,90,future_unknown,5,0,0.9998337407360909,1,0
16,4,p2f,91,future_unknown,0,0,0.0012201896028992156,0,1
16,4,p2f,91,future_unknown,1,0,4.930338404169563e-05,0,1
16,4,p2f,91,future_unknown,2,0,0.00031349536563434366,0,1
16,4,p2f,91,future_unknown,3,0,1.6056466165682218e-05,0,1
16,4,p2f,91,future_unknown,4,0,9.245919343236694e-07,0,1
16,4,p2f,91,future_unknown,5,0,0.004446310922969345,0,1
16,4,p2f,92,future_unknown,0,0,5.434489388398718e-09,0,1
16,4,p2f,92,future_unknown,1,0,6.208203554080859e-11,0,1
16,4,p2f,92,future_unknown,2,0,5.234330485827757e-08,0,1
16,4,p2f,92,future_unknown,3,0,0.01215472096453535,0,1
16,4,p2f,92,future_unknown,4,0,1.5835679599364963e-07,0,1
16,4,p2f,92,future_unknown,5,0,1.0835804542847855e-09,0,1
16,4,p2f,93,future_unknown,0,0,0.011128545576912351,0,1
16,4,p2f,93,future_unknown,1,0,5.091690662842771e-07,0,1
16,4,p2f,93,future_unknown,2,0,2.3053936340810674e-05,0,1
16,4,p2f,93,future_unknown,3,0,2.3053936340810674e-05,0,1
16,4,p2f,93,future_unknown,4,0,7.958090941228344e-07,0,1
16,4,p2f,93,future_unknown,5,0,8.927381918431355e-07,0,1
16,4,p2f,94,future_unknown,0,0,0.030640641231955645,0,1
16,4,p2f,94,future_unknown,1,0,0.005428480130411882,0,1
16,4,p2f,94,future_unknown,2,0,0.004635040815417966,0,1
16,4,p2f,94,future_unknown,3,0,0.020960155754927157,0,1
16,4,p2f,94,future_unknown,4,0,0.019117802261523913,0,1
16,4,p2f,94,future_unknown,5,0,0.02656232287683711,0,1
16,4,p2f,95,future_unknown,0,0,6.015345117520906e-08,0,1
16,4,p2f,95,future_unknown,1,0,4.711512506625212e-08,0,1
16,4,p2f,95,future_unknown,2,0,1.418680402880269e-06,0,1
16,4,p2f,95,future_unknown,3,0,7.370633862880452e-08,0,1
16,4,p2f,95,future_unknown,4,0,8.389788768213668e-08,0,1
16,4,p2f,95,future_unknown,5,0,5.020471444589869e-08,0,1
16,4,p2f,96,future_unknown,0,0,0.04058922491289384,0,1
16,4,p2f,96,future_unknown,1,0,0.01063139403516518,0,1
16,4,p2f,96,future_unknown,2,0,0.05327084542197813,0,1
16,4,p2f,96,future_unknown,3,0,0.005665751105808803,0,1
16,4,p2f,96,future_unknown,4,0,0.001233915184190126,0,1
16,4,p2f,96,future_unknown,5,0,0.08038788649639592,0,1
16,4,p2f,97,future_unknown,0,0,0.006492619978019777,0,1
16,4,p2f,97,future_unknown,1,0,0.38926968465009393,0,1
16,4,p2f,97,future_unknown,2,0,0.0001350233813657988,0,1
16,4,p2f,97,future_unknown,3,0,0.029703503359831417,0,1
16,4,p2f,97,future_unknown,4,0,0.09440959690838098,0,1
16,4,p2f,97,future_unknown,5,0,0.36491942022031915,0,1
16,4,p2f,98,future_unknown,0,0,7.183682134247308e-07,0,1
16,4,p2f,98,future_unknown,1,0,3.4417778296441297e-09,0,1
16,4,p2f,98,future_unknown,2,0,5.790697716236686e-06,0,1
16,4,p2f,98,future_unknown,3,0,2.2674491420227126e-06,0,1
16,4,p2f,98,future_unknown,4,0,2.3520912866873315e-08,0,1
16,4,p2f,98,future_unknown,5,0,4.8435675303717085e-09,0,1
16,4,p2f,99,future_unknown,0,0,0.8292212519720251,1,0
16,4,p2f,99,future_unknown,1,0,0.7462063401996663,1,0
16,4,p2f,99,future_unknown,2,0,0.8653951607626305,1,0
16,4,p2f,99,future_unknown,3,0,0.9844627515908627,1,0
16,4,p2f,99,future_unknown,4,0,0.6198080940945909,1,0
16,4,p2f,99,future_unknown,5,0,0.7068087055012642,1,0
16,4,f2p,0,past_known,0,1,0.06678572420393665,0,0
16,4,f2p,0,past_known,1,1,0.0003001862206199655,0,0
16,4,f2p,0,past_known,2,1,0.0001294392148855681,0,0
16,4,f2p,0,past_known,3,1,0.0018243033016434975,0,0
16,4,f2p,0,past_known,4,1,0.00013163063041148607,0,0
16,4,f2p,0,past_known,5,1,1.3344507067883744e-05,0,0
16,4,f2p,1,past_known,0,1,0.26522513496440414,0,0
16,4,f2p,1,past_known,1,1,0.11094116610570035,0,0
16,4,f2p,1,past_known,2,1,0.15698094423645434,0,0
16,4,f2p,1,past_known,3,1,0.01052280786826824,0,0
16,4,f2p,1,past_known,4,1,0.18689404386219893,0,0
16,4,f2p,1,past_known,5,1,0.07935363849834579,0,0
16,4,f2p,2,past_known,0,1,0.001472852170181985,0,0
16,4,f2p,2,past_known,1,1,0.015264372055562839,0,0
16,4,f2p,2,past_known,2,1,0.49717936303239296,0,0
16,4,f2p,2,past_known,3,1,0.0004662591047191436,0,0
16,4,f2p,2,past_known,4,1,0.00027043547495097235,0,0
16,4,f2p,2,past_known,5,1,7.12755443911305e-06,0,0
16,4,f2p,3,past_known,0,1,0.00024875776364136835,0,0
16,4,f2p,3,past_known,1,1,1.917436533995844e-06,0,0
16,4,f2p,3,past_known,2,1,0.07460329153917734,0,0
16,4,f2p,3,past_known,3,1,0.007780753938416858,0,0
16,4,f2p,3,past_known,4,1,0.00014415443104649807,0,0
16,4,f2p,3,past_known,5,1,0.041659878739534716,0,0
16,4,f2p,4,past_known,0,1,0.03572645863352702,0,0
16,4,f2p,4,past_known,1,1,0.00014772192650488436,0,0
16,4,f2p,4,past_known,2,1,3.1068298893606197e-05,0,0
16,4,f2p,4,past_known,3,1,6.6509010309955295e-06,0,0
16,4,f2p,4,past_known,4,1,0.3188252372876176,0,0
16,4,f2p,4,past_known,5,1,7.226900503280228e-07,0,0
16,4,f2p,5,past_known,0,1,0.7402166680220116,1,1
16,4,f2p,5,past_known,1,1,0.7282386313574579,1,1
16,4,f2p,5,past_known,2,1,0.6264346329376872,1,1
16,4,f2p,5,past_known,3,1,0.9337942421556187,1,1
16,4,f2p,5,past_known,4,1,0.999996007497068,1,1
16,4,f2p,5,past_known,5,1,0.9487596487711321,1,1
16,4,f2p,6,past_known,0,1,0.8805192503348546,1,1
16,4,f2p,6,past_known,1,1,0.9976521691484983,1,1
16,4,f2p,6,past_known,2,1,0.9893786418817868,1,1
16,4,f2p,6,past_known,3,1,0.8575242612587862,1,1
16,4,f2p,6,past_known,4,1,0.9819591031826317,1,1
16,4,f2p,6,past_known,5,1,0.995176890477746,1,1
16,4,f2p,7,past_known,0,1,0.807766716104607,1,1
16,4,f2p,7,past_known,1,1,0.9955687113996273,1,1
16,4,f2p,7,past_known,2,1,0.14401289108301307,0,0
16,4,f2p,7,past_known,3,1,0.10960333430829072,0,0
16,4,f2p,7,past_known,4,1,0.02312367849342919,0,0
16,4,f2p,7,past_known,5,1,0.002035332871380537,0,0
16,4,f2p,8,past_known,0,1,0.9989089534300554,1,1
16,4,f2p,8,past_known,1,1,0.014041761309638821,0,0
16,4,f2p,8,past_known,2,1,0.6672913560096808,1,1
16,4,f2p,8,past_known,3,1,0.9894783723683495,1,1
16,4,f2p,8,past_known,4,1,9.839117093281423e-08,0,0
16,4,f2p,8,past_known,5,1,0.9262318313806774,1,1
16,4,f2p,9,past_known,0,1,0.94206957933912,1,1
16,4,f2p,9,past_known,1,1,0.9966848726135217,1,1
16,4,f2p,9,past_known,2,1,0.9865641343748525,1,1
16,4,f2p,9,past_known,3,1,0.9999761945025009,1,1
16,4,f2p,9,past_known,4,1,0.9950869561890345,1,1
16,4,f2p,9,past_known,5,1,0.9125703611697037,1,1
16,4,f2p,10,past_known,0,1,0.8231516101261189,1,1
16,4,f2p,10,past_known,1,1,0.20026862119364372,0,0
16,4,f2p,10,past_known,2,1,0.27654004792927855,0,0
16,4,f2p,10,past_known,3,1,0.003237402318309247,0,0
16,4,f2p,10,past_known,4,1,0.9379188684526898,1,1
16,4,f2p,10,past_known,5,1,0.06705733148863599,0,0
16,4,f2p,11,past_known,0,1,0.002389089463810422,0,0
16,4,f2p,11,past_known,1,1,0.2198342507479523,0,0
16,4,f2p,11,past_known,2,1,0.0035527280490931287,0,0
16,4,f2p,11,past_known,3,1,0.00033924539989290954,0,0
16,4,f2p,11,past_known,4,1,0.6356864994164195,1,1
16,4,f2p,11,past_known,5,1,0.8318195502179869,1,1
16,4,f2p,12,past_known,0,1,0.010111015661906121,0,0
16,4,f2p,12,past_known,1,1,0.005782624200455298,0,0
16,4,f2p,12,past_known,2,1,0.29502749797495564,0,0
16,4,f2p,12,past_known,3,1,0.04212234140946109,0,0
16,4,f2p,12,past_known,4,1,3.619774111499683e-06,0,0
16,4,f2p,12,past_known,5,1,0.07917802375993521,0,0
16,4,f2p,13,past_known,0,1,0.9999425632976986,1,1
16,4,f2p,13,past_known,1,1,0.9999950588161625,1,1
16,4,f2p,13,past_known,2,1,0.9998912066501441,1,1
16,4,f2p,13,past_known,3,1,0.9998541599222645,1,1
16,4,f2p,13,past_known,4,1,0.9999897549013286,1,1
16,4,f2p,13,past_known,5,1,0.9999971981536278,1,1
16,4,f2p,14,past_known,0,1,0.05063225457353565,0,0
16,4,f2p,14,past_known,1,1,0.9677119308727558,1,1
16,4,f2p,14,past_known,2,1,0.06102333274361766,0,0
16,4,f2p,14,past_known,3,1,2.080407674757304e-06,0,0
16,4,f2p,14,past_known,4,1,9.813236714298254e-06,0,0
16,4,f2p,14,past_known,5,1,0.5802645465161805,1,1
16,4,f2p,15,past_known,0,1,0.19407701348013864,0,0
16,4,f2p,15,past_known,1,1,0.9530523461838377,1,1
16,4,f2p,15,past_known,2,1,0.007960126267252822,0,0
16,4,f2p,15,past_known,3,1,0.6167727336622496,1,1
16,4,f2p,15,past_known,4,1,0.14185600528639522,0,0
16,4,f2p,15,past_known,5,1,0.9980367219060668,1,1
16,4,f2p,16,past_known,0,1,0.9999909474352319,1,1
16,4,f2p,16,past_known,1,1,0.9999991935452626,1,1
16,4,f2p,16,past_known,2,1,0.9999997694424997,1,1
16,4,f2p,16,past_known,3,1,0.9999897409035446,1,1
16,4,f2p,16,past_known,4,1,0.9999290724081563,1,1
16,4,f2p,16,past_known,5,1,0.9999902238623475,1,1
16,4,f2p,17,past_known,0,1,0.10277417352386575,0,0
16,4,f2p,17,past_known,1,1,0.0014444656689081036,0,0
16,4,f2p,17,past_known,2,1,0.005034611013239124,0,0
16,4,f2p,17,past_known,3,1,0.00016679985253981706,0,0
16,4,f2p,17,past_known,4,1,0.0004946404754416946,0,0
16,4,f2p,17,past_known,5,1,0.002042082494952446,0,0
16,4,f2p,18,past_known,0,1,0.9025167831920472,1,1
16,4,f2p,18,past_known,1,1,0.7590930718798304,1,1
16,4,f2p,18,past_known,2,1,0.8283704871367015,1,1
16,4,f2p,18,past_known,3,1,0.6385170661855818,1,1
16,4,f2p,18,past_known,4,1,0.2398675342324454,0,0
16,4,f2p,18,past_known,5,1,0.0017032274627400608,0,0
16,4,f2p,19,past_known,0,1,0.9999279865755023,1,1
16,4,f2p,19,past_known,1,1,0.9992282147047695,1,1
16,4,f2p,19,past_known,2,1,0.9996167199977781,1,1
16,4,f2p,19,past_known,3,1,0.9999969002292536,1,1
16,4,f2p,19,past_known,4,1,0.9575696602770737,1,1
16,4,f2p,19,past_known,5,1,0.8365412059220451,1,1
16,4,f2p,20,past_known,0,1,0.6195152593044901,1,1
16,4,f2p,20,past_known,1,1,0.02061513343416036,0,0
16,4,f2p,20,past_known,2,1,0.9861989538704038,1,1
16,4,f2p,20,past_known,3,1,3.659993198543317e-06,0,0
16,4,f2p,20,past_known,4,1,0.15952884696511752,0,0
16,4,f2p,20,past_known,5,1,0.017541499404004134,0,0
16,4,f2p,21,past_known,0,1,0.06839464104233349,0,0
16,4,f2p,21,past_known,1,1,1.0520993117974904e-08,0,0
16,4,f2p,21,past_known,2,1,0.27875805864122766,0,0
16,4,f2p,21,past_known,3,1,1.0584548665963704e-06,0,0
16,4,f2p,21,past_known,4,1,0.000851378367242884,0,0
16,4,f2p,21,past_known,5,1,8.05689362652326e-11,0,0
16,4,f2p,22,past_known,0,1,0.8709625195072204,1,1
16,4,f2p,22,past_known,1,1,0.0455382329616545,0,0
16,4,f2p,22,past_known,2,1,2.5278705612348494e-06,0,0
16,4,f2p,22,past_known,3,1,0.9646790652410423,1,1
16,4,f2p,22,past_known,4,1,6.62000542298685e-05,0,0
16,4,f2p,22,past_known,5,1,0.06573038059234641,0,0
16,4,f2p,23,past_known,0,1,0.5636403783866597,1,1
16,4,f2p,23,past_known,1,1,0.9766505761200024,1,1
16,4,f2p,23,past_known,2,1,0.9992282300311944,1,1
16,4,f2p,23,past_known,3,1,0.19305949770784175,0,0
16,4,f2p,23,past_known,4,1,0.666149077124818,1,1
16,4,f2p,23,past_known,5,1,0.998678674234142,1,1
16,4,f2p,24,past_known,0,1,0.6419835571256015,1,1
16,4,f2p,24,past_known,1,1,0.7099289813071393,1,1
16,4,f2p,24,past_known,2,1,0.6701158365056906,1,1
16,4,f2p,24,past_known,3,1,0.9977208432910237,1,1
16,4,f2p,24,past_known,4,1,0.985613884430704,1,1
16,4,f2p,24,past_known,5,1,0.9999373764563722,1,1
16,4,f2p,25,past_unknown,0,0,0.0018491441290183605,0,1
16,4,f2p,25,past_unknown,1,0,0.004355375783178438,0,1
16,4,f2p,25,past_unknown,2,0,0.9259350465289399,1,0
16,4,f2p,25,past_unknown,3,0,0.0061740537403959395,0,1
16,4,f2p,25,past_unknown,4,0,5.7213792750863614e-05,0,1
16,4,f2p,25,past_unknown,5,0,0.00367905304952695,0,1
16,4,f2p,26,past_unknown,0,0,0.017438887044592895,0,1
16,4,f2p,26,past_unknown,1,0,0.2101098318214488,0,1
16,4,f2p,26,past_unknown,2,0,0.0010791450649705818,0,1
16,4,f2p,26,past_unknown,3,0,0.06255419634771668,0,1
16,4,f2p,26,past_unknown,4,0,0.001065041829498231,0,1
16,4,f2p,26,past_unknown,5,0,0.0035464513932549372,0,1
16,4,f2p,27,past_unknown,0,0,2.7580081887784535e-08,0,1
16,4,f2p,27,past_unknown,1,0,2.4531768077359036e-08,0,1
16,4,f2p,27,past_unknown,2,0,1.1184228251506146e-07,0,1
16,4,f2p,27,past_unknown,3,0,5.060565294434029e-08,0,1
16,4,f2p,27,past_unknown,4,0,6.056842559274628e-06,0,1
16,4,f2p,27,past_unknown,5,0,0.009153137273610714,0,1
16,4,f2p,28,past_unknown,0,0,0.9999203563701655,1,0
16,4,f2p,28,past_unknown,1,0,0.008262044394456458,0,1
16,4,f2p,28,past_unknown,2,0,0.0036447205117612594,0,1
16,4,f2p,28,past_unknown,3,0,0.7985589614813814,1,0
16,4,f2p,28,past_unknown,4,0,0.998299901850678,1,0
16,4,f2p,28,past_unknown,5,0,5.258359415592421e-05,0,1
16,4,f2p,29,past_unknown,0,0,5.426187153476468e-07,0,1
16,4,f2p,29,past_unknown,1,0,4.2505800423609125e-07,0,1
16,4,f2p,29,past_unknown,2,0,4.212263545351531e-05,0,1
16,4,f2p,29,past_unknown,3,0,0.011030147574456322,0,1
16,4,f2p,29,past_unknown,4,0,0.0002923647944698531,0,1
16,4,f2p,29,past_unknown,5,0,0.011615641626883985,0,1
16,4,f2p,30,past_unknown,0,0,5.564046831958684e-05,0,1
16,4,f2p,30,past_unknown,1,0,1.9529512250023854e-06,0,1
16,4,f2p,30,past_unknown,2,0,0.0004112978833220815,0,1
16,4,f2p,30,past_unknown,3,0,0.0011261839512386996,0,1
16,4,f2p,30,past_unknown,4,0,0.00020003625488437978,0,1
16,4,f2p,30,past_unknown,5,0,0.0009402788233075956,0,1
16,4,f2p,31,past_unknown,0,0,0.37413902692588785,0,1
16,4,f2p,31,past_unknown,1,0,2.8750365687977964e-05,0,1
16,4,f2p,31,past_unknown,2,0,0.0020638580505251062,0,1
16,4,f2p,31,past_unknown,3,0,0.00022292951347652063,0,1
16,4,f2p,31,past_unknown,4,0,0.1315366847176289,0,1
16,4,f2p,31,past_unknown,5,0,0.033239806310463645,0,1
16,4,f2p,32,past_unknown,0,0,7.344869239821815e-08,0,1
16,4,f2p,32,past_unknown,1,0,2.2538445434444506e-11,0,1
16,4,f2p,32,past_unknown,2,0,2.2000221441323506e-06,0,1
16,4,f2p,32,past_unknown,3,0,3.730239256886949e-07,0,1
16,4,f2p,32,past_unknown,4,0,6.5479608239979764e-06,0,1
16,4,f2p,32,past_unknown,5,0,3.1025848949488875e-08,0,1
16,4,f2p,33,past_unknown,0,0,0.6172056968347451,1,0
16,4,f2p,33,past_unknown,1,0,0.8944642141152882,1,0
16,4,f2p,33,past_unknown,2,0,8.434408006343211e-05,0,1
16,4,f2p,33,past_unknown,3,0,0.1824110527982563,0,1
16,4,f2p,33,past_unknown,4,0,0.9955759223167405,1,0
16,4,f2p,33,past_unknown,5,0,0.0035004232494733954,0,1
16,4,f2p,34,past_unknown,0,0,2.682546797711919e-07,0,1
16,4,f2p,34,past_unknown,1,0,4.4457165052484e-08,0,1
16,4,f2p,34,past_unknown,2,0,3.014747823261294e-07,0,1
16,4,f2p,34,past_unknown,3,0,4.154554962981745e-06,0,1
16,4,f2p,34,past_unknown,4,0,2.7318192777018525e-05,0,1
16,4,f2p,34,past_unknown,5,0,1.527433523926012e-06,0,1
16,4,f2p,35,past_unknown,0,0,0.0001298044228476694,0,1
16,4,f2p,35,past_unknown,1,0,3.116129573562906e-06,0,1
16,4,f2p,35,past_unknown,2,0,0.011272539648972107,0,1
16,4,f2p,35,past_unknown,3,0,0.000146013181037023,0,1
16,4,f2p,35,past_unknown,4,0,4.303267005477365e-05,0,1
16,4,f2p,35,past_unknown,5,0,0.0009835643332160372,0,1
16,4,f2p,36,past_unknown,0,0,0.0002443342208922626,0,1
16,4,f2p,36,past_unknown,1,0,0.031109426342625087,0,1
16,4,f2p,36,past_unknown,2,0,0.011750386963043848,0,1
16,4,f2p,36,past_unknown,3,0,0.04734077713070396,0,1
16,4,f2p,36,past_unknown,4,0,0.006678041404436918,0,1
16,4,f2p,36,past_unknown,5,0,2.5777674978018255e-05,0,1
16,4,f2p,37,past_unknown,0,0,8.663823671369725e-08,0,1
16,4,f2p,37,past_unknown,1,0,4.140307957771017e-06,0,1
16,4,f2p,37,past_unknown,2,0,4.1923971050487065e-07,0,1
16,4,f2p,37,past_unknown,3,0,1.3645842657181712e-05,0,1
16,4,f2p,37,past_unknown,4,0,1.4221209152968078e-08,0,1
16,4,f2p,37,past_unknown,5,0,1.327284462535203e-07,0,1
16,4,f2p,38,past_unknown,0,0,0.00019894045146995755,0,1
16,4,f2p,38,past_unknown,1,0,3.1204635979702415e-05,0,1
16,4,f2p,38,past_unknown,2,0,0.00037131306054298535,0,1
16,4,f2p,38,past_unknown,3,0,1.0977781229970585e-05,0,1
16,4,f2p,38,past_unknown,4,0,4.716891476208624e-05,0,1
16,4,f2p,38,past_unknown,5,0,0.0005260822084381197,0,1
16,4,f2p,39,past_unknown,0,0,4.340713184781633e-06,0,1
16,4,f2p,39,past_unknown,1,0,1.287826223739942e-07,0,1
16,4,f2p,39,past_unknown,2,0,3.2451531911276936e-06,0,1
16,4,f2p,39,past_unknown,3,0,3.714469401275931e-07,0,1
16,4,f2p,39,past_unknown,4,0,8.538466506160663e-08,0,1
16,4,f2p,39,past_unknown,5,0,3.250941880547283e-06,0,1
16,4,f2p,40,past_unknown,0,0,4.207239646299617e-08,0,1
16,4,f2p,40,past_unknown,1,0,2.9277601180446106e-07,0,1
16,4,f2p,40,past_unknown,2,0,5.27398191441961e-07,0,1
16,4,f2p,40,past_unknown,3,0,0.0034784532995817768,0,1
16,4,f2p,40,past_unknown,4,0,6.891395307483545e-07,0,1
16,4,f2p,40,past_unknown,5,0,0.010343659514758604,0,1
16,4,f2p,41,past_unknown,0,0,1.6085925026669974e-05,0,1
16,4,f2p,41,past_unknown,1,0,7.493621391753692e-06,0,1
16,4,f2p,41,past_unknown,2,0,1.626867047467215e-06,0,1
16,4,f2p,41,past_unknown,3,0,9.391169516426312e-05,0,1
16,4,f2p,41,past_unknown,4,0,1.1474268124396516e-07,0,1
16,4,f2p,41,past_unknown,5,0,1.5393580680195336e-06,0,1
16,4,f2p,42,past_unknown,0,0,3.395038317521978e-05,0,1
16,4,f2p,42,past_unknown,1,0,6.705344304592976e-07,0,1
16,4,f2p,42,past_unknown,2,0,6.838533145130155e-06,0,1
16,4,f2p,42,past_unknown,3,0,0.0001274716048324848,0,1
16,4,f2p,42,past_unknown,4,0,2.9668435497704777e-05,0,1
16,4,f2p,42,past_unknown,5,0,3.432686984850554e-06,0,1
16,4,f2p,43,past_unknown,0,0,0.5097295562675619,1,0
16,4,f2p,43,past_unknown,1,0,2.840291930925288e-05,0,1
16,4,f2p,43,past_unknown,2,0,0.5921637196730002,1,0
16,4,f2p,43,past_unknown,3,0,0.12690025764889137,0,1
16,4,f2p,43,past_unknown,4,0,0.9330745859902783,1,0
16,4,f2p,43,past_unknown,5,0,0.0206480834885039,0,1
16,4,f2p,44,past_unknown,0,0,0.00012523846622350746,0,1
16,4,f2p,44,past_unknown,1,0,1.1171636065126652e-06,0,1
16,4,f2p,44,past_unknown,2,0,0.17112055244507096,0,1
16,4,f2p,44,past_unknown,3,0,3.514603718859012e-05,0,1
16,4,f2p,44,past_unknown,4,0,8.029575541369999e-07,0,1
16,4,f2p,44,past_unknown,5,0,0.38926661571703003,0,1
16,4,f2p,45,past_unknown,0,0,7.244568018534855e-06,0,1
16,4,f2p,45,past_unknown,1,0,2.3227115613508565e-07,0,1
16,4,f2p,45,past_unknown,2,0,4.234783006723844e-05,0,1
16,4,f2p,45,past_unknown,3,0,8.785814748146333e-06,0,1
16,4,f2p,45,past_unknown,4,0,0.0015190864915827938,0,1
16,4,f2p,45,past_unknown,5,0,1.1384150552875493e-06,0,1
16,4,f2p,46,past_unknown,0,0,2.010233847140264e-06,0,1
16,4,f2p,46,past_unknown,1,0,0.00013590290898931836,0,1
16,4,f2p,46,past_unknown,2,0,6.579960470990813e-08,0,1
16,4,f2p,46,past_unknown,3,0,1.0813491831766637e-06,0,1
16,4,f2p,46,past_unknown,4,0,1.9050223061649882e-05,0,1
16,4,f2p,46,past_unknown,5,0,2.1941649894218525e-06,0,1
16,4,f2p,47,past_unknown,0,0,0.00027537687445399606,0,1
16,4,f2p,47,past_unknown,1,0,0.016849323128172507,0,1
16,4,f2p,47,past_unknown,2,0,0.00197035345132412,0,1
16,4,f2p,47,past_unknown,3,0,0.00024435707673219986,0,1
16,4,f2p,47,past_unknown,4,0,0.0011612858785783077,0,1
16,4,f2p,47,past_unknown,5,0,7.763203175859764e-05,0,1
16,4,f2p,48,past_unknown,0,0,9.707967008034827e-07,0,1
16,4,f2p,48,past_unknown,1,0,5.992008486245587e-07,0,1
16,4,f2p,48,past_unknown,2,0,2.499598985707722e-07,0,1
16,4,f2p,48,past_unknown,3,0,1.3880413737621643e-07,0,1
16,4,f2p,48,past_unknown,4,0,8.359049319504068e-09,0,1
16,4,f2p,48,past_unknown,5,0,1.4986532754545113e-06,0,1
16,4,f2p,49,past_unknown,0,0,0.0887310985317304,0,1
16,4,f2p,49,past_unknown,1,0,0.023871792562390214,0,1
16,4,f2p,49,past_unknown,2,0,0.0004705068454009554,0,1
16,4,f2p,49,past_unknown,3,0,0.04570742195712894,0,1
16,4,f2p,49,past_unknown,4,0,0.0010625427834006192,0,1
16,4,f2p,49,past_unknown,5,0,0.016529742495986113,0,1
17,4,p2f,50,future_known,0,1,0.2793429166769829,0,0
17,4,p2f,50,future_known,1,1,0.9484178039944341,1,1
17,4,p2f,50,future_known,2,1,0.0005585292385540713,0,0
17,4,p2f,50,future_known,3,1,0.0009358407671188866,0,0
17,4,p2f,50,future_known,4,1,0.0011110748399245612,0,0
17,4,p2f,50,future_known,5,1,0.006591995087381924,0,0
17,4,p2f,51,future_known,0,1,0.6489526648024,1,1
17,4,p2f,51,future_known,1,1,0.982127697922774,1,1
17,4,p2f,51,future_known,2,1,0.02778531459685031,0,0
17,4,p2f,51,future_known,3,1,0.9598812559066315,1,1
17,4,p2f,51,future_known,4,1,0.031697911249843023,0,0
17,4,p2f,51,future_known,5,1,0.0022192726227794604,0,0
17,4,p2f,52,future_known,0,1,0.07393979769272357,0,0
17,4,p2f,52,future_known,1,1,0.9945264867249659,1,1
17,4,p2f,52,future_known,2,1,0.1263126313083008,0,0
17,4,p2f,52,future_known,3,1,0.7572274671811005,1,1
17,4,p2f,52,future_known,4,1,0.0010738550027126878,0,0
17,4,p2f,52,future_known,5,1,0.019969289752866094,0,0
17,4,p2f,53,future_known,0,1,0.35349270642052366,0,0
17,4,p2f,53,future_known,1,1,0.048776742430804564,0,0
17,4,p2f,53,future_known,2,1,0.05291318192784867,0,0
17,4,p2f,53,future_known,3,1,0.008685719176369247,0,0
17,4,p2f,53,future_known,4,1,0.1272537170093944,0,0
17,4,p2f,53,future_known,5,1,9.931355096927066e-05,0,0
17,4,p2f,54,future_known,0,1,0.9971897620053591,1,1
17,4,p2f,54,future_known,1,1,0.003054306084667894,0,0
17,4,p2f,54,future_known,2,1,0.12034719479464592,0,0
17,4,p2f,54,future_known,3,1,0.997669492875134,1,1
17,4,p2f,54,future_known,4,1,0.010815836655139379,0,0
17,4,p2f,54,future_known,5,1,0.9992429835900127,1,1
17,4,p2f,55,future_known,0,1,0.9999991079622107,1,1
17,4,p2f,55,future_known,1,1,0.9991079321509898,1,1
17,4,p2f,55,future_known,2,1,0.9996698652773612,1,1
17,4,p2f,55,future_known,3,1,0.9999692340020581,1,1
17,4,p2f,55,future_known,4,1,0.1825361722309307,0,0
17,4,p2f,55,future_known,5,1,0.9643304060498529,1,1
17,4,p2f,56,future_known,0,1,0.9464869409423725,1,1
17,4,p2f,56,future_known,1,1,0.953180726589101,1,1
17,4,p2f,56,future_known,2,1,0.1841324071139955,0,0
17,4,p2f,56,future_known,3,1,0.5583259347134466,1,1
17,4,p2f,56,future_known,4,1,0.015353316613862751,0,0
17,4,p2f,56,future_known,5,1,0.9911477254562406,1,1
17,4,p2f,57,future_known,0,1,0.9287287050635457,1,1
17,4,p2f,57,future_known,1,1,0.0008355236121250079,0,0
17,4,p2f,57,future_known,2,1,0.9854339763330968,1,1
17,4,p2f,57,future_known,3,1,0.2769837204431665,0,0
17,4,p2f,57,future_known,4,1,0.5159347373921047,1,1
17,4,p2f,57,future_known,5,1,0.0431106314706318,0,0
17,4,p2f,58,future_known,0,1,0.005044020212573778,0,0
17,4,p2f,58,future_known,1,1,0.03849131100827174,0,0
17,4,p2f,58,future_known,2,1,0.00015347442645031523,0,0
17,4,p2f,58,future_known,3,1,0.00277995803417556,0,0
17,4,p2f,58,future_known,4,1,0.00012787482142194177,0,0
17,4,p2f,58,future_known,5,1,2.795605580393933e-05,0,0
17,4,p2f,59,future_known,0,1,0.9999993399763869,1,1
17,4,p2f,59,future_known,1,1,0.9999998334651741,1,1
17,4,p2f,59,future_known,2,1,0.9998975862388559,1,1
17,4,p2f,59,future_known,3,1,0.99999925720837,1,1
17,4,p2f,59,future_known,4,1,0.999999822822844,1,1
17,4,p2f,59,future_known,5,1,0.9999981162832919,1,1
17,4,p2f,60,future_known,0,1,0.9666125484190227,1,1
17,4,p2f,60,future_known,1,1,0.9902217334552854,1,1
17,4,p2f,60,future_known,2,1,0.08510866434349708,0,0
17,4,p2f,60,future_known,3,1,0.13665511354665483,0,0
17,4,p2f,60,future_known,4,1,0.05078227191663066,0,0
17,4,p2f,60,future_known,5,1,0.9731705925866341,1,1
17,4,p2f,61,future_known,0,1,0.9994638694944362,1,1
17,4,p2f,61,future_known,1,1,0.722725933056221,1,1
17,4,p2f,61,future_known,2,1,0.9998313522823328,1,1
17,4,p2f,61,future_known,3,1,0.9990807263918299,1,1
17,4,p2f,61,future_known,4,1,0.998527280939142,1,1
17,4,p2f,61,future_known,5,1,0.9998997165777098,1,1
17,4,p2f,62,future_known,0,1,0.9998364969335839,1,1
17,4,p2f,62,future_known,1,1,0.9999830294878524,1,1
17,4,p2f,62,future_known,2,1,0.8689991496261703,1,1
17,4,p2f,62,future_known,3,1,0.9823582284334287,1,1
17,4,p2f,62,future_known,4,1,0.999907350121995,1,1
17,4,p2f,62,future_known,5,1,0.9882222732563735,1,1
17,4,p2f,63,future_known,0,1,0.8939160347075294,1,1
17,4,p2f,63,future_known,1,1,0.29488824478317144,0,0
17,4,p2f,63,future_known,2,1,0.047736480545741464,0,0
17,4,p2f,63,future_known,3,1,0.8692572117302495,1,1
17,4,p2f,63,future_known,4,1,0.485753516246749,0,0
17,4,p2f,63,future_known,5,1,0.7069701158832927,1,1
17,4,p2f,64,future_known,0,1,0.9996581110038554,1,1
17,4,p2f,64,future_known,1,1,0.9991426660362254,1,1
17,4,p2f,64,future_known,2,1,0.9845788580575219,1,1
17,4,p2f,64,future_known,3,1,0.8288351010637698,1,1
17,4,p2f,64,future_known,4,1,0.9982241566953041,1,1
17,4,p2f,64,future_known,5,1,0.997123676188281,1,1
17,4,p2f,65,future_known,0,1,0.9052092142979097,1,1
17,4,p2f,65,future_known,1,1,0.320609447391458,0,0
17,4,p2f,65,future_known,2,1,0.9994193189221354,1,1
17,4,p2f,65,future_known,3,1,0.9204961098328027,1,1
17,4,p2f,65,future_known,4,1,0.11638925557502354,0,0
17,4,p2f,65,future_known,5,1,0.10361086822227637,0,0
17,4,p2f,66,future_known,0,1,0.9599108090759042,1,1
17,4,p2f,66,future_known,1,1,0.6423826337227444,1,1
17,4,p2f,66,future_known,2,1,0.002191209805602576,0,0
17,4,p2f,66,future_known,3,1,0.9969522528779017,1,1
17,4,p2f,66,future_known,4,1,0.10925694442552963,0,0
17,4,p2f,66,future_known,5,1,0.9807137116095885,1,1
17,4,p2f,67,future_known,0,1,0.9998205994839277,1,1
17,4,p2f,67,future_known,1,1,0.9999853895547163,1,1
17,4,p2f,67,future_known,2,1,0.9999244463752214,1,1
17,4,p2f,67,future_known,3,1,0.9999976399333071,1,1
17,4,p2f,67,future_known,4,1,0.9999958431271724,1,1
17,4,p2f,67,future_known,5,1,0.5197605299301372,1,1
17,4,p2f,68,future_known,0,1,0.9150823221285113,1,1
17,4,p2f,68,future_known,1,1,0.9999724990062138,1,1
17,4,p2f,68,future_known,2,1,0.9933071591051634,1,1
17,4,p2f,68,future_known,3,1,0.5064069572004773,1,1
17,4,p2f,68,future_known,4,1,0.9999692738888414,1,1
17,4,p2f,68,future_known,5,1,0.9253704356547482,1,1
17,4,p2f,69,future_known,0,1,0.9990220025538571,1,1
17,4,p2f,69,future_known,1,1,0.9998243227380094,1,1
17,4,p2f,69,future_known,2,1,0.8118000831285367,1,1
17,4,p2f,69,future_known,3,1,0.9997608207429188,1,1
17,4,p2f,69,future_known,4,1,0.9808924654536529,1,1
17,4,p2f,69,future_known,5,1,0.9989141353213736,1,1
17,4,p2f,70,future_known,0,1,0.972469999484859,1,1
17,4,p2f,70,future_known,1,1,0.007051163525056215,0,0
17,4,p2f,70,future_known,2,1,0.008854702434218485,0,0
17,4,p2f,70,future_known,3,1,0.947072019099993,1,1
17,4,p2f,70,future_known,4,1,0.04170040706322017,0,0
17,4,p2f,70,future_known,5,1,0.4216331634057029,0,0
17,4,p2f,71,future_known,0,1,0.9994856466396023,1,1
17,4,p2f,71,future_known,1,1,0.9998926715056071,1,1
17,4,p2f,71,future_known,2,1,0.969594315251997,1,1
17,4,p2f,71,future_known,3,1,0.9998719688614548,1,1
17,4,p2f,71,future_known,4,1,0.9999738731909782,1,1
17,4,p2f,71,future_known,5,1,0.9324068729698342,1,1
17,4,p2f,72,future_known,0,1,0.998561355551806,1,1
17,4,p2f,72,future_known,1,1,0.987664699450292,1,1
17,4,p2f,72,future_known,2,1,0.994848342186861,1,1
17,4,p2f,72,future_known,3,1,0.9996218620273076,1,1
17,4,p2f,72,future_known,4,1,0.994177728422113,1,1
17,4,p2f,72,future_known,5,1,0.999980303994609,1,1
17,4,p2f,73,future_known,0,1,0.9988389606035414,1,1
17,4,p2f,73,future_known,1,1,0.4344184357589462,0,0
17,4,p2f,73,future_known,2,1,0.02483677150324547,0,0
17,4,p2f,73,future_known,3,1,0.0864246082045664,0,0
17,4,p2f,73,future_known,4,1,0.031168058882995717,0,0
17,4,p2f,73,future_known,5,1,0.09369929845657772,0,0
17,4,p2f,74,future_known,0,1,0.9998459039156643,1,1
17,4,p2f,74,future_known,1,1,0.9996496333485787,1,1
17,4,p2f,74,future_known,2,1,0.9981904932938264,1,1
17,4,p2f,74,future_known,3,1,0.9915031247952336,1,1
17,4,p2f,74,future_known,4,1,0.9997776670385138,1,1
17,4,p2f,74,future_known,5,1,0.9748444053634344,1,1
17,4,p2f,75,future_unknown,0,0,0.13114278248334774,0,1
17,4,p2f,75,future_unknown,1,0,0.04406263448243854,0,1
17,4,p2f,75,future_unknown,2,0,0.14811804785717927,0,1
17,4,p2f,75,future_unknown,3,0,0.007095540224318409,0,1
17,4,p2f,75,future_unknown,4,0,0.08322963829207981,0,1
17,4,p2f,75,future_unknown,5,0,0.5406174615373857,1,0
17,4,p2f,76,future_unknown,0,0,1.533904271957654e-06,0,1
17,4,p2f,76,future_unknown,1,0,1.04829658383898e-06,0,1
17,4,p2f,76,future_unknown,2,0,1.1906911969643197e-05,0,1
17,4,p2f,76,future_unknown,3,0,0.00024017175574517552,0,1
17,4,p2f,76,future_unknown,4,0,1.0508778623512171e-07,0,1
17,4,p2f,76,future_unknown,5,0,8.041422740683523e-08,0,1
17,4,p2f,77,future_unknown,0,0,5.151168030011108e-07,0,1
17,4,p2f,77,future_unknown,1,0,5.6032149456260146e-08,0,1
17,4,p2f,77,future_unknown,2,0,1.6959753927810689e-07,0,1
17,4,p2f,77,future_unknown,3,0,1.2611356516420824e-06,0,1
17,4,p2f,77,future_unknown,4,0,2.7926152193460587e-09,0,1
17,4,p2f,77,future_unknown,5,0,1.7491086879472767e-06,0,1
17,4,p2f,78,future_unknown,0,0,0.005504389523606805,0,1
17,4,p2f,78,future_unknown,1,0,0.002330663825619556,0,1
17,4,p2f,78,future_unknown,2,0,0.005877777784839093,0,1
17,4,p2f,78,future_unknown,3,0,0.0006668036116983161,0,1
17,4,p2f,78,future_unknown,4,0,0.0010044860002627381,0,1
17,4,p2f,78,future_unknown,5,0,0.006976919957033521,0,1
17,4,p2f,79,future_unknown,0,0,0.04871829673880958,0,1
17,4,p2f,79,future_unknown,1,0,0.002115947648509786,0,1
17,4,p2f,79,future_unknown,2,0,0.0026494164181374708,0,1
17,4,p2f,79,future_unknown,3,0,0.052436423361072244,0,1
17,4,p2f,79,future_unknown,4,0,0.017837505888077285,0,1
17,4,p2f,79,future_unknown,5,0,0.008264850293489744,0,1
17,4,p2f,80,future_unknown,0,0,0.14291026666818002,0,1
17,4,p2f,80,future_unknown,1,0,0.9166869784572877,1,0
17,4,p2f,80,future_unknown,2,0,0.1559060187391222,0,1
17,4,p2f,80,future_unknown,3,0,0.8988089259200462,1,0
17,4,p2f,80,future_unknown,4,0,0.03413507466430996,0,1
17,4,p2f,80,future_unknown,5,0,0.12449584457371643,0,1
17,4,p2f,81,future_unknown,0,0,1.5915833935790905e-07,0,1
17,4,p2f,81,future_unknown,1,0,3.4809519516331773e-07,0,1
17,4,p2f,81,future_unknown,2,0,8.601985393361872e-09,0,1
17,4,p2f,81,future_unknown,3,0,7.550154197025959e-07,0,1
17,4,p2f,81,future_unknown,4,0,1.886370809942853e-06,0,1
17,4,p2f,81,future_unknown,5,0,1.0335000931051795e-07,0,1
17,4,p2f,82,future_unknown,0,0,0.004103068434129962,0,1
17,4,p2f,82,future_unknown,1,0,1.8055757305458637e-05,0,1
17,4,p2f,82,future_unknown,2,0,9.716984881953581e-05,0,1
17,4,p2f,82,future_unknown,3,0,0.0014428532786060102,0,1
17,4,p2f,82,future_unknown,4,0,0.00036848760879674774,0,1
17,4,p2f,82,future_unknown,5,0,0.00021194320927978908,0,1
17,4,p2f,83,future_unknown,0,0,0.11609817772783423,0,1
17,4,p2f,83,future_unknown,1,0,0.46671790625774173,0,1
17,4,p2f,83,future_unknown,2,0,0.20917775402161864,0,1
17,4,p2f,83,future_unknown,3,0,0.20317998896707062,0,1
17,4,p2f,83,future_unknown,4,0,0.6609906274912749,1,0
17,4,p2f,83,future_unknown,5,0,0.11451620168173471,0,1
17,4,p2f,84,future_unknown,0,0,2.969908274490672e-05,0,1
17,4,p2f,84,future_unknown,1,0,0.00013007483345756413,0,1
17,4,p2f,84,future_unknown,2,0,3.065475551536699e-05,0,1
17,4,p2f,84,future_unknown,3,0,3.979491936310577e-05,0,1
17,4,p2f,84,future_unknown,4,0,1.5628846543258933e-06,0,1
17,4,p2f,84,future_unknown,5,0,0.0008419308647321687,0,1
17,4,p2f,85,future_unknown,0,0,0.004278454901681212,0,1
17,4,p2f,85,future_unknown,1,0,0.008472531583336568,0,1
17,4,p2f,85,future_unknown,2,0,0.24216669944240718,0,1
17,4,p2f,85,future_unknown,3,0,0.48241283956943903,0,1
17,4,p2f,85,future_unknown,4,0,0.04036951052639121,0,1
17,4,p2f,85,future_unknown,5,0,0.012135585429293789,0,1
17,4,p2f,86,future_unknown,0,0,0.022725933562403808,0,1
17,4,p2f,86,future_unknown,1,0,6.72169992659861e-05,0,1
17,4,p2f,86,future_unknown,2,0,0.003702006027549081,0,1
17,4,p2f,86,future_unknown,3,0,0.0005723498219122407,0,1
17,4,p2f,86,future_unknown,4,0,0.0060255572064636205,0,1
17,4,p2f,86,future_unknown,5,0,0.0059569260536215226,0,1
17,4,p2f,87,future_unknown,0,0,0.001162734642317301,0,1
17,4,p2f,87,future_unknown,1,0,0.00021498708980726563,0,1
17,4,p2f,87,future_unknown,2,0,0.00504107671468969,0,1
17,4,p2f,87,future_unknown,3,0,0.009736511284720362,0,1
17,4,p2f,87,future_unknown,4,0,0.004312376738743815,0,1
17,4,p2f,87,future_unknown,5,0,0.0001368062696752632,0,1
17,4,p2f,88,future_unknown,0,0,0.005568582134085424,0,1
17,4,p2f,88,future_unknown,1,0,0.4446226732324707,0,1
17,4,p2f,88,future_unknown,2,0,0.010176089037327097,0,1
17,4,p2f,88,future_unknown,3,0,0.35699290041118514,0,1
17,4,p2f,88,future_unknown,4,0,0.4282720626138582,0,1
17,4,p2f,88,future_unknown,5,0,0.03023844726476467,0,1
17,4,p2f,89,future_unknown,0,0,2.922525641590738e-05,0,1
17,4,p2f,89,future_unknown,1,0,8.812227789577909e-07,0,1
17,4,p2f,89,future_unknown,2,0,3.3013862604306934e-06,0,1
17,4,p2f,89,future_unknown,3,0,8.177203469802342e-07,0,1
17,4,p2f,89,future_unknown,4,0,9.401078987533538e-06,0,1
17,4,p2f,89,future_unknown,5,0,3.2268513251126163e-06,0,1
17,4,p2f,90,future_unknown,0,0,0.9915633509948861,1,0
17,4,p2f,90,future_unknown,1,0,0.9999971762819011,1,0
17,4,p2f,90,future_unknown,2,0,0.999214737485674,1,0
17,4,p2f,90,future_unknown,3,0,0.9999448412078848,1,0
17,4,p2f,90,future_unknown,4,0,0.9996367139206696,1,0
17,4,p2f,90,future_unknown,5,0,0.9986026045469432,1,0
17,4,p2f,91,future_unknown,0,0,0.0014054314167333897,0,1
17,4,p2f,91,future_unknown,1,0,0.00045581438235295504,0,1
17,4,p2f,91,future_unknown,2,0,0.00023285876417484142,0,1
17,4,p2f,91,future_unknown,3,0,0.00010070611961793727,0,1
17,4,p2f,91,future_unknown,4,0,1.292363169603125e-06,0,1
17,4,p2f,91,future_unknown,5,0,0.004063513346747735,0,1
17,4,p2f,92,future_unknown,0,0,1.4558021178393667e-08,0,1
17,4,p2f,92,future_unknown,1,0,5.640242134911329e-10,0,1
17,4,p2f,92,future_unknown,2,0,1.6720797202835933e-07,0,1
17,4,p2f,92,future_unknown,3,0,0.018259338361883932,0,1
17,4,p2f,92,future_unknown,4,0,4.468484626696417e-07,0,1
17,4,p2f,92,future_unknown,5,0,9.508379207509786e-09,0,1
17,4,p2f,93,future_unknown,0,0,0.009985003113280393,0,1
17,4,p2f,93,future_unknown,1,0,1.3062981297294495e-06,0,1
17,4,p2f,93,future_unknown,2,0,4.6260456707441106e-05,0,1
17,4,p2f,93,future_unknown,3,0,4.6260456707441106e-05,0,1
17,4,p2f,93,future_unknown,4,0,2.317090701429697e-06,0,1
17,4,p2f,93,future_unknown,5,0,8.879208989680137e-07,0,1
17,4,p2f,94,future_unknown,0,0,0.053626601034562266,0,1
17,4,p2f,94,future_unknown,1,0,0.005050196843675298,0,1
17,4,p2f,94,future_unknown,2,0,0.01248659508119546,0,1
17,4,p2f,94,future_unknown,3,0,0.02136161995631194,0,1
17,4,p2f,94,future_unknown,4,0,0.012941676330055447,0,1
17,4,p2f,94,future_unknown,5,0,0.046606554391906745,0,1
17,4,p2f,95,future_unknown,0,0,2.4276665284000085e-07,0,1
17,4,p2f,95,future_unknown,1,0,2.3409874962098193e-07,0,1
17,4,p2f,95,future_unknown,2,0,5.2229218834536415e-06,0,1
17,4,p2f,95,future_unknown,3,0,5.312551437978946e-07,0,1
17,4,p2f,95,future_unknown,4,0,1.0755711449318956e-07,0,1
17,4,p2f,95,future_unknown,5,0,9.074879830934516e-07,0,1
17,4,p2f,96,future_unknown,0,0,0.07483776939801057,0,1
17,4,p2f,96,future_unknown,1,0,0.014639662161851467,0,1
17,4,p2f,96,future_unknown,2,0,0.07408766683312633,0,1
17,4,p2f,96,future_unknown,3,0,0.003262197609656494,0,1
17,4,p2f,96,future_unknown,4,0,0.001911609352348567,0,1
17,4,p2f,96,future_unknown,5,0,0.11397809313205008,0,1
17,4,p2f,97,future_unknown,0,0,0.0360241464150243,0,1
17,4,p2f,97,future_unknown,1,0,0.27540959983056285,0,1
17,4,p2f,97,future_unknown,2,0,0.00041815284471789473,0,1
17,4,p2f,97,future_unknown,3,0,0.02933755898671034,0,1
17,4,p2f,97,future_unknown,4,0,0.19019851342741806,0,1
17,4,p2f,97,future_unknown,5,0,0.2937143466287494,0,1
17,4,p2f,98,future_unknown,0,0,1.3305008092915478e-06,0,1
17,4,p2f,98,future_unknown,1,0,2.7335532131299484e-08,0,1
17,4,p2f,98,future_unknown,2,0,1.0446615226290991e-05,0,1
17,4,p2f,98,future_unknown,3,0,6.958964158902541e-05,0,1
17,4,p2f,98,future_unknown,4,0,9.221191708245685e-08,0,1
17,4,p2f,98,future_unknown,5,0,3.26590544295912e-08,0,1
17,4,p2f,99,future_unknown,0,0,0.797419907108939,1,0
17,4,p2f,99,future_unknown,1,0,0.7123137108000624,1,0
17,4,p2f,99,future_unknown,2,0,0.8296124119485087,1,0
17,4,p2f,99,future_unknown,3,0,0.9868910402159703,1,0
17,4,p2f,99,future_unknown,4,0,0.7520817633304121,1,0
17,4,p2f,99,future_unknown,5,0,0.44153422649718177,0,1
17,4,f2p,0,past_known,0,1,0.17908623286984432,0,0
17,4,f2p,0,past_known,1,1,0.0006777197156558922,0,0
17,4,f2p,0,past_known,2,1,5.2914599245143946e-05,0,0
17,4,f2p,0,past_known,3,1,0.0004944670090981234,0,0
17,4,f2p,0,past_known,4,1,3.822954699896971e-05,0,0
17,4,f2p,0,past_known,5,1,2.0960176695728547e-05,0,0
17,4,f2p,1,past_known,0,1,0.008440917192362986,0,0
17,4,f2p,1,past_known,1,1,0.0021590506189029545,0,0
17,4,f2p,1,past_known,2,1,0.010103374745810906,0,0
17,4,f2p,1,past_known,3,1,0.0020049044836983766,0,0
17,4,f2p,1,past_known,4,1,0.005783310503753705,0,0
17,4,f2p,1,past_known,5,1,0.0011383827861537162,0,0
17,4,f2p,2,past_known,0,1,5.7979321981964804e-06,0,0
17,4,f2p,2,past_known,1,1,2.1698273697832127e-05,0,0
17,4,f2p,2,past_known,2,1,0.00131844074005197,0,0
17,4,f2p,2,past_known,3,1,1.0369772059499218e-06,0,0
17,4,f2p,2,past_known,4,1,4.522270259896275e-06,0,0
17,4,f2p,2,past_known,5,1,3.232404720455649e-07,0,0
17,4,f2p,3,past_known,0,1,1.1280417480840725e-06,0,0
17,4,f2p,3,past_known,1,1,1.55126951458359e-08,0,0
17,4,f2p,3,past_known,2,1,0.02286895019906667,0,0
17,4,f2p,3,past_known,3,1,0.0002447135906572661,0,0
17,4,f2p,3,past_known,4,1,5.327816518881398e-06,0,0
17,4,f2p,3,past_known,5,1,0.00025548682782030094,0,0
17,4,f2p,4,past_known,0,1,0.013114957694765544,0,0
17,4,f2p,4,past_known,1,1,0.00021521348492990365,0,0
17,4,f2p,4,past_known,2,1,2.7506699663283196e-06,0,0
17,4,f2p,4,past_known,3,1,3.385360315116749e-06,0,0
17,4,f2p,4,past_known,4,1,0.13053555001862763,0,0
17,4,f2p,4,past_known,5,1,5.394651246625919e-07,0,0
17,4,f2p,5,past_known,0,1,0.021260849938949205,0,0
17,4,f2p,5,past_known,1,1,0.013907714717661728,0,0
17,4,f2p,5,past_known,2,1,0.07838050211322513,0,0
17,4,f2p,5,past_known,3,1,0.8725710591634523,1,1
17,4,f2p,5,past_known,4,1,0.9999874754099879,1,1
17,4,f2p,5,past_known,5,1,0.04930817364179714,0,0
17,4,f2p,6,past_known,0,1,0.966498631224591,1,1
17,4,f2p,6,past_known,1,1,0.9980700320479812,1,1
17,4,f2p,6,past_known,2,1,0.9940109746986387,1,1
17,4,f2p,6,past_known,3,1,0.9868015471060096,1,1
17,4,f2p,6,past_known,4,1,0.9873488316967454,1,1
17,4,f2p,6,past_known,5,1,0.9958307960676769,1,1
17,4,f2p,7,past_known,0,1,0.020213581342174314,0,0
17,4,f2p,7,past_known,1,1,0.4493851254608608,0,0
17,4,f2p,7,past_known,2,1,0.002833898151886674,0,0
17,4,f2p,7,past_known,3,1,0.0010659566083766959,0,0
17,4,f2p,7,past_known,4,1,0.00039078646218009856,0,0
17,4,f2p,7,past_known,5,1,2.654952772871396e-05,0,0
17,4,f2p,8,past_known,0,1,0.9990599843219755,1,1
17,4,f2p,8,past_known,1,1,0.005845800572607867,0,0
17,4,f2p,8,past_known,2,1,0.8885050437599535,1,1
17,4,f2p,8,past_known,3,1,0.9993121685378276,1,1
17,4,f2p,8,past_known,4,1,2.5421413901383295e-08,0,0
17,4,f2p,8,past_known,5,1,0.9869348669876027,1,1
17,4,f2p,9,past_known,0,1,0.9571215224737726,1,1
17,4,f2p,9,past_known,1,1,0.9993603944850814,1,1
17,4,f2p,9,past_known,2,1,0.2620801848794583,0,0
17,4,f2p,9,past_known,3,1,0.9999703223078796,1,1
17,4,f2p,9,past_known,4,1,0.9740215816669947,1,1
17,4,f2p,9,past_known,5,1,0.0021173749904533253,0,0
17,4,f2p,10,past_known,0,1,0.98978040496482,1,1
17,4,f2p,10,past_known,1,1,0.6219534098269971,1,1
17,4,f2p,10,past_known,2,1,0.8730375973278732,1,1
17,4,f2p,10,past_known,3,1,0.016462292623757886,0,0
17,4,f2p,10,past_known,4,1,0.9895679998127269,1,1
17,4,f2p,10,past_known,5,1,0.07685857914199139,0,0
17,4,f2p,11,past_known,0,1,0.00020416107921708573,0,0
17,4,f2p,11,past_known,1,1,0.058518031838517774,0,0
17,4,f2p,11,past_known,2,1,0.00012639340099251183,0,0
17,4,f2p,11,past_known,3,1,1.1254404980718844e-05,0,0
17,4,f2p,11,past_known,4,1,0.2217104019229201,0,0
17,4,f2p,11,past_known,5,1,0.41692809314644336,0,0
17,4,f2p,12,past_known,0,1,0.0004479322525700123,0,0
17,4,f2p,12,past_known,1,1,0.00029770706644728683,0,0
17,4,f2p,12,past_known,2,1,0.028999188742825786,0,0
17,4,f2p,12,past_known,3,1,0.0008762442673196372,0,0
17,4,f2p,12,past_known,4,1,1.0142441536029726e-06,0,0
17,4,f2p,12,past_known,5,1,0.012488238467460796,0,0
17,4,f2p,13,past_known,0,1,0.9987729858933856,1,1
17,4,f2p,13,past_known,1,1,0.9999605618735792,1,1
17,4,f2p,13,past_known,2,1,0.9999453880753743,1,1
17,4,f2p,13,past_known,3,1,0.9999545880279742,1,1
17,4,f2p,13,past_known,4,1,0.9999930499919008,1,1
17,4,f2p,13,past_known,5,1,0.9999797694975032,1,1
17,4,f2p,14,past_known,0,1,0.007923286018161427,0,0
17,4,f2p,14,past_known,1,1,0.6320379233924329,1,1
17,4,f2p,14,past_known,2,1,0.002044712614003944,0,0
17,4,f2p,14,past_known,3,1,2.041793987047774e-06,0,0
17,4,f2p,14,past_known,4,1,3.0113146041676963e-06,0,0
17,4,f2p,14,past_known,5,1,0.05583166687583974,0,0
17,4,f2p,15,past_known,0,1,0.01185858518989802,0,0
17,4,f2p,15,past_known,1,1,0.8582278885622127,1,1
17,4,f2p,15,past_known,2,1,0.0005243255717944664,0,0
17,4,f2p,15,past_known,3,1,0.00313655767290245,0,0
17,4,f2p,15,past_known,4,1,0.0021255249733483374,0,0
17,4,f2p,15,past_known,5,1,0.995004248378705,1,1
17,4,f2p,16,past_known,0,1,0.9997690383026505,1,1
17,4,f2p,16,past_known,1,1,0.9999905468832202,1,1
17,4,f2p,16,past_known,2,1,0.9999927664184831,1,1
17,4,f2p,16,past_known,3,1,0.9999187448598418,1,1
17,4,f2p,16,past_known,4,1,0.9996252426566705,1,1
17,4,f2p,16,past_known,5,1,0.9997915432944435,1,1
17,4,f2p,17,past_known,0,1,0.011583272887070686,0,0
17,4,f2p,17,past_known,1,1,0.0005833843258012002,0,0
17,4,f2p,17,past_known,2,1,0.0003887126363557552,0,0
17,4,f2p,17,past_known,3,1,5.489103621486988e-05,0,0
17,4,f2p,17,past_known,4,1,0.00011603345953557412,0,0
17,4,f2p,17,past_known,5,1,0.00046884137615058616,0,0
17,4,f2p,18,past_known,0,1,0.06575740678537353,0,0
17,4,f2p,18,past_known,1,1,0.004775076023784242,0,0
17,4,f2p,18,past_known,2,1,0.6112398932579055,1,1
17,4,f2p,18,past_known,3,1,0.03142954053689588,0,0
17,4,f2p,18,past_known,4,1,0.006967232909895786,0,0
17,4,f2p,18,past_known,5,1,0.0027300217812662162,0,0
17,4,f2p,19,past_known,0,1,0.9984030928566967,1,1
17,4,f2p,19,past_known,1,1,0.9989660064320266,1,1
17,4,f2p,19,past_known,2,1,0.9985586211440131,1,1
17,4,f2p,19,past_known,3,1,0.9998036208761902,1,1
17,4,f2p,19,past_known,4,1,0.8711440021728472,1,1
17,4,f2p,19,past_known,5,1,0.46667234214598413,0,0
17,4,f2p,20,past_known,0,1,0.8822636728389582,1,1
17,4,f2p,20,past_known,1,1,0.010970147726906418,0,0
17,4,f2p,20,past_known,2,1,0.9926793561163335,1,1
17,4,f2p,20,past_known,3,1,3.866477097366219e-07,0,0
17,4,f2p,20,past_known,4,1,0.013962465176421798,0,0
17,4,f2p,20,past_known,5,1,0.005269681144335323,0,0
17,4,f2p,21,past_known,0,1,0.1112256973433638,0,0
17,4,f2p,21,past_known,1,1,1.0601116982825333e-08,0,0
17,4,f2p,21,past_known,2,1,0.07848113903841519,0,0
17,4,f2p,21,past_known,3,1,4.681185942190244e-06,0,0
17,4,f2p,21,past_known,4,1,0.0010737867164453791,0,0
17,4,f2p,21,past_known,5,1,1.054229352223264e-12,0,0
17,4,f2p,22,past_known,0,1,0.4774595716148501,0,0
17,4,f2p,22,past_known,1,1,0.04958711898538981,0,0
17,4,f2p,22,past_known,2,1,2.932815142196679e-07,0,0
17,4,f2p,22,past_known,3,1,0.6698640206755134,1,1
17,4,f2p,22,past_known,4,1,9.731344583207493e-06,0,0
17,4,f2p,22,past_known,5,1,0.00744688707714871,0,0
17,4,f2p,23,past_known,0,1,0.001387259379687645,0,0
17,4,f2p,23,past_known,1,1,0.9248355759590551,1,1
17,4,f2p,23,past_known,2,1,0.8232840049298866,1,1
17,4,f2p,23,past_known,3,1,0.05314574083015888,0,0
17,4,f2p,23,past_known,4,1,0.003926350153075706,0,0
17,4,f2p,23,past_known,5,1,0.9496860800866455,1,1
17,4,f2p,24,past_known,0,1,0.7511990143506583,1,1
17,4,f2p,24,past_known,1,1,0.5479506729700223,1,1
17,4,f2p,24,past_known,2,1,0.8727588790360237,1,1
17,4,f2p,24,past_known,3,1,0.9969381429098929,1,1
17,4,f2p,24,past_known,4,1,0.9931020003236508,1,1
17,4,f2p,24,past_known,5,1,0.997381533953513,1,1
17,4,f2p,25,past_unknown,0,0,0.0699836729805135,0,1
17,4,f2p,25,past_unknown,1,0,0.012580964617854955,0,1
17,4,f2p,25,past_unknown,2,0,0.9966743337768955,1,0
17,4,f2p,25,past_unknown,3,0,0.01573528832995627,0,1
17,4,f2p,25,past_unknown,4,0,0.001714955872257875,0,1
17,4,f2p,25,past_unknown,5,0,0.030558631166765337,0,1
17,4,f2p,26,past_unknown,0,0,0.02856856188513202,0,1
17,4,f2p,26,past_unknown,1,0,0.4856662713492203,0,1
17,4,f2p,26,past_unknown,2,0,0.0001884053064705711,0,1
17,4,f2p,26,past_unknown,3,0,0.1216283975674905,0,1
17,4,f2p,26,past_unknown,4,0,0.0005104839738022067,0,1
17,4,f2p,26,past_unknown,5,0,0.008734551857912476,0,1
17,4,f2p,27,past_unknown,0,0,5.128851194947884e-09,0,1
17,4,f2p,27,past_unknown,1,0,1.5046563009587955e-08,0,1
17,4,f2p,27,past_unknown,2,0,1.520729296327197e-07,0,1
17,4,f2p,27,past_unknown,3,0,3.5916734054891454e-09,0,1
17,4,f2p,27,past_unknown,4,0,1.879038580099627e-05,0,1
17,4,f2p,27,past_unknown,5,0,0.06377135739024946,0,1
17,4,f2p,28,past_unknown,0,0,0.9999988368522086,1,0
17,4,f2p,28,past_unknown,1,0,0.0027087232963546324,0,1
17,4,f2p,28,past_unknown,2,0,0.001959434170576413,0,1
17,4,f2p,28,past_unknown,3,0,0.9348392699585775,1,0
17,4,f2p,28,past_unknown,4,0,0.9999536296847037,1,0
17,4,f2p,28,past_unknown,5,0,8.308458591095233e-05,0,1
17,4,f2p,29,past_unknown,0,0,6.255014978343191e-06,0,1
17,4,f2p,29,past_unknown,1,0,1.5934678977603565e-06,0,1
17,4,f2p,29,past_unknown,2,0,0.0006249479960934334,0,1
17,4,f2p,29,past_unknown,3,0,0.022140094752028112,0,1
17,4,f2p,29,past_unknown,4,0,0.0026127674597289526,0,1
17,4,f2p,29,past_unknown,5,0,0.03273815990641691,0,1
17,4,f2p,30,past_unknown,0,0,0.00022653584609332354,0,1
17,4,f2p,30,past_unknown,1,0,4.607077176583551e-06,0,1
17,4,f2p,30,past_unknown,2,0,0.00391310752349658,0,1
17,4,f2p,30,past_unknown,3,0,0.0019722868356316673,0,1
17,4,f2p,30,past_unknown,4,0,0.0008018186694031448,0,1
17,4,f2p,30,past_unknown,5,0,0.012766008492278836,0,1
17,4,f2p,31,past_unknown,0,0,0.9252727747990148,1,0
17,4,f2p,31,past_unknown,1,0,0.000385809176235609,0,1
17,4,f2p,31,past_unknown,2,0,0.001400231312027069,0,1
17,4,f2p,31,past_unknown,3,0,0.000625799254876125,0,1
17,4,f2p,31,past_unknown,4,0,0.7334612576856333,1,0
17,4,f2p,31,past_unknown,5,0,0.24585631608479952,0,1
17,4,f2p,32,past_unknown,0,0,4.752323155733835e-08,0,1
17,4,f2p,32,past_unknown,1,0,1.6731541820724e-11,0,1
17,4,f2p,32,past_unknown,2,0,3.2510973625583824e-06,0,1
17,4,f2p,32,past_unknown,3,0,1.8624866555046543e-06,0,1
17,4,f2p,32,past_unknown,4,0,2.4136186427759356e-05,0,1
17,4,f2p,32,past_unknown,5,0,1.5657998755699523e-07,0,1
17,4,f2p,33,past_unknown,0,0,0.9780657085544437,1,0
17,4,f2p,33,past_unknown,1,0,0.9975804233525414,1,0
17,4,f2p,33,past_unknown,2,0,0.0008128324022512366,0,1
17,4,f2p,33,past_unknown,3,0,0.6444778745558688,1,0
17,4,f2p,33,past_unknown,4,0,0.9965190590108431,1,0
17,4,f2p,33,past_unknown,5,0,0.0025588567871084305,0,1
17,4,f2p,34,past_unknown,0,0,3.7674461953421667e-06,0,1
17,4,f2p,34,past_unknown,1,0,3.8711389143919656e-08,0,1
17,4,f2p,34,past_unknown,2,0,4.807144737452017e-07,0,1
17,4,f2p,34,past_unknown,3,0,6.828836030744326e-06,0,1
17,4,f2p,34,past_unknown,4,0,0.0007093283064211615,0,1
17,4,f2p,34,past_unknown,5,0,8.5623878772455e-06,0,1
17,4,f2p,35,past_unknown,0,0,0.0007525718123144564,0,1
17,4,f2p,35,past_unknown,1,0,2.339604322583353e-06,0,1
17,4,f2p,35,past_unknown,2,0,0.012217079871541105,0,1
17,4,f2p,35,past_unknown,3,0,3.106776834122631e-05,0,1
17,4,f2p,35,past_unknown,4,0,4.0693771899005494e-05,0,1
17,4,f2p,35,past_unknown,5,0,0.0026705522441891703,0,1
17,4,f2p,36,past_unknown,0,0,0.0013649207676674298,0,1
17,4,f2p,36,past_unknown,1,0,0.031090054205144314,0,1
17,4,f2p,36,past_unknown,2,0,0.006117349476821471,0,1
17,4,f2p,36,past_unknown,3,0,0.369764545490115,0,1
17,4,f2p,36,past_unknown,4,0,0.0007178534866693784,0,1
17,4,f2p,36,past_unknown,5,0,2.6920097033975747e-05,0,1
17,4,f2p,37,past_unknown,0,0,1.1168902284442825e-06,0,1
17,4,f2p,37,past_unknown,1,0,6.395008269557612e-06,0,1
17,4,f2p,37,past_unknown,2,0,4.3582996216221515e-07,0,1
17,4,f2p,37,past_unknown,3,0,8.721665682877094e-06,0,1
17,4,f2p,37,past_unknown,4,0,3.2812856339618565e-09,0,1
17,4,f2p,37,past_unknown,5,0,2.8574401357319097e-07,0,1
17,4,f2p,38,past_unknown,0,0,2.2656003490160873e-05,0,1
17,4,f2p,38,past_unknown,1,0,4.2172208017741665e-06,0,1
17,4,f2p,38,past_unknown,2,0,8.633570877389719e-05,0,1
17,4,f2p,38,past_unknown,3,0,2.604974983778983e-06,0,1
17,4,f2p,38,past_unknown,4,0,5.1884513012437666e-06,0,1
17,4,f2p,38,past_unknown,5,0,0.00012939189071550298,0,1
17,4,f2p,39,past_unknown,0,0,1.4756996540929665e-05,0,1
17,4,f2p,39,past_unknown,1,0,9.762273405506232e-08,0,1
17,4,f2p,39,past_unknown,2,0,7.277983213257166e-06,0,1
17,4,f2p,39,past_unknown,3,0,3.73935033445837e-07,0,1
17,4,f2p,39,past_unknown,4,0,3.6913602929637355e-08,0,1
17,4,f2p,39,past_unknown,5,0,8.103952780925939e-07,0,1
17,4,f2p,40,past_unknown,0,0,3.7179400458295296e-08,0,1
17,4,f2p,40,past_unknown,1,0,1.7377120070328096e-07,0,1
17,4,f2p,40,past_unknown,2,0,7.999408512713669e-07,0,1
17,4,f2p,40,past_unknown,3,0,0.02462236578137506,0,1
17,4,f2p,40,past_unknown,4,0,6.609179319082503e-08,0,1
17,4,f2p,40,past_unknown,5,0,0.009840019552200669,0,1
17,4,f2p,41,past_unknown,0,0,0.00030668199311721813,0,1
17,4,f2p,41,past_unknown,1,0,7.630972425084004e-05,0,1
17,4,f2p,41,past_unknown,2,0,8.455358584055787e-06,0,1
17,4,f2p,41,past_unknown,3,0,0.0009588750525539091,0,1
17,4,f2p,41,past_unknown,4,0,5.603217630459687e-07,0,1
17,4,f2p,41,past_unknown,5,0,1.8870705686410763e-05,0,1
17,4,f2p,42,past_unknown,0,0,0.00030553534395031247,0,1
17,4,f2p,42,past_unknown,1,0,9.903367908268961e-06,0,1
17,4,f2p,42,past_unknown,2,0,7.0200481161150755e-06,0,1
17,4,f2p,42,past_unknown,3,0,0.0009331797344829595,0,1
17,4,f2p,42,past_unknown,4,0,0.00021544491313201932,0,1
17,4,f2p,42,past_unknown,5,0,2.3948830870009935e-06,0,1
17,4,f2p,43,past_unknown,0,0,0.9578923450111224,1,0
17,4,f2p,43,past_unknown,1,0,6.454031119569565e-05,0,1
17,4,f2p,43,past_unknown,2,0,0.8472391934492152,1,0
17,4,f2p,43,past_unknown,3,0,0.33376604149123146,0,1
17,4,f2p,43,past_unknown,4,0,0.9852060817198528,1,0
17,4,f2p,43,past_unknown,5,0,0.05613403353995462,0,1
17,4,f2p,44,past_unknown,0,0,0.00021187970196372285,0,1
17,4,f2p,44,past_unknown,1,0,1.718493562562663e-06,0,1
17,4,f2p,44,past_unknown,2,0,0.4056401146497749,0,1
17,4,f2p,44,past_unknown,3,0,9.038379036144699e-05,0,1
17,4,f2p,44,past_unknown,4,0,1.0602426383647503e-06,0,1
17,4,f2p,44,past_unknown,5,0,0.838627115834313,1,0
17,4,f2p,45,past_unknown,0,0,6.84814226169914e-06,0,1
17,4,f2p,45,past_unknown,1,0,3.7151324787308455e-07,0,1
17,4,f2p,45,past_unknown,2,0,0.00010421006179982374,0,1
17,4,f2p,45,past_unknown,3,0,2.5774056928167413e-06,0,1
17,4,f2p,45,past_unknown,4,0,0.001524398204363595,0,1
17,4,f2p,45,past_unknown,5,0,2.0051737521867334e-06,0,1
17,4,f2p,46,past_unknown,0,0,5.294605556029127e-07,0,1
17,4,f2p,46,past_unknown,1,0,0.00024454524150726567,0,1
17,4,f2p,46,past_unknown,2,0,8.469130573455653e-09,0,1
17,4,f2p,46,past_unknown,3,0,2.979527944222639e-07,0,1
17,4,f2p,46,past_unknown,4,0,2.3006128110341742e-05,0,1
17,4,f2p,46,past_unknown,5,0,9.513820126162245e-07,0,1
17,4,f2p,47,past_unknown,0,0,0.000557410011126222,0,1
17,4,f2p,47,past_unknown,1,0,0.29326963104776776,0,1
17,4,f2p,47,past_unknown,2,0,0.006849975088314581,0,1
17,4,f2p,47,past_unknown,3,0,0.0004274960425121904,0,1
17,4,f2p,47,past_unknown,4,0,0.0007531128347470188,0,1
17,4,f2p,47,past_unknown,5,0,0.0008203316485094378,0,1
17,4,f2p,48,past_unknown,0,0,4.45126774309022e-06,0,1
17,4,f2p,48,past_unknown,1,0,9.718313474804183e-07,0,1
17,4,f2p,48,past_unknown,2,0,3.518442556926387e-07,0,1
17,4,f2p,48,past_unknown,3,0,1.3473836333992646e-07,0,1
17,4,f2p,48,past_unknown,4,0,5.428325642307866e-08,0,1
17,4,f2p,48,past_unknown,5,0,1.7542893813672743e-06,0,1
17,4,f2p,49,past_unknown,0,0,0.6401460660922316,1,0
17,4,f2p,49,past_unknown,1,0,0.06468707024872439,0,1
17,4,f2p,49,past_unknown,2,0,0.0008002931317956538,0,1
17,4,f2p,49,past_unknown,3,0,0.24863530440650397,0,1
17,4,f2p,49,past_unknown,4,0,0.013587309638115436,0,1
17,4,f2p,49,past_unknown,5,0,0.017414263110036354,0,1
18,4,p2f,50,future_known,0,1,0.028632514950618748,0,0
18,4,p2f,50,future_known,1,1,0.22216915053144423,0,0
18,4,p2f,50,future_known,2,1,4.6936609563203596e-05,0,0
18,4,p2f,50,future_known,3,1,7.683652746733623e-05,0,0
18,4,p2f,50,future_known,4,1,1.7831969980586682e-05,0,0
18,4,p2f,50,future_known,5,1,4.242291476436973e-05,0,0
18,4,p2f,51,future_known,0,1,0.16970942904134365,0,0
18,4,p2f,51,future_known,1,1,0.7081578560089312,1,1
18,4,p2f,51,future_known,2,1,0.0031488354019820744,0,0
18,4,p2f,51,future_known,3,1,0.5277878554954349,1,1
18,4,p2f,51,future_known,4,1,0.006229500412393371,0,0
18,4,p2f,51,future_known,5,1,0.00032516607676545835,0,0
18,4,p2f,52,future_known,0,1,0.008016857769573633,0,0
18,4,p2f,52,future_known,1,1,0.8439231450009612,1,1
18,4,p2f,52,future_known,2,1,0.013751846573265303,0,0
18,4,p2f,52,future_known,3,1,0.1908674814167667,0,0
18,4,p2f,52,future_known,4,1,3.2615819455853805e-05,0,0
18,4,p2f,52,future_known,5,1,0.0014648354564149395,0,0
18,4,p2f,53,future_known,0,1,0.02412414193715938,0,0
18,4,p2f,53,future_known,1,1,0.001883590329080044,0,0
18,4,p2f,53,future_known,2,1,0.004205805706718442,0,0
18,4,p2f,53,future_known,3,1,0.0008496301095386859,0,0
18,4,p2f,53,future_known,4,1,0.006900767506455278,0,0
18,4,p2f,53,future_known,5,1,1.3431678920303144e-05,0,0
18,4,p2f,54,future_known,0,1,0.9745090732398272,1,1
18,4,p2f,54,future_known,1,1,0.0006942847945264957,0,0
18,4,p2f,54,future_known,2,1,0.007691357997908551,0,0
18,4,p2f,54,future_known,3,1,0.9721515975621917,1,1
18,4,p2f,54,future_known,4,1,0.0014738582616957235,0,0
18,4,p2f,54,future_known,5,1,0.9930616422490616,1,1
18,4,p2f,55,future_known,0,1,0.9999692712158333,1,1
18,4,p2f,55,future_known,1,1,0.9435507788700834,1,1
18,4,p2f,55,future_known,2,1,0.990456880834936,1,1
18,4,p2f,55,future_known,3,1,0.9993984346325772,1,1
18,4,p2f,55,future_known,4,1,0.022549979896145718,0,0
18,4,p2f,55,future_known,5,1,0.34289564039087744,0,0
18,4,p2f,56,future_known,0,1,0.8283307908865934,1,1
18,4,p2f,56,future_known,1,1,0.5347008042277981,1,1
18,4,p2f,56,future_known,2,1,0.008667650142000136,0,0
18,4,p2f,56,future_known,3,1,0.08601103519031847,0,0
18,4,p2f,56,future_known,4,1,0.00770552153715523,0,0
18,4,p2f,56,future_known,5,1,0.8163138847788984,1,1
18,4,p2f,57,future_known,0,1,0.713951554737434,1,1
18,4,p2f,57,future_known,1,1,1.6574800351824136e-05,0,0
18,4,p2f,57,future_known,2,1,0.7698086859797959,1,1
18,4,p2f,57,future_known,3,1,0.007379176018692331,0,0
18,4,p2f,57,future_known,4,1,0.07950203225526171,0,0
18,4,p2f,57,future_known,5,1,0.010868814419751542,0,0
18,4,p2f,58,future_known,0,1,0.0005110435035434119,0,0
18,4,p2f,58,future_known,1,1,0.00021662209239663006,0,0
18,4,p2f,58,future_known,2,1,8.391085365118455e-06,0,0
18,4,p2f,58,future_known,3,1,3.126783786097158e-05,0,0
18,4,p2f,58,future_known,4,1,9.561813457915067e-06,0,0
18,4,p2f,58,future_known,5,1,3.6235916115170506e-06,0,0
18,4,p2f,59,future_known,0,1,0.9999723580184577,1,1
18,4,p2f,59,future_known,1,1,0.9999712885990283,1,1
18,4,p2f,59,future_known,2,1,0.9992075117371334,1,1
18,4,p2f,59,future_known,3,1,0.9999851982941893,1,1
18,4,p2f,59,future_known,4,1,0.9999808915869409,1,1
18,4,p2f,59,future_known,5,1,0.9999661791360818,1,1
18,4,p2f,60,future_known,0,1,0.9528609611166453,1,1
18,4,p2f,60,future_known,1,1,0.9447534511929152,1,1
18,4,p2f,60,future_known,2,1,0.04504014786866232,0,0
18,4,p2f,60,future_known,3,1,0.012061030538812741,0,0
18,4,p2f,60,future_known,4,1,0.020339012870795786,0,0
18,4,p2f,60,future_known,5,1,0.8906980669304464,1,1
18,4,p2f,61,future_known,0,1,0.9963975478489142,1,1
18,4,p2f,61,future_known,1,1,0.37753679881329544,0,0
18,4,p2f,61,future_known,2,1,0.9983722633228486,1,1
18,4,p2f,61,future_known,3,1,0.9939572842383856,1,1
18,4,p2f,61,future_known,4,1,0.9761282201897203,1,1
18,4,p2f,61,future_known,5,1,0.9977720561534118,1,1
18,4,p2f,62,future_known,0,1,0.998446334218779,1,1
18,4,p2f,62,future_known,1,1,0.9987865112362699,1,1
18,4,p2f,62,future_known,2,1,0.5806173663065124,1,1
18,4,p2f,62,future_known,3,1,0.6587180839332525,1,1
18,4,p2f,62,future_known,4,1,0.9950044471772216,1,1
18,4,p2f,62,future_known,5,1,0.8713132974402948,1,1
18,4,p2f,63,future_known,0,1,0.6327372295929092,1,1
18,4,p2f,63,future_known,1,1,0.03442448403998475,0,0
18,4,p2f,63,future_known,2,1,0.005416557290273988,0,0
18,4,p2f,63,future_known,3,1,0.2297629843396763,0,0
18,4,p2f,63,future_known,4,1,0.2767418518608873,0,0
18,4,p2f,63,future_known,5,1,0.6312764043145674,1,1
18,4,p2f,64,future_known,0,1,0.9904725782434324,1,1
18,4,p2f,64,future_known,1,1,0.9056136929145208,1,1
18,4,p2f,64,future_known,2,1,0.8870533549080653,1,1
18,4,p2f,64,future_known,3,1,0.41150027784407933,0,0
18,4,p2f,64,future_known,4,1,0.8828208655074482,1,1
18,4,p2f,64,future_known,5,1,0.8829337556909724,1,1
18,4,p2f,65,future_known,0,1,0.7276372301764684,1,1
18,4,p2f,65,future_known,1,1,0.023405140545629952,0,0
18,4,p2f,65,future_known,2,1,0.9656718834272165,1,1
18,4,p2f,65,future_known,3,1,0.8310276215249064,1,1
18,4,p2f,65,future_known,4,1,0.021299044548008152,0,0
18,4,p2f,65,future_known,5,1,0.005523661522134396,0,0
18,4,p2f,66,future_known,0,1,0.4653272572362547,0,0
18,4,p2f,66,future_known,1,1,0.18144031743766245,0,0
18,4,p2f,66,future_known,2,1,0.0019332104521071474,0,0
18,4,p2f,66,future_known,3,1,0.9532098450594417,1,1
18,4,p2f,66,future_known,4,1,0.007647699452572406,0,0
18,4,p2f,66,future_known,5,1,0.8117409648966885,1,1
18,4,p2f,67,future_known,0,1,0.9936231591455279,1,1
18,4,p2f,67,future_known,1,1,0.9951926148896593,1,1
18,4,p2f,67,future_known,2,1,0.9958783715590978,1,1
18,4,p2f,67,future_known,3,1,0.9996911059745165,1,1
18,4,p2f,67,future_known,4,1,0.9996649074484046,1,1
18,4,p2f,67,future_known,5,1,0.36785373955348266,0,0
18,4,p2f,68,future_known,0,1,0.7618811670629434,1,1
18,4,p2f,68,future_known,1,1,0.999660174811253,1,1
18,4,p2f,68,future_known,2,1,0.9818102090072905,1,1
18,4,p2f,68,future_known,3,1,0.28462816087991255,0,0
18,4,p2f,68,future_known,4,1,0.9998855492562025,1,1
18,4,p2f,68,future_known,5,1,0.8385594889380782,1,1
18,4,p2f,69,future_known,0,1,0.9888486626552445,1,1
18,4,p2f,69,future_known,1,1,0.9877474863860318,1,1
18,4,p2f,69,future_known,2,1,0.7491474286610947,1,1
18,4,p2f,69,future_known,3,1,0.9985309541532881,1,1
18,4,p2f,69,future_known,4,1,0.7622149856708269,1,1
18,4,p2f,69,future_known,5,1,0.9954243603002514,1,1
18,4,p2f,70,future_known,0,1,0.8418218561241715,1,1
18,4,p2f,70,future_known,1,1,0.0005095330910409871,0,0
18,4,p2f,70,future_known,2,1,0.0016079932390090773,0,0
18,4,p2f,70,future_known,3,1,0.21429467288570475,0,0
18,4,p2f,70,future_known,4,1,0.006694899609131753,0,0
18,4,p2f,70,future_known,5,1,0.08853542866895849,0,0
18,4,p2f,71,future_known,0,1,0.9981660221480569,1,1
18,4,p2f,71,future_known,1,1,0.9998293966240976,1,1
18,4,p2f,71,future_known,2,1,0.9858635641647725,1,1
18,4,p2f,71,future_known,3,1,0.9989154568533152,1,1
18,4,p2f,71,future_known,4,1,0.9999717154329673,1,1
18,4,p2f,71,future_known,5,1,0.9385784563877341,1,1
18,4,p2f,72,future_known,0,1,0.9778724000688489,1,1
18,4,p2f,72,future_known,1,1,0.5141762391685982,1,1
18,4,p2f,72,future_known,2,1,0.9374996854250713,1,1
18,4,p2f,72,future_known,3,1,0.9782049769859879,1,1
18,4,p2f,72,future_known,4,1,0.7466457034559422,1,1
18,4,p2f,72,future_known,5,1,0.9990743345328481,1,1
18,4,p2f,73,future_known,0,1,0.98954678310545,1,1
18,4,p2f,73,future_known,1,1,0.02419113156644655,0,0
18,4,p2f,73,future_known,2,1,0.013423223470091237,0,0
18,4,p2f,73,future_known,3,1,0.03331668997736231,0,0
18,4,p2f,73,future_known,4,1,0.0014814397903237552,0,0
18,4,p2f,73,future_known,5,1,0.02744415424796419,0,0
18,4,p2f,74,future_known,0,1,0.9994476145736853,1,1
18,4,p2f,74,future_known,1,1,0.9962487797302544,1,1
18,4,p2f,74,future_known,2,1,0.9974379882999932,1,1
18,4,p2f,74,future_known,3,1,0.9623023031506207,1,1
18,4,p2f,74,future_known,4,1,0.9994750257468644,1,1
18,4,p2f,74,future_known,5,1,0.9365959604815344,1,1
18,4,p2f,75,future_unknown,0,0,0.02482082097493713,0,1
18,4,p2f,75,future_unknown,1,0,0.01905975776539336,0,1
18,4,p2f,75,future_unknown,2,0,0.028453298848566472,0,1
18,4,p2f,75,future_unknown,3,0,0.0004304185974919361,0,1
18,4,p2f,75,future_unknown,4,0,0.027612264772742458,0,1
18,4,p2f,75,future_unknown,5,0,0.15670197735787397,0,1
18,4,p2f,76,future_unknown,0,0,6.47858974868195e-07,0,1
18,4,p2f,76,future_unknown,1,0,1.5851001211350154e-07,0,1
18,4,p2f,76,future_unknown,2,0,3.7530678073786465e-06,0,1
18,4,p2f,76,future_unknown,3,0,2.0340769704478338e-05,0,1
18,4,p2f,76,future_unknown,4,0,1.9937049888112723e-08,0,1
18,4,p2f,76,future_unknown,5,0,1.6019635065019844e-08,0,1
18,4,p2f,77,future_unknown,0,0,3.879493452146143e-08,0,1
18,4,p2f,77,future_unknown,1,0,3.858752009597648e-09,0,1
18,4,p2f,77,future_unknown,2,0,2.9320806672822856e-08,0,1
18,4,p2f,77,future_unknown,3,0,9.727783549823395e-08,0,1
18,4,p2f,77,future_unknown,4,0,3.542879900820907e-10,0,1
18,4,p2f,77,future_unknown,5,0,3.190740672054905e-07,0,1
18,4,p2f,78,future_unknown,0,0,0.0008573157019807376,0,1
18,4,p2f,78,future_unknown,1,0,0.0003430725104720502,0,1
18,4,p2f,78,future_unknown,2,0,0.0002325118652543855,0,1
18,4,p2f,78,future_unknown,3,0,2.0524053651653404e-05,0,1
18,4,p2f,78,future_unknown,4,0,3.1223128497502775e-05,0,1
18,4,p2f,78,future_unknown,5,0,0.0007036195886292838,0,1
18,4,p2f,79,future_unknown,0,0,0.008703156070781913,0,1
18,4,p2f,79,future_unknown,1,0,0.00017295410944822813,0,1
18,4,p2f,79,future_unknown,2,0,3.558041497606014e-05,0,1
18,4,p2f,79,future_unknown,3,0,0.002504853046019449,0,1
18,4,p2f,79,future_unknown,4,0,0.0022040425343344554,0,1
18,4,p2f,79,future_unknown,5,0,0.0004552818368203277,0,1
18,4,p2f,80,future_unknown,0,0,0.0031917110201988745,0,1
18,4,p2f,80,future_unknown,1,0,0.39599509327870586,0,1
18,4,p2f,80,future_unknown,2,0,0.008614973609272715,0,1
18,4,p2f,80,future_unknown,3,0,0.18259896489909086,0,1
18,4,p2f,80,future_unknown,4,0,0.0023652806273597015,0,1
18,4,p2f,80,future_unknown,5,0,0.003591484479198682,0,1
18,4,p2f,81,future_unknown,0,0,3.1657645712821616e-08,0,1
18,4,p2f,81,future_unknown,1,0,3.6533132013184024e-08,0,1
18,4,p2f,81,future_unknown,2,0,1.7315297669805527e-09,0,1
18,4,p2f,81,future_unknown,3,0,7.44902503559047e-08,0,1
18,4,p2f,81,future_unknown,4,0,3.2257037150128324e-07,0,1
18,4,p2f,81,future_unknown,5,0,2.3777152667000714e-08,0,1
18,4,p2f,82,future_unknown,0,0,0.000747188502770622,0,1
18,4,p2f,82,future_unknown,1,0,4.751467982827143e-07,0,1
18,4,p2f,82,future_unknown,2,0,1.1164214203104666e-05,0,1
18,4,p2f,82,future_unknown,3,0,3.907497837353526e-05,0,1
18,4,p2f,82,future_unknown,4,0,1.8500765255653986e-05,0,1
18,4,p2f,82,future_unknown,5,0,7.4759399282504065e-06,0,1
18,4,p2f,83,future_unknown,0,0,0.0032661378758651475,0,1
18,4,p2f,83,future_unknown,1,0,0.004321102835590321,0,1
18,4,p2f,83,future_unknown,2,0,0.04131458827329867,0,1
18,4,p2f,83,future_unknown,3,0,0.0042537902712990565,0,1
18,4,p2f,83,future_unknown,4,0,0.03835787242924629,0,1
18,4,p2f,83,future_unknown,5,0,0.0007975241038762331,0,1
18,4,p2f,84,future_unknown,0,0,2.899051548281465e-05,0,1
18,4,p2f,84,future_unknown,1,0,1.0600550486399132e-05,0,1
18,4,p2f,84,future_unknown,2,0,3.8190835165096164e-05,0,1
18,4,p2f,84,future_unknown,3,0,2.3623436254333336e-06,0,1
18,4,p2f,84,future_unknown,4,0,9.472758951910585e-07,0,1
18,4,p2f,84,future_unknown,5,0,6.995949081564278e-05,0,1
18,4,p2f,85,future_unknown,0,0,0.000343693665455548,0,1
18,4,p2f,85,future_unknown,1,0,0.0006735025504087363,0,1
18,4,p2f,85,future_unknown,2,0,0.008174333337843625,0,1
18,4,p2f,85,future_unknown,3,0,0.03840176132230788,0,1
18,4,p2f,85,future_unknown,4,0,0.0034238304457215275,0,1
18,4,p2f,85,future_unknown,5,0,0.0008042321237434845,0,1
18,4,p2f,86,future_unknown,0,0,0.003954060811645597,0,1
18,4,p2f,86,future_unknown,1,0,1.2267751014682934e-05,0,1
18,4,p2f,86,future_unknown,2,0,0.0006430758870595145,0,1
18,4,p2f,86,future_unknown,3,0,8.028721246309857e-05,0,1
18,4,p2f,86,future_unknown,4,0,0.0008740994292208293,0,1
18,4,p2f,86,future_unknown,5,0,0.0009192454277821952,0,1
18,4,p2f,87,future_unknown,0,0,0.00016670306185367358,0,1
18,4,p2f,87,future_unknown,1,0,9.337209616024197e-06,0,1
18,4,p2f,87,future_unknown,2,0,0.00046181087905997834,0,1
18,4,p2f,87,future_unknown,3,0,0.0007361114536459225,0,1
18,4,p2f,87,future_unknown,4,0,0.00039105436015947364,0,1
18,4,p2f,87,future_unknown,5,0,2.8740758320088546e-06,0,1
18,4,p2f,88,future_unknown,0,0,0.0008335445211619561,0,1
18,4,p2f,88,future_unknown,1,0,0.06532720325079072,0,1
18,4,p2f,88,future_unknown,2,0,0.0002681393794968196,0,1
18,4,p2f,88,future_unknown,3,0,0.007797855408471815,0,1
18,4,p2f,88,future_unknown,4,0,0.05088573946565035,0,1
18,4,p2f,88,future_unknown,5,0,0.0014406265950010287,0,1
18,4,p2f,89,future_unknown,0,0,9.909212440822752e-06,0,1
18,4,p2f,89,future_unknown,1,0,1.5902387273145315e-07,0,1
18,4,p2f,89,future_unknown,2,0,4.223611895899462e-07,0,1
18,4,p2f,89,future_unknown,3,0,7.829177275531252e-08,0,1
18,4,p2f,89,future_unknown,4,0,1.3515923785955878e-06,0,1
18,4,p2f,89,future_unknown,5,0,3.152192922784982e-07,0,1
18,4,p2f,90,future_unknown,0,0,0.9272059434603668,1,0
18,4,p2f,90,future_unknown,1,0,0.9998455770714718,1,0
18,4,p2f,90,future_unknown,2,0,0.9780365959604648,1,0
18,4,p2f,90,future_unknown,3,0,0.998629154919867,1,0
18,4,p2f,90,future_unknown,4,0,0.9887633487421402,1,0
18,4,p2f,90,future_unknown,5,0,0.7539031344725211,1,0
18,4,p2f,91,future_unknown,0,0,0.00024377644286907729,0,1
18,4,p2f,91,future_unknown,1,0,6.331754472356297e-05,0,1
18,4,p2f,91,future_unknown,2,0,1.3688521331050363e-05,0,1
18,4,p2f,91,future_unknown,3,0,2.4043562748685325e-05,0,1
18,4,p2f,91,future_unknown,4,0,8.343357927094607e-08,0,1
18,4,p2f,91,future_unknown,5,0,0.00010214378744156153,0,1
18,4,p2f,92,future_unknown,0,0,4.819873279093756e-09,0,1
18,4,p2f,92,future_unknown,1,0,7.099478089456608e-11,0,1
18,4,p2f,92,future_unknown,2,0,1.8961532875291194e-07,0,1
18,4,p2f,92,future_unknown,3,0,0.002210821010236434,0,1
18,4,p2f,92,future_unknown,4,0,2.9440276469159045e-07,0,1
18,4,p2f,92,future_unknown,5,0,6.864641430389741e-10,0,1
18,4,p2f,93,future_unknown,0,0,0.0024307230057693564,0,1
18,4,p2f,93,future_unknown,1,0,5.990899443771835e-08,0,1
18,4,p2f,93,future_unknown,2,0,3.741506633438995e-06,0,1
18,4,p2f,93,future_unknown,3,0,3.741506633438995e-06,0,1
18,4,p2f,93,future_unknown,4,0,1.2487489973832692e-07,0,1
18,4,p2f,93,future_unknown,5,0,6.894957844992542e-08,0,1
18,4,p2f,94,future_unknown,0,0,0.010272487592985215,0,1
18,4,p2f,94,future_unknown,1,0,0.0005097617531245155,0,1
18,4,p2f,94,future_unknown,2,0,0.0011392440425301014,0,1
18,4,p2f,94,future_unknown,3,0,0.0027751910225656015,0,1
18,4,p2f,94,future_unknown,4,0,0.0014351091563496456,0,1
18,4,p2f,94,future_unknown,5,0,0.005671189585066742,0,1
18,4,p2f,95,future_unknown,0,0,3.070988878236523e-07,0,1
18,4,p2f,95,future_unknown,1,0,4.540500142541712e-08,0,1
18,4,p2f,95,future_unknown,2,0,1.0425732787684321e-06,0,1
18,4,p2f,95,future_unknown,3,0,1.3884812457082842e-07,0,1
18,4,p2f,95,future_unknown,4,0,1.4242956707543402e-08,0,1
18,4,p2f,95,future_unknown,5,0,2.7860607510485017e-07,0,1
18,4,p2f,96,future_unknown,0,0,0.0060108141342043305,0,1
18,4,p2f,96,future_unknown,1,0,0.0005780983551815424,0,1
18,4,p2f,96,future_unknown,2,0,0.005407416792099897,0,1
18,4,p2f,96,future_unknown,3,0,9.78316944436132e-05,0,1
18,4,p2f,96,future_unknown,4,0,8.491472915848609e-05,0,1
18,4,p2f,96,future_unknown,5,0,0.016210833293527935,0,1
18,4,p2f,97,future_unknown,0,0,0.02190077677192691,0,1
18,4,p2f,97,future_unknown,1,0,0.01298974809199521,0,1
18,4,p2f,97,future_unknown,2,0,2.3426313080807477e-05,0,1
18,4,p2f,97,future_unknown,3,0,0.0007594525290081709,0,1
18,4,p2f,97,future_unknown,4,0,0.0556812710756497,0,1
18,4,p2f,97,future_unknown,5,0,0.018388784687491538,0,1
18,4,p2f,98,future_unknown,0,0,2.8240732121770104e-07,0,1
18,4,p2f,98,future_unknown,1,0,8.108664026706155e-10,0,1
18,4,p2f,98,future_unknown,2,0,1.2661180947951012e-06,0,1
18,4,p2f,98,future_unknown,3,0,6.389055955337595e-06,0,1
18,4,p2f,98,future_unknown,4,0,5.435164715637187e-09,0,1
18,4,p2f,98,future_unknown,5,0,1.0108329790244275e-09,0,1
18,4,p2f,99,future_unknown,0,0,0.4227107354344577,0,1
18,4,p2f,99,future_unknown,1,0,0.1732052526442643,0,1
18,4,p2f,99,future_unknown,2,0,0.4395592935105523,0,1
18,4,p2f,99,future_unknown,3,0,0.7399364278648557,1,0
18,4,p2f,99,future_unknown,4,0,0.24360316574598265,0,1
18,4,p2f,99,future_unknown,5,0,0.050446573556507154,0,1
18,4,f2p,0,past_known,0,1,0.05474146904934282,0,0
18,4,f2p,0,past_known,1,1,0.00015504193320785696,0,0
18,4,f2p,0,past_known,2,1,2.329533566227886e-05,0,0
18,4,f2p,0,past_known,3,1,0.0001493018957325824,0,0
18,4,f2p,0,past_known,4,1,2.069566985380811e-05,0,0
18,4,f2p,0,past_known,5,1,6.989509293845665e-06,0,0
18,4,f2p,1,past_known,0,1,0.009562831547218278,0,0
18,4,f2p,1,past_known,1,1,0.0013361070307944063,0,0
18,4,f2p,1,past_known,2,1,0.017714690669951776,0,0
18,4,f2p,1,past_known,3,1,0.0003646672111467855,0,0
18,4,f2p,1,past_known,4,1,0.0027003267104307,0,0
18,4,f2p,1,past_known,5,1,0.0014082368039777524,0,0
18,4,f2p,2,past_known,0,1,2.130620530077765e-06,0,0
18,4,f2p,2,past_known,1,1,2.1369810169527214e-05,0,0
18,4,f2p,2,past_known,2,1,0.0008699422757099501,0,0
18,4,f2p,2,past_known,3,1,1.2932493366634068e-06,0,0
18,4,f2p,2,past_known,4,1,1.0269272132869053e-06,0,0
18,4,f2p,2,past_known,5,1,1.1798915314505326e-07,0,0
18,4,f2p,3,past_known,0,1,1.816030957490075e-07,0,0
18,4,f2p,3,past_known,1,1,3.4440108157090294e-09,0,0
18,4,f2p,3,past_known,2,1,0.003867824166382558,0,0
18,4,f2p,3,past_known,3,1,3.62274083626711e-05,0,0
18,4,f2p,3,past_known,4,1,6.756789546839803e-07,0,0
18,4,f2p,3,past_known,5,1,0.000154288686756718,0,0
18,4,f2p,4,past_known,0,1,0.07360307175829531,0,0
18,4,f2p,4,past_known,1,1,0.00012191400031443385,0,0
18,4,f2p,4,past_known,2,1,2.0657771116302246e-06,0,0
18,4,f2p,4,past_known,3,1,5.356492322607604e-06,0,0
18,4,f2p,4,past_known,4,1,0.148941232652012,0,0
18,4,f2p,4,past_known,5,1,4.957699428062572e-07,0,0
18,4,f2p,5,past_known,0,1,0.01101055916197063,0,0
18,4,f2p,5,past_known,1,1,0.006379596295123923,0,0
18,4,f2p,5,past_known,2,1,0.043147419187053095,0,0
18,4,f2p,5,past_known,3,1,0.9603193018316607,1,1
18,4,f2p,5,past_known,4,1,0.9999906860912537,1,1
18,4,f2p,5,past_known,5,1,0.07947177458000255,0,0
18,4,f2p,6,past_known,0,1,0.9566410793116819,1,1
18,4,f2p,6,past_known,1,1,0.997857595507649,1,1
18,4,f2p,6,past_known,2,1,0.9951268523032818,1,1
18,4,f2p,6,past_known,3,1,0.9903073800585535,1,1
18,4,f2p,6,past_known,4,1,0.9744378687081837,1,1
18,4,f2p,6,past_known,5,1,0.9972872877833893,1,1
18,4,f2p,7,past_known,0,1,0.0028104023997039262,0,0
18,4,f2p,7,past_known,1,1,0.06146740794013155,0,0
18,4,f2p,7,past_known,2,1,0.00013411477651629192,0,0
18,4,f2p,7,past_known,3,1,0.0006687716883656627,0,0
18,4,f2p,7,past_known,4,1,7.900404866930134e-05,0,0
18,4,f2p,7,past_known,5,1,7.980833505722058e-06,0,0
18,4,f2p,8,past_known,0,1,0.9931400173123406,1,1
18,4,f2p,8,past_known,1,1,0.000924811340189724,0,0
18,4,f2p,8,past_known,2,1,0.46214515190056155,0,0
18,4,f2p,8,past_known,3,1,0.9946072560025458,1,1
18,4,f2p,8,past_known,4,1,1.607797220128021e-08,0,0
18,4,f2p,8,past_known,5,1,0.8346693273171819,1,1
18,4,f2p,9,past_known,0,1,0.5285725546202465,1,1
18,4,f2p,9,past_known,1,1,0.9951666477746803,1,1
18,4,f2p,9,past_known,2,1,0.22222746596254506,0,0
18,4,f2p,9,past_known,3,1,0.9988181967671693,1,1
18,4,f2p,9,past_known,4,1,0.971294105239318,1,1
18,4,f2p,9,past_known,5,1,0.002377131334658161,0,0
18,4,f2p,10,past_known,0,1,0.9896987131813767,1,1
18,4,f2p,10,past_known,1,1,0.62726484588296,1,1
18,4,f2p,10,past_known,2,1,0.9605038700960484,1,1
18,4,f2p,10,past_known,3,1,0.016195278085235392,0,0
18,4,f2p,10,past_known,4,1,0.9894396140998424,1,1
18,4,f2p,10,past_known,5,1,0.158455534465487,0,0
18,4,f2p,11,past_known,0,1,7.117983460338364e-05,0,0
18,4,f2p,11,past_known,1,1,0.00996854014332745,0,0
18,4,f2p,11,past_known,2,1,1.1116001969406292e-05,0,0
18,4,f2p,11,past_known,3,1,1.090685921547648e-05,0,0
18,4,f2p,11,past_known,4,1,0.34795178466107135,0,0
18,4,f2p,11,past_known,5,1,0.3877894143420425,0,0
18,4,f2p,12,past_known,0,1,0.00010204037000047391,0,0
18,4,f2p,12,past_known,1,1,7.829443709107917e-05,0,0
18,4,f2p,12,past_known,2,1,0.006659738150142173,0,0
18,4,f2p,12,past_known,3,1,0.00017906936095691314,0,0
18,4,f2p,12,past_known,4,1,1.8188413023314416e-07,0,0
18,4,f2p,12,past_known,5,1,0.001909573880289405,0,0
18,4,f2p,13,past_known,0,1,0.9852074729608441,1,1
18,4,f2p,13,past_known,1,1,0.9997822355991982,1,1
18,4,f2p,13,past_known,2,1,0.9998815107805786,1,1
18,4,f2p,13,past_known,3,1,0.9994994438554059,1,1
18,4,f2p,13,past_known,4,1,0.9999601149373356,1,1
18,4,f2p,13,past_known,5,1,0.999882385778997,1,1
18,4,f2p,14,past_known,0,1,0.00406791736305363,0,0
18,4,f2p,14,past_known,1,1,0.20818486985646042,0,0
18,4,f2p,14,past_known,2,1,0.0003485347184081689,0,0
18,4,f2p,14,past_known,3,1,3.707976754377251e-07,0,0
18,4,f2p,14,past_known,4,1,5.651970694874626e-07,0,0
18,4,f2p,14,past_known,5,1,0.03395201354470015,0,0
18,4,f2p,15,past_known,0,1,0.0017239757921075065,0,0
18,4,f2p,15,past_known,1,1,0.9025702537495692,1,1
18,4,f2p,15,past_known,2,1,0.00025711493017264433,0,0
18,4,f2p,15,past_known,3,1,0.006568655042677177,0,0
18,4,f2p,15,past_known,4,1,0.004926861565210989,0,0
18,4,f2p,15,past_known,5,1,0.9891697407100151,1,1
18,4,f2p,16,past_known,0,1,0.9987220059644143,1,1
18,4,f2p,16,past_known,1,1,0.9999713045882849,1,1
18,4,f2p,16,past_known,2,1,0.9999573943359629,1,1
18,4,f2p,16,past_known,3,1,0.9997602471335897,1,1
18,4,f2p,16,past_known,4,1,0.999593005066992,1,1
18,4,f2p,16,past_known,5,1,0.9995741603491236,1,1
18,4,f2p,17,past_known,0,1,0.002782242279027433,0,0
18,4,f2p,17,past_known,1,1,0.000384105845254789,0,0
18,4,f2p,17,past_known,2,1,0.00015111490433093866,0,0
18,4,f2p,17,past_known,3,1,1.3714261570621744e-05,0,0
18,4,f2p,17,past_known,4,1,1.0414923021154235e-05,0,0
18,4,f2p,17,past_known,5,1,0.0002684586035396131,0,0
18,4,f2p,18,past_known,0,1,0.056727438688330536,0,0
18,4,f2p,18,past_known,1,1,0.0038437617340178363,0,0
18,4,f2p,18,past_known,2,1,0.2954406268561143,0,0
18,4,f2p,18,past_known,3,1,0.03823653040341166,0,0
18,4,f2p,18,past_known,4,1,0.0034559991303780807,0,0
18,4,f2p,18,past_known,5,1,0.00038367991683957897,0,0
18,4,f2p,19,past_known,0,1,0.9819341733864295,1,1
18,4,f2p,19,past_known,1,1,0.9921614826954684,1,1
18,4,f2p,19,past_known,2,1,0.9903542833066391,1,1
18,4,f2p,19,past_known,3,1,0.9993407249826453,1,1
18,4,f2p,19,past_known,4,1,0.41085992781913006,0,0
18,4,f2p,19,past_known,5,1,0.028972057129025282,0,0
18,4,f2p,20,past_known,0,1,0.5224300580568338,1,1
18,4,f2p,20,past_known,1,1,0.00020257999283667102,0,0
18,4,f2p,20,past_known,2,1,0.9853351681007609,1,1
18,4,f2p,20,past_known,3,1,1.1402707891077085e-07,0,0
18,4,f2p,20,past_known,4,1,0.00031121653059702607,0,0
18,4,f2p,20,past_known,5,1,0.0006870575076799269,0,0
18,4,f2p,21,past_known,0,1,0.08777317568141906,0,0
18,4,f2p,21,past_known,1,1,2.949118698120741e-09,0,0
18,4,f2p,21,past_known,2,1,0.04440679193733339,0,0
18,4,f2p,21,past_known,3,1,8.171413726065478e-07,0,0
18,4,f2p,21,past_known,4,1,0.00023579715547418463,0,0
18,4,f2p,21,past_known,5,1,2.1290084710544446e-12,0,0
18,4,f2p,22,past_known,0,1,0.21759306181448484,0,0
18,4,f2p,22,past_known,1,1,0.03945706451798384,0,0
18,4,f2p,22,past_known,2,1,7.06917495311549e-08,0,0
18,4,f2p,22,past_known,3,1,0.6048044643899525,1,1
18,4,f2p,22,past_known,4,1,4.914285414669005e-06,0,0
18,4,f2p,22,past_known,5,1,0.0005404864973497993,0,0
18,4,f2p,23,past_known,0,1,0.00022050225532158305,0,0
18,4,f2p,23,past_known,1,1,0.9105444960546202,1,1
18,4,f2p,23,past_known,2,1,0.4193804132444774,0,0
18,4,f2p,23,past_known,3,1,0.034592592443995804,0,0
18,4,f2p,23,past_known,4,1,0.0016651415835358448,0,0
18,4,f2p,23,past_known,5,1,0.8329802125676365,1,1
18,4,f2p,24,past_known,0,1,0.2913580668638689,0,0
18,4,f2p,24,past_known,1,1,0.2724061010814772,0,0
18,4,f2p,24,past_known,2,1,0.7294820382254769,1,1
18,4,f2p,24,past_known,3,1,0.9942173720454567,1,1
18,4,f2p,24,past_known,4,1,0.9803090458693979,1,1
18,4,f2p,24,past_known,5,1,0.9962619186421704,1,1
18,4,f2p,25,past_unknown,0,0,0.00276178415738781,0,1
18,4,f2p,25,past_unknown,1,0,0.0020910587775211124,0,1
18,4,f2p,25,past_unknown,2,0,0.9801959432288557,1,0
18,4,f2p,25,past_unknown,3,0,0.0011298983397107546,0,1
18,4,f2p,25,past_unknown,4,0,0.0001631787916348406,0,1
18,4,f2p,25,past_unknown,5,0,0.004445604595831166,0,1
18,4,f2p,26,past_unknown,0,0,0.006276462935328358,0,1
18,4,f2p,26,past_unknown,1,0,0.08772448730612273,0,1
18,4,f2p,26,past_unknown,2,0,7.043731314142841e-05,0,1
18,4,f2p,26,past_unknown,3,0,0.03306360657676575,0,1
18,4,f2p,26,past_unknown,4,0,5.4655169870813465e-05,0,1
18,4,f2p,26,past_unknown,5,0,0.0006016117236453983,0,1
18,4,f2p,27,past_unknown,0,0,5.63146747782717e-10,0,1
18,4,f2p,27,past_unknown,1,0,2.7753487220904157e-09,0,1
18,4,f2p,27,past_unknown,2,0,1.555184444382347e-08,0,1
18,4,f2p,27,past_unknown,3,0,3.5858366698569964e-10,0,1
18,4,f2p,27,past_unknown,4,0,1.6574971517429444e-06,0,1
18,4,f2p,27,past_unknown,5,0,0.008839004550567972,0,1
18,4,f2p,28,past_unknown,0,0,0.9999625784818038,1,0
18,4,f2p,28,past_unknown,1,0,0.00015258467744659862,0,1
18,4,f2p,28,past_unknown,2,0,0.001089637292693375,0,1
18,4,f2p,28,past_unknown,3,0,0.9185377329843777,1,0
18,4,f2p,28,past_unknown,4,0,0.9972779882375706,1,0
18,4,f2p,28,past_unknown,5,0,2.4260016007160043e-05,0,1
18,4,f2p,29,past_unknown,0,0,1.099798136704268e-06,0,1
18,4,f2p,29,past_unknown,1,0,4.1876506426001193e-07,0,1
18,4,f2p,29,past_unknown,2,0,0.00011096712592740358,0,1
18,4,f2p,29,past_unknown,3,0,0.002351997175961715,0,1
18,4,f2p,29,past_unknown,4,0,0.0003203903583607022,0,1
18,4,f2p,29,past_unknown,5,0,0.0026643050451552338,0,1
18,4,f2p,30,past_unknown,0,0,8.993001039716318e-05,0,1
18,4,f2p,30,past_unknown,1,0,8.024019523643084e-07,0,1
18,4,f2p,30,past_unknown,2,0,0.0003803911732172403,0,1
18,4,f2p,30,past_unknown,3,0,0.0006327494110931544,0,1
18,4,f2p,30,past_unknown,4,0,0.00021026944574273787,0,1
18,4,f2p,30,past_unknown,5,0,0.0027705062373249057,0,1
18,4,f2p,31,past_unknown,0,0,0.26679740134174956,0,1
18,4,f2p,31,past_unknown,1,0,2.7789623502823676e-05,0,1
18,4,f2p,31,past_unknown,2,0,4.105573497175912e-05,0,1
18,4,f2p,31,past_unknown,3,0,0.00010250813016359948,0,1
18,4,f2p,31,past_unknown,4,0,0.3066403419099745,0,1
18,4,f2p,31,past_unknown,5,0,0.04937025822569385,0,1
18,4,f2p,32,past_unknown,0,0,1.802506283085816e-08,0,1
18,4,f2p,32,past_unknown,1,0,1.5510558498813691e-12,0,1
18,4,f2p,32,past_unknown,2,0,1.7011307562529468e-06,0,1
18,4,f2p,32,past_unknown,3,0,2.653281364103802e-07,0,1
18,4,f2p,32,past_unknown,4,0,4.792064120247475e-06,0,1
18,4,f2p,32,past_unknown,5,0,1.9515720908076257e-08,0,1
18,4,f2p,33,past_unknown,0,0,0.9124497282542632,1,0
18,4,f2p,33,past_unknown,1,0,0.9904521280635893,1,0
18,4,f2p,33,past_unknown,2,0,6.83413821250145e-05,0,1
18,4,f2p,33,past_unknown,3,0,0.40827307717287475,0,1
18,4,f2p,33,past_unknown,4,0,0.9803296472901054,1,0
18,4,f2p,33,past_unknown,5,0,0.0007172649087241382,0,1
18,4,f2p,34,past_unknown,0,0,2.7700742542221525e-06,0,1
18,4,f2p,34,past_unknown,1,0,2.5835720285340694e-08,0,1
18,4,f2p,34,past_unknown,2,0,6.924549093736483e-07,0,1
18,4,f2p,34,past_unknown,3,0,2.4714180210260626e-06,0,1
18,4,f2p,34,past_unknown,4,0,0.0008777842008776321,0,1
18,4,f2p,34,past_unknown,5,0,5.9241575521128385e-06,0,1
18,4,f2p,35,past_unknown,0,0,0.00013990328940968478,0,1
18,4,f2p,35,past_unknown,1,0,3.297137787050076e-07,0,1
18,4,f2p,35,past_unknown,2,0,0.004118903424425345,0,1
18,4,f2p,35,past_unknown,3,0,4.518591678194176e-06,0,1
18,4,f2p,35,past_unknown,4,0,5.755015355963461e-06,0,1
18,4,f2p,35,past_unknown,5,0,0.0003100527213274217,0,1
18,4,f2p,36,past_unknown,0,0,0.00010733564162948262,0,1
18,4,f2p,36,past_unknown,1,0,0.009009094855387307,0,1
18,4,f2p,36,past_unknown,2,0,0.004825606049568847,0,1
18,4,f2p,36,past_unknown,3,0,0.14611534525584702,0,1
18,4,f2p,36,past_unknown,4,0,0.0008103224934373022,0,1
18,4,f2p,36,past_unknown,5,0,9.127235352015155e-06,0,1
18,4,f2p,37,past_unknown,0,0,2.0822682705245668e-07,0,1
18,4,f2p,37,past_unknown,1,0,3.3916018870549847e-06,0,1
18,4,f2p,37,past_unknown,2,0,9.422169180343889e-08,0,1
18,4,f2p,37,past_unknown,3,0,4.988179502126954e-06,0,1
18,4,f2p,37,past_unknown,4,0,1.3777941879817683e-09,0,1
18,4,f2p,37,past_unknown,5,0,1.361173194917232e-07,0,1
18,4,f2p,38,past_unknown,0,0,4.806502163174821e-06,0,1
18,4,f2p,38,past_unknown,1,0,3.891694187476049e-07,0,1
18,4,f2p,38,past_unknown,2,0,1.7583650314473764e-05,0,1
18,4,f2p,38,past_unknown,3,0,2.3821095897502444e-07,0,1
18,4,f2p,38,past_unknown,4,0,4.060537248659064e-07,0,1
18,4,f2p,38,past_unknown,5,0,3.71514785846931e-05,0,1
18,4,f2p,39,past_unknown,0,0,2.9642004223661135e-06,0,1
18,4,f2p,39,past_unknown,1,0,1.491767045495367e-08,0,1
18,4,f2p,39,past_unknown,2,0,2.378490257152765e-06,0,1
18,4,f2p,39,past_unknown,3,0,4.164966134508811e-07,0,1
18,4,f2p,39,past_unknown,4,0,1.4443071457381844e-08,0,1
18,4,f2p,39,past_unknown,5,0,1.7167726088966658e-07,0,1
18,4,f2p,40,past_unknown,0,0,8.696112459663337e-09,0,1
18,4,f2p,40,past_unknown,1,0,8.9950100891992e-08,0,1
18,4,f2p,40,past_unknown,2,0,4.242283418260187e-07,0,1
18,4,f2p,40,past_unknown,3,0,0.0016250256458277682,0,1
18,4,f2p,40,past_unknown,4,0,5.856186663615675e-09,0,1
18,4,f2p,40,past_unknown,5,0,0.0021904443532326373,0,1
18,4,f2p,41,past_unknown,0,0,0.000577499567033163,0,1
18,4,f2p,41,past_unknown,1,0,0.00014728339190335548,0,1
18,4,f2p,41,past_unknown,2,0,1.2973796398157281e-05,0,1
18,4,f2p,41,past_unknown,3,0,0.001885179477415652,0,1
18,4,f2p,41,past_unknown,4,0,2.4251896355624095e-07,0,1
18,4,f2p,41,past_unknown,5,0,4.559177236190799e-05,0,1
18,4,f2p,42,past_unknown,0,0,0.00018103262179054437,0,1
18,4,f2p,42,past_unknown,1,0,2.7967928258480792e-06,0,1
18,4,f2p,42,past_unknown,2,0,1.4183056909403303e-05,0,1
18,4,f2p,42,past_unknown,3,0,0.00023035819457722546,0,1
18,4,f2p,42,past_unknown,4,0,9.640703364455718e-05,0,1
18,4,f2p,42,past_unknown,5,0,2.5174528552314333e-06,0,1
18,4,f2p,43,past_unknown,0,0,0.868958695527078,1,0
18,4,f2p,43,past_unknown,1,0,2.866724621738576e-05,0,1
18,4,f2p,43,past_unknown,2,0,0.7466689074208341,1,0
18,4,f2p,43,past_unknown,3,0,0.3222601989842658,0,1
18,4,f2p,43,past_unknown,4,0,0.9345317381970487,1,0
18,4,f2p,43,past_unknown,5,0,0.18854836252410348,0,1
18,4,f2p,44,past_unknown,0,0,8.789949898483084e-05,0,1
18,4,f2p,44,past_unknown,1,0,9.081796462600431e-07,0,1
18,4,f2p,44,past_unknown,2,0,0.2843636105836994,0,1
18,4,f2p,44,past_unknown,3,0,5.6899260123889603e-05,0,1
18,4,f2p,44,past_unknown,4,0,7.571365093436802e-07,0,1
18,4,f2p,44,past_unknown,5,0,0.6770362705047767,1,0
18,4,f2p,45,past_unknown,0,0,3.952891068785011e-07,0,1
18,4,f2p,45,past_unknown,1,0,1.7486903517940698e-08,0,1
18,4,f2p,45,past_unknown,2,0,1.875578695455204e-05,0,1
18,4,f2p,45,past_unknown,3,0,2.7747138984297017e-07,0,1
18,4,f2p,45,past_unknown,4,0,0.00011597197922190559,0,1
18,4,f2p,45,past_unknown,5,0,9.246782163448108e-08,0,1
18,4,f2p,46,past_unknown,0,0,7.075542410962583e-08,0,1
18,4,f2p,46,past_unknown,1,0,1.4388387640358347e-05,0,1
18,4,f2p,46,past_unknown,2,0,6.06043313888843e-09,0,1
18,4,f2p,46,past_unknown,3,0,1.5247894774786084e-07,0,1
18,4,f2p,46,past_unknown,4,0,4.523171684278978e-06,0,1
18,4,f2p,46,past_unknown,5,0,9.106396021967224e-07,0,1
18,4,f2p,47,past_unknown,0,0,9.736807748073048e-05,0,1
18,4,f2p,47,past_unknown,1,0,0.09340691163795625,0,1
18,4,f2p,47,past_unknown,2,0,0.006450086383947789,0,1
18,4,f2p,47,past_unknown,3,0,0.00017482057101201806,0,1
18,4,f2p,47,past_unknown,4,0,0.0010893145421253462,0,1
18,4,f2p,47,past_unknown,5,0,0.0002634578032883019,0,1
18,4,f2p,48,past_unknown,0,0,1.3596057260551208e-06,0,1
18,4,f2p,48,past_unknown,1,0,5.428978349652402e-07,0,1
18,4,f2p,48,past_unknown,2,0,4.4930652369879184e-07,0,1
18,4,f2p,48,past_unknown,3,0,2.474838249913045e-07,0,1
18,4,f2p,48,past_unknown,4,0,1.7732294578922873e-08,0,1
18,4,f2p,48,past_unknown,5,0,2.2760880898929976e-06,0,1
18,4,f2p,49,past_unknown,0,0,0.16429248014222908,0,1
18,4,f2p,49,past_unknown,1,0,0.007038170709653775,0,1
18,4,f2p,49,past_unknown,2,0,0.0005125867779967283,0,1
18,4,f2p,49,past_unknown,3,0,0.052228243146959875,0,1
18,4,f2p,49,past_unknown,4,0,0.002323494604121098,0,1
18,4,f2p,49,past_unknown,5,0,0.0215620487651226,0,1
19,4,p2f,50,future_known,0,1,0.05563130193794561,0,0
19,4,p2f,50,future_known,1,1,0.20737062563126712,0,0
19,4,p2f,50,future_known,2,1,3.840968257557395e-05,0,0
19,4,p2f,50,future_known,3,1,7.787002121478209e-05,0,0
19,4,p2f,50,future_known,4,1,3.3013676029556584e-05,0,0
19,4,p2f,50,future_known,5,1,0.0002186342754477287,0,0
19,4,p2f,51,future_known,0,1,0.1298640474305559,0,0
19,4,p2f,51,future_known,1,1,0.56645869815311,1,1
19,4,p2f,51,future_known,2,1,0.0009278424282332254,0,0
19,4,p2f,51,future_known,3,1,0.5948215105934461,1,1
19,4,p2f,51,future_known,4,1,0.006336319978172642,0,0
19,4,p2f,51,future_known,5,1,0.0007704549637564139,0,0
19,4,p2f,52,future_known,0,1,0.014333136105815766,0,0
19,4,p2f,52,future_known,1,1,0.6121698273613875,1,1
19,4,p2f,52,future_known,2,1,0.022983508818187885,0,0
19,4,p2f,52,future_known,3,1,0.08556104992681614,0,0
19,4,p2f,52,future_known,4,1,2.3332374876127895e-05,0,0
19,4,p2f,52,future_known,5,1,0.0013360694645938994,0,0
19,4,p2f,53,future_known,0,1,0.02075332887870272,0,0
19,4,p2f,53,future_known,1,1,0.0006907110284157718,0,0
19,4,p2f,53,future_known,2,1,0.0028762266265313506,0,0
19,4,p2f,53,future_known,3,1,0.0006282795631624925,0,0
19,4,p2f,53,future_known,4,1,0.0026404182786872467,0,0
19,4,p2f,53,future_known,5,1,1.1438299553902308e-05,0,0
19,4,p2f,54,future_known,0,1,0.9846695611796821,1,1
19,4,p2f,54,future_known,1,1,0.0008578957453979308,0,0
19,4,p2f,54,future_known,2,1,0.01912367946550512,0,0
19,4,p2f,54,future_known,3,1,0.988136673056299,1,1
19,4,p2f,54,future_known,4,1,0.0031134718516458554,0,0
19,4,p2f,54,future_known,5,1,0.9967433142707468,1,1
19,4,p2f,55,future_known,0,1,0.9999274137258477,1,1
19,4,p2f,55,future_known,1,1,0.9635452371633162,1,1
19,4,p2f,55,future_known,2,1,0.9819310623131297,1,1
19,4,p2f,55,future_known,3,1,0.9986551540269768,1,1
19,4,p2f,55,future_known,4,1,0.020005618605534684,0,0
19,4,p2f,55,future_known,5,1,0.37479373173321306,0,0
19,4,p2f,56,future_known,0,1,0.8886260547290196,1,1
19,4,p2f,56,future_known,1,1,0.6274371024597626,1,1
19,4,p2f,56,future_known,2,1,0.00937221253977716,0,0
19,4,p2f,56,future_known,3,1,0.05947498981722512,0,0
19,4,p2f,56,future_known,4,1,0.020920146372867276,0,0
19,4,p2f,56,future_known,5,1,0.8696247270262213,1,1
19,4,p2f,57,future_known,0,1,0.6482188717404818,1,1
19,4,p2f,57,future_known,1,1,2.510061272278953e-05,0,0
19,4,p2f,57,future_known,2,1,0.7901022201269432,1,1
19,4,p2f,57,future_known,3,1,0.0058199113922816365,0,0
19,4,p2f,57,future_known,4,1,0.03717200103976471,0,0
19,4,p2f,57,future_known,5,1,0.01164571815388044,0,0
19,4,p2f,58,future_known,0,1,0.00027552609039006154,0,0
19,4,p2f,58,future_known,1,1,0.00028075981509380614,0,0
19,4,p2f,58,future_known,2,1,1.473015203549584e-05,0,0
19,4,p2f,58,future_known,3,1,4.5158134281551295e-05,0,0
19,4,p2f,58,future_known,4,1,1.0666852858623141e-05,0,0
19,4,p2f,58,future_known,5,1,7.640974492920945e-06,0,0
19,4,p2f,59,future_known,0,1,0.9999462508793627,1,1
19,4,p2f,59,future_known,1,1,0.9999602993391984,1,1
19,4,p2f,59,future_known,2,1,0.9992288126088662,1,1
19,4,p2f,59,future_known,3,1,0.9999804334263581,1,1
19,4,p2f,59,future_known,4,1,0.9999695633465044,1,1
19,4,p2f,59,future_known,5,1,0.9999645742685171,1,1
19,4,p2f,60,future_known,0,1,0.9891628417533467,1,1
19,4,p2f,60,future_known,1,1,0.9731078102553479,1,1
19,4,p2f,60,future_known,2,1,0.2170242909041625,0,0
19,4,p2f,60,future_known,3,1,0.01806812091967812,0,0
19,4,p2f,60,future_known,4,1,0.11948802573263756,0,0
19,4,p2f,60,future_known,5,1,0.9521459330128125,1,1
19,4,p2f,61,future_known,0,1,0.9959508013617332,1,1
19,4,p2f,61,future_known,1,1,0.10461237831082652,0,0
19,4,p2f,61,future_known,2,1,0.9980670720648098,1,1
19,4,p2f,61,future_known,3,1,0.9878899315000775,1,1
19,4,p2f,61,future_known,4,1,0.9156592614405419,1,1
19,4,p2f,61,future_known,5,1,0.9939675110581018,1,1
19,4,p2f,62,future_known,0,1,0.9986568396007488,1,1
19,4,p2f,62,future_known,1,1,0.9991388553619845,1,1
19,4,p2f,62,future_known,2,1,0.7044464956021916,1,1
19,4,p2f,62,future_known,3,1,0.7032587555353441,1,1
19,4,p2f,62,future_known,4,1,0.9935163890063159,1,1
19,4,p2f,62,future_known,5,1,0.901660822835804,1,1
19,4,p2f,63,future_known,0,1,0.5854276052122085,1,1
19,4,p2f,63,future_known,1,1,0.026150744622931297,0,0
19,4,p2f,63,future_known,2,1,0.014536669016406297,0,0
19,4,p2f,63,future_known,3,1,0.18649176742185786,0,0
19,4,p2f,63,future_known,4,1,0.3423726411414193,0,0
19,4,p2f,63,future_known,5,1,0.6141659060869474,1,1
19,4,p2f,64,future_known,0,1,0.9853949731685181,1,1
19,4,p2f,64,future_known,1,1,0.9280735290522639,1,1
19,4,p2f,64,future_known,2,1,0.8437760364825042,1,1
19,4,p2f,64,future_known,3,1,0.3605474730616965,0,0
19,4,p2f,64,future_known,4,1,0.7135666584659799,1,1
19,4,p2f,64,future_known,5,1,0.8761060746882037,1,1
19,4,p2f,65,future_known,0,1,0.6672991246744322,1,1
19,4,p2f,65,future_known,1,1,0.03846455181661991,0,0
19,4,p2f,65,future_known,2,1,0.964842897307471,1,1
19,4,p2f,65,future_known,3,1,0.8723725413414497,1,1
19,4,p2f,65,future_known,4,1,0.047100596061462136,0,0
19,4,p2f,65,future_known,5,1,0.008252621684680078,0,0
19,4,p2f,66,future_known,0,1,0.7199940462733674,1,1
19,4,p2f,66,future_known,1,1,0.15098830461594306,0,0
19,4,p2f,66,future_known,2,1,0.004780776889925667,0,0
19,4,p2f,66,future_known,3,1,0.9761406393330626,1,1
19,4,p2f,66,future_known,4,1,0.015088445858234212,0,0
19,4,p2f,66,future_known,5,1,0.9142211702656607,1,1
19,4,p2f,67,future_known,0,1,0.991501135706095,1,1
19,4,p2f,67,future_known,1,1,0.9968166395391221,1,1
19,4,p2f,67,future_known,2,1,0.9963368360762399,1,1
19,4,p2f,67,future_known,3,1,0.9993763620223263,1,1
19,4,p2f,67,future_known,4,1,0.9996697871410476,1,1
19,4,p2f,67,future_known,5,1,0.25549927511538534,0,0
19,4,p2f,68,future_known,0,1,0.6816473920100184,1,1
19,4,p2f,68,future_known,1,1,0.9994090178850781,1,1
19,4,p2f,68,future_known,2,1,0.9516377001278705,1,1
19,4,p2f,68,future_known,3,1,0.2800956102487402,0,0
19,4,p2f,68,future_known,4,1,0.9998100558122065,1,1
19,4,p2f,68,future_known,5,1,0.6485572742947285,1,1
19,4,p2f,69,future_known,0,1,0.9892032442148464,1,1
19,4,p2f,69,future_known,1,1,0.9874691396663496,1,1
19,4,p2f,69,future_known,2,1,0.7937870560869289,1,1
19,4,p2f,69,future_known,3,1,0.9968377967624277,1,1
19,4,p2f,69,future_known,4,1,0.7886129805338976,1,1
19,4,p2f,69,future_known,5,1,0.9909806214194546,1,1
19,4,p2f,70,future_known,0,1,0.8425584635076777,1,1
19,4,p2f,70,future_known,1,1,0.0007147951339731764,0,0
19,4,p2f,70,future_known,2,1,0.00478864620778598,0,0
19,4,p2f,70,future_known,3,1,0.15082842100580332,0,0
19,4,p2f,70,future_known,4,1,0.007954846401950067,0,0
19,4,p2f,70,future_known,5,1,0.18551197910402417,0,0
19,4,p2f,71,future_known,0,1,0.9978707669927521,1,1
19,4,p2f,71,future_known,1,1,0.999549045269757,1,1
19,4,p2f,71,future_known,2,1,0.9815533195018784,1,1
19,4,p2f,71,future_known,3,1,0.9983513907899715,1,1
19,4,p2f,71,future_known,4,1,0.9998717445732569,1,1
19,4,p2f,71,future_known,5,1,0.9034461694721432,1,1
19,4,p2f,72,future_known,0,1,0.9694237053666229,1,1
19,4,p2f,72,future_known,1,1,0.48665591501626765,0,0
19,4,p2f,72,future_known,2,1,0.9034610890609194,1,1
19,4,p2f,72,future_known,3,1,0.9802872648389566,1,1
19,4,p2f,72,future_known,4,1,0.5863164348085128,1,1
19,4,p2f,72,future_known,5,1,0.9988449540086369,1,1
19,4,p2f,73,future_known,0,1,0.991231007601072,1,1
19,4,p2f,73,future_known,1,1,0.03126607029049285,0,0
19,4,p2f,73,future_known,2,1,0.02338712971718581,0,0
19,4,p2f,73,future_known,3,1,0.07659467604034356,0,0
19,4,p2f,73,future_known,4,1,0.0023814086900739886,0,0
19,4,p2f,73,future_known,5,1,0.10581145210537987,0,0
19,4,p2f,74,future_known,0,1,0.998861192720545,1,1
19,4,p2f,74,future_known,1,1,0.9946951104246455,1,1
19,4,p2f,74,future_known,2,1,0.9941275543200316,1,1
19,4,p2f,74,future_known,3,1,0.9499113286743275,1,1
19,4,p2f,74,future_known,4,1,0.9993653300176475,1,1
19,4,p2f,74,future_known,5,1,0.8371779467620831,1,1
19,4,p2f,75,future_unknown,0,0,0.06161393416993813,0,1
19,4,p2f,75,future_unknown,1,0,0.05399575298634651,0,1
19,4,p2f,75,future_unknown,2,0,0.06977594848379445,0,1
19,4,p2f,75,future_unknown,3,0,0.0009966711943465618,0,1
19,4,p2f,75,future_unknown,4,0,0.034397500883107425,0,1
19,4,p2f,75,future_unknown,5,0,0.2810352249411834,0,1
19,4,p2f,76,future_unknown,0,0,3.4356906100549136e-06,0,1
19,4,p2f,76,future_unknown,1,0,1.3599839785541874e-06,0,1
19,4,p2f,76,future_unknown,2,0,3.212152560235143e-06,0,1
19,4,p2f,76,future_unknown,3,0,0.00010729701215878299,0,1
19,4,p2f,76,future_unknown,4,0,1.6313539887400107e-07,0,1
19,4,p2f,76,future_unknown,5,0,2.1742406264172157e-08,0,1
19,4,p2f,77,future_unknown,0,0,6.294720666606178e-08,0,1
19,4,p2f,77,future_unknown,1,0,1.2665121957000275e-08,0,1
19,4,p2f,77,future_unknown,2,0,6.95781478276673e-08,0,1
19,4,p2f,77,future_unknown,3,0,6.348299419336789e-07,0,1
19,4,p2f,77,future_unknown,4,0,9.27150678860882e-10,0,1
19,4,p2f,77,future_unknown,5,0,1.1202456271052198e-06,0,1
19,4,p2f,78,future_unknown,0,0,0.0004834064034678446,0,1
19,4,p2f,78,future_unknown,1,0,0.0001706930056586266,0,1
19,4,p2f,78,future_unknown,2,0,0.00018459151945023465,0,1
19,4,p2f,78,future_unknown,3,0,2.8223511336489874e-05,0,1
19,4,p2f,78,future_unknown,4,0,5.398195163735797e-05,0,1
19,4,p2f,78,future_unknown,5,0,0.0008212907688561246,0,1
19,4,p2f,79,future_unknown,0,0,0.007712159787280988,0,1
19,4,p2f,79,future_unknown,1,0,0.00027364020603098905,0,1
19,4,p2f,79,future_unknown,2,0,6.0339200764068686e-05,0,1
19,4,p2f,79,future_unknown,3,0,0.0013848698519364116,0,1
19,4,p2f,79,future_unknown,4,0,0.0023825578867896096,0,1
19,4,p2f,79,future_unknown,5,0,0.0005582731062441781,0,1
19,4,p2f,80,future_unknown,0,0,0.003045218240727008,0,1
19,4,p2f,80,future_unknown,1,0,0.5295608667585,1,0
19,4,p2f,80,future_unknown,2,0,0.008482099472052243,0,1
19,4,p2f,80,future_unknown,3,0,0.1933054729861829,0,1
19,4,p2f,80,future_unknown,4,0,0.0026214363437800075,0,1
19,4,p2f,80,future_unknown,5,0,0.005995180436032483,0,1
19,4,p2f,81,future_unknown,0,0,4.806974720208793e-08,0,1
19,4,p2f,81,future_unknown,1,0,9.364897439455339e-08,0,1
19,4,p2f,81,future_unknown,2,0,8.3566011446143e-09,0,1
19,4,p2f,81,future_unknown,3,0,1.1447115757458835e-07,0,1
19,4,p2f,81,future_unknown,4,0,5.141464974994437e-07,0,1
19,4,p2f,81,future_unknown,5,0,1.641577317521582e-07,0,1
19,4,p2f,82,future_unknown,0,0,0.0007073560580153072,0,1
19,4,p2f,82,future_unknown,1,0,5.952273519777956e-07,0,1
19,4,p2f,82,future_unknown,2,0,1.8095979968912345e-05,0,1
19,4,p2f,82,future_unknown,3,0,3.428720914291638e-05,0,1
19,4,p2f,82,future_unknown,4,0,4.162198038665405e-05,0,1
19,4,p2f,82,future_unknown,5,0,1.068847007432467e-05,0,1
19,4,p2f,83,future_unknown,0,0,0.0021938498620202728,0,1
19,4,p2f,83,future_unknown,1,0,0.003854988417992592,0,1
19,4,p2f,83,future_unknown,2,0,0.11808889657004536,0,1
19,4,p2f,83,future_unknown,3,0,0.008114088884203981,0,1
19,4,p2f,83,future_unknown,4,0,0.016561216046066106,0,1
19,4,p2f,83,future_unknown,5,0,0.0019269750869144004,0,1
19,4,p2f,84,future_unknown,0,0,3.4837916869338826e-05,0,1
19,4,p2f,84,future_unknown,1,0,2.7755341831243332e-05,0,1
19,4,p2f,84,future_unknown,2,0,5.377984481863527e-05,0,1
19,4,p2f,84,future_unknown,3,0,4.527272721014659e-06,0,1
19,4,p2f,84,future_unknown,4,0,1.836757965106274e-06,0,1
19,4,p2f,84,future_unknown,5,0,7.879104498765616e-05,0,1
19,4,p2f,85,future_unknown,0,0,0.0002317378749457827,0,1
19,4,p2f,85,future_unknown,1,0,0.0005703078701673552,0,1
19,4,p2f,85,future_unknown,2,0,0.005030570445450809,0,1
19,4,p2f,85,future_unknown,3,0,0.033751221667892656,0,1
19,4,p2f,85,future_unknown,4,0,0.002924285950778477,0,1
19,4,p2f,85,future_unknown,5,0,0.0005811773937720642,0,1
19,4,p2f,86,future_unknown,0,0,0.002147701578376537,0,1
19,4,p2f,86,future_unknown,1,0,7.1608172413747124e-06,0,1
19,4,p2f,86,future_unknown,2,0,0.00040169913316325136,0,1
19,4,p2f,86,future_unknown,3,0,4.920159500758477e-05,0,1
19,4,p2f,86,future_unknown,4,0,0.0006890778015898046,0,1
19,4,p2f,86,future_unknown,5,0,0.0006542435784646909,0,1
19,4,p2f,87,future_unknown,0,0,0.00023745437129301354,0,1
19,4,p2f,87,future_unknown,1,0,5.050301674322478e-05,0,1
19,4,p2f,87,future_unknown,2,0,0.0005128452154785558,0,1
19,4,p2f,87,future_unknown,3,0,0.0015144061066784972,0,1
19,4,p2f,87,future_unknown,4,0,0.00046166940193966406,0,1
19,4,p2f,87,future_unknown,5,0,7.888278547744379e-06,0,1
19,4,p2f,88,future_unknown,0,0,0.0004654674815815921,0,1
19,4,p2f,88,future_unknown,1,0,0.05382174300275115,0,1
19,4,p2f,88,future_unknown,2,0,0.00031456537182649217,0,1
19,4,p2f,88,future_unknown,3,0,0.004687569620991498,0,1
19,4,p2f,88,future_unknown,4,0,0.03101861689404135,0,1
19,4,p2f,88,future_unknown,5,0,0.0007997078413101643,0,1
19,4,p2f,89,future_unknown,0,0,4.86068930949105e-06,0,1
19,4,p2f,89,future_unknown,1,0,5.415882225096436e-07,0,1
19,4,p2f,89,future_unknown,2,0,1.6598566282093107e-06,0,1
19,4,p2f,89,future_unknown,3,0,6.291982161318917e-07,0,1
19,4,p2f,89,future_unknown,4,0,2.9148483793599165e-06,0,1
19,4,p2f,89,future_unknown,5,0,4.4566883627260284e-07,0,1
19,4,p2f,90,future_unknown,0,0,0.9175540437209156,1,0
19,4,p2f,90,future_unknown,1,0,0.9997190443375356,1,0
19,4,p2f,90,future_unknown,2,0,0.9733477783373301,1,0
19,4,p2f,90,future_unknown,3,0,0.996091967355835,1,0
19,4,p2f,90,future_unknown,4,0,0.9881414633590857,1,0
19,4,p2f,90,future_unknown,5,0,0.7992532159118272,1,0
19,4,p2f,91,future_unknown,0,0,0.000200321328440335,0,1
19,4,p2f,91,future_unknown,1,0,8.46969403683785e-05,0,1
19,4,p2f,91,future_unknown,2,0,1.3557638208652564e-05,0,1
19,4,p2f,91,future_unknown,3,0,5.0889009579463775e-05,0,1
19,4,p2f,91,future_unknown,4,0,1.2633234816303064e-07,0,1
19,4,p2f,91,future_unknown,5,0,0.0002175229690279257,0,1
19,4,p2f,92,future_unknown,0,0,1.9178846421132403e-08,0,1
19,4,p2f,92,future_unknown,1,0,3.223344622234182e-10,0,1
19,4,p2f,92,future_unknown,2,0,4.004914953690931e-07,0,1
19,4,p2f,92,future_unknown,3,0,0.0011151266934699788,0,1
19,4,p2f,92,future_unknown,4,0,1.469447320082269e-06,0,1
19,4,p2f,92,future_unknown,5,0,2.164688818156118e-09,0,1
19,4,p2f,93,future_unknown,0,0,0.002717678073804228,0,1
19,4,p2f,93,future_unknown,1,0,8.395150879178581e-07,0,1
19,4,p2f,93,future_unknown,2,0,5.201241642004167e-06,0,1
19,4,p2f,93,future_unknown,3,0,5.201241642004167e-06,0,1
19,4,p2f,93,future_unknown,4,0,1.8030056132629231e-06,0,1
19,4,p2f,93,future_unknown,5,0,1.2421041177371463e-07,0,1
19,4,p2f,94,future_unknown,0,0,0.014991936469366139,0,1
19,4,p2f,94,future_unknown,1,0,0.00048106506625750456,0,1
19,4,p2f,94,future_unknown,2,0,0.0012148565509599904,0,1
19,4,p2f,94,future_unknown,3,0,0.0026375207603300302,0,1
19,4,p2f,94,future_unknown,4,0,0.0027267321930964155,0,1
19,4,p2f,94,future_unknown,5,0,0.006510161788991996,0,1
19,4,p2f,95,future_unknown,0,0,5.367363025760483e-07,0,1
19,4,p2f,95,future_unknown,1,0,8.658135091898068e-08,0,1
19,4,p2f,95,future_unknown,2,0,6.794188493894967e-06,0,1
19,4,p2f,95,future_unknown,3,0,1.7824225147988837e-07,0,1
19,4,p2f,95,future_unknown,4,0,1.2438306666806355e-07,0,1
19,4,p2f,95,future_unknown,5,0,1.0497435346161242e-06,0,1
19,4,p2f,96,future_unknown,0,0,0.011642903912968332,0,1
19,4,p2f,96,future_unknown,1,0,0.0031571090870458666,0,1
19,4,p2f,96,future_unknown,2,0,0.03551648281719277,0,1
19,4,p2f,96,future_unknown,3,0,0.0002163625520882839,0,1
19,4,p2f,96,future_unknown,4,0,0.0002368101911943086,0,1
19,4,p2f,96,future_unknown,5,0,0.04528251887190107,0,1
19,4,p2f,97,future_unknown,0,0,0.023878946020424136,0,1
19,4,p2f,97,future_unknown,1,0,0.016475921334497885,0,1
19,4,p2f,97,future_unknown,2,0,6.681706447439213e-05,0,1
19,4,p2f,97,future_unknown,3,0,0.002025726859027813,0,1
19,4,p2f,97,future_unknown,4,0,0.07928227405614281,0,1
19,4,p2f,97,future_unknown,5,0,0.02882234886493753,0,1
19,4,p2f,98,future_unknown,0,0,3.3935517711972564e-07,0,1
19,4,p2f,98,future_unknown,1,0,1.2113586127990525e-08,0,1
19,4,p2f,98,future_unknown,2,0,8.725865068079417e-07,0,1
19,4,p2f,98,future_unknown,3,0,5.947147602424406e-05,0,1
19,4,p2f,98,future_unknown,4,0,1.878457214607396e-08,0,1
19,4,p2f,98,future_unknown,5,0,1.5012555105020218e-08,0,1
19,4,p2f,99,future_unknown,0,0,0.3307210277531261,0,1
19,4,p2f,99,future_unknown,1,0,0.06332843711105823,0,1
19,4,p2f,99,future_unknown,2,0,0.36999338924243796,0,1
19,4,p2f,99,future_unknown,3,0,0.5477375580285465,1,0
19,4,p2f,99,future_unknown,4,0,0.10807182320823443,0,1
19,4,p2f,99,future_unknown,5,0,0.020326251578096147,0,1
19,4,f2p,0,past_known,0,1,0.026672547059420317,0,0
19,4,f2p,0,past_known,1,1,5.155854517752054e-06,0,0
19,4,f2p,0,past_known,2,1,3.23411973266588e-06,0,0
19,4,f2p,0,past_known,3,1,6.112998406356233e-05,0,0
19,4,f2p,0,past_known,4,1,1.857331691781876e-06,0,0
19,4,f2p,0,past_known,5,1,7.480609754190363e-07,0,0
19,4,f2p,1,past_known,0,1,0.04156538943619695,0,0
19,4,f2p,1,past_known,1,1,0.009207015373435552,0,0
19,4,f2p,1,past_known,2,1,0.031238512074966925,0,0
19,4,f2p,1,past_known,3,1,9.604958695380525e-05,0,0
19,4,f2p,1,past_known,4,1,0.027169007817406877,0,0
19,4,f2p,1,past_known,5,1,0.020463218629330385,0,0
19,4,f2p,2,past_known,0,1,1.2395144956462724e-05,0,0
19,4,f2p,2,past_known,1,1,0.0017724763187620051,0,0
19,4,f2p,2,past_known,2,1,0.007313970646949587,0,0
19,4,f2p,2,past_known,3,1,6.749854423475421e-05,0,0
19,4,f2p,2,past_known,4,1,1.8164005676741393e-05,0,0
19,4,f2p,2,past_known,5,1,7.054281684015795e-07,0,0
19,4,f2p,3,past_known,0,1,2.9438254139694915e-07,0,0
19,4,f2p,3,past_known,1,1,6.225249985489183e-09,0,0
19,4,f2p,3,past_known,2,1,0.0005677482262423971,0,0
19,4,f2p,3,past_known,3,1,0.0001116389365270201,0,0
19,4,f2p,3,past_known,4,1,1.3693286703018768e-06,0,0
19,4,f2p,3,past_known,5,1,0.001291801541775222,0,0
19,4,f2p,4,past_known,0,1,0.4765264586104642,0,0
19,4,f2p,4,past_known,1,1,0.0001207749333771108,0,0
19,4,f2p,4,past_known,2,1,2.149066118727423e-06,0,0
19,4,f2p,4,past_known,3,1,1.1447940192700142e-05,0,0
19,4,f2p,4,past_known,4,1,0.31481382366246186,0,0
19,4,f2p,4,past_known,5,1,3.969801343563755e-07,0,0
19,4,f2p,5,past_known,0,1,0.005735165501435348,0,0
19,4,f2p,5,past_known,1,1,0.003466134948082877,0,0
19,4,f2p,5,past_known,2,1,0.05284861868177036,0,0
19,4,f2p,5,past_known,3,1,0.9254575124843692,1,1
19,4,f2p,5,past_known,4,1,0.9999751440282403,1,1
19,4,f2p,5,past_known,5,1,0.028627460581339033,0,0
19,4,f2p,6,past_known,0,1,0.7994274653322717,1,1
19,4,f2p,6,past_known,1,1,0.9939308073708746,1,1
19,4,f2p,6,past_known,2,1,0.9674403199366686,1,1
19,4,f2p,6,past_known,3,1,0.9206676280806114,1,1
19,4,f2p,6,past_known,4,1,0.9157547268331027,1,1
19,4,f2p,6,past_known,5,1,0.9755642454931311,1,1
19,4,f2p,7,past_known,0,1,0.0005408310973008333,0,0
19,4,f2p,7,past_known,1,1,0.012980032992408658,0,0
19,4,f2p,7,past_known,2,1,6.7359215851135516e-06,0,0
19,4,f2p,7,past_known,3,1,0.0003378560609581344,0,0
19,4,f2p,7,past_known,4,1,1.690479626569272e-05,0,0
19,4,f2p,7,past_known,5,1,2.4669795759130934e-06,0,0
19,4,f2p,8,past_known,0,1,0.9938277801464072,1,1
19,4,f2p,8,past_known,1,1,0.0003084571123797967,0,0
19,4,f2p,8,past_known,2,1,0.13022450165264035,0,0
19,4,f2p,8,past_known,3,1,0.8388407265968294,1,1
19,4,f2p,8,past_known,4,1,9.024445396608313e-09,0,0
19,4,f2p,8,past_known,5,1,0.4423396011275701,0,0
19,4,f2p,9,past_known,0,1,0.4869628456824177,0,0
19,4,f2p,9,past_known,1,1,0.9895787315688443,1,1
19,4,f2p,9,past_known,2,1,0.19680215102936371,0,0
19,4,f2p,9,past_known,3,1,0.996613987525308,1,1
19,4,f2p,9,past_known,4,1,0.9896600712228066,1,1
19,4,f2p,9,past_known,5,1,0.038418723057791676,0,0
19,4,f2p,10,past_known,0,1,0.9892081380998784,1,1
19,4,f2p,10,past_known,1,1,0.15280281267392487,0,0
19,4,f2p,10,past_known,2,1,0.9125498523968669,1,1
19,4,f2p,10,past_known,3,1,0.008529266681700554,0,0
19,4,f2p,10,past_known,4,1,0.933544056253309,1,1
19,4,f2p,10,past_known,5,1,0.20287071167086698,0,0
19,4,f2p,11,past_known,0,1,1.0382767170874958e-05,0,0
19,4,f2p,11,past_known,1,1,0.0010030140430685387,0,0
19,4,f2p,11,past_known,2,1,2.8973707104217625e-06,0,0
19,4,f2p,11,past_known,3,1,5.962773862941088e-06,0,0
19,4,f2p,11,past_known,4,1,0.45235452383040586,0,0
19,4,f2p,11,past_known,5,1,0.10062733517385439,0,0
19,4,f2p,12,past_known,0,1,0.002083465820062757,0,0
19,4,f2p,12,past_known,1,1,0.0004259578208789374,0,0
19,4,f2p,12,past_known,2,1,0.030790195663672654,0,0
19,4,f2p,12,past_known,3,1,0.0012799771049100451,0,0
19,4,f2p,12,past_known,4,1,2.130722794389505e-07,0,0
19,4,f2p,12,past_known,5,1,0.009037315122623272,0,0
19,4,f2p,13,past_known,0,1,0.992760849948827,1,1
19,4,f2p,13,past_known,1,1,0.9998100398112492,1,1
19,4,f2p,13,past_known,2,1,0.9997732012329021,1,1
19,4,f2p,13,past_known,3,1,0.9972695881586338,1,1
19,4,f2p,13,past_known,4,1,0.9999278626540063,1,1
19,4,f2p,13,past_known,5,1,0.9999050790298791,1,1
19,4,f2p,14,past_known,0,1,0.053171339693757785,0,0
19,4,f2p,14,past_known,1,1,0.5267219341233469,1,1
19,4,f2p,14,past_known,2,1,0.00044439034027663144,0,0
19,4,f2p,14,past_known,3,1,1.069417669226311e-06,0,0
19,4,f2p,14,past_known,4,1,8.16444835634307e-07,0,0
19,4,f2p,14,past_known,5,1,0.08814409864777295,0,0
19,4,f2p,15,past_known,0,1,0.01031432734048677,0,0
19,4,f2p,15,past_known,1,1,0.942876613034231,1,1
19,4,f2p,15,past_known,2,1,0.006166732904083495,0,0
19,4,f2p,15,past_known,3,1,0.09368565940597727,0,0
19,4,f2p,15,past_known,4,1,0.02394834092769866,0,0
19,4,f2p,15,past_known,5,1,0.9859088841602133,1,1
19,4,f2p,16,past_known,0,1,0.9994124520845893,1,1
19,4,f2p,16,past_known,1,1,0.9999732422750196,1,1
19,4,f2p,16,past_known,2,1,0.9999892747384844,1,1
19,4,f2p,16,past_known,3,1,0.9998268780085323,1,1
19,4,f2p,16,past_known,4,1,0.9997437184438237,1,1
19,4,f2p,16,past_known,5,1,0.9998190706984572,1,1
19,4,f2p,17,past_known,0,1,0.0021700955569674955,0,0
19,4,f2p,17,past_known,1,1,0.0007493166146050985,0,0
19,4,f2p,17,past_known,2,1,0.00016313824222518211,0,0
19,4,f2p,17,past_known,3,1,7.786450017008066e-06,0,0
19,4,f2p,17,past_known,4,1,5.7521225547212916e-06,0,0
19,4,f2p,17,past_known,5,1,0.0007809463038740457,0,0
19,4,f2p,18,past_known,0,1,0.293761021865624,0,0
19,4,f2p,18,past_known,1,1,0.014682716257639962,0,0
19,4,f2p,18,past_known,2,1,0.029372431555068104,0,0
19,4,f2p,18,past_known,3,1,0.0919200426623034,0,0
19,4,f2p,18,past_known,4,1,0.005689997215725131,0,0
19,4,f2p,18,past_known,5,1,3.1459373269943124e-05,0,0
19,4,f2p,19,past_known,0,1,0.9957562833892207,1,1
19,4,f2p,19,past_known,1,1,0.9021942920867239,1,1
19,4,f2p,19,past_known,2,1,0.9785261256899881,1,1
19,4,f2p,19,past_known,3,1,0.9989300393711079,1,1
19,4,f2p,19,past_known,4,1,0.3182407289917041,0,0
19,4,f2p,19,past_known,5,1,0.0018420562740633219,0,0
19,4,f2p,20,past_known,0,1,0.21444419567699777,0,0
19,4,f2p,20,past_known,1,1,3.67292222245421e-05,0,0
19,4,f2p,20,past_known,2,1,0.9775305260358728,1,1
19,4,f2p,20,past_known,3,1,3.0957505907786966e-07,0,0
19,4,f2p,20,past_known,4,1,7.555883728624363e-05,0,0
19,4,f2p,20,past_known,5,1,0.0005750335608500747,0,0
19,4,f2p,21,past_known,0,1,0.08754316197051668,0,0
19,4,f2p,21,past_known,1,1,8.736905127511523e-10,0,0
19,4,f2p,21,past_known,2,1,0.022159183459591503,0,0
19,4,f2p,21,past_known,3,1,4.646610867143701e-08,0,0
19,4,f2p,21,past_known,4,1,5.105675067466294e-05,0,0
19,4,f2p,21,past_known,5,1,1.4702501382425659e-12,0,0
19,4,f2p,22,past_known,0,1,0.45029243515182965,0,0
19,4,f2p,22,past_known,1,1,0.051992841155811424,0,0
19,4,f2p,22,past_known,2,1,2.9773348511008965e-08,0,0
19,4,f2p,22,past_known,3,1,0.7067724926953284,1,1
19,4,f2p,22,past_known,4,1,2.7041652947865196e-06,0,0
19,4,f2p,22,past_known,5,1,0.00011596210740434139,0,0
19,4,f2p,23,past_known,0,1,0.010507512513476322,0,0
19,4,f2p,23,past_known,1,1,0.8519171365824063,1,1
19,4,f2p,23,past_known,2,1,0.7852439949456737,1,1
19,4,f2p,23,past_known,3,1,0.025109825542712624,0,0
19,4,f2p,23,past_known,4,1,0.023749316181335977,0,0
19,4,f2p,23,past_known,5,1,0.927721666573569,1,1
19,4,f2p,24,past_known,0,1,0.2612205449634632,0,0
19,4,f2p,24,past_known,1,1,0.028982540845006583,0,0
19,4,f2p,24,past_known,2,1,0.3282102707533397,0,0
19,4,f2p,24,past_known,3,1,0.976111410539208,1,1
19,4,f2p,24,past_known,4,1,0.7831339334518329,1,1
19,4,f2p,24,past_known,5,1,0.9971461439556711,1,1
19,4,f2p,25,past_unknown,0,0,0.0005383955625939233,0,1
19,4,f2p,25,past_unknown,1,0,0.0009159694943573822,0,1
19,4,f2p,25,past_unknown,2,0,0.9717767071047738,1,0
19,4,f2p,25,past_unknown,3,0,0.0005424745362054181,0,1
19,4,f2p,25,past_unknown,4,0,2.4685286361870128e-05,0,1
19,4,f2p,25,past_unknown,5,0,0.0010965850885915603,0,1
19,4,f2p,26,past_unknown,0,0,0.0014296256452318503,0,1
19,4,f2p,26,past_unknown,1,0,0.01703480594452233,0,1
19,4,f2p,26,past_unknown,2,0,2.8735310114367705e-06,0,1
19,4,f2p,26,past_unknown,3,0,0.005396092589696915,0,1
19,4,f2p,26,past_unknown,4,0,1.2148388337023946e-05,0,1
19,4,f2p,26,past_unknown,5,0,0.00024428128946380666,0,1
19,4,f2p,27,past_unknown,0,0,1.0036253404965816e-10,0,1
19,4,f2p,27,past_unknown,1,0,4.510284945199237e-09,0,1
19,4,f2p,27,past_unknown,2,0,3.0596946539944503e-09,0,1
19,4,f2p,27,past_unknown,3,0,6.386911536475665e-11,0,1
19,4,f2p,27,past_unknown,4,0,1.8602818163985822e-07,0,1
19,4,f2p,27,past_unknown,5,0,0.0011367332028424065,0,1
19,4,f2p,28,past_unknown,0,0,0.9999484087860818,1,0
19,4,f2p,28,past_unknown,1,0,6.60287570777438e-05,0,1
19,4,f2p,28,past_unknown,2,0,0.000350537822237735,0,1
19,4,f2p,28,past_unknown,3,0,0.555794600390602,1,0
19,4,f2p,28,past_unknown,4,0,0.9969181853395201,1,0
19,4,f2p,28,past_unknown,5,0,5.735121025494361e-06,0,1
19,4,f2p,29,past_unknown,0,0,6.334093845229236e-07,0,1
19,4,f2p,29,past_unknown,1,0,1.625986083293056e-07,0,1
19,4,f2p,29,past_unknown,2,0,0.00010052490196048043,0,1
19,4,f2p,29,past_unknown,3,0,0.0006599881294299939,0,1
19,4,f2p,29,past_unknown,4,0,9.660177389595161e-05,0,1
19,4,f2p,29,past_unknown,5,0,0.0002715020395762784,0,1
19,4,f2p,30,past_unknown,0,0,4.62967064924206e-05,0,1
19,4,f2p,30,past_unknown,1,0,2.606804600080621e-07,0,1
19,4,f2p,30,past_unknown,2,0,0.00013338470524450302,0,1
19,4,f2p,30,past_unknown,3,0,0.0005070000953470899,0,1
19,4,f2p,30,past_unknown,4,0,7.05976038898345e-05,0,1
19,4,f2p,30,past_unknown,5,0,0.0031249621836856685,0,1
19,4,f2p,31,past_unknown,0,0,0.037071823573301466,0,1
19,4,f2p,31,past_unknown,1,0,1.1463122993579278e-05,0,1
19,4,f2p,31,past_unknown,2,0,1.2962520723930876e-05,0,1
19,4,f2p,31,past_unknown,3,0,1.3294632391007812e-05,0,1
19,4,f2p,31,past_unknown,4,0,0.07892017727986328,0,1
19,4,f2p,31,past_unknown,5,0,0.006283914970725667,0,1
19,4,f2p,32,past_unknown,0,0,2.0800847353111297e-08,0,1
19,4,f2p,32,past_unknown,1,0,2.306513803844731e-12,0,1
19,4,f2p,32,past_unknown,2,0,9.293153308955061e-07,0,1
19,4,f2p,32,past_unknown,3,0,1.7501657126949985e-07,0,1
19,4,f2p,32,past_unknown,4,0,1.8464535226924617e-06,0,1
19,4,f2p,32,past_unknown,5,0,6.7504658341066564e-09,0,1
19,4,f2p,33,past_unknown,0,0,0.610612074553733,1,0
19,4,f2p,33,past_unknown,1,0,0.9521848025938705,1,0
19,4,f2p,33,past_unknown,2,0,1.0864174496148174e-05,0,1
19,4,f2p,33,past_unknown,3,0,0.09103422725825663,0,1
19,4,f2p,33,past_unknown,4,0,0.9760212950327165,1,0
19,4,f2p,33,past_unknown,5,0,0.0003353593261887606,0,1
19,4,f2p,34,past_unknown,0,0,4.5819171209303817e-07,0,1
19,4,f2p,34,past_unknown,1,0,1.0152806780435519e-08,0,1
19,4,f2p,34,past_unknown,2,0,1.4418412035672427e-07,0,1
19,4,f2p,34,past_unknown,3,0,7.02780475079205e-07,0,1
19,4,f2p,34,past_unknown,4,0,9.031570442378178e-05,0,1
19,4,f2p,34,past_unknown,5,0,8.050640280501469e-07,0,1
19,4,f2p,35,past_unknown,0,0,4.534961851293843e-05,0,1
19,4,f2p,35,past_unknown,1,0,7.041297274616501e-08,0,1
19,4,f2p,35,past_unknown,2,0,0.0014329120257900998,0,1
19,4,f2p,35,past_unknown,3,0,2.6168672757327983e-07,0,1
19,4,f2p,35,past_unknown,4,0,1.1320410975219064e-06,0,1
19,4,f2p,35,past_unknown,5,0,3.059393648615981e-05,0,1
19,4,f2p,36,past_unknown,0,0,8.889196212124093e-05,0,1
19,4,f2p,36,past_unknown,1,0,0.005124806549581574,0,1
19,4,f2p,36,past_unknown,2,0,0.03387251069611795,0,1
19,4,f2p,36,past_unknown,3,0,0.03805280877365328,0,1
19,4,f2p,36,past_unknown,4,0,0.0011798893203787974,0,1
19,4,f2p,36,past_unknown,5,0,1.2245960207316879e-05,0,1
19,4,f2p,37,past_unknown,0,0,1.3731364258617283e-07,0,1
19,4,f2p,37,past_unknown,1,0,1.336388283578665e-06,0,1
19,4,f2p,37,past_unknown,2,0,3.5866898401054444e-08,0,1
19,4,f2p,37,past_unknown,3,0,5.561400956894184e-06,0,1
19,4,f2p,37,past_unknown,4,0,6.922906641189472e-10,0,1
19,4,f2p,37,past_unknown,5,0,2.9485116388328944e-08,0,1
19,4,f2p,38,past_unknown,0,0,3.0869344481496403e-06,0,1
19,4,f2p,38,past_unknown,1,0,1.5479333941254715e-07,0,1
19,4,f2p,38,past_unknown,2,0,2.8313953829331848e-05,0,1
19,4,f2p,38,past_unknown,3,0,1.1144510947425191e-07,0,1
19,4,f2p,38,past_unknown,4,0,2.3048142515957872e-07,0,1
19,4,f2p,38,past_unknown,5,0,2.9785813201890365e-05,0,1
19,4,f2p,39,past_unknown,0,0,4.327408120687158e-06,0,1
19,4,f2p,39,past_unknown,1,0,8.63096900873364e-09,0,1
19,4,f2p,39,past_unknown,2,0,2.8119943063396405e-06,0,1
19,4,f2p,39,past_unknown,3,0,4.613776267313217e-07,0,1
19,4,f2p,39,past_unknown,4,0,1.6983266572787117e-08,0,1
19,4,f2p,39,past_unknown,5,0,1.1950010454856512e-07,0,1
19,4,f2p,40,past_unknown,0,0,8.33557132186128e-09,0,1
19,4,f2p,40,past_unknown,1,0,9.210578369365004e-08,0,1
19,4,f2p,40,past_unknown,2,0,2.129864195597915e-07,0,1
19,4,f2p,40,past_unknown,3,0,0.0006209128748123735,0,1
19,4,f2p,40,past_unknown,4,0,2.003538967631132e-09,0,1
19,4,f2p,40,past_unknown,5,0,0.0009939279527661085,0,1
19,4,f2p,41,past_unknown,0,0,7.511018658741105e-05,0,1
19,4,f2p,41,past_unknown,1,0,1.6114462403690508e-05,0,1
19,4,f2p,41,past_unknown,2,0,9.107374648801715e-07,0,1
19,4,f2p,41,past_unknown,3,0,0.0003889673825631096,0,1
19,4,f2p,41,past_unknown,4,0,3.088133827282191e-08,0,1
19,4,f2p,41,past_unknown,5,0,3.032703065633572e-06,0,1
19,4,f2p,42,past_unknown,0,0,0.00023122947208027107,0,1
19,4,f2p,42,past_unknown,1,0,4.777629302347795e-06,0,1
19,4,f2p,42,past_unknown,2,0,6.640355795614971e-06,0,1
19,4,f2p,42,past_unknown,3,0,0.00016243559210294252,0,1
19,4,f2p,42,past_unknown,4,0,7.886829615264129e-05,0,1
19,4,f2p,42,past_unknown,5,0,2.5936217351203403e-06,0,1
19,4,f2p,43,past_unknown,0,0,0.5517992405012052,1,0
19,4,f2p,43,past_unknown,1,0,3.2449829856869618e-06,0,1
19,4,f2p,43,past_unknown,2,0,0.09838538089659615,0,1
19,4,f2p,43,past_unknown,3,0,0.05268363488314476,0,1
19,4,f2p,43,past_unknown,4,0,0.7594068699260123,1,0
19,4,f2p,43,past_unknown,5,0,0.037631396141047775,0,1
19,4,f2p,44,past_unknown,0,0,1.8575646112755967e-05,0,1
19,4,f2p,44,past_unknown,1,0,1.3082596238250296e-07,0,1
19,4,f2p,44,past_unknown,2,0,0.13170497440736523,0,1
19,4,f2p,44,past_unknown,3,0,7.711987332352272e-06,0,1
19,4,f2p,44,past_unknown,4,0,1.50651034209847e-07,0,1
19,4,f2p,44,past_unknown,5,0,0.23808086793042996,0,1
19,4,f2p,45,past_unknown,0,0,2.4389610240959644e-07,0,1
19,4,f2p,45,past_unknown,1,0,6.4987011869181145e-09,0,1
19,4,f2p,45,past_unknown,2,0,5.666944615480904e-06,0,1
19,4,f2p,45,past_unknown,3,0,1.6256662701631595e-07,0,1
19,4,f2p,45,past_unknown,4,0,7.529853615177411e-05,0,1
19,4,f2p,45,past_unknown,5,0,2.9336746462995576e-08,0,1
19,4,f2p,46,past_unknown,0,0,1.7983238197954077e-07,0,1
19,4,f2p,46,past_unknown,1,0,2.0196155917989638e-05,0,1
19,4,f2p,46,past_unknown,2,0,2.9341562193318323e-09,0,1
19,4,f2p,46,past_unknown,3,0,6.264514738105699e-07,0,1
19,4,f2p,46,past_unknown,4,0,5.35248518208842e-06,0,1
19,4,f2p,46,past_unknown,5,0,1.5952587148927303e-06,0,1
19,4,f2p,47,past_unknown,0,0,1.9900059199073143e-05,0,1
19,4,f2p,47,past_unknown,1,0,0.013362857898261556,0,1
19,4,f2p,47,past_unknown,2,0,0.0008115216792104077,0,1
19,4,f2p,47,past_unknown,3,0,3.7226926291952916e-05,0,1
19,4,f2p,47,past_unknown,4,0,0.00028438258015853424,0,1
19,4,f2p,47,past_unknown,5,0,2.3973618295350847e-05,0,1
19,4,f2p,48,past_unknown,0,0,5.661066578548374e-07,0,1
19,4,f2p,48,past_unknown,1,0,1.089852770861928e-07,0,1
19,4,f2p,48,past_unknown,2,0,1.4367636472643797e-07,0,1
19,4,f2p,48,past_unknown,3,0,1.156394212454945e-07,0,1
19,4,f2p,48,past_unknown,4,0,1.0578282795145642e-08,0,1
19,4,f2p,48,past_unknown,5,0,1.724611555844326e-06,0,1
19,4,f2p,49,past_unknown,0,0,0.08125043174518178,0,1
19,4,f2p,49,past_unknown,1,0,0.0024486436782013153,0,1
19,4,f2p,49,past_unknown,2,0,0.00033381416289695015,0,1
19,4,f2p,49,past_unknown,3,0,0.005763778241730645,0,1
19,4,f2p,49,past_unknown,4,0,0.0005433286456476994,0,1
19,4,f2p,49,past_unknown,5,0,0.02044994996301214,0,1
20,4,p2f,50,future_known,0,1,0.033992449325337855,0,0
20,4,p2f,50,future_known,1,1,0.1401025512806639,0,0
20,4,p2f,50,future_known,2,1,1.452680269338352e-05,0,0
20,4,p2f,50,future_known,3,1,5.718415088083124e-05,0,0
20,4,p2f,50,future_known,4,1,1.0771478424731913e-05,0,0
20,4,p2f,50,future_known,5,1,7.269664559124771e-05,0,0
20,4,p2f,51,future_known,0,1,0.06280399481155587,0,0
20,4,p2f,51,future_known,1,1,0.34072065623730635,0,0
20,4,p2f,51,future_known,2,1,0.0005630550454828949,0,0
20,4,p2f,51,future_known,3,1,0.43841930866856943,0,0
20,4,p2f,51,future_known,4,1,0.0037619979037494863,0,0
20,4,p2f,51,future_known,5,1,0.0003830697679932836,0,0
20,4,p2f,52,future_known,0,1,0.0114572901161423,0,0
20,4,p2f,52,future_known,1,1,0.28236099484961974,0,0
20,4,p2f,52,future_known,2,1,0.01738482875466925,0,0
20,4,p2f,52,future_known,3,1,0.045104497421359226,0,0
20,4,p2f,52,future_known,4,1,6.4677401124294344e-06,0,0
20,4,p2f,52,future_known,5,1,0.0004190128325985682,0,0
20,4,p2f,53,future_known,0,1,0.006867306807342827,0,0
20,4,p2f,53,future_known,1,1,0.0003035362601397154,0,0
20,4,p2f,53,future_known,2,1,0.002039862933275729,0,0
20,4,p2f,53,future_known,3,1,0.00021153924342342447,0,0
20,4,p2f,53,future_known,4,1,0.001103103352600463,0,0
20,4,p2f,53,future_known,5,1,2.945265634884957e-06,0,0
20,4,p2f,54,future_known,0,1,0.9765008188387392,1,1
20,4,p2f,54,future_known,1,1,0.00045915738484425593,0,0
20,4,p2f,54,future_known,2,1,0.014469058438152126,0,0
20,4,p2f,54,future_known,3,1,0.9901810839590044,1,1
20,4,p2f,54,future_known,4,1,0.002072221116522609,0,0
20,4,p2f,54,future_known,5,1,0.9955637159557305,1,1
20,4,p2f,55,future_known,0,1,0.9996879649417085,1,1
20,4,p2f,55,future_known,1,1,0.7979923087642609,1,1
20,4,p2f,55,future_known,2,1,0.9239771622726717,1,1
20,4,p2f,55,future_known,3,1,0.9901733855911574,1,1
20,4,p2f,55,future_known,4,1,0.0038477188490910735,0,0
20,4,p2f,55,future_known,5,1,0.05343340535401984,0,0
20,4,p2f,56,future_known,0,1,0.8433963126494729,1,1
20,4,p2f,56,future_known,1,1,0.2662174559836816,0,0
20,4,p2f,56,future_known,2,1,0.003970789249500431,0,0
20,4,p2f,56,future_known,3,1,0.013911770212770208,0,0
20,4,p2f,56,future_known,4,1,0.029651662013386655,0,0
20,4,p2f,56,future_known,5,1,0.5215851043379581,1,1
20,4,p2f,57,future_known,0,1,0.5121225387936065,1,1
20,4,p2f,57,future_known,1,1,2.62858972363372e-06,0,0
20,4,p2f,57,future_known,2,1,0.5051169379238483,1,1
20,4,p2f,57,future_known,3,1,0.000970668377543534,0,0
20,4,p2f,57,future_known,4,1,0.02081007766133147,0,0
20,4,p2f,57,future_known,5,1,0.006152424158856022,0,0
20,4,p2f,58,future_known,0,1,0.00024301515379865485,0,0
20,4,p2f,58,future_known,1,1,9.916270305525586e-05,0,0
20,4,p2f,58,future_known,2,1,5.993507034792042e-06,0,0
20,4,p2f,58,future_known,3,1,9.458010139358386e-06,0,0
20,4,p2f,58,future_known,4,1,3.428810168776996e-06,0,0
20,4,p2f,58,future_known,5,1,1.644578447589713e-06,0,0
20,4,p2f,59,future_known,0,1,0.9996479193893749,1,1
20,4,p2f,59,future_known,1,1,0.9999418419030613,1,1
20,4,p2f,59,future_known,2,1,0.9971823342701711,1,1
20,4,p2f,59,future_known,3,1,0.9999333059091929,1,1
20,4,p2f,59,future_known,4,1,0.9999076056861458,1,1
20,4,p2f,59,future_known,5,1,0.9997681354112409,1,1
20,4,p2f,60,future_known,0,1,0.9901591610835739,1,1
20,4,p2f,60,future_known,1,1,0.9826572336092043,1,1
20,4,p2f,60,future_known,2,1,0.3361061382350548,0,0
20,4,p2f,60,future_known,3,1,0.006898554233455287,0,0
20,4,p2f,60,future_known,4,1,0.15876841258702054,0,0
20,4,p2f,60,future_known,5,1,0.9497214312013346,1,1
20,4,p2f,61,future_known,0,1,0.992557368213896,1,1
20,4,p2f,61,future_known,1,1,0.0602794395623674,0,0
20,4,p2f,61,future_known,2,1,0.9987246406571022,1,1
20,4,p2f,61,future_known,3,1,0.9847392905373648,1,1
20,4,p2f,61,future_known,4,1,0.8835342695611867,1,1
20,4,p2f,61,future_known,5,1,0.990623044988361,1,1
20,4,p2f,62,future_known,0,1,0.9980003248898431,1,1
20,4,p2f,62,future_known,1,1,0.9981538184354205,1,1
20,4,p2f,62,future_known,2,1,0.6304961658606759,1,1
20,4,p2f,62,future_known,3,1,0.474365997825362,0,0
20,4,p2f,62,future_known,4,1,0.9884106229447241,1,1
20,4,p2f,62,future_known,5,1,0.7924129340998548,1,1
20,4,p2f,63,future_known,0,1,0.7914283217505236,1,1
20,4,p2f,63,future_known,1,1,0.0185696089886316,0,0
20,4,p2f,63,future_known,2,1,0.010711310951100696,0,0
20,4,p2f,63,future_known,3,1,0.15335894904417294,0,0
20,4,p2f,63,future_known,4,1,0.4365330763289904,0,0
20,4,p2f,63,future_known,5,1,0.5688110034836416,1,1
20,4,p2f,64,future_known,0,1,0.9837139718606556,1,1
20,4,p2f,64,future_known,1,1,0.8308668640608584,1,1
20,4,p2f,64,future_known,2,1,0.6155498047766894,1,1
20,4,p2f,64,future_known,3,1,0.17982285568038578,0,0
20,4,p2f,64,future_known,4,1,0.3386867244080892,0,0
20,4,p2f,64,future_known,5,1,0.772930099642083,1,1
20,4,p2f,65,future_known,0,1,0.5841442552374697,1,1
20,4,p2f,65,future_known,1,1,0.02931101435893646,0,0
20,4,p2f,65,future_known,2,1,0.9281141658691257,1,1
20,4,p2f,65,future_known,3,1,0.8267698791746888,1,1
20,4,p2f,65,future_known,4,1,0.02310247332177518,0,0
20,4,p2f,65,future_known,5,1,0.0025357751328127305,0,0
20,4,p2f,66,future_known,0,1,0.6098698858415693,1,1
20,4,p2f,66,future_known,1,1,0.05407576425402552,0,0
20,4,p2f,66,future_known,2,1,0.0028803347616124207,0,0
20,4,p2f,66,future_known,3,1,0.9675504621663671,1,1
20,4,p2f,66,future_known,4,1,0.006799688023731539,0,0
20,4,p2f,66,future_known,5,1,0.8872865362290783,1,1
20,4,p2f,67,future_known,0,1,0.9897696309717902,1,1
20,4,p2f,67,future_known,1,1,0.9939729246266737,1,1
20,4,p2f,67,future_known,2,1,0.9954213195589579,1,1
20,4,p2f,67,future_known,3,1,0.9986717065541972,1,1
20,4,p2f,67,future_known,4,1,0.9989004372009526,1,1
20,4,p2f,67,future_known,5,1,0.2959689899579053,0,0
20,4,p2f,68,future_known,0,1,0.6483675061341129,1,1
20,4,p2f,68,future_known,1,1,0.9989071006277249,1,1
20,4,p2f,68,future_known,2,1,0.912454104306863,1,1
20,4,p2f,68,future_known,3,1,0.2812314425559953,0,0
20,4,p2f,68,future_known,4,1,0.999644453848478,1,1
20,4,p2f,68,future_known,5,1,0.5487916026312972,1,1
20,4,p2f,69,future_known,0,1,0.9870005672185075,1,1
20,4,p2f,69,future_known,1,1,0.9830244110310227,1,1
20,4,p2f,69,future_known,2,1,0.7530333140577722,1,1
20,4,p2f,69,future_known,3,1,0.9858710474642938,1,1
20,4,p2f,69,future_known,4,1,0.6204136190279028,1,1
20,4,p2f,69,future_known,5,1,0.9728431375693819,1,1
20,4,p2f,70,future_known,0,1,0.7980056482676643,1,1
20,4,p2f,70,future_known,1,1,0.00012330564821196204,0,0
20,4,p2f,70,future_known,2,1,0.0028975524939836286,0,0
20,4,p2f,70,future_known,3,1,0.04529639034188253,0,0
20,4,p2f,70,future_known,4,1,0.003131041823113591,0,0
20,4,p2f,70,future_known,5,1,0.11238808195420653,0,0
20,4,p2f,71,future_known,0,1,0.9941006927039542,1,1
20,4,p2f,71,future_known,1,1,0.9973552657556183,1,1
20,4,p2f,71,future_known,2,1,0.9715299928952973,1,1
20,4,p2f,71,future_known,3,1,0.9960888966310267,1,1
20,4,p2f,71,future_known,4,1,0.9995787955080195,1,1
20,4,p2f,71,future_known,5,1,0.8639720648453902,1,1
20,4,p2f,72,future_known,0,1,0.9211069150100163,1,1
20,4,p2f,72,future_known,1,1,0.28838271858137116,0,0
20,4,p2f,72,future_known,2,1,0.8037873084788467,1,1
20,4,p2f,72,future_known,3,1,0.9662572061475221,1,1
20,4,p2f,72,future_known,4,1,0.30248672730118475,0,0
20,4,p2f,72,future_known,5,1,0.9981285544642836,1,1
20,4,p2f,73,future_known,0,1,0.9863391321244431,1,1
20,4,p2f,73,future_known,1,1,0.01051576638194025,0,0
20,4,p2f,73,future_known,2,1,0.009047801023758632,0,0
20,4,p2f,73,future_known,3,1,0.04053559123850843,0,0
20,4,p2f,73,future_known,4,1,0.000605274155431316,0,0
20,4,p2f,73,future_known,5,1,0.07041426875110006,0,0
20,4,p2f,74,future_known,0,1,0.9973826824352103,1,1
20,4,p2f,74,future_known,1,1,0.9858540061564659,1,1
20,4,p2f,74,future_known,2,1,0.992244985727315,1,1
20,4,p2f,74,future_known,3,1,0.8738736647974545,1,1
20,4,p2f,74,future_known,4,1,0.9994507165163139,1,1
20,4,p2f,74,future_known,5,1,0.8061500839455107,1,1
20,4,p2f,75,future_unknown,0,0,0.05251401114452421,0,1
20,4,p2f,75,future_unknown,1,0,0.07785847867159423,0,1
20,4,p2f,75,future_unknown,2,0,0.040253672596151396,0,1
20,4,p2f,75,future_unknown,3,0,0.0017920784859553642,0,1
20,4,p2f,75,future_unknown,4,0,0.02191548708070218,0,1
20,4,p2f,75,future_unknown,5,0,0.18482648574618135,0,1
20,4,p2f,76,future_unknown,0,0,1.4702695992709394e-06,0,1
20,4,p2f,76,future_unknown,1,0,7.644059402912494e-07,0,1
20,4,p2f,76,future_unknown,2,0,1.367642357244855e-06,0,1
20,4,p2f,76,future_unknown,3,0,4.83163583691401e-05,0,1
20,4,p2f,76,future_unknown,4,0,1.3934432873123627e-07,0,1
20,4,p2f,76,future_unknown,5,0,6.220144366511169e-09,0,1
20,4,p2f,77,future_unknown,0,0,3.197054993464482e-08,0,1
20,4,p2f,77,future_unknown,1,0,1.3678607321610484e-08,0,1
20,4,p2f,77,future_unknown,2,0,6.221710892192284e-08,0,1
20,4,p2f,77,future_unknown,3,0,1.0060137312761773e-06,0,1
20,4,p2f,77,future_unknown,4,0,3.4399261069725216e-10,0,1
20,4,p2f,77,future_unknown,5,0,1.100953430940602e-06,0,1
20,4,p2f,78,future_unknown,0,0,0.0002703652747455409,0,1
20,4,p2f,78,future_unknown,1,0,7.798011168178103e-05,0,1
20,4,p2f,78,future_unknown,2,0,0.0001006823919506435,0,1
20,4,p2f,78,future_unknown,3,0,9.400475303202888e-06,0,1
20,4,p2f,78,future_unknown,4,0,2.6254043159473635e-05,0,1
20,4,p2f,78,future_unknown,5,0,0.0005097271771183236,0,1
20,4,p2f,79,future_unknown,0,0,0.004266647517985782,0,1
20,4,p2f,79,future_unknown,1,0,0.0002641766617349513,0,1
20,4,p2f,79,future_unknown,2,0,4.226336841812244e-05,0,1
20,4,p2f,79,future_unknown,3,0,0.0011578959104340076,0,1
20,4,p2f,79,future_unknown,4,0,0.0021855851903669257,0,1
20,4,p2f,79,future_unknown,5,0,0.0010404826751271832,0,1
20,4,p2f,80,future_unknown,0,0,0.0012932064381116757,0,1
20,4,p2f,80,future_unknown,1,0,0.27151828650462173,0,1
20,4,p2f,80,future_unknown,2,0,0.002199753669063005,0,1
20,4,p2f,80,future_unknown,3,0,0.08534390855480227,0,1
20,4,p2f,80,future_unknown,4,0,0.0009012713777462755,0,1
20,4,p2f,80,future_unknown,5,0,0.0016182386419838414,0,1
20,4,p2f,81,future_unknown,0,0,1.1378143688319787e-08,0,1
20,4,p2f,81,future_unknown,1,0,1.5951995036832676e-08,0,1
20,4,p2f,81,future_unknown,2,0,6.185726654789287e-10,0,1
20,4,p2f,81,future_unknown,3,0,4.431861065143039e-08,0,1
20,4,p2f,81,future_unknown,4,0,1.1449889781438566e-07,0,1
20,4,p2f,81,future_unknown,5,0,1.8252313648864362e-08,0,1
20,4,p2f,82,future_unknown,0,0,0.0003125778956667855,0,1
20,4,p2f,82,future_unknown,1,0,3.9611584111185137e-07,0,1
20,4,p2f,82,future_unknown,2,0,1.3277095483391312e-05,0,1
20,4,p2f,82,future_unknown,3,0,2.043838083325399e-05,0,1
20,4,p2f,82,future_unknown,4,0,3.531917153783158e-05,0,1
20,4,p2f,82,future_unknown,5,0,4.7134055040476525e-06,0,1
20,4,p2f,83,future_unknown,0,0,0.002641853274809328,0,1
20,4,p2f,83,future_unknown,1,0,0.0028698006814462202,0,1
20,4,p2f,83,future_unknown,2,0,0.11266669510556732,0,1
20,4,p2f,83,future_unknown,3,0,0.007533640540295531,0,1
20,4,p2f,83,future_unknown,4,0,0.019931384593668555,0,1
20,4,p2f,83,future_unknown,5,0,0.0010592626432859127,0,1
20,4,p2f,84,future_unknown,0,0,4.457440789589643e-05,0,1
20,4,p2f,84,future_unknown,1,0,3.996817865747145e-05,0,1
20,4,p2f,84,future_unknown,2,0,9.914879268938378e-05,0,1
20,4,p2f,84,future_unknown,3,0,7.007542305659614e-06,0,1
20,4,p2f,84,future_unknown,4,0,2.4453813364850237e-06,0,1
20,4,p2f,84,future_unknown,5,0,7.307661709196831e-05,0,1
20,4,p2f,85,future_unknown,0,0,0.00015296657044685586,0,1
20,4,p2f,85,future_unknown,1,0,0.00039124810114493007,0,1
20,4,p2f,85,future_unknown,2,0,0.0021371277693667183,0,1
20,4,p2f,85,future_unknown,3,0,0.013450157978249213,0,1
20,4,p2f,85,future_unknown,4,0,0.0012477891158435843,0,1
20,4,p2f,85,future_unknown,5,0,0.0003998387896559938,0,1
20,4,p2f,86,future_unknown,0,0,0.0010933274580895277,0,1
20,4,p2f,86,future_unknown,1,0,5.6163694635500784e-06,0,1
20,4,p2f,86,future_unknown,2,0,0.00019603467833856548,0,1
20,4,p2f,86,future_unknown,3,0,4.153370084137839e-05,0,1
20,4,p2f,86,future_unknown,4,0,0.0003328869616665321,0,1
20,4,p2f,86,future_unknown,5,0,0.0005156311670299138,0,1
20,4,p2f,87,future_unknown,0,0,0.0002088297223182891,0,1
20,4,p2f,87,future_unknown,1,0,5.1261729475978743e-05,0,1
20,4,p2f,87,future_unknown,2,0,0.0001659666742217219,0,1
20,4,p2f,87,future_unknown,3,0,0.0019072884437476756,0,1
20,4,p2f,87,future_unknown,4,0,0.00017784949403741056,0,1
20,4,p2f,87,future_unknown,5,0,4.5863491537013165e-06,0,1
20,4,p2f,88,future_unknown,0,0,0.0005131555024595546,0,1
20,4,p2f,88,future_unknown,1,0,0.13334850479615298,0,1
20,4,p2f,88,future_unknown,2,0,0.00044889554335534736,0,1
20,4,p2f,88,future_unknown,3,0,0.003386044184359913,0,1
20,4,p2f,88,future_unknown,4,0,0.0381043157106191,0,1
20,4,p2f,88,future_unknown,5,0,0.0012726560790021618,0,1
20,4,p2f,89,future_unknown,0,0,4.447110427637413e-06,0,1
20,4,p2f,89,future_unknown,1,0,3.0571419045438035e-07,0,1
20,4,p2f,89,future_unknown,2,0,1.034652475589098e-06,0,1
20,4,p2f,89,future_unknown,3,0,4.175225976841033e-07,0,1
20,4,p2f,89,future_unknown,4,0,3.9995192714219144e-06,0,1
20,4,p2f,89,future_unknown,5,0,1.654853986713972e-07,0,1
20,4,p2f,90,future_unknown,0,0,0.8762610672411559,1,0
20,4,p2f,90,future_unknown,1,0,0.9992197724553731,1,0
20,4,p2f,90,future_unknown,2,0,0.9652555525618621,1,0
20,4,p2f,90,future_unknown,3,0,0.9923781396204914,1,0
20,4,p2f,90,future_unknown,4,0,0.9598486445460801,1,0
20,4,p2f,90,future_unknown,5,0,0.7564273019370118,1,0
20,4,p2f,91,future_unknown,0,0,0.00013172577033744676,0,1
20,4,p2f,91,future_unknown,1,0,4.6333266238857205e-05,0,1
20,4,p2f,91,future_unknown,2,0,6.743882954581434e-06,0,1
20,4,p2f,91,future_unknown,3,0,4.3564621444422735e-05,0,1
20,4,p2f,91,future_unknown,4,0,1.0135839153659258e-07,0,1
20,4,p2f,91,future_unknown,5,0,0.00012358869248691874,0,1
20,4,p2f,92,future_unknown,0,0,4.001054763494963e-09,0,1
20,4,p2f,92,future_unknown,1,0,3.149156472303183e-10,0,1
20,4,p2f,92,future_unknown,2,0,1.7350915451640083e-07,0,1
20,4,p2f,92,future_unknown,3,0,0.0006589165602569622,0,1
20,4,p2f,92,future_unknown,4,0,1.176508292679493e-06,0,1
20,4,p2f,92,future_unknown,5,0,7.34896050639516e-10,0,1
20,4,p2f,93,future_unknown,0,0,0.000840870757775716,0,1
20,4,p2f,93,future_unknown,1,0,2.9754654202355235e-07,0,1
20,4,p2f,93,future_unknown,2,0,1.4461284001633866e-06,0,1
20,4,p2f,93,future_unknown,3,0,1.4461284001633866e-06,0,1
20,4,p2f,93,future_unknown,4,0,6.474478108550198e-07,0,1
20,4,p2f,93,future_unknown,5,0,2.7096563083566164e-08,0,1
20,4,p2f,94,future_unknown,0,0,0.014418853538889422,0,1
20,4,p2f,94,future_unknown,1,0,0.0002668005872653797,0,1
20,4,p2f,94,future_unknown,2,0,0.0006098748317099682,0,1
20,4,p2f,94,future_unknown,3,0,0.0015912219583595099,0,1
20,4,p2f,94,future_unknown,4,0,0.0019535681956836196,0,1
20,4,p2f,94,future_unknown,5,0,0.003930298754250824,0,1
20,4,p2f,95,future_unknown,0,0,8.284059462070371e-07,0,1
20,4,p2f,95,future_unknown,1,0,1.0420653022953499e-07,0,1
20,4,p2f,95,future_unknown,2,0,4.02567641281988e-06,0,1
20,4,p2f,95,future_unknown,3,0,1.9404385164740452e-07,0,1
20,4,p2f,95,future_unknown,4,0,4.73377248142827e-08,0,1
20,4,p2f,95,future_unknown,5,0,1.1702638889344026e-06,0,1
20,4,p2f,96,future_unknown,0,0,0.0366393886482451,0,1
20,4,p2f,96,future_unknown,1,0,0.0030536221564776483,0,1
20,4,p2f,96,future_unknown,2,0,0.027317577215543568,0,1
20,4,p2f,96,future_unknown,3,0,0.0001666974806560751,0,1
20,4,p2f,96,future_unknown,4,0,0.0001506517879109703,0,1
20,4,p2f,96,future_unknown,5,0,0.048839271992147895,0,1
20,4,p2f,97,future_unknown,0,0,0.04686209129259462,0,1
20,4,p2f,97,future_unknown,1,0,0.0382641125285183,0,1
20,4,p2f,97,future_unknown,2,0,7.284821699400403e-05,0,1
20,4,p2f,97,future_unknown,3,0,0.0029471605508102827,0,1
20,4,p2f,97,future_unknown,4,0,0.0687972275587648,0,1
20,4,p2f,97,future_unknown,5,0,0.06670386322720852,0,1
20,4,p2f,98,future_unknown,0,0,2.903258185938731e-07,0,1
20,4,p2f,98,future_unknown,1,0,6.792157740909815e-09,0,1
20,4,p2f,98,future_unknown,2,0,5.711731048665653e-07,0,1
20,4,p2f,98,future_unknown,3,0,0.00012561428913373447,0,1
20,4,p2f,98,future_unknown,4,0,9.160731800911502e-09,0,1
20,4,p2f,98,future_unknown,5,0,7.923607282469926e-09,0,1
20,4,p2f,99,future_unknown,0,0,0.2638934687689773,0,1
20,4,p2f,99,future_unknown,1,0,0.08262913868525576,0,1
20,4,p2f,99,future_unknown,2,0,0.37076084213067767,0,1
20,4,p2f,99,future_unknown,3,0,0.6376655111579762,1,0
20,4,p2f,99,future_unknown,4,0,0.11581319749983916,0,1
20,4,p2f,99,future_unknown,5,0,0.008559194565458976,0,1
20,4,f2p,0,past_known,0,1,0.012377766304438629,0,0
20,4,f2p,0,past_known,1,1,6.851186595812334e-07,0,0
20,4,f2p,0,past_known,2,1,1.1911901476992533e-06,0,0
20,4,f2p,0,past_known,3,1,6.332181196062798e-05,0,0
20,4,f2p,0,past_known,4,1,8.894242140266028e-07,0,0
20,4,f2p,0,past_known,5,1,4.687233936667851e-07,0,0
20,4,f2p,1,past_known,0,1,0.06950411946914,0,0
20,4,f2p,1,past_known,1,1,0.018680174794823305,0,0
20,4,f2p,1,past_known,2,1,0.0416200782564149,0,0
20,4,f2p,1,past_known,3,1,5.894591494897095e-05,0,0
20,4,f2p,1,past_known,4,1,0.014283604586603979,0,0
20,4,f2p,1,past_known,5,1,0.04892037930270787,0,0
20,4,f2p,2,past_known,0,1,8.517138449428613e-06,0,0
20,4,f2p,2,past_known,1,1,0.0033366271618516736,0,0
20,4,f2p,2,past_known,2,1,0.028023533015494012,0,0
20,4,f2p,2,past_known,3,1,0.00017647636561231268,0,0
20,4,f2p,2,past_known,4,1,1.0907421725554264e-05,0,0
20,4,f2p,2,past_known,5,1,3.830877753884486e-07,0,0
20,4,f2p,3,past_known,0,1,1.3964188948772914e-07,0,0
20,4,f2p,3,past_known,1,1,8.877413831284003e-10,0,0
20,4,f2p,3,past_known,2,1,0.0004966979112653646,0,0
20,4,f2p,3,past_known,3,1,0.00011455556132388218,0,0
20,4,f2p,3,past_known,4,1,6.167952831304463e-07,0,0
20,4,f2p,3,past_known,5,1,0.004396822988296064,0,0
20,4,f2p,4,past_known,0,1,0.29368730215637845,0,0
20,4,f2p,4,past_known,1,1,0.00011792957132961951,0,0
20,4,f2p,4,past_known,2,1,3.0954715245462214e-06,0,0
20,4,f2p,4,past_known,3,1,9.283068924701093e-06,0,0
20,4,f2p,4,past_known,4,1,0.2599980139390149,0,0
20,4,f2p,4,past_known,5,1,2.887896716881626e-07,0,0
20,4,f2p,5,past_known,0,1,0.016137306967793474,0,0
20,4,f2p,5,past_known,1,1,0.010561924397371334,0,0
20,4,f2p,5,past_known,2,1,0.08440736984667689,0,0
20,4,f2p,5,past_known,3,1,0.8880185109805749,1,1
20,4,f2p,5,past_known,4,1,0.9999716581380427,1,1
20,4,f2p,5,past_known,5,1,0.08576039583881868,0,0
20,4,f2p,6,past_known,0,1,0.4531634582735234,0,0
20,4,f2p,6,past_known,1,1,0.9865313812340906,1,1
20,4,f2p,6,past_known,2,1,0.942580726043034,1,1
20,4,f2p,6,past_known,3,1,0.9147752730701505,1,1
20,4,f2p,6,past_known,4,1,0.8536998679298285,1,1
20,4,f2p,6,past_known,5,1,0.9753682589999976,1,1
20,4,f2p,7,past_known,0,1,0.00021842785902812832,0,0
20,4,f2p,7,past_known,1,1,0.009756923677490079,0,0
20,4,f2p,7,past_known,2,1,2.0812133772805003e-06,0,0
20,4,f2p,7,past_known,3,1,0.00027061981748505414,0,0
20,4,f2p,7,past_known,4,1,6.336756379085617e-06,0,0
20,4,f2p,7,past_known,5,1,1.6146122649130763e-06,0,0
20,4,f2p,8,past_known,0,1,0.9959702295567622,1,1
20,4,f2p,8,past_known,1,1,0.00023831823096727726,0,0
20,4,f2p,8,past_known,2,1,0.053872333975763305,0,0
20,4,f2p,8,past_known,3,1,0.8580979229781625,1,1
20,4,f2p,8,past_known,4,1,1.731561630100817e-08,0,0
20,4,f2p,8,past_known,5,1,0.4579325167230332,0,0
20,4,f2p,9,past_known,0,1,0.592476099650574,1,1
20,4,f2p,9,past_known,1,1,0.9920341268233552,1,1
20,4,f2p,9,past_known,2,1,0.3357682974960671,0,0
20,4,f2p,9,past_known,3,1,0.9951999078713889,1,1
20,4,f2p,9,past_known,4,1,0.9914512925244876,1,1
20,4,f2p,9,past_known,5,1,0.020169988454339677,0,0
20,4,f2p,10,past_known,0,1,0.9457682455403196,1,1
20,4,f2p,10,past_known,1,1,0.07051604000119868,0,0
20,4,f2p,10,past_known,2,1,0.8472293667666334,1,1
20,4,f2p,10,past_known,3,1,0.005565603552354722,0,0
20,4,f2p,10,past_known,4,1,0.8022493847450238,1,1
20,4,f2p,10,past_known,5,1,0.10285276854496035,0,0
20,4,f2p,11,past_known,0,1,3.898592412971967e-06,0,0
20,4,f2p,11,past_known,1,1,0.0004731354501661079,0,0
20,4,f2p,11,past_known,2,1,3.895791009583517e-06,0,0
20,4,f2p,11,past_known,3,1,9.24144692362736e-07,0,0
20,4,f2p,11,past_known,4,1,0.2682850406638815,0,0
20,4,f2p,11,past_known,5,1,0.06067897547189904,0,0
20,4,f2p,12,past_known,0,1,0.0038310636771937212,0,0
20,4,f2p,12,past_known,1,1,0.002512337263912512,0,0
20,4,f2p,12,past_known,2,1,0.05426832010070082,0,0
20,4,f2p,12,past_known,3,1,0.006009639256544411,0,0
20,4,f2p,12,past_known,4,1,3.9497922219231554e-07,0,0
20,4,f2p,12,past_known,5,1,0.028448460021315475,0,0
20,4,f2p,13,past_known,0,1,0.9970664433957075,1,1
20,4,f2p,13,past_known,1,1,0.9998557512048137,1,1
20,4,f2p,13,past_known,2,1,0.9998165282755636,1,1
20,4,f2p,13,past_known,3,1,0.9979562747208501,1,1
20,4,f2p,13,past_known,4,1,0.9998883014606569,1,1
20,4,f2p,13,past_known,5,1,0.9998659229377781,1,1
20,4,f2p,14,past_known,0,1,0.08857713989614067,0,0
20,4,f2p,14,past_known,1,1,0.6880282231542509,1,1
20,4,f2p,14,past_known,2,1,0.0010509393638204487,0,0
20,4,f2p,14,past_known,3,1,1.7481732654495576e-06,0,0
20,4,f2p,14,past_known,4,1,6.710199143160345e-07,0,0
20,4,f2p,14,past_known,5,1,0.14460212149578167,0,0
20,4,f2p,15,past_known,0,1,0.046452429713678155,0,0
20,4,f2p,15,past_known,1,1,0.9569844699843362,1,1
20,4,f2p,15,past_known,2,1,0.009176279929314819,0,0
20,4,f2p,15,past_known,3,1,0.195656135077053,0,0
20,4,f2p,15,past_known,4,1,0.06710076495440973,0,0
20,4,f2p,15,past_known,5,1,0.9901848545385894,1,1
20,4,f2p,16,past_known,0,1,0.9996218872682864,1,1
20,4,f2p,16,past_known,1,1,0.9999673729054419,1,1
20,4,f2p,16,past_known,2,1,0.9999877089774668,1,1
20,4,f2p,16,past_known,3,1,0.999894118428705,1,1
20,4,f2p,16,past_known,4,1,0.999768328043187,1,1
20,4,f2p,16,past_known,5,1,0.9999155690754801,1,1
20,4,f2p,17,past_known,0,1,0.0007436991544293074,0,0
20,4,f2p,17,past_known,1,1,0.0005600018163725155,0,0
20,4,f2p,17,past_known,2,1,9.518447592733667e-05,0,0
20,4,f2p,17,past_known,3,1,7.517204943050449e-06,0,0
20,4,f2p,17,past_known,4,1,1.6482390296137838e-06,0,0
20,4,f2p,17,past_known,5,1,0.0005531633338383833,0,0
20,4,f2p,18,past_known,0,1,0.3205367864354566,0,0
20,4,f2p,18,past_known,1,1,0.01261448960237515,0,0
20,4,f2p,18,past_known,2,1,0.012373287239902272,0,0
20,4,f2p,18,past_known,3,1,0.12855469070758968,0,0
20,4,f2p,18,past_known,4,1,0.003995790226102432,0,0
20,4,f2p,18,past_known,5,1,1.9669633403303814e-05,0,0
20,4,f2p,19,past_known,0,1,0.9966520115604899,1,1
20,4,f2p,19,past_known,1,1,0.882601713187106,1,1
20,4,f2p,19,past_known,2,1,0.9881179085562639,1,1
20,4,f2p,19,past_known,3,1,0.9993545044759052,1,1
20,4,f2p,19,past_known,4,1,0.21386159548505665,0,0
20,4,f2p,19,past_known,5,1,0.002699472457620172,0,0
20,4,f2p,20,past_known,0,1,0.178147526318135,0,0
20,4,f2p,20,past_known,1,1,2.840262835649606e-05,0,0
20,4,f2p,20,past_known,2,1,0.9370546630197006,1,1
20,4,f2p,20,past_known,3,1,2.5698677590429627e-07,0,0
20,4,f2p,20,past_known,4,1,5.138907068134786e-05,0,0
20,4,f2p,20,past_known,5,1,0.0004552839693863845,0,0
20,4,f2p,21,past_known,0,1,0.039342144439543716,0,0
20,4,f2p,21,past_known,1,1,9.779742805154937e-11,0,0
20,4,f2p,21,past_known,2,1,0.024882937599818404,0,0
20,4,f2p,21,past_known,3,1,7.228360597777837e-09,0,0
20,4,f2p,21,past_known,4,1,4.013464534254456e-05,0,0
20,4,f2p,21,past_known,5,1,9.566339585158534e-12,0,0
20,4,f2p,22,past_known,0,1,0.470613028234418,0,0
20,4,f2p,22,past_known,1,1,0.08011538955353059,0,0
20,4,f2p,22,past_known,2,1,3.1822552423286096e-08,0,0
20,4,f2p,22,past_known,3,1,0.7762281181153267,1,1
20,4,f2p,22,past_known,4,1,7.132472400773073e-06,0,0
20,4,f2p,22,past_known,5,1,0.00011240978892919492,0,0
20,4,f2p,23,past_known,0,1,0.017379531243800792,0,0
20,4,f2p,23,past_known,1,1,0.8624255287595087,1,1
20,4,f2p,23,past_known,2,1,0.9072080374901615,1,1
20,4,f2p,23,past_known,3,1,0.07685799231867407,0,0
20,4,f2p,23,past_known,4,1,0.062028693295019525,0,0
20,4,f2p,23,past_known,5,1,0.979099959029464,1,1
20,4,f2p,24,past_known,0,1,0.39500001682829067,0,0
20,4,f2p,24,past_known,1,1,0.05662372268585066,0,0
20,4,f2p,24,past_known,2,1,0.2640231225510692,0,0
20,4,f2p,24,past_known,3,1,0.9794634030203195,1,1
20,4,f2p,24,past_known,4,1,0.9096871925513732,1,1
20,4,f2p,24,past_known,5,1,0.9985465225164841,1,1
20,4,f2p,25,past_unknown,0,0,0.0003216478125407011,0,1
20,4,f2p,25,past_unknown,1,0,0.0006140439955516133,0,1
20,4,f2p,25,past_unknown,2,0,0.9325703544013768,1,0
20,4,f2p,25,past_unknown,3,0,0.0002334933811467045,0,1
20,4,f2p,25,past_unknown,4,0,1.437642836897167e-05,0,1
20,4,f2p,25,past_unknown,5,0,0.0007393960048145905,0,1
20,4,f2p,26,past_unknown,0,0,0.001333846685320591,0,1
20,4,f2p,26,past_unknown,1,0,0.014386346657523329,0,1
20,4,f2p,26,past_unknown,2,0,2.999525106581447e-06,0,1
20,4,f2p,26,past_unknown,3,0,0.001900119941325563,0,1
20,4,f2p,26,past_unknown,4,0,1.864653446675842e-05,0,1
20,4,f2p,26,past_unknown,5,0,0.00019124075365071613,0,1
20,4,f2p,27,past_unknown,0,0,3.4980906257943993e-11,0,1
20,4,f2p,27,past_unknown,1,0,8.885388513643096e-09,0,1
20,4,f2p,27,past_unknown,2,0,4.216392573670486e-09,0,1
20,4,f2p,27,past_unknown,3,0,1.9824597672961227e-11,0,1
20,4,f2p,27,past_unknown,4,0,2.515953716360586e-07,0,1
20,4,f2p,27,past_unknown,5,0,0.0003772592352932914,0,1
20,4,f2p,28,past_unknown,0,0,0.9999035913515248,1,0
20,4,f2p,28,past_unknown,1,0,5.305896935252769e-05,0,1
20,4,f2p,28,past_unknown,2,0,0.0003054440963701138,0,1
20,4,f2p,28,past_unknown,3,0,0.4477088088164501,0,1
20,4,f2p,28,past_unknown,4,0,0.9950765085423318,1,0
20,4,f2p,28,past_unknown,5,0,1.3907225702652937e-05,0,1
20,4,f2p,29,past_unknown,0,0,3.7324044977901664e-07,0,1
20,4,f2p,29,past_unknown,1,0,1.1106162335246842e-07,0,1
20,4,f2p,29,past_unknown,2,0,5.103216082832705e-05,0,1
20,4,f2p,29,past_unknown,3,0,0.00017877282843202624,0,1
20,4,f2p,29,past_unknown,4,0,3.2371933616748194e-05,0,1
20,4,f2p,29,past_unknown,5,0,6.99166455128797e-05,0,1
20,4,f2p,30,past_unknown,0,0,4.580905324963643e-05,0,1
20,4,f2p,30,past_unknown,1,0,5.620656159808444e-07,0,1
20,4,f2p,30,past_unknown,2,0,0.00017276154400905924,0,1
20,4,f2p,30,past_unknown,3,0,0.0008548763043646192,0,1
20,4,f2p,30,past_unknown,4,0,4.9587345930523774e-05,0,1
20,4,f2p,30,past_unknown,5,0,0.006871922182463949,0,1
20,4,f2p,31,past_unknown,0,0,0.014914231551227716,0,1
20,4,f2p,31,past_unknown,1,0,3.687236000362856e-05,0,1
20,4,f2p,31,past_unknown,2,0,1.350155699874375e-05,0,1
20,4,f2p,31,past_unknown,3,0,2.1735954092648295e-05,0,1
20,4,f2p,31,past_unknown,4,0,0.07287281050519921,0,1
20,4,f2p,31,past_unknown,5,0,0.00979110152781816,0,1
20,4,f2p,32,past_unknown,0,0,1.6204230661135666e-08,0,1
20,4,f2p,32,past_unknown,1,0,2.898895285180833e-12,0,1
20,4,f2p,32,past_unknown,2,0,6.84224497931438e-07,0,1
20,4,f2p,32,past_unknown,3,0,2.8045325412461766e-07,0,1
20,4,f2p,32,past_unknown,4,0,1.304316170624056e-06,0,1
20,4,f2p,32,past_unknown,5,0,7.321395658473617e-09,0,1
20,4,f2p,33,past_unknown,0,0,0.5331941615690275,1,0
20,4,f2p,33,past_unknown,1,0,0.9031138643940663,1,0
20,4,f2p,33,past_unknown,2,0,1.9513204056054356e-05,0,1
20,4,f2p,33,past_unknown,3,0,0.0668345333864506,0,1
20,4,f2p,33,past_unknown,4,0,0.9641368029109896,1,0
20,4,f2p,33,past_unknown,5,0,0.00030039066138210874,0,1
20,4,f2p,34,past_unknown,0,0,2.4934972523259816e-07,0,1
20,4,f2p,34,past_unknown,1,0,8.726424615623808e-09,0,1
20,4,f2p,34,past_unknown,2,0,4.808032918720821e-07,0,1
20,4,f2p,34,past_unknown,3,0,3.971439429417979e-07,0,1
20,4,f2p,34,past_unknown,4,0,6.852179110504609e-05,0,1
20,4,f2p,34,past_unknown,5,0,1.2010728513439489e-06,0,1
20,4,f2p,35,past_unknown,0,0,2.4480566742277995e-05,0,1
20,4,f2p,35,past_unknown,1,0,4.3575934591381885e-08,0,1
20,4,f2p,35,past_unknown,2,0,0.0007969796093062821,0,1
20,4,f2p,35,past_unknown,3,0,1.3824183650838186e-07,0,1
20,4,f2p,35,past_unknown,4,0,5.059171364567925e-07,0,1
20,4,f2p,35,past_unknown,5,0,1.7806776285575835e-05,0,1
20,4,f2p,36,past_unknown,0,0,3.3522401086944204e-05,0,1
20,4,f2p,36,past_unknown,1,0,0.003779108394959805,0,1
20,4,f2p,36,past_unknown,2,0,0.04401815861678111,0,1
20,4,f2p,36,past_unknown,3,0,0.03233901213357543,0,1
20,4,f2p,36,past_unknown,4,0,0.000760686714370483,0,1
20,4,f2p,36,past_unknown,5,0,1.770992066281215e-05,0,1
20,4,f2p,37,past_unknown,0,0,1.3458131438458298e-07,0,1
20,4,f2p,37,past_unknown,1,0,8.62872966573694e-07,0,1
20,4,f2p,37,past_unknown,2,0,2.1077211490432293e-08,0,1
20,4,f2p,37,past_unknown,3,0,3.4608634658646234e-06,0,1
20,4,f2p,37,past_unknown,4,0,4.9607371868645e-10,0,1
20,4,f2p,37,past_unknown,5,0,9.547414531176099e-09,0,1
20,4,f2p,38,past_unknown,0,0,1.0290908454345202e-06,0,1
20,4,f2p,38,past_unknown,1,0,5.296527089234961e-08,0,1
20,4,f2p,38,past_unknown,2,0,1.0314451376193805e-05,0,1
20,4,f2p,38,past_unknown,3,0,7.226430242713071e-08,0,1
20,4,f2p,38,past_unknown,4,0,8.75277391800686e-08,0,1
20,4,f2p,38,past_unknown,5,0,2.1256539659101336e-05,0,1
20,4,f2p,39,past_unknown,0,0,5.045311985269485e-06,0,1
20,4,f2p,39,past_unknown,1,0,1.1037643807565551e-08,0,1
20,4,f2p,39,past_unknown,2,0,2.447946077811669e-06,0,1
20,4,f2p,39,past_unknown,3,0,2.4184853925439587e-07,0,1
20,4,f2p,39,past_unknown,4,0,1.1477124332301827e-08,0,1
20,4,f2p,39,past_unknown,5,0,1.2142459174848592e-07,0,1
20,4,f2p,40,past_unknown,0,0,6.061464669436466e-09,0,1
20,4,f2p,40,past_unknown,1,0,4.367126635426125e-08,0,1
20,4,f2p,40,past_unknown,2,0,1.5014491382042108e-07,0,1
20,4,f2p,40,past_unknown,3,0,0.0005766762636993282,0,1
20,4,f2p,40,past_unknown,4,0,2.1704001390126136e-09,0,1
20,4,f2p,40,past_unknown,5,0,0.0001561879710240392,0,1
20,4,f2p,41,past_unknown,0,0,9.855334573452269e-05,0,1
20,4,f2p,41,past_unknown,1,0,1.8883075581519652e-05,0,1
20,4,f2p,41,past_unknown,2,0,6.174713644426425e-07,0,1
20,4,f2p,41,past_unknown,3,0,0.0011576227309043525,0,1
20,4,f2p,41,past_unknown,4,0,3.398629537080472e-08,0,1
20,4,f2p,41,past_unknown,5,0,8.708243028928254e-06,0,1
20,4,f2p,42,past_unknown,0,0,0.00016184229611698606,0,1
20,4,f2p,42,past_unknown,1,0,3.7019790009299388e-06,0,1
20,4,f2p,42,past_unknown,2,0,1.0767895948304992e-06,0,1
20,4,f2p,42,past_unknown,3,0,0.00011018035269133312,0,1
20,4,f2p,42,past_unknown,4,0,4.5940477530823854e-05,0,1
20,4,f2p,42,past_unknown,5,0,4.5248932053719054e-07,0,1
20,4,f2p,43,past_unknown,0,0,0.2528819042645314,0,1
20,4,f2p,43,past_unknown,1,0,4.803313653771102e-07,0,1
20,4,f2p,43,past_unknown,2,0,0.01246827350778431,0,1
20,4,f2p,43,past_unknown,3,0,0.0063997003786750665,0,1
20,4,f2p,43,past_unknown,4,0,0.2650603023346135,0,1
20,4,f2p,43,past_unknown,5,0,0.003643089766222323,0,1
20,4,f2p,44,past_unknown,0,0,1.4637445358837249e-05,0,1
20,4,f2p,44,past_unknown,1,0,8.675567491339504e-08,0,1
20,4,f2p,44,past_unknown,2,0,0.1641761411195767,0,1
20,4,f2p,44,past_unknown,3,0,7.929803268081933e-06,0,1
20,4,f2p,44,past_unknown,4,0,1.1240124424156013e-07,0,1
20,4,f2p,44,past_unknown,5,0,0.18753748668119494,0,1
20,4,f2p,45,past_unknown,0,0,1.5569795627803435e-07,0,1
20,4,f2p,45,past_unknown,1,0,7.691962712739839e-09,0,1
20,4,f2p,45,past_unknown,2,0,1.2755840562251223e-05,0,1
20,4,f2p,45,past_unknown,3,0,1.081450118188913e-07,0,1
20,4,f2p,45,past_unknown,4,0,0.00010329843099339638,0,1
20,4,f2p,45,past_unknown,5,0,5.466635943181773e-08,0,1
20,4,f2p,46,past_unknown,0,0,7.903587807665987e-08,0,1
20,4,f2p,46,past_unknown,1,0,5.911200590118999e-06,0,1
20,4,f2p,46,past_unknown,2,0,2.3313507284520592e-09,0,1
20,4,f2p,46,past_unknown,3,0,1.417238079596418e-07,0,1
20,4,f2p,46,past_unknown,4,0,1.0676864932330162e-06,0,1
20,4,f2p,46,past_unknown,5,0,5.750921197703065e-07,0,1
20,4,f2p,47,past_unknown,0,0,2.2561412757335888e-06,0,1
20,4,f2p,47,past_unknown,1,0,0.0015237799259930752,0,1
20,4,f2p,47,past_unknown,2,0,0.0002479321273557504,0,1
20,4,f2p,47,past_unknown,3,0,5.7242169546802535e-06,0,1
20,4,f2p,47,past_unknown,4,0,6.475674839397087e-05,0,1
20,4,f2p,47,past_unknown,5,0,5.1332408389614395e-06,0,1
20,4,f2p,48,past_unknown,0,0,1.061068598693713e-06,0,1
20,4,f2p,48,past_unknown,1,0,8.221167798797764e-08,0,1
20,4,f2p,48,past_unknown,2,0,1.2844796787000496e-07,0,1
20,4,f2p,48,past_unknown,3,0,7.532216152747042e-08,0,1
20,4,f2p,48,past_unknown,4,0,1.3248308157578383e-08,0,1
20,4,f2p,48,past_unknown,5,0,1.1400629910518888e-06,0,1
20,4,f2p,49,past_unknown,0,0,0.09435482968236393,0,1
20,4,f2p,49,past_unknown,1,0,0.004053471872788822,0,1
20,4,f2p,49,past_unknown,2,0,0.0005518660548733652,0,1
20,4,f2p,49,past_unknown,3,0,0.006568237668861104,0,1
20,4,f2p,49,past_unknown,4,0,0.0005462657103014437,0,1
20,4,f2p,49,past_unknown,5,0,0.011723379847951973,0,1
21,4,p2f,50,future_known,0,1,0.02429646788496449,0,0
21,4,p2f,50,future_known,1,1,0.02493743023276038,0,0
21,4,p2f,50,future_known,2,1,1.0576154912707192e-05,0,0
21,4,p2f,50,future_known,3,1,4.229433525685081e-05,0,0
21,4,p2f,50,future_known,4,1,5.534006750948316e-06,0,0
21,4,p2f,50,future_known,5,1,5.83496955252597e-06,0,0
21,4,p2f,51,future_known,0,1,0.03228611734082786,0,0
21,4,p2f,51,future_known,1,1,0.1409411320476364,0,0
21,4,p2f,51,future_known,2,1,0.0004474147972155066,0,0
21,4,p2f,51,future_known,3,1,0.22172975343244264,0,0
21,4,p2f,51,future_known,4,1,0.00134465449893444,0,0
21,4,p2f,51,future_known,5,1,0.00015195009462274937,0,0
21,4,p2f,52,future_known,0,1,0.006317895077380937,0,0
21,4,p2f,52,future_known,1,1,0.15639597026623095,0,0
21,4,p2f,52,future_known,2,1,0.009150849460727835,0,0
21,4,p2f,52,future_known,3,1,0.01832550970353063,0,0
21,4,p2f,52,future_known,4,1,6.520850779770834e-06,0,0
21,4,p2f,52,future_known,5,1,0.00036018085689093943,0,0
21,4,p2f,53,future_known,0,1,0.003139884720604847,0,0
21,4,p2f,53,future_known,1,1,0.00033023373661232195,0,0
21,4,p2f,53,future_known,2,1,0.0014957672644679138,0,0
21,4,p2f,53,future_known,3,1,0.0001697740489117855,0,0
21,4,p2f,53,future_known,4,1,0.000583979513357355,0,0
21,4,p2f,53,future_known,5,1,2.1588918517172556e-06,0,0
21,4,p2f,54,future_known,0,1,0.9444002379071463,1,1
21,4,p2f,54,future_known,1,1,7.957294889621784e-05,0,0
21,4,p2f,54,future_known,2,1,0.0027227719198712353,0,0
21,4,p2f,54,future_known,3,1,0.9781804238076085,1,1
21,4,p2f,54,future_known,4,1,0.0002745325063634616,0,0
21,4,p2f,54,future_known,5,1,0.9925255450057469,1,1
21,4,p2f,55,future_known,0,1,0.9991762488382878,1,1
21,4,p2f,55,future_known,1,1,0.3910447933295428,0,0
21,4,p2f,55,future_known,2,1,0.8045688743823468,1,1
21,4,p2f,55,future_known,3,1,0.9694551991517923,1,1
21,4,p2f,55,future_known,4,1,0.0003148702409263046,0,0
21,4,p2f,55,future_known,5,1,0.005572487950718807,0,0
21,4,p2f,56,future_known,0,1,0.6766759499460291,1,1
21,4,p2f,56,future_known,1,1,0.043340650241031176,0,0
21,4,p2f,56,future_known,2,1,0.0002975098971574959,0,0
21,4,p2f,56,future_known,3,1,0.0006222487354173652,0,0
21,4,p2f,56,future_known,4,1,0.023594000704974645,0,0
21,4,p2f,56,future_known,5,1,0.20569046344122033,0,0
21,4,p2f,57,future_known,0,1,0.4781947415071032,0,0
21,4,p2f,57,future_known,1,1,2.23443010093858e-06,0,0
21,4,p2f,57,future_known,2,1,0.32840758705913253,0,0
21,4,p2f,57,future_known,3,1,0.00026622735005021826,0,0
21,4,p2f,57,future_known,4,1,0.0306601368225744,0,0
21,4,p2f,57,future_known,5,1,0.004151898873867541,0,0
21,4,p2f,58,future_known,0,1,0.0001954536626468949,0,0
21,4,p2f,58,future_known,1,1,2.0668118572618493e-05,0,0
21,4,p2f,58,future_known,2,1,4.758620693263518e-06,0,0
21,4,p2f,58,future_known,3,1,2.066454196955348e-06,0,0
21,4,p2f,58,future_known,4,1,1.9385391930678045e-06,0,0
21,4,p2f,58,future_known,5,1,1.1754109563440846e-06,0,0
21,4,p2f,59,future_known,0,1,0.9974185881483616,1,1
21,4,p2f,59,future_known,1,1,0.9996560638101514,1,1
21,4,p2f,59,future_known,2,1,0.9948800582817505,1,1
21,4,p2f,59,future_known,3,1,0.9997778076237329,1,1
21,4,p2f,59,future_known,4,1,0.9995241102411412,1,1
21,4,p2f,59,future_known,5,1,0.9996506333559846,1,1
21,4,p2f,60,future_known,0,1,0.9911322169449648,1,1
21,4,p2f,60,future_known,1,1,0.9800155790392363,1,1
21,4,p2f,60,future_known,2,1,0.2258060394904971,0,0
21,4,p2f,60,future_known,3,1,0.0014735981751332124,0,0
21,4,p2f,60,future_known,4,1,0.07205135462493745,0,0
21,4,p2f,60,future_known,5,1,0.9311379974058899,1,1
21,4,p2f,61,future_known,0,1,0.9875534537682806,1,1
21,4,p2f,61,future_known,1,1,0.03364063542803045,0,0
21,4,p2f,61,future_known,2,1,0.9970504352753461,1,1
21,4,p2f,61,future_known,3,1,0.975995422674427,1,1
21,4,p2f,61,future_known,4,1,0.7377072387038245,1,1
21,4,p2f,61,future_known,5,1,0.9608718902010361,1,1
21,4,p2f,62,future_known,0,1,0.9839257410105283,1,1
21,4,p2f,62,future_known,1,1,0.9886496707475791,1,1
21,4,p2f,62,future_known,2,1,0.3715919459233369,0,0
21,4,p2f,62,future_known,3,1,0.10924053136119201,0,0
21,4,p2f,62,future_known,4,1,0.9009080543571686,1,1
21,4,p2f,62,future_known,5,1,0.6342850608107079,1,1
21,4,p2f,63,future_known,0,1,0.7331275343407506,1,1
21,4,p2f,63,future_known,1,1,0.005100667177735401,0,0
21,4,p2f,63,future_known,2,1,0.0029445556144426562,0,0
21,4,p2f,63,future_known,3,1,0.1031502016093202,0,0
21,4,p2f,63,future_known,4,1,0.3197931178997934,0,0
21,4,p2f,63,future_known,5,1,0.5111534786560911,1,1
21,4,p2f,64,future_known,0,1,0.9553376338785805,1,1
21,4,p2f,64,future_known,1,1,0.49902361369801,0,0
21,4,p2f,64,future_known,2,1,0.370243723859393,0,0
21,4,p2f,64,future_known,3,1,0.06179804421493547,0,0
21,4,p2f,64,future_known,4,1,0.19219659031831998,0,0
21,4,p2f,64,future_known,5,1,0.4686175578828917,0,0
21,4,p2f,65,future_known,0,1,0.577628404923426,1,1
21,4,p2f,65,future_known,1,1,0.011319696462760709,0,0
21,4,p2f,65,future_known,2,1,0.8458311430801491,1,1
21,4,p2f,65,future_known,3,1,0.8204540940604463,1,1
21,4,p2f,65,future_known,4,1,0.014065530047322977,0,0
21,4,p2f,65,future_known,5,1,0.0006387626686547458,0,0
21,4,p2f,66,future_known,0,1,0.17203918805638604,0,0
21,4,p2f,66,future_known,1,1,0.024116191090129933,0,0
21,4,p2f,66,future_known,2,1,0.0004655089050406965,0,0
21,4,p2f,66,future_known,3,1,0.8091243435646156,1,1
21,4,p2f,66,future_known,4,1,0.00045314944586957577,0,0
21,4,p2f,66,future_known,5,1,0.5401598993442879,1,1
21,4,p2f,67,future_known,0,1,0.9574003057644732,1,1
21,4,p2f,67,future_known,1,1,0.967321516060005,1,1
21,4,p2f,67,future_known,2,1,0.9801306178406437,1,1
21,4,p2f,67,future_known,3,1,0.9928145708849545,1,1
21,4,p2f,67,future_known,4,1,0.9963311719011144,1,1
21,4,p2f,67,future_known,5,1,0.17642713519679426,0,0
21,4,p2f,68,future_known,0,1,0.30577503460430494,0,0
21,4,p2f,68,future_known,1,1,0.9953419366504331,1,1
21,4,p2f,68,future_known,2,1,0.694347525273933,1,1
21,4,p2f,68,future_known,3,1,0.14730754499157378,0,0
21,4,p2f,68,future_known,4,1,0.9994326036666568,1,1
21,4,p2f,68,future_known,5,1,0.2801391834299445,0,0
21,4,p2f,69,future_known,0,1,0.9559779769640322,1,1
21,4,p2f,69,future_known,1,1,0.8911731476875904,1,1
21,4,p2f,69,future_known,2,1,0.7020298142293482,1,1
21,4,p2f,69,future_known,3,1,0.963261821788895,1,1
21,4,p2f,69,future_known,4,1,0.3386434121373115,0,0
21,4,p2f,69,future_known,5,1,0.9428941322217446,1,1
21,4,p2f,70,future_known,0,1,0.3981473103479103,0,0
21,4,p2f,70,future_known,1,1,1.0325865198945154e-05,0,0
21,4,p2f,70,future_known,2,1,0.0006600476768812866,0,0
21,4,p2f,70,future_known,3,1,0.008050689093130399,0,0
21,4,p2f,70,future_known,4,1,0.0002766544011580108,0,0
21,4,p2f,70,future_known,5,1,0.02893910420549869,0,0
21,4,p2f,71,future_known,0,1,0.9950713077613234,1,1
21,4,p2f,71,future_known,1,1,0.9943356115905073,1,1
21,4,p2f,71,future_known,2,1,0.9747411449778617,1,1
21,4,p2f,71,future_known,3,1,0.9959278811982528,1,1
21,4,p2f,71,future_known,4,1,0.9991194007270703,1,1
21,4,p2f,71,future_known,5,1,0.9104200397704035,1,1
21,4,p2f,72,future_known,0,1,0.8866062127794024,1,1
21,4,p2f,72,future_known,1,1,0.18271300137009824,0,0
21,4,p2f,72,future_known,2,1,0.7233496899881423,1,1
21,4,p2f,72,future_known,3,1,0.9382757997982234,1,1
21,4,p2f,72,future_known,4,1,0.31216170168671714,0,0
21,4,p2f,72,future_known,5,1,0.9956738871164055,1,1
21,4,p2f,73,future_known,0,1,0.9801567153654923,1,1
21,4,p2f,73,future_known,1,1,0.003065110399127574,0,0
21,4,p2f,73,future_known,2,1,0.006031731142023392,0,0
21,4,p2f,73,future_known,3,1,0.016731053196591624,0,0
21,4,p2f,73,future_known,4,1,0.0002639322341108593,0,0
21,4,p2f,73,future_known,5,1,0.033271849297118766,0,0
21,4,p2f,74,future_known,0,1,0.997772558465111,1,1
21,4,p2f,74,future_known,1,1,0.9504304576856492,1,1
21,4,p2f,74,future_known,2,1,0.9953967914404479,1,1
21,4,p2f,74,future_known,3,1,0.824906438676153,1,1
21,4,p2f,74,future_known,4,1,0.9995875401933375,1,1
21,4,p2f,74,future_known,5,1,0.7243663236932943,1,1
21,4,p2f,75,future_unknown,0,0,0.05847532546757802,0,1
21,4,p2f,75,future_unknown,1,0,0.0810760619973135,0,1
21,4,p2f,75,future_unknown,2,0,0.03669244149595962,0,1
21,4,p2f,75,future_unknown,3,0,0.0012692014424785444,0,1
21,4,p2f,75,future_unknown,4,0,0.042856069380461444,0,1
21,4,p2f,75,future_unknown,5,0,0.1835888541241517,0,1
21,4,p2f,76,future_unknown,0,0,2.7513568542213212e-06,0,1
21,4,p2f,76,future_unknown,1,0,1.2456740957608591e-06,0,1
21,4,p2f,76,future_unknown,2,0,1.889051422906905e-06,0,1
21,4,p2f,76,future_unknown,3,0,5.229822497180942e-05,0,1
21,4,p2f,76,future_unknown,4,0,2.1813313210756973e-07,0,1
21,4,p2f,76,future_unknown,5,0,1.0393443914531686e-08,0,1
21,4,p2f,77,future_unknown,0,0,5.506297422511225e-08,0,1
21,4,p2f,77,future_unknown,1,0,3.871863901186998e-08,0,1
21,4,p2f,77,future_unknown,2,0,1.1532468172974016e-07,0,1
21,4,p2f,77,future_unknown,3,0,1.9735680322884885e-06,0,1
21,4,p2f,77,future_unknown,4,0,1.2816199642880497e-09,0,1
21,4,p2f,77,future_unknown,5,0,4.319534944809977e-06,0,1
21,4,p2f,78,future_unknown,0,0,0.000350734730517699,0,1
21,4,p2f,78,future_unknown,1,0,0.00014077762349041975,0,1
21,4,p2f,78,future_unknown,2,0,9.935345781439322e-05,0,1
21,4,p2f,78,future_unknown,3,0,7.385964672587184e-06,0,1
21,4,p2f,78,future_unknown,4,0,3.079993551701904e-05,0,1
21,4,p2f,78,future_unknown,5,0,0.0006302507222482791,0,1
21,4,p2f,79,future_unknown,0,0,0.004524288247184808,0,1
21,4,p2f,79,future_unknown,1,0,0.0004242813111370913,0,1
21,4,p2f,79,future_unknown,2,0,6.45032429525619e-05,0,1
21,4,p2f,79,future_unknown,3,0,0.002142314336459005,0,1
21,4,p2f,79,future_unknown,4,0,0.0036644955892256147,0,1
21,4,p2f,79,future_unknown,5,0,0.0017670217522378828,0,1
21,4,p2f,80,future_unknown,0,0,0.0007525777635990422,0,1
21,4,p2f,80,future_unknown,1,0,0.2156841770718815,0,1
21,4,p2f,80,future_unknown,2,0,0.0014414442402197335,0,1
21,4,p2f,80,future_unknown,3,0,0.06409937309493055,0,1
21,4,p2f,80,future_unknown,4,0,0.0005855486968195644,0,1
21,4,p2f,80,future_unknown,5,0,0.0018762443862311996,0,1
21,4,p2f,81,future_unknown,0,0,1.2191253469874952e-08,0,1
21,4,p2f,81,future_unknown,1,0,1.2276313966449936e-08,0,1
21,4,p2f,81,future_unknown,2,0,6.96122435691259e-10,0,1
21,4,p2f,81,future_unknown,3,0,7.141220036172156e-08,0,1
21,4,p2f,81,future_unknown,4,0,1.1245624701614132e-07,0,1
21,4,p2f,81,future_unknown,5,0,5.960265298948569e-09,0,1
21,4,p2f,82,future_unknown,0,0,0.0002203920159238635,0,1
21,4,p2f,82,future_unknown,1,0,2.9497863596894517e-07,0,1
21,4,p2f,82,future_unknown,2,0,1.1347515486390025e-05,0,1
21,4,p2f,82,future_unknown,3,0,2.0212035138385425e-05,0,1
21,4,p2f,82,future_unknown,4,0,4.9682001398788166e-05,0,1
21,4,p2f,82,future_unknown,5,0,7.056522249450652e-06,0,1
21,4,p2f,83,future_unknown,0,0,0.003843367172967997,0,1
21,4,p2f,83,future_unknown,1,0,0.003168545293285115,0,1
21,4,p2f,83,future_unknown,2,0,0.21253862070435928,0,1
21,4,p2f,83,future_unknown,3,0,0.00866369431644248,0,1
21,4,p2f,83,future_unknown,4,0,0.03470391829938858,0,1
21,4,p2f,83,future_unknown,5,0,0.002859374565488189,0,1
21,4,p2f,84,future_unknown,0,0,7.311578502494278e-05,0,1
21,4,p2f,84,future_unknown,1,0,4.291105423076156e-05,0,1
21,4,p2f,84,future_unknown,2,0,0.00030873696111012887,0,1
21,4,p2f,84,future_unknown,3,0,8.439217373158724e-06,0,1
21,4,p2f,84,future_unknown,4,0,3.114511188782901e-06,0,1
21,4,p2f,84,future_unknown,5,0,6.24227958469102e-05,0,1
21,4,p2f,85,future_unknown,0,0,0.00018899337878638766,0,1
21,4,p2f,85,future_unknown,1,0,0.0003624079992842774,0,1
21,4,p2f,85,future_unknown,2,0,0.0022342710747250195,0,1
21,4,p2f,85,future_unknown,3,0,0.009809268869558246,0,1
21,4,p2f,85,future_unknown,4,0,0.0015848453817239728,0,1
21,4,p2f,85,future_unknown,5,0,0.00033734705201157755,0,1
21,4,p2f,86,future_unknown,0,0,0.001399531714209291,0,1
21,4,p2f,86,future_unknown,1,0,5.840864207244326e-06,0,1
21,4,p2f,86,future_unknown,2,0,0.0001837809700694502,0,1
21,4,p2f,86,future_unknown,3,0,6.345202650562535e-05,0,1
21,4,p2f,86,future_unknown,4,0,0.0003295148785617692,0,1
21,4,p2f,86,future_unknown,5,0,0.0006868313576119811,0,1
21,4,p2f,87,future_unknown,0,0,0.0001031455810311696,0,1
21,4,p2f,87,future_unknown,1,0,7.395840661368685e-05,0,1
21,4,p2f,87,future_unknown,2,0,0.0001826075690946991,0,1
21,4,p2f,87,future_unknown,3,0,0.0035378876251389775,0,1
21,4,p2f,87,future_unknown,4,0,0.00012485124807917554,0,1
21,4,p2f,87,future_unknown,5,0,5.804626733475488e-06,0,1
21,4,p2f,88,future_unknown,0,0,0.0009839375762682216,0,1
21,4,p2f,88,future_unknown,1,0,0.15569695045116919,0,1
21,4,p2f,88,future_unknown,2,0,0.0007843924079101797,0,1
21,4,p2f,88,future_unknown,3,0,0.0038431425183198384,0,1
21,4,p2f,88,future_unknown,4,0,0.07409270362658957,0,1
21,4,p2f,88,future_unknown,5,0,0.001714361244071511,0,1
21,4,p2f,89,future_unknown,0,0,6.096067859649193e-06,0,1
21,4,p2f,89,future_unknown,1,0,3.693465254458396e-07,0,1
21,4,p2f,89,future_unknown,2,0,1.5835241754796746e-06,0,1
21,4,p2f,89,future_unknown,3,0,4.836706102283982e-07,0,1
21,4,p2f,89,future_unknown,4,0,4.719342490699029e-06,0,1
21,4,p2f,89,future_unknown,5,0,2.8730096484427796e-07,0,1
21,4,p2f,90,future_unknown,0,0,0.8573613173597016,1,0
21,4,p2f,90,future_unknown,1,0,0.9979834076270295,1,0
21,4,p2f,90,future_unknown,2,0,0.9193087501248156,1,0
21,4,p2f,90,future_unknown,3,0,0.9758306433629222,1,0
21,4,p2f,90,future_unknown,4,0,0.9292710700688182,1,0
21,4,p2f,90,future_unknown,5,0,0.3501767494838677,0,1
21,4,p2f,91,future_unknown,0,0,0.0001138268360452586,0,1
21,4,p2f,91,future_unknown,1,0,6.822004757580675e-05,0,1
21,4,p2f,91,future_unknown,2,0,3.877805159953793e-06,0,1
21,4,p2f,91,future_unknown,3,0,9.114620869110713e-05,0,1
21,4,p2f,91,future_unknown,4,0,1.7457921767019397e-07,0,1
21,4,p2f,91,future_unknown,5,0,3.837443515046397e-05,0,1
21,4,p2f,92,future_unknown,0,0,5.74872199075682e-09,0,1
21,4,p2f,92,future_unknown,1,0,3.3937210511239896e-10,0,1
21,4,p2f,92,future_unknown,2,0,1.4200801767937407e-07,0,1
21,4,p2f,92,future_unknown,3,0,0.00037092735208394415,0,1
21,4,p2f,92,future_unknown,4,0,7.275542002699487e-07,0,1
21,4,p2f,92,future_unknown,5,0,1.5436934310163972e-09,0,1
21,4,p2f,93,future_unknown,0,0,0.0012153036772807582,0,1
21,4,p2f,93,future_unknown,1,0,1.923806461670753e-07,0,1
21,4,p2f,93,future_unknown,2,0,1.644456053203582e-06,0,1
21,4,p2f,93,future_unknown,3,0,1.644456053203582e-06,0,1
21,4,p2f,93,future_unknown,4,0,3.9068744638105494e-07,0,1
21,4,p2f,93,future_unknown,5,0,2.082403524193374e-08,0,1
21,4,p2f,94,future_unknown,0,0,0.03962496122462518,0,1
21,4,p2f,94,future_unknown,1,0,0.0002855886958266376,0,1
21,4,p2f,94,future_unknown,2,0,0.0010136711034446685,0,1
21,4,p2f,94,future_unknown,3,0,0.0010985048464570112,0,1
21,4,p2f,94,future_unknown,4,0,0.0017875236943653244,0,1
21,4,p2f,94,future_unknown,5,0,0.004522518800344161,0,1
21,4,p2f,95,future_unknown,0,0,5.190286430376536e-06,0,1
21,4,p2f,95,future_unknown,1,0,1.4068093467388092e-07,0,1
21,4,p2f,95,future_unknown,2,0,1.135687757583075e-06,0,1
21,4,p2f,95,future_unknown,3,0,2.902930606127046e-07,0,1
21,4,p2f,95,future_unknown,4,0,1.4694592181223693e-08,0,1
21,4,p2f,95,future_unknown,5,0,1.2635516372459556e-06,0,1
21,4,p2f,96,future_unknown,0,0,0.052988967575862536,0,1
21,4,p2f,96,future_unknown,1,0,0.004928965164319924,0,1
21,4,p2f,96,future_unknown,2,0,0.01180197120162992,0,1
21,4,p2f,96,future_unknown,3,0,0.00010937352797529923,0,1
21,4,p2f,96,future_unknown,4,0,0.00021749224400658432,0,1
21,4,p2f,96,future_unknown,5,0,0.09294263881826179,0,1
21,4,p2f,97,future_unknown,0,0,0.11857402664277693,0,1
21,4,p2f,97,future_unknown,1,0,0.05171645876689007,0,1
21,4,p2f,97,future_unknown,2,0,9.075459979188324e-05,0,1
21,4,p2f,97,future_unknown,3,0,0.002746819151260185,0,1
21,4,p2f,97,future_unknown,4,0,0.15802319516075722,0,1
21,4,p2f,97,future_unknown,5,0,0.09854394810613293,0,1
21,4,p2f,98,future_unknown,0,0,5.874278612549348e-07,0,1
21,4,p2f,98,future_unknown,1,0,2.0692290862338162e-08,0,1
21,4,p2f,98,future_unknown,2,0,7.563900015649029e-07,0,1
21,4,p2f,98,future_unknown,3,0,0.00016112145282894938,0,1
21,4,p2f,98,future_unknown,4,0,3.821512700818843e-08,0,1
21,4,p2f,98,future_unknown,5,0,2.4792918008482075e-08,0,1
21,4,p2f,99,future_unknown,0,0,0.20243569152392038,0,1
21,4,p2f,99,future_unknown,1,0,0.04105009913832776,0,1
21,4,p2f,99,future_unknown,2,0,0.4058495131668867,0,1
21,4,p2f,99,future_unknown,3,0,0.38747772196791647,0,1
21,4,p2f,99,future_unknown,4,0,0.11604596595243112,0,1
21,4,p2f,99,future_unknown,5,0,0.0040554020939771816,0,1
21,4,f2p,0,past_known,0,1,0.0026633236184562706,0,0
21,4,f2p,0,past_known,1,1,9.674262337227508e-07,0,0
21,4,f2p,0,past_known,2,1,1.7670098568700038e-06,0,0
21,4,f2p,0,past_known,3,1,4.182184679254823e-05,0,0
21,4,f2p,0,past_known,4,1,3.3884654923957368e-06,0,0
21,4,f2p,0,past_known,5,1,1.5515242808095275e-06,0,0
21,4,f2p,1,past_known,0,1,0.021012734826728784,0,0
21,4,f2p,1,past_known,1,1,0.004335945352332218,0,0
21,4,f2p,1,past_known,2,1,0.008223942607468164,0,0
21,4,f2p,1,past_known,3,1,7.721103118888676e-05,0,0
21,4,f2p,1,past_known,4,1,0.006263726400296253,0,0
21,4,f2p,1,past_known,5,1,0.009784846659662776,0,0
21,4,f2p,2,past_known,0,1,7.378547213229721e-06,0,0
21,4,f2p,2,past_known,1,1,0.004866837469028661,0,0
21,4,f2p,2,past_known,2,1,0.013222000702738154,0,0
21,4,f2p,2,past_known,3,1,0.0002087239458502592,0,0
21,4,f2p,2,past_known,4,1,5.4186830595469545e-06,0,0
21,4,f2p,2,past_known,5,1,3.9454029783374676e-07,0,0
21,4,f2p,3,past_known,0,1,2.439266437543134e-07,0,0
21,4,f2p,3,past_known,1,1,1.2388333869002283e-09,0,0
21,4,f2p,3,past_known,2,1,0.0004545397629310564,0,0
21,4,f2p,3,past_known,3,1,5.082009493895565e-05,0,0
21,4,f2p,3,past_known,4,1,4.4913399416073364e-07,0,0
21,4,f2p,3,past_known,5,1,0.0035862556878371627,0,0
21,4,f2p,4,past_known,0,1,0.11099009195135787,0,0
21,4,f2p,4,past_known,1,1,2.624134662483521e-05,0,0
21,4,f2p,4,past_known,2,1,1.2024301245551413e-06,0,0
21,4,f2p,4,past_known,3,1,7.884871866521048e-06,0,0
21,4,f2p,4,past_known,4,1,0.2258772787637478,0,0
21,4,f2p,4,past_known,5,1,1.0819734042455013e-07,0,0
21,4,f2p,5,past_known,0,1,0.012281510375902999,0,0
21,4,f2p,5,past_known,1,1,0.00550705426124959,0,0
21,4,f2p,5,past_known,2,1,0.05600635393165692,0,0
21,4,f2p,5,past_known,3,1,0.7180313155002225,1,1
21,4,f2p,5,past_known,4,1,0.9999057850156764,1,1
21,4,f2p,5,past_known,5,1,0.03973872935329629,0,0
21,4,f2p,6,past_known,0,1,0.4521082884084815,0,0
21,4,f2p,6,past_known,1,1,0.9597817175790716,1,1
21,4,f2p,6,past_known,2,1,0.7971116410708841,1,1
21,4,f2p,6,past_known,3,1,0.8247894375137804,1,1
21,4,f2p,6,past_known,4,1,0.4909432943665059,0,0
21,4,f2p,6,past_known,5,1,0.9930460757396669,1,1
21,4,f2p,7,past_known,0,1,0.00013298346941576877,0,0
21,4,f2p,7,past_known,1,1,0.003843124636878172,0,0
21,4,f2p,7,past_known,2,1,1.069533688721501e-06,0,0
21,4,f2p,7,past_known,3,1,5.424487140193596e-05,0,0
21,4,f2p,7,past_known,4,1,1.558617383357883e-05,0,0
21,4,f2p,7,past_known,5,1,1.2583850039082847e-06,0,0
21,4,f2p,8,past_known,0,1,0.9837619123778043,1,1
21,4,f2p,8,past_known,1,1,9.233772985294203e-05,0,0
21,4,f2p,8,past_known,2,1,0.033959887365618266,0,0
21,4,f2p,8,past_known,3,1,0.42080045451812453,0,0
21,4,f2p,8,past_known,4,1,6.5215862160012225e-09,0,0
21,4,f2p,8,past_known,5,1,0.2296495116245258,0,0
21,4,f2p,9,past_known,0,1,0.31865252595790766,0,0
21,4,f2p,9,past_known,1,1,0.9749167143221735,1,1
21,4,f2p,9,past_known,2,1,0.09527933753692334,0,0
21,4,f2p,9,past_known,3,1,0.9842522064031677,1,1
21,4,f2p,9,past_known,4,1,0.9756701456367755,1,1
21,4,f2p,9,past_known,5,1,0.009266628219207968,0,0
21,4,f2p,10,past_known,0,1,0.7699797649049757,1,1
21,4,f2p,10,past_known,1,1,0.07663405409623075,0,0
21,4,f2p,10,past_known,2,1,0.72803166836131,1,1
21,4,f2p,10,past_known,3,1,0.002712356103706862,0,0
21,4,f2p,10,past_known,4,1,0.7530629557963592,1,1
21,4,f2p,10,past_known,5,1,0.07577333424875211,0,0
21,4,f2p,11,past_known,0,1,3.1774240116972917e-06,0,0
21,4,f2p,11,past_known,1,1,0.00029168174948505785,0,0
21,4,f2p,11,past_known,2,1,1.4001427509394311e-06,0,0
21,4,f2p,11,past_known,3,1,1.0557115232725164e-06,0,0
21,4,f2p,11,past_known,4,1,0.05204630532408469,0,0
21,4,f2p,11,past_known,5,1,0.02166257322361739,0,0
21,4,f2p,12,past_known,0,1,0.005029208155894391,0,0
21,4,f2p,12,past_known,1,1,0.002010946066553115,0,0
21,4,f2p,12,past_known,2,1,0.020259912979558377,0,0
21,4,f2p,12,past_known,3,1,0.00579401984360915,0,0
21,4,f2p,12,past_known,4,1,1.156296834885734e-06,0,0
21,4,f2p,12,past_known,5,1,0.019045855884789187,0,0
21,4,f2p,13,past_known,0,1,0.9910043102187013,1,1
21,4,f2p,13,past_known,1,1,0.999741227873108,1,1
21,4,f2p,13,past_known,2,1,0.9992797673856926,1,1
21,4,f2p,13,past_known,3,1,0.9740150812853027,1,1
21,4,f2p,13,past_known,4,1,0.9997250121337838,1,1
21,4,f2p,13,past_known,5,1,0.9995819689332517,1,1
21,4,f2p,14,past_known,0,1,0.1076906088901584,0,0
21,4,f2p,14,past_known,1,1,0.7781108845736888,1,1
21,4,f2p,14,past_known,2,1,0.000863153695042667,0,0
21,4,f2p,14,past_known,3,1,3.5886545619886923e-06,0,0
21,4,f2p,14,past_known,4,1,1.2371393957535153e-06,0,0
21,4,f2p,14,past_known,5,1,0.08357095341439023,0,0
21,4,f2p,15,past_known,0,1,0.009186599195648447,0,0
21,4,f2p,15,past_known,1,1,0.796604195994314,1,1
21,4,f2p,15,past_known,2,1,0.001177371249920802,0,0
21,4,f2p,15,past_known,3,1,0.28884209686217366,0,0
21,4,f2p,15,past_known,4,1,0.04800929958095662,0,0
21,4,f2p,15,past_known,5,1,0.753007734597136,1,1
21,4,f2p,16,past_known,0,1,0.9984716350284483,1,1
21,4,f2p,16,past_known,1,1,0.9998269114553568,1,1
21,4,f2p,16,past_known,2,1,0.9999623297795482,1,1
21,4,f2p,16,past_known,3,1,0.9996489472452751,1,1
21,4,f2p,16,past_known,4,1,0.9994925628382314,1,1
21,4,f2p,16,past_known,5,1,0.9997135573395755,1,1
21,4,f2p,17,past_known,0,1,0.00022359385823138848,0,0
21,4,f2p,17,past_known,1,1,0.00037798060326390854,0,0
21,4,f2p,17,past_known,2,1,4.900186795480464e-05,0,0
21,4,f2p,17,past_known,3,1,2.0985924577468757e-06,0,0
21,4,f2p,17,past_known,4,1,8.924579302782497e-07,0,0
21,4,f2p,17,past_known,5,1,0.0004610998211406638,0,0
21,4,f2p,18,past_known,0,1,0.21281294151108301,0,0
21,4,f2p,18,past_known,1,1,0.005854053768884498,0,0
21,4,f2p,18,past_known,2,1,0.014928270383155919,0,0
21,4,f2p,18,past_known,3,1,0.07144857549856938,0,0
21,4,f2p,18,past_known,4,1,0.005077385265003863,0,0
21,4,f2p,18,past_known,5,1,9.037298931366307e-06,0,0
21,4,f2p,19,past_known,0,1,0.9894343418978359,1,1
21,4,f2p,19,past_known,1,1,0.6777384167400242,1,1
21,4,f2p,19,past_known,2,1,0.9699627449262765,1,1
21,4,f2p,19,past_known,3,1,0.9980207328135619,1,1
21,4,f2p,19,past_known,4,1,0.2914427274029866,0,0
21,4,f2p,19,past_known,5,1,0.0006899314762308687,0,0
21,4,f2p,20,past_known,0,1,0.0881942573875128,0,0
21,4,f2p,20,past_known,1,1,3.934544626042436e-05,0,0
21,4,f2p,20,past_known,2,1,0.9250679342473973,1,1
21,4,f2p,20,past_known,3,1,4.4255373947935803e-07,0,0
21,4,f2p,20,past_known,4,1,3.3110187170414015e-05,0,0
21,4,f2p,20,past_known,5,1,0.00031385597748347994,0,0
21,4,f2p,21,past_known,0,1,0.02767761520974737,0,0
21,4,f2p,21,past_known,1,1,8.340128197648771e-10,0,0
21,4,f2p,21,past_known,2,1,0.0027060160281483104,0,0
21,4,f2p,21,past_known,3,1,1.7676906329396876e-08,0,0
21,4,f2p,21,past_known,4,1,1.528649586706723e-05,0,0
21,4,f2p,21,past_known,5,1,4.047589985683338e-12,0,0
21,4,f2p,22,past_known,0,1,0.28463868344675575,0,0
21,4,f2p,22,past_known,1,1,0.02015769509889538,0,0
21,4,f2p,22,past_known,2,1,6.965646774078246e-09,0,0
21,4,f2p,22,past_known,3,1,0.328930914497325,0,0
21,4,f2p,22,past_known,4,1,1.4584183951344093e-06,0,0
21,4,f2p,22,past_known,5,1,3.8077831868579156e-05,0,0
21,4,f2p,23,past_known,0,1,0.009357572924932271,0,0
21,4,f2p,23,past_known,1,1,0.5415958332803854,1,1
21,4,f2p,23,past_known,2,1,0.6675021901080294,1,1
21,4,f2p,23,past_known,3,1,0.021861607492661528,0,0
21,4,f2p,23,past_known,4,1,0.022484480442267314,0,0
21,4,f2p,23,past_known,5,1,0.8646277410080168,1,1
21,4,f2p,24,past_known,0,1,0.26795944339608957,0,0
21,4,f2p,24,past_known,1,1,0.02994522624548002,0,0
21,4,f2p,24,past_known,2,1,0.11943213289612024,0,0
21,4,f2p,24,past_known,3,1,0.9257789443444799,1,1
21,4,f2p,24,past_known,4,1,0.7691394533000951,1,1
21,4,f2p,24,past_known,5,1,0.9962858432781775,1,1
21,4,f2p,25,past_unknown,0,0,0.00032109070003498035,0,1
21,4,f2p,25,past_unknown,1,0,0.0003338413770144426,0,1
21,4,f2p,25,past_unknown,2,0,0.9409333188588156,1,0
21,4,f2p,25,past_unknown,3,0,0.0005952550597189812,0,1
21,4,f2p,25,past_unknown,4,0,1.706931517336983e-05,0,1
21,4,f2p,25,past_unknown,5,0,0.0008413355310734477,0,1
21,4,f2p,26,past_unknown,0,0,0.0005647191608241566,0,1
21,4,f2p,26,past_unknown,1,0,0.0052155719284458025,0,1
21,4,f2p,26,past_unknown,2,0,1.7161535002258491e-06,0,1
21,4,f2p,26,past_unknown,3,0,0.0021650132493269674,0,1
21,4,f2p,26,past_unknown,4,0,7.058938769217691e-06,0,1
21,4,f2p,26,past_unknown,5,0,0.00011310088759137943,0,1
21,4,f2p,27,past_unknown,0,0,1.1775338789315347e-10,0,1
21,4,f2p,27,past_unknown,1,0,6.257077629523947e-09,0,1
21,4,f2p,27,past_unknown,2,0,3.294702142955701e-09,0,1
21,4,f2p,27,past_unknown,3,0,1.1244388477652323e-10,0,1
21,4,f2p,27,past_unknown,4,0,2.632515466330089e-07,0,1
21,4,f2p,27,past_unknown,5,0,0.0001460013312409077,0,1
21,4,f2p,28,past_unknown,0,0,0.9996298876249036,1,0
21,4,f2p,28,past_unknown,1,0,2.1956778703057024e-05,0,1
21,4,f2p,28,past_unknown,2,0,0.0002559243379247314,0,1
21,4,f2p,28,past_unknown,3,0,0.3109510347024866,0,1
21,4,f2p,28,past_unknown,4,0,0.9570275883378844,1,0
21,4,f2p,28,past_unknown,5,0,3.635201629025518e-06,0,1
21,4,f2p,29,past_unknown,0,0,6.749638357865534e-07,0,1
21,4,f2p,29,past_unknown,1,0,1.944172596768149e-07,0,1
21,4,f2p,29,past_unknown,2,0,9.82837032048123e-05,0,1
21,4,f2p,29,past_unknown,3,0,0.0002998519422980734,0,1
21,4,f2p,29,past_unknown,4,0,0.0001011761707810377,0,1
21,4,f2p,29,past_unknown,5,0,8.367093055107809e-05,0,1
21,4,f2p,30,past_unknown,0,0,7.722868936542903e-05,0,1
21,4,f2p,30,past_unknown,1,0,4.104498806277814e-07,0,1
21,4,f2p,30,past_unknown,2,0,0.0002932005266338087,0,1
21,4,f2p,30,past_unknown,3,0,0.0005232593609864592,0,1
21,4,f2p,30,past_unknown,4,0,7.579747328631448e-05,0,1
21,4,f2p,30,past_unknown,5,0,0.005097290901415059,0,1
21,4,f2p,31,past_unknown,0,0,0.0029375201156903994,0,1
21,4,f2p,31,past_unknown,1,0,1.667416697766601e-05,0,1
21,4,f2p,31,past_unknown,2,0,1.3602353758383708e-06,0,1
21,4,f2p,31,past_unknown,3,0,7.219642134077601e-06,0,1
21,4,f2p,31,past_unknown,4,0,0.0195966870763354,0,1
21,4,f2p,31,past_unknown,5,0,0.0025212905527271716,0,1
21,4,f2p,32,past_unknown,0,0,1.8237164861018536e-08,0,1
21,4,f2p,32,past_unknown,1,0,8.276071398574713e-12,0,1
21,4,f2p,32,past_unknown,2,0,7.3872374361116e-07,0,1
21,4,f2p,32,past_unknown,3,0,3.5224080883602205e-07,0,1
21,4,f2p,32,past_unknown,4,0,1.2429050060777194e-06,0,1
21,4,f2p,32,past_unknown,5,0,6.840531448500975e-09,0,1
21,4,f2p,33,past_unknown,0,0,0.24701563612368116,0,1
21,4,f2p,33,past_unknown,1,0,0.9025607313697199,1,0
21,4,f2p,33,past_unknown,2,0,1.091068504312357e-05,0,1
21,4,f2p,33,past_unknown,3,0,0.03378750856984724,0,1
21,4,f2p,33,past_unknown,4,0,0.8768350172222388,1,0
21,4,f2p,33,past_unknown,5,0,0.0005092594174905498,0,1
21,4,f2p,34,past_unknown,0,0,3.170640233665835e-07,0,1
21,4,f2p,34,past_unknown,1,0,1.635637274229448e-08,0,1
21,4,f2p,34,past_unknown,2,0,2.900673665266377e-07,0,1
21,4,f2p,34,past_unknown,3,0,4.852861101326736e-07,0,1
21,4,f2p,34,past_unknown,4,0,9.355578400820937e-05,0,1
21,4,f2p,34,past_unknown,5,0,4.596546245060625e-06,0,1
21,4,f2p,35,past_unknown,0,0,1.6551077353953434e-05,0,1
21,4,f2p,35,past_unknown,1,0,7.86123267451035e-08,0,1
21,4,f2p,35,past_unknown,2,0,0.001419467925134373,0,1
21,4,f2p,35,past_unknown,3,0,1.868543153551362e-07,0,1
21,4,f2p,35,past_unknown,4,0,8.642220770299456e-07,0,1
21,4,f2p,35,past_unknown,5,0,1.3761881344830949e-05,0,1
21,4,f2p,36,past_unknown,0,0,3.519679027711202e-05,0,1
21,4,f2p,36,past_unknown,1,0,0.0022748941794304284,0,1
21,4,f2p,36,past_unknown,2,0,0.009851880958460162,0,1
21,4,f2p,36,past_unknown,3,0,0.0108992705718928,0,1
21,4,f2p,36,past_unknown,4,0,0.00011532862811418603,0,1
21,4,f2p,36,past_unknown,5,0,6.185648301477982e-06,0,1
21,4,f2p,37,past_unknown,0,0,1.8565344121576482e-07,0,1
21,4,f2p,37,past_unknown,1,0,6.448876777948191e-07,0,1
21,4,f2p,37,past_unknown,2,0,2.805935033300005e-08,0,1
21,4,f2p,37,past_unknown,3,0,2.3718600999050045e-05,0,1
21,4,f2p,37,past_unknown,4,0,9.995537220709591e-10,0,1
21,4,f2p,37,past_unknown,5,0,2.2877103242562615e-08,0,1
21,4,f2p,38,past_unknown,0,0,1.8902570083091037e-06,0,1
21,4,f2p,38,past_unknown,1,0,9.998767750142708e-08,0,1
21,4,f2p,38,past_unknown,2,0,1.7102031558530857e-05,0,1
21,4,f2p,38,past_unknown,3,0,5.557661109078722e-08,0,1
21,4,f2p,38,past_unknown,4,0,1.2971737205682085e-07,0,1
21,4,f2p,38,past_unknown,5,0,2.8046192932341058e-05,0,1
21,4,f2p,39,past_unknown,0,0,3.732941143844419e-06,0,1
21,4,f2p,39,past_unknown,1,0,1.7835691777833938e-08,0,1
21,4,f2p,39,past_unknown,2,0,2.4908844420363193e-06,0,1
21,4,f2p,39,past_unknown,3,0,2.0437630320835837e-07,0,1
21,4,f2p,39,past_unknown,4,0,8.390577216528857e-09,0,1
21,4,f2p,39,past_unknown,5,0,1.8981416918975638e-07,0,1
21,4,f2p,40,past_unknown,0,0,2.537701890151059e-09,0,1
21,4,f2p,40,past_unknown,1,0,8.333369980276007e-08,0,1
21,4,f2p,40,past_unknown,2,0,3.716196058957216e-08,0,1
21,4,f2p,40,past_unknown,3,0,0.0006482403885327538,0,1
21,4,f2p,40,past_unknown,4,0,1.0367940034496998e-09,0,1
21,4,f2p,40,past_unknown,5,0,6.976237227922546e-05,0,1
21,4,f2p,41,past_unknown,0,0,9.651690133796806e-05,0,1
21,4,f2p,41,past_unknown,1,0,2.6194236413604697e-05,0,1
21,4,f2p,41,past_unknown,2,0,6.127091731797073e-07,0,1
21,4,f2p,41,past_unknown,3,0,0.0001935353819335521,0,1
21,4,f2p,41,past_unknown,4,0,2.5866847764654096e-08,0,1
21,4,f2p,41,past_unknown,5,0,6.393436656292746e-06,0,1
21,4,f2p,42,past_unknown,0,0,0.0001973389147651183,0,1
21,4,f2p,42,past_unknown,1,0,4.56326832267173e-06,0,1
21,4,f2p,42,past_unknown,2,0,1.0775890721917096e-06,0,1
21,4,f2p,42,past_unknown,3,0,0.0001084023461553884,0,1
21,4,f2p,42,past_unknown,4,0,2.53256765660347e-05,0,1
21,4,f2p,42,past_unknown,5,0,6.799453466475803e-07,0,1
21,4,f2p,43,past_unknown,0,0,0.17077044853011739,0,1
21,4,f2p,43,past_unknown,1,0,6.1974810999176066e-06,0,1
21,4,f2p,43,past_unknown,2,0,0.09138251074547238,0,1
21,4,f2p,43,past_unknown,3,0,0.03706779046526789,0,1
21,4,f2p,43,past_unknown,4,0,0.6713908826774507,1,0
21,4,f2p,43,past_unknown,5,0,0.034268345224216575,0,1
21,4,f2p,44,past_unknown,0,0,1.3940338246334186e-05,0,1
21,4,f2p,44,past_unknown,1,0,1.0578754187158233e-07,0,1
21,4,f2p,44,past_unknown,2,0,0.11537712746585992,0,1
21,4,f2p,44,past_unknown,3,0,3.5165660204062043e-06,0,1
21,4,f2p,44,past_unknown,4,0,8.444604636670957e-08,0,1
21,4,f2p,44,past_unknown,5,0,0.3601280987016195,0,1
21,4,f2p,45,past_unknown,0,0,2.646582523357979e-07,0,1
21,4,f2p,45,past_unknown,1,0,1.1046173194801852e-08,0,1
21,4,f2p,45,past_unknown,2,0,1.4300775658218287e-05,0,1
21,4,f2p,45,past_unknown,3,0,5.962869337964012e-07,0,1
21,4,f2p,45,past_unknown,4,0,0.00010818149572757321,0,1
21,4,f2p,45,past_unknown,5,0,7.506942047061035e-08,0,1
21,4,f2p,46,past_unknown,0,0,1.2659916148031782e-07,0,1
21,4,f2p,46,past_unknown,1,0,5.198811785455869e-06,0,1
21,4,f2p,46,past_unknown,2,0,1.0478202693161535e-08,0,1
21,4,f2p,46,past_unknown,3,0,6.014699025197405e-07,0,1
21,4,f2p,46,past_unknown,4,0,2.5306855406725626e-06,0,1
21,4,f2p,46,past_unknown,5,0,1.6688852200480655e-06,0,1
21,4,f2p,47,past_unknown,0,0,3.897067424452772e-06,0,1
21,4,f2p,47,past_unknown,1,0,0.002197421503754949,0,1
21,4,f2p,47,past_unknown,2,0,0.0008163527007436696,0,1
21,4,f2p,47,past_unknown,3,0,1.2868624378244261e-05,0,1
21,4,f2p,47,past_unknown,4,0,0.00013143879030646092,0,1
21,4,f2p,47,past_unknown,5,0,9.73702451532657e-06,0,1
21,4,f2p,48,past_unknown,0,0,5.073823996615193e-07,0,1
21,4,f2p,48,past_unknown,1,0,1.4644923128604272e-07,0,1
21,4,f2p,48,past_unknown,2,0,1.2315081708264084e-07,0,1
21,4,f2p,48,past_unknown,3,0,3.5976640203840414e-08,0,1
21,4,f2p,48,past_unknown,4,0,1.099259448942038e-08,0,1
21,4,f2p,48,past_unknown,5,0,7.33198550488158e-07,0,1
21,4,f2p,49,past_unknown,0,0,0.02486565303838412,0,1
21,4,f2p,49,past_unknown,1,0,0.0010130785970606292,0,1
21,4,f2p,49,past_unknown,2,0,9.660946402011248e-05,0,1
21,4,f2p,49,past_unknown,3,0,0.001649687720121408,0,1
21,4,f2p,49,past_unknown,4,0,7.398528012132764e-05,0,1
21,4,f2p,49,past_unknown,5,0,0.004568766943545096,0,1
22,4,p2f,50,future_known,0,1,0.007488931936600673,0,0
22,4,p2f,50,future_known,1,1,0.011315013524012226,0,0
22,4,p2f,50,future_known,2,1,2.0653528814105605e-06,0,0
22,4,p2f,50,future_known,3,1,1.710319882042493e-05,0,0
22,4,p2f,50,future_known,4,1,3.4996570239709642e-06,0,0
22,4,p2f,50,future_known,5,1,4.149713665707952e-06,0,0
22,4,p2f,51,future_known,0,1,0.0234590131166321,0,0
22,4,p2f,51,future_known,1,1,0.051698759789645575,0,0
22,4,p2f,51,future_known,2,1,0.00045110546076591635,0,0
22,4,p2f,51,future_known,3,1,0.12119852013656057,0,0
22,4,p2f,51,future_known,4,1,0.0003428360716915209,0,0
22,4,p2f,51,future_known,5,1,4.365331330626502e-05,0,0
22,4,p2f,52,future_known,0,1,0.004099388473476767,0,0
22,4,p2f,52,future_known,1,1,0.06418201737747439,0,0
22,4,p2f,52,future_known,2,1,0.004930355164008599,0,0
22,4,p2f,52,future_known,3,1,0.00931806517639696,0,0
22,4,p2f,52,future_known,4,1,3.018930481659909e-06,0,0
22,4,p2f,52,future_known,5,1,9.102200120936035e-05,0,0
22,4,p2f,53,future_known,0,1,0.0005400284061652757,0,0
22,4,p2f,53,future_known,1,1,3.837942324840491e-05,0,0
22,4,p2f,53,future_known,2,1,0.00036994513378753774,0,0
22,4,p2f,53,future_known,3,1,1.5050072973412293e-05,0,0
22,4,p2f,53,future_known,4,1,0.00015753770683745867,0,0
22,4,p2f,53,future_known,5,1,2.2945526978601122e-07,0,0
22,4,p2f,54,future_known,0,1,0.900664383821142,1,1
22,4,p2f,54,future_known,1,1,2.0787741347669985e-05,0,0
22,4,p2f,54,future_known,2,1,0.0008283790355818272,0,0
22,4,p2f,54,future_known,3,1,0.9291526303646309,1,1
22,4,p2f,54,future_known,4,1,8.488085721775327e-05,0,0
22,4,p2f,54,future_known,5,1,0.9762655711814817,1,1
22,4,p2f,55,future_known,0,1,0.9972628345929239,1,1
22,4,p2f,55,future_known,1,1,0.19819005519933242,0,0
22,4,p2f,55,future_known,2,1,0.7417445337003709,1,1
22,4,p2f,55,future_known,3,1,0.9125872517193475,1,1
22,4,p2f,55,future_known,4,1,0.0002505047964650363,0,0
22,4,p2f,55,future_known,5,1,0.0031615574468576153,0,0
22,4,p2f,56,future_known,0,1,0.29677904060293536,0,0
22,4,p2f,56,future_known,1,1,0.008978355935447501,0,0
22,4,p2f,56,future_known,2,1,5.283304059422758e-05,0,0
22,4,p2f,56,future_known,3,1,0.00012613715314143369,0,0
22,4,p2f,56,future_known,4,1,0.008129937664424939,0,0
22,4,p2f,56,future_known,5,1,0.042814118893651235,0,0
22,4,p2f,57,future_known,0,1,0.21647249617270758,0,0
22,4,p2f,57,future_known,1,1,3.208103755397455e-06,0,0
22,4,p2f,57,future_known,2,1,0.2284452470894167,0,0
22,4,p2f,57,future_known,3,1,0.00018137659004583057,0,0
22,4,p2f,57,future_known,4,1,0.032952463091233494,0,0
22,4,p2f,57,future_known,5,1,0.005843609135798404,0,0
22,4,p2f,58,future_known,0,1,5.066007720982966e-05,0,0
22,4,p2f,58,future_known,1,1,1.2178600708884397e-05,0,0
22,4,p2f,58,future_known,2,1,7.984753403054461e-07,0,0
22,4,p2f,58,future_known,3,1,1.2104693082702056e-06,0,0
22,4,p2f,58,future_known,4,1,3.643147299034055e-07,0,0
22,4,p2f,58,future_known,5,1,1.3618455278631851e-07,0,0
22,4,p2f,59,future_known,0,1,0.9978997444080575,1,1
22,4,p2f,59,future_known,1,1,0.9992310666443198,1,1
22,4,p2f,59,future_known,2,1,0.996381317593417,1,1
22,4,p2f,59,future_known,3,1,0.9998517104666981,1,1
22,4,p2f,59,future_known,4,1,0.9991366734214953,1,1
22,4,p2f,59,future_known,5,1,0.9997399572180716,1,1
22,4,p2f,60,future_known,0,1,0.9770366137902944,1,1
22,4,p2f,60,future_known,1,1,0.9520447021547699,1,1
22,4,p2f,60,future_known,2,1,0.20101780610519904,0,0
22,4,p2f,60,future_known,3,1,0.0008028352350614704,0,0
22,4,p2f,60,future_known,4,1,0.06471933252459904,0,0
22,4,p2f,60,future_known,5,1,0.8387769570589618,1,1
22,4,p2f,61,future_known,0,1,0.9547394512210592,1,1
22,4,p2f,61,future_known,1,1,0.018749015931172938,0,0
22,4,p2f,61,future_known,2,1,0.996399321091354,1,1
22,4,p2f,61,future_known,3,1,0.9235781546594959,1,1
22,4,p2f,61,future_known,4,1,0.5850897058977588,1,1
22,4,p2f,61,future_known,5,1,0.9152381409384495,1,1
22,4,p2f,62,future_known,0,1,0.9845832644587034,1,1
22,4,p2f,62,future_known,1,1,0.9770391062896979,1,1
22,4,p2f,62,future_known,2,1,0.4736503961845463,0,0
22,4,p2f,62,future_known,3,1,0.19869320488894787,0,0
22,4,p2f,62,future_known,4,1,0.8154226112167827,1,1
22,4,p2f,62,future_known,5,1,0.8375100965614497,1,1
22,4,p2f,63,future_known,0,1,0.6323601812905545,1,1
22,4,p2f,63,future_known,1,1,0.0012362986356850027,0,0
22,4,p2f,63,future_known,2,1,0.0027258247443666265,0,0
22,4,p2f,63,future_known,3,1,0.02855039393947627,0,0
22,4,p2f,63,future_known,4,1,0.12762952655360843,0,0
22,4,p2f,63,future_known,5,1,0.33820842610545104,0,0
22,4,p2f,64,future_known,0,1,0.9354011234162407,1,1
22,4,p2f,64,future_known,1,1,0.3000786626681946,0,0
22,4,p2f,64,future_known,2,1,0.43150090001545927,0,0
22,4,p2f,64,future_known,3,1,0.10474985777809638,0,0
22,4,p2f,64,future_known,4,1,0.11354975913806353,0,0
22,4,p2f,64,future_known,5,1,0.5954968017537613,1,1
22,4,p2f,65,future_known,0,1,0.30093555312219644,0,0
22,4,p2f,65,future_known,1,1,0.007740197986028101,0,0
22,4,p2f,65,future_known,2,1,0.6876215467152558,1,1
22,4,p2f,65,future_known,3,1,0.7442895950268174,1,1
22,4,p2f,65,future_known,4,1,0.008502372994128798,0,0
22,4,p2f,65,future_known,5,1,0.0003133869385057823,0,0
22,4,p2f,66,future_known,0,1,0.09879961177420898,0,0
22,4,p2f,66,future_known,1,1,0.0059696729578047735,0,0
22,4,p2f,66,future_known,2,1,0.00022159220148270037,0,0
22,4,p2f,66,future_known,3,1,0.5934103185367621,1,1
22,4,p2f,66,future_known,4,1,0.00019371438974992436,0,0
22,4,p2f,66,future_known,5,1,0.3590910446415888,0,0
22,4,p2f,67,future_known,0,1,0.9539886989607679,1,1
22,4,p2f,67,future_known,1,1,0.922066006170529,1,1
22,4,p2f,67,future_known,2,1,0.9805851277627777,1,1
22,4,p2f,67,future_known,3,1,0.9916602061273471,1,1
22,4,p2f,67,future_known,4,1,0.9919951853286473,1,1
22,4,p2f,67,future_known,5,1,0.3900088375885609,0,0
22,4,p2f,68,future_known,0,1,0.3454105963051233,0,0
22,4,p2f,68,future_known,1,1,0.9850785776197533,1,1
22,4,p2f,68,future_known,2,1,0.7013076763707662,1,1
22,4,p2f,68,future_known,3,1,0.11453972022627591,0,0
22,4,p2f,68,future_known,4,1,0.9990790115103839,1,1
22,4,p2f,68,future_known,5,1,0.2981453281279918,0,0
22,4,p2f,69,future_known,0,1,0.9539158559104508,1,1
22,4,p2f,69,future_known,1,1,0.8199547293161995,1,1
22,4,p2f,69,future_known,2,1,0.7472927940902557,1,1
22,4,p2f,69,future_known,3,1,0.9729818588374973,1,1
22,4,p2f,69,future_known,4,1,0.317789277500792,0,0
22,4,p2f,69,future_known,5,1,0.9410169642693519,1,1
22,4,p2f,70,future_known,0,1,0.20550809437697282,0,0
22,4,p2f,70,future_known,1,1,6.1909267602907135e-06,0,0
22,4,p2f,70,future_known,2,1,0.0003822213892970906,0,0
22,4,p2f,70,future_known,3,1,0.00852199565166464,0,0
22,4,p2f,70,future_known,4,1,6.309892026959166e-05,0,0
22,4,p2f,70,future_known,5,1,0.014613125369275243,0,0
22,4,p2f,71,future_known,0,1,0.9931259909359998,1,1
22,4,p2f,71,future_known,1,1,0.9901258225617678,1,1
22,4,p2f,71,future_known,2,1,0.9488373769076272,1,1
22,4,p2f,71,future_known,3,1,0.9925976267236021,1,1
22,4,p2f,71,future_known,4,1,0.9986271434975429,1,1
22,4,p2f,71,future_known,5,1,0.8909641987891154,1,1
22,4,p2f,72,future_known,0,1,0.928248111167318,1,1
22,4,p2f,72,future_known,1,1,0.18581550152131251,0,0
22,4,p2f,72,future_known,2,1,0.8577866726297934,1,1
22,4,p2f,72,future_known,3,1,0.9561314260417014,1,1
22,4,p2f,72,future_known,4,1,0.26233777876901987,0,0
22,4,p2f,72,future_known,5,1,0.9965714096817172,1,1
22,4,p2f,73,future_known,0,1,0.956125541280629,1,1
22,4,p2f,73,future_known,1,1,0.0036381578408187466,0,0
22,4,p2f,73,future_known,2,1,0.011816121294711372,0,0
22,4,p2f,73,future_known,3,1,0.016530517969611136,0,0
22,4,p2f,73,future_known,4,1,0.00026291111271840157,0,0
22,4,p2f,73,future_known,5,1,0.022557071662580114,0,0
22,4,p2f,74,future_known,0,1,0.9942486017555355,1,1
22,4,p2f,74,future_known,1,1,0.8930750963804153,1,1
22,4,p2f,74,future_known,2,1,0.9902109136180861,1,1
22,4,p2f,74,future_known,3,1,0.6364404979697037,1,1
22,4,p2f,74,future_known,4,1,0.9994573403406516,1,1
22,4,p2f,74,future_known,5,1,0.5640233569939104,1,1
22,4,p2f,75,future_unknown,0,0,0.05125872356082333,0,1
22,4,p2f,75,future_unknown,1,0,0.05079718109439078,0,1
22,4,p2f,75,future_unknown,2,0,0.03302967356590828,0,1
22,4,p2f,75,future_unknown,3,0,0.000778640356741198,0,1
22,4,p2f,75,future_unknown,4,0,0.02129346348424533,0,1
22,4,p2f,75,future_unknown,5,0,0.16019364931017038,0,1
22,4,p2f,76,future_unknown,0,0,2.788360388616644e-06,0,1
22,4,p2f,76,future_unknown,1,0,7.865735086943005e-07,0,1
22,4,p2f,76,future_unknown,2,0,1.7206014956257527e-06,0,1
22,4,p2f,76,future_unknown,3,0,5.1677967547689185e-05,0,1
22,4,p2f,76,future_unknown,4,0,8.684925287486092e-08,0,1
22,4,p2f,76,future_unknown,5,0,1.4855615664409896e-08,0,1
22,4,p2f,77,future_unknown,0,0,5.833211325989281e-08,0,1
22,4,p2f,77,future_unknown,1,0,2.43275552677608e-08,0,1
22,4,p2f,77,future_unknown,2,0,1.8003665002189105e-07,0,1
22,4,p2f,77,future_unknown,3,0,1.5819539941274048e-06,0,1
22,4,p2f,77,future_unknown,4,0,1.0429049454360576e-09,0,1
22,4,p2f,77,future_unknown,5,0,4.360948004549134e-06,0,1
22,4,p2f,78,future_unknown,0,0,0.00019115154575998088,0,1
22,4,p2f,78,future_unknown,1,0,5.1413944593226456e-05,0,1
22,4,p2f,78,future_unknown,2,0,6.806645761703401e-05,0,1
22,4,p2f,78,future_unknown,3,0,3.905221228543813e-06,0,1
22,4,p2f,78,future_unknown,4,0,1.5583460229768635e-05,0,1
22,4,p2f,78,future_unknown,5,0,0.00042022005156365576,0,1
22,4,p2f,79,future_unknown,0,0,0.005934545347786329,0,1
22,4,p2f,79,future_unknown,1,0,0.00036147689016158925,0,1
22,4,p2f,79,future_unknown,2,0,6.945576103655229e-05,0,1
22,4,p2f,79,future_unknown,3,0,0.0022165349592887123,0,1
22,4,p2f,79,future_unknown,4,0,0.0025894642554247244,0,1
22,4,p2f,79,future_unknown,5,0,0.0009867686121408008,0,1
22,4,p2f,80,future_unknown,0,0,0.0008228276661946858,0,1
22,4,p2f,80,future_unknown,1,0,0.1317235691098724,0,1
22,4,p2f,80,future_unknown,2,0,0.0018818378177299666,0,1
22,4,p2f,80,future_unknown,3,0,0.04489403269293945,0,1
22,4,p2f,80,future_unknown,4,0,0.0006005874473140805,0,1
22,4,p2f,80,future_unknown,5,0,0.0011604934649161486,0,1
22,4,p2f,81,future_unknown,0,0,2.2151728784978547e-08,0,1
22,4,p2f,81,future_unknown,1,0,5.896614950342924e-09,0,1
22,4,p2f,81,future_unknown,2,0,1.0056082167975745e-09,0,1
22,4,p2f,81,future_unknown,3,0,6.290537930131024e-08,0,1
22,4,p2f,81,future_unknown,4,0,1.7124293574728833e-07,0,1
22,4,p2f,81,future_unknown,5,0,8.006457597471254e-09,0,1
22,4,p2f,82,future_unknown,0,0,4.4706183237053394e-05,0,1
22,4,p2f,82,future_unknown,1,0,1.245904549759051e-07,0,1
22,4,p2f,82,future_unknown,2,0,3.4956063544265107e-06,0,1
22,4,p2f,82,future_unknown,3,0,7.738393989448511e-06,0,1
22,4,p2f,82,future_unknown,4,0,4.370102673235427e-05,0,1
22,4,p2f,82,future_unknown,5,0,2.456081366546805e-06,0,1
22,4,p2f,83,future_unknown,0,0,0.004892959336565602,0,1
22,4,p2f,83,future_unknown,1,0,0.0034211003046276892,0,1
22,4,p2f,83,future_unknown,2,0,0.18739732148779734,0,1
22,4,p2f,83,future_unknown,3,0,0.005267635303312736,0,1
22,4,p2f,83,future_unknown,4,0,0.06216623385168641,0,1
22,4,p2f,83,future_unknown,5,0,0.002762048595579254,0,1
22,4,p2f,84,future_unknown,0,0,9.342885655585183e-05,0,1
22,4,p2f,84,future_unknown,1,0,4.448620365299591e-05,0,1
22,4,p2f,84,future_unknown,2,0,0.000393239992881599,0,1
22,4,p2f,84,future_unknown,3,0,1.1053373320878125e-05,0,1
22,4,p2f,84,future_unknown,4,0,9.225807915712032e-06,0,1
22,4,p2f,84,future_unknown,5,0,8.452801497261855e-05,0,1
22,4,p2f,85,future_unknown,0,0,9.013194642970373e-05,0,1
22,4,p2f,85,future_unknown,1,0,0.00031848626425578044,0,1
22,4,p2f,85,future_unknown,2,0,0.0024842934005141946,0,1
22,4,p2f,85,future_unknown,3,0,0.009444432481207443,0,1
22,4,p2f,85,future_unknown,4,0,0.0010234053883476737,0,1
22,4,p2f,85,future_unknown,5,0,0.00022926049415384969,0,1
22,4,p2f,86,future_unknown,0,0,0.0008736654334702109,0,1
22,4,p2f,86,future_unknown,1,0,7.398850635025312e-06,0,1
22,4,p2f,86,future_unknown,2,0,0.00024271042313232466,0,1
22,4,p2f,86,future_unknown,3,0,3.541012373452351e-05,0,1
22,4,p2f,86,future_unknown,4,0,0.00022140599016477945,0,1
22,4,p2f,86,future_unknown,5,0,0.00031623423298678257,0,1
22,4,p2f,87,future_unknown,0,0,7.354686682936427e-05,0,1
22,4,p2f,87,future_unknown,1,0,3.712347823428691e-05,0,1
22,4,p2f,87,future_unknown,2,0,0.00012870687645094106,0,1
22,4,p2f,87,future_unknown,3,0,0.0027262673679340206,0,1
22,4,p2f,87,future_unknown,4,0,0.00010818971201264966,0,1
22,4,p2f,87,future_unknown,5,0,3.3806828568115407e-06,0,1
22,4,p2f,88,future_unknown,0,0,0.0006317344216563705,0,1
22,4,p2f,88,future_unknown,1,0,0.12945166079859388,0,1
22,4,p2f,88,future_unknown,2,0,0.0006599725515093394,0,1
22,4,p2f,88,future_unknown,3,0,0.0021957017864675517,0,1
22,4,p2f,88,future_unknown,4,0,0.07512766613992013,0,1
22,4,p2f,88,future_unknown,5,0,0.0009746255193076393,0,1
22,4,p2f,89,future_unknown,0,0,4.13897063170499e-06,0,1
22,4,p2f,89,future_unknown,1,0,1.0067439122920565e-07,0,1
22,4,p2f,89,future_unknown,2,0,1.2446093878526333e-06,0,1
22,4,p2f,89,future_unknown,3,0,2.220315611576115e-07,0,1
22,4,p2f,89,future_unknown,4,0,4.44962341599445e-06,0,1
22,4,p2f,89,future_unknown,5,0,1.67180620401478e-07,0,1
22,4,p2f,90,future_unknown,0,0,0.6644967472544543,1,0
22,4,p2f,90,future_unknown,1,0,0.9915952699172604,1,0
22,4,p2f,90,future_unknown,2,0,0.8740849400864605,1,0
22,4,p2f,90,future_unknown,3,0,0.898920173904278,1,0
22,4,p2f,90,future_unknown,4,0,0.8582773825908515,1,0
22,4,p2f,90,future_unknown,5,0,0.10539830552644439,0,1
22,4,p2f,91,future_unknown,0,0,4.196743250836054e-05,0,1
22,4,p2f,91,future_unknown,1,0,0.000109429935827217,0,1
22,4,p2f,91,future_unknown,2,0,2.7939930649145085e-06,0,1
22,4,p2f,91,future_unknown,3,0,0.00018378710565716055,0,1
22,4,p2f,91,future_unknown,4,0,1.4168719114933124e-07,0,1
22,4,p2f,91,future_unknown,5,0,2.996791641540178e-05,0,1
22,4,p2f,92,future_unknown,0,0,5.695788736145237e-09,0,1
22,4,p2f,92,future_unknown,1,0,8.554339696667743e-11,0,1
22,4,p2f,92,future_unknown,2,0,8.419304871268514e-08,0,1
22,4,p2f,92,future_unknown,3,0,0.00013018533418974624,0,1
22,4,p2f,92,future_unknown,4,0,1.7981274906748427e-07,0,1
22,4,p2f,92,future_unknown,5,0,2.305659632491603e-09,0,1
22,4,p2f,93,future_unknown,0,0,0.0004423811501368781,0,1
22,4,p2f,93,future_unknown,1,0,6.054313820761818e-08,0,1
22,4,p2f,93,future_unknown,2,0,9.527065143432832e-07,0,1
22,4,p2f,93,future_unknown,3,0,9.527065143432832e-07,0,1
22,4,p2f,93,future_unknown,4,0,1.185939978985924e-07,0,1
22,4,p2f,93,future_unknown,5,0,1.9452738073503423e-08,0,1
22,4,p2f,94,future_unknown,0,0,0.01710542521807545,0,1
22,4,p2f,94,future_unknown,1,0,0.00022277818360888848,0,1
22,4,p2f,94,future_unknown,2,0,0.0006906425120777545,0,1
22,4,p2f,94,future_unknown,3,0,0.0004269325097485073,0,1
22,4,p2f,94,future_unknown,4,0,0.0007619798680232871,0,1
22,4,p2f,94,future_unknown,5,0,0.002892774206104388,0,1
22,4,p2f,95,future_unknown,0,0,1.0853228252930564e-06,0,1
22,4,p2f,95,future_unknown,1,0,2.2872964236784273e-08,0,1
22,4,p2f,95,future_unknown,2,0,5.002204465962118e-07,0,1
22,4,p2f,95,future_unknown,3,0,4.38753423188848e-08,0,1
22,4,p2f,95,future_unknown,4,0,4.687189534308851e-09,0,1
22,4,p2f,95,future_unknown,5,0,4.98881155610244e-07,0,1
22,4,p2f,96,future_unknown,0,0,0.03402382607951809,0,1
22,4,p2f,96,future_unknown,1,0,0.0018881142415497244,0,1
22,4,p2f,96,future_unknown,2,0,0.004441680330713096,0,1
22,4,p2f,96,future_unknown,3,0,3.114170551834992e-05,0,1
22,4,p2f,96,future_unknown,4,0,0.00011910533100790058,0,1
22,4,p2f,96,future_unknown,5,0,0.07506173948339755,0,1
22,4,p2f,97,future_unknown,0,0,0.10939888016419232,0,1
22,4,p2f,97,future_unknown,1,0,0.044274265304256245,0,1
22,4,p2f,97,future_unknown,2,0,6.938725670275618e-05,0,1
22,4,p2f,97,future_unknown,3,0,0.0016381182427147726,0,1
22,4,p2f,97,future_unknown,4,0,0.2065783619178508,0,1
22,4,p2f,97,future_unknown,5,0,0.10905806711905672,0,1
22,4,p2f,98,future_unknown,0,0,4.810961540916104e-07,0,1
22,4,p2f,98,future_unknown,1,0,5.95224334027513e-09,0,1
22,4,p2f,98,future_unknown,2,0,1.3119734331714526e-06,0,1
22,4,p2f,98,future_unknown,3,0,0.00015710894914424054,0,1
22,4,p2f,98,future_unknown,4,0,3.330390922205592e-08,0,1
22,4,p2f,98,future_unknown,5,0,7.300516604090868e-09,0,1
22,4,p2f,99,future_unknown,0,0,0.14520041701909267,0,1
22,4,p2f,99,future_unknown,1,0,0.02635350444417973,0,1
22,4,p2f,99,future_unknown,2,0,0.34479075871793774,0,1
22,4,p2f,99,future_unknown,3,0,0.3984606996808288,0,1
22,4,p2f,99,future_unknown,4,0,0.062031850247923466,0,1
22,4,p2f,99,future_unknown,5,0,0.0023355950626967846,0,1
22,4,f2p,0,past_known,0,1,0.008296849787879782,0,0
22,4,f2p,0,past_known,1,1,4.535570489697848e-06,0,0
22,4,f2p,0,past_known,2,1,9.040976956489792e-06,0,0
22,4,f2p,0,past_known,3,1,0.0001785059768930266,0,0
22,4,f2p,0,past_known,4,1,2.7432162976675782e-05,0,0
22,4,f2p,0,past_known,5,1,6.409426453803373e-06,0,0
22,4,f2p,1,past_known,0,1,0.2091991768456925,0,0
22,4,f2p,1,past_known,1,1,0.05327226390499379,0,0
22,4,f2p,1,past_known,2,1,0.07509783648450225,0,0
22,4,f2p,1,past_known,3,1,0.000635815035939593,0,0
22,4,f2p,1,past_known,4,1,0.03336009302527673,0,0
22,4,f2p,1,past_known,5,1,0.058491110331213396,0,0
22,4,f2p,2,past_known,0,1,5.811545376075842e-05,0,0
22,4,f2p,2,past_known,1,1,0.027173382437258,0,0
22,4,f2p,2,past_known,2,1,0.09801607452407798,0,0
22,4,f2p,2,past_known,3,1,0.0011346488547568372,0,0
22,4,f2p,2,past_known,4,1,1.9951789840548596e-05,0,0
22,4,f2p,2,past_known,5,1,3.018787618925626e-06,0,0
22,4,f2p,3,past_known,0,1,5.658458063536818e-06,0,0
22,4,f2p,3,past_known,1,1,2.1493996958543914e-08,0,0
22,4,f2p,3,past_known,2,1,0.0032520112119599188,0,0
22,4,f2p,3,past_known,3,1,0.0003124997109788906,0,0
22,4,f2p,3,past_known,4,1,4.661614972789585e-06,0,0
22,4,f2p,3,past_known,5,1,0.01778922048708568,0,0
22,4,f2p,4,past_known,0,1,0.23305781864895694,0,0
22,4,f2p,4,past_known,1,1,0.00012906006787431052,0,0
22,4,f2p,4,past_known,2,1,8.421535430422741e-06,0,0
22,4,f2p,4,past_known,3,1,3.290355708548496e-05,0,0
22,4,f2p,4,past_known,4,1,0.3133788144373082,0,0
22,4,f2p,4,past_known,5,1,8.132527093497808e-07,0,0
22,4,f2p,5,past_known,0,1,0.04208130721468795,0,0
22,4,f2p,5,past_known,1,1,0.01866909605947272,0,0
22,4,f2p,5,past_known,2,1,0.16209626893047854,0,0
22,4,f2p,5,past_known,3,1,0.950836026839813,1,1
22,4,f2p,5,past_known,4,1,0.9999640094937616,1,1
22,4,f2p,5,past_known,5,1,0.20162251971125164,0,0
22,4,f2p,6,past_known,0,1,0.8353021116753911,1,1
22,4,f2p,6,past_known,1,1,0.9885138275450813,1,1
22,4,f2p,6,past_known,2,1,0.9033296400983211,1,1
22,4,f2p,6,past_known,3,1,0.8592330734456675,1,1
22,4,f2p,6,past_known,4,1,0.7065821037311957,1,1
22,4,f2p,6,past_known,5,1,0.9983863270099121,1,1
22,4,f2p,7,past_known,0,1,0.0015881990683451967,0,0
22,4,f2p,7,past_known,1,1,0.03037860375978751,0,0
22,4,f2p,7,past_known,2,1,1.1549832294073891e-05,0,0
22,4,f2p,7,past_known,3,1,0.00038250101425154665,0,0
22,4,f2p,7,past_known,4,1,0.0002243997842516749,0,0
22,4,f2p,7,past_known,5,1,9.12659074008941e-06,0,0
22,4,f2p,8,past_known,0,1,0.9875986292660263,1,1
22,4,f2p,8,past_known,1,1,0.00023404592743018677,0,0
22,4,f2p,8,past_known,2,1,0.07578859320647659,0,0
22,4,f2p,8,past_known,3,1,0.5414552661292564,1,1
22,4,f2p,8,past_known,4,1,4.0134587446610065e-08,0,0
22,4,f2p,8,past_known,5,1,0.4676835142511773,0,0
22,4,f2p,9,past_known,0,1,0.44733630548911174,0,0
22,4,f2p,9,past_known,1,1,0.9829493030545665,1,1
22,4,f2p,9,past_known,2,1,0.39483072447304873,0,0
22,4,f2p,9,past_known,3,1,0.9897614410753486,1,1
22,4,f2p,9,past_known,4,1,0.9742931883737698,1,1
22,4,f2p,9,past_known,5,1,0.05012766730000866,0,0
22,4,f2p,10,past_known,0,1,0.9483534201635306,1,1
22,4,f2p,10,past_known,1,1,0.42500983738033704,0,0
22,4,f2p,10,past_known,2,1,0.7804306623525167,1,1
22,4,f2p,10,past_known,3,1,0.016766662934924983,0,0
22,4,f2p,10,past_known,4,1,0.9505298922768637,1,1
22,4,f2p,10,past_known,5,1,0.20432843178880708,0,0
22,4,f2p,11,past_known,0,1,4.3658051955511936e-05,0,0
22,4,f2p,11,past_known,1,1,0.0010786998812466438,0,0
22,4,f2p,11,past_known,2,1,7.5051841752950415e-06,0,0
22,4,f2p,11,past_known,3,1,6.337093359397419e-06,0,0
22,4,f2p,11,past_known,4,1,0.14846030882723968,0,0
22,4,f2p,11,past_known,5,1,0.13974915235007612,0,0
22,4,f2p,12,past_known,0,1,0.011130397085703646,0,0
22,4,f2p,12,past_known,1,1,0.0031380973610275484,0,0
22,4,f2p,12,past_known,2,1,0.05286950774336478,0,0
22,4,f2p,12,past_known,3,1,0.01842108807927326,0,0
22,4,f2p,12,past_known,4,1,3.363557610342294e-06,0,0
22,4,f2p,12,past_known,5,1,0.03123650250098336,0,0
22,4,f2p,13,past_known,0,1,0.9934257480904961,1,1
22,4,f2p,13,past_known,1,1,0.9996308035944309,1,1
22,4,f2p,13,past_known,2,1,0.999735131747031,1,1
22,4,f2p,13,past_known,3,1,0.9924860756742598,1,1
22,4,f2p,13,past_known,4,1,0.9997412588898978,1,1
22,4,f2p,13,past_known,5,1,0.9995821052195988,1,1
22,4,f2p,14,past_known,0,1,0.15683905366150247,0,0
22,4,f2p,14,past_known,1,1,0.8465955642996418,1,1
22,4,f2p,14,past_known,2,1,0.007679718224436886,0,0
22,4,f2p,14,past_known,3,1,1.942126623388415e-05,0,0
22,4,f2p,14,past_known,4,1,6.5691201448415515e-06,0,0
22,4,f2p,14,past_known,5,1,0.20187929636400748,0,0
22,4,f2p,15,past_known,0,1,0.05090066203819276,0,0
22,4,f2p,15,past_known,1,1,0.8966394824738101,1,1
22,4,f2p,15,past_known,2,1,0.00713775469305966,0,0
22,4,f2p,15,past_known,3,1,0.47939615588777174,0,0
22,4,f2p,15,past_known,4,1,0.11181265597741764,0,0
22,4,f2p,15,past_known,5,1,0.9453175665180097,1,1
22,4,f2p,16,past_known,0,1,0.9971636487182668,1,1
22,4,f2p,16,past_known,1,1,0.9998374999838028,1,1
22,4,f2p,16,past_known,2,1,0.9999251017395886,1,1
22,4,f2p,16,past_known,3,1,0.9995167387122961,1,1
22,4,f2p,16,past_known,4,1,0.9993753835916269,1,1
22,4,f2p,16,past_known,5,1,0.9993874310004419,1,1
22,4,f2p,17,past_known,0,1,0.0005908392506313821,0,0
22,4,f2p,17,past_known,1,1,0.0008669930924205659,0,0
22,4,f2p,17,past_known,2,1,9.715579857770837e-05,0,0
22,4,f2p,17,past_known,3,1,1.082476727593409e-05,0,0
22,4,f2p,17,past_known,4,1,6.678558768965538e-06,0,0
22,4,f2p,17,past_known,5,1,0.0015296738424587773,0,0
22,4,f2p,18,past_known,0,1,0.5000060921701756,1,1
22,4,f2p,18,past_known,1,1,0.020984767510840243,0,0
22,4,f2p,18,past_known,2,1,0.07311497985791045,0,0
22,4,f2p,18,past_known,3,1,0.22026884238774427,0,0
22,4,f2p,18,past_known,4,1,0.019401655048232786,0,0
22,4,f2p,18,past_known,5,1,5.19452750561512e-05,0,0
22,4,f2p,19,past_known,0,1,0.9846807764623836,1,1
22,4,f2p,19,past_known,1,1,0.8959260835453274,1,1
22,4,f2p,19,past_known,2,1,0.9811553710502383,1,1
22,4,f2p,19,past_known,3,1,0.9982964126384478,1,1
22,4,f2p,19,past_known,4,1,0.23070614463071418,0,0
22,4,f2p,19,past_known,5,1,0.0024522087119341176,0,0
22,4,f2p,20,past_known,0,1,0.3089801012189498,0,0
22,4,f2p,20,past_known,1,1,0.00019113287975860312,0,0
22,4,f2p,20,past_known,2,1,0.9602556718284753,1,1
22,4,f2p,20,past_known,3,1,2.9552926262303036e-06,0,0
22,4,f2p,20,past_known,4,1,0.0002710150635424892,0,0
22,4,f2p,20,past_known,5,1,0.0006933711760010329,0,0
22,4,f2p,21,past_known,0,1,0.14101898199202603,0,0
22,4,f2p,21,past_known,1,1,1.5248619255891162e-08,0,0
22,4,f2p,21,past_known,2,1,0.02316484957496122,0,0
22,4,f2p,21,past_known,3,1,1.8619154546567192e-07,0,0
22,4,f2p,21,past_known,4,1,4.108782917439001e-05,0,0
22,4,f2p,21,past_known,5,1,8.554643116483809e-11,0,0
22,4,f2p,22,past_known,0,1,0.28398839759518324,0,0
22,4,f2p,22,past_known,1,1,0.02804039301228677,0,0
22,4,f2p,22,past_known,2,1,5.4559635918998256e-08,0,0
22,4,f2p,22,past_known,3,1,0.29164381662503014,0,0
22,4,f2p,22,past_known,4,1,7.881650966883885e-06,0,0
22,4,f2p,22,past_known,5,1,8.145530450562683e-05,0,0
22,4,f2p,23,past_known,0,1,0.013645663662439501,0,0
22,4,f2p,23,past_known,1,1,0.6765375812621879,1,1
22,4,f2p,23,past_known,2,1,0.7550931486871905,1,1
22,4,f2p,23,past_known,3,1,0.028982640565506996,0,0
22,4,f2p,23,past_known,4,1,0.02919462206112155,0,0
22,4,f2p,23,past_known,5,1,0.9022784443912943,1,1
22,4,f2p,24,past_known,0,1,0.43037995719744765,0,0
22,4,f2p,24,past_known,1,1,0.07007123696445165,0,0
22,4,f2p,24,past_known,2,1,0.34965161792864247,0,0
22,4,f2p,24,past_known,3,1,0.9701805392967563,1,1
22,4,f2p,24,past_known,4,1,0.9054985581469034,1,1
22,4,f2p,24,past_known,5,1,0.998928428653524,1,1
22,4,f2p,25,past_unknown,0,0,0.0009447844905323789,0,1
22,4,f2p,25,past_unknown,1,0,0.0004361670041175065,0,1
22,4,f2p,25,past_unknown,2,0,0.9536687538675194,1,0
22,4,f2p,25,past_unknown,3,0,0.0010211457681245188,0,1
22,4,f2p,25,past_unknown,4,0,8.229483969892128e-05,0,1
22,4,f2p,25,past_unknown,5,0,0.0024378427719385118,0,1
22,4,f2p,26,past_unknown,0,0,0.0020597604611992974,0,1
22,4,f2p,26,past_unknown,1,0,0.022095337370618355,0,1
22,4,f2p,26,past_unknown,2,0,1.7010999550728694e-05,0,1
22,4,f2p,26,past_unknown,3,0,0.006619598000952927,0,1
22,4,f2p,26,past_unknown,4,0,3.033966399873955e-05,0,1
22,4,f2p,26,past_unknown,5,0,0.00046090397259685876,0,1
22,4,f2p,27,past_unknown,0,0,2.2680756717683693e-09,0,1
22,4,f2p,27,past_unknown,1,0,1.5009685543541292e-07,0,1
22,4,f2p,27,past_unknown,2,0,2.4565339080308187e-08,0,1
22,4,f2p,27,past_unknown,3,0,4.527590178931755e-09,0,1
22,4,f2p,27,past_unknown,4,0,2.490430319656077e-06,0,1
22,4,f2p,27,past_unknown,5,0,0.0006512446226292677,0,1
22,4,f2p,28,past_unknown,0,0,0.9998658949304602,1,0
22,4,f2p,28,past_unknown,1,0,0.00010463702035600908,0,1
22,4,f2p,28,past_unknown,2,0,0.002269141605606395,0,1
22,4,f2p,28,past_unknown,3,0,0.39395247615088225,0,1
22,4,f2p,28,past_unknown,4,0,0.9756177033827714,1,0
22,4,f2p,28,past_unknown,5,0,2.4534772452152328e-05,0,1
22,4,f2p,29,past_unknown,0,0,1.647239650226907e-06,0,1
22,4,f2p,29,past_unknown,1,0,5.722698720712657e-07,0,1
22,4,f2p,29,past_unknown,2,0,0.00025696887807373395,0,1
22,4,f2p,29,past_unknown,3,0,0.0005531041192317758,0,1
22,4,f2p,29,past_unknown,4,0,0.00015987602987774496,0,1
22,4,f2p,29,past_unknown,5,0,0.00015796906807352738,0,1
22,4,f2p,30,past_unknown,0,0,0.00034289892083807307,0,1
22,4,f2p,30,past_unknown,1,0,1.8015518482296671e-06,0,1
22,4,f2p,30,past_unknown,2,0,0.001009400490065975,0,1
22,4,f2p,30,past_unknown,3,0,0.0016622294389837527,0,1
22,4,f2p,30,past_unknown,4,0,0.0006385066051678546,0,1
22,4,f2p,30,past_unknown,5,0,0.02822553293585955,0,1
22,4,f2p,31,past_unknown,0,0,0.002389495682138039,0,1
22,4,f2p,31,past_unknown,1,0,8.184061586884354e-05,0,1
22,4,f2p,31,past_unknown,2,0,1.1040428202856946e-05,0,1
22,4,f2p,31,past_unknown,3,0,3.3468855141481164e-05,0,1
22,4,f2p,31,past_unknown,4,0,0.0584292440487683,0,1
22,4,f2p,31,past_unknown,5,0,0.005495962464751871,0,1
22,4,f2p,32,past_unknown,0,0,5.0894594924424994e-08,0,1
22,4,f2p,32,past_unknown,1,0,4.607778114652039e-11,0,1
22,4,f2p,32,past_unknown,2,0,3.1491840757809413e-06,0,1
22,4,f2p,32,past_unknown,3,0,2.297600695001198e-06,0,1
22,4,f2p,32,past_unknown,4,0,3.0585205978221637e-06,0,1
22,4,f2p,32,past_unknown,5,0,2.7481547527699093e-08,0,1
22,4,f2p,33,past_unknown,0,0,0.5430397094221078,1,0
22,4,f2p,33,past_unknown,1,0,0.9610493457584255,1,0
22,4,f2p,33,past_unknown,2,0,5.541713750834415e-05,0,1
22,4,f2p,33,past_unknown,3,0,0.07566615785163852,0,1
22,4,f2p,33,past_unknown,4,0,0.9540154604988609,1,0
22,4,f2p,33,past_unknown,5,0,0.0022381286431599895,0,1
22,4,f2p,34,past_unknown,0,0,1.6621320978098452e-06,0,1
22,4,f2p,34,past_unknown,1,0,9.909496859977342e-08,0,1
22,4,f2p,34,past_unknown,2,0,1.3855833720519758e-06,0,1
22,4,f2p,34,past_unknown,3,0,4.9702772626994175e-06,0,1
22,4,f2p,34,past_unknown,4,0,0.0004121375303179601,0,1
22,4,f2p,34,past_unknown,5,0,1.8745605659895247e-05,0,1
22,4,f2p,35,past_unknown,0,0,5.656912507499675e-05,0,1
22,4,f2p,35,past_unknown,1,0,3.0752951331011246e-07,0,1
22,4,f2p,35,past_unknown,2,0,0.0035386114810029693,0,1
22,4,f2p,35,past_unknown,3,0,8.282785018326099e-07,0,1
22,4,f2p,35,past_unknown,4,0,2.8435385955581014e-06,0,1
22,4,f2p,35,past_unknown,5,0,7.385024296904123e-05,0,1
22,4,f2p,36,past_unknown,0,0,0.00019108220484694463,0,1
22,4,f2p,36,past_unknown,1,0,0.006515833398849191,0,1
22,4,f2p,36,past_unknown,2,0,0.019072120066917216,0,1
22,4,f2p,36,past_unknown,3,0,0.02905440341485692,0,1
22,4,f2p,36,past_unknown,4,0,0.0002302363398769419,0,1
22,4,f2p,36,past_unknown,5,0,3.565992632119458e-05,0,1
22,4,f2p,37,past_unknown,0,0,2.022707575729197e-06,0,1
22,4,f2p,37,past_unknown,1,0,2.593131458234729e-06,0,1
22,4,f2p,37,past_unknown,2,0,1.6502240477688744e-07,0,1
22,4,f2p,37,past_unknown,3,0,0.000112268066272365,0,1
22,4,f2p,37,past_unknown,4,0,4.838385199961882e-09,0,1
22,4,f2p,37,past_unknown,5,0,1.3733880939587922e-07,0,1
22,4,f2p,38,past_unknown,0,0,1.4538047212998865e-05,0,1
22,4,f2p,38,past_unknown,1,0,1.006568350151014e-06,0,1
22,4,f2p,38,past_unknown,2,0,0.00011505977584712999,0,1
22,4,f2p,38,past_unknown,3,0,4.469234914379209e-07,0,1
22,4,f2p,38,past_unknown,4,0,2.209300657989721e-06,0,1
22,4,f2p,38,past_unknown,5,0,8.281769586380838e-05,0,1
22,4,f2p,39,past_unknown,0,0,3.0996078393883215e-05,0,1
22,4,f2p,39,past_unknown,1,0,1.9972053520207646e-07,0,1
22,4,f2p,39,past_unknown,2,0,7.0969920943659355e-06,0,1
22,4,f2p,39,past_unknown,3,0,6.688646186021293e-07,0,1
22,4,f2p,39,past_unknown,4,0,3.177816184940457e-08,0,1
22,4,f2p,39,past_unknown,5,0,1.0661742354611602e-06,0,1
22,4,f2p,40,past_unknown,0,0,2.571234196797933e-08,0,1
22,4,f2p,40,past_unknown,1,0,3.2458790627688723e-07,0,1
22,4,f2p,40,past_unknown,2,0,1.1605205735081787e-07,0,1
22,4,f2p,40,past_unknown,3,0,0.0013916324883306165,0,1
22,4,f2p,40,past_unknown,4,0,6.369106977475432e-09,0,1
22,4,f2p,40,past_unknown,5,0,0.00043257175399685944,0,1
22,4,f2p,41,past_unknown,0,0,0.0004062517156430966,0,1
22,4,f2p,41,past_unknown,1,0,8.179614976379613e-05,0,1
22,4,f2p,41,past_unknown,2,0,8.100873332358068e-06,0,1
22,4,f2p,41,past_unknown,3,0,0.0010921014895767494,0,1
22,4,f2p,41,past_unknown,4,0,2.6893979557253394e-07,0,1
22,4,f2p,41,past_unknown,5,0,3.770251468891696e-05,0,1
22,4,f2p,42,past_unknown,0,0,0.0008939543013782841,0,1
22,4,f2p,42,past_unknown,1,0,2.2076273616249087e-05,0,1
22,4,f2p,42,past_unknown,2,0,3.407003973342446e-06,0,1
22,4,f2p,42,past_unknown,3,0,0.00040063482655657495,0,1
22,4,f2p,42,past_unknown,4,0,8.832611911517265e-05,0,1
22,4,f2p,42,past_unknown,5,0,2.9043795203243322e-06,0,1
22,4,f2p,43,past_unknown,0,0,0.4601427625184672,0,1
22,4,f2p,43,past_unknown,1,0,2.841461118622796e-05,0,1
22,4,f2p,43,past_unknown,2,0,0.21743226143858074,0,1
22,4,f2p,43,past_unknown,3,0,0.10225312790185004,0,1
22,4,f2p,43,past_unknown,4,0,0.7939021698698608,1,0
22,4,f2p,43,past_unknown,5,0,0.16842940522216193,0,1
22,4,f2p,44,past_unknown,0,0,3.3468394207773336e-05,0,1
22,4,f2p,44,past_unknown,1,0,3.33652451562576e-07,0,1
22,4,f2p,44,past_unknown,2,0,0.1608039100780105,0,1
22,4,f2p,44,past_unknown,3,0,1.64437534212207e-05,0,1
22,4,f2p,44,past_unknown,4,0,3.2745719712922884e-07,0,1
22,4,f2p,44,past_unknown,5,0,0.5312357613044008,1,0
22,4,f2p,45,past_unknown,0,0,1.140834632241934e-06,0,1
22,4,f2p,45,past_unknown,1,0,6.569698947005583e-08,0,1
22,4,f2p,45,past_unknown,2,0,0.00012706886413305738,0,1
22,4,f2p,45,past_unknown,3,0,2.881820893339431e-06,0,1
22,4,f2p,45,past_unknown,4,0,0.00019293237735034852,0,1
22,4,f2p,45,past_unknown,5,0,4.327471626614004e-07,0,1
22,4,f2p,46,past_unknown,0,0,5.688951431471293e-07,0,1
22,4,f2p,46,past_unknown,1,0,9.545997235307657e-06,0,1
22,4,f2p,46,past_unknown,2,0,8.747636672246418e-08,0,1
22,4,f2p,46,past_unknown,3,0,3.2355008006632235e-06,0,1
22,4,f2p,46,past_unknown,4,0,9.386560673532488e-06,0,1
22,4,f2p,46,past_unknown,5,0,4.272831598944379e-06,0,1
22,4,f2p,47,past_unknown,0,0,1.5228322158811137e-05,0,1
22,4,f2p,47,past_unknown,1,0,0.0074527267266578335,0,1
22,4,f2p,47,past_unknown,2,0,0.003212115502357618,0,1
22,4,f2p,47,past_unknown,3,0,5.6748871994297135e-05,0,1
22,4,f2p,47,past_unknown,4,0,0.0006056878550667979,0,1
22,4,f2p,47,past_unknown,5,0,4.149001216900074e-05,0,1
22,4,f2p,48,past_unknown,0,0,2.5840031171414553e-06,0,1
22,4,f2p,48,past_unknown,1,0,9.848098871347846e-07,0,1
22,4,f2p,48,past_unknown,2,0,6.779355623594826e-07,0,1
22,4,f2p,48,past_unknown,3,0,2.0155842385657327e-07,0,1
22,4,f2p,48,past_unknown,4,0,4.86388229610965e-08,0,1
22,4,f2p,48,past_unknown,5,0,2.7455567098465057e-06,0,1
22,4,f2p,49,past_unknown,0,0,0.0751938401890958,0,1
22,4,f2p,49,past_unknown,1,0,0.003907957109748133,0,1
22,4,f2p,49,past_unknown,2,0,0.00047372956852805394,0,1
22,4,f2p,49,past_unknown,3,0,0.006697090047118391,0,1
22,4,f2p,49,past_unknown,4,0,0.00027296039162398816,0,1
22,4,f2p,49,past_unknown,5,0,0.011457166248634841,0,1
23,4,p2f,50,future_known,0,1,0.010080086080107855,0,0
23,4,p2f,50,future_known,1,1,0.014950681171767058,0,0
23,4,p2f,50,future_known,2,1,4.463007877284141e-06,0,0
23,4,p2f,50,future_known,3,1,3.5391672372198324e-05,0,0
23,4,p2f,50,future_known,4,1,9.87925399320443e-06,0,0
23,4,p2f,50,future_known,5,1,2.2629574915028947e-05,0,0
23,4,p2f,51,future_known,0,1,0.02099918226895716,0,0
23,4,p2f,51,future_known,1,1,0.06194169303368117,0,0
23,4,p2f,51,future_known,2,1,0.0008475603971518905,0,0
23,4,p2f,51,future_known,3,1,0.07328195501300211,0,0
23,4,p2f,51,future_known,4,1,0.0004120767183988155,0,0
23,4,p2f,51,future_known,5,1,5.974076589217056e-05,0,0
23,4,p2f,52,future_known,0,1,0.006437259860157795,0,0
23,4,p2f,52,future_known,1,1,0.05760444404563197,0,0
23,4,p2f,52,future_known,2,1,0.009118404954427691,0,0
23,4,p2f,52,future_known,3,1,0.011990528345350478,0,0
23,4,p2f,52,future_known,4,1,7.310388767260307e-06,0,0
23,4,p2f,52,future_known,5,1,0.00016304629844782233,0,0
23,4,p2f,53,future_known,0,1,0.0029616632616716564,0,0
23,4,p2f,53,future_known,1,1,0.00013221337747289452,0,0
23,4,p2f,53,future_known,2,1,0.0005988180927391916,0,0
23,4,p2f,53,future_known,3,1,3.955038695277755e-05,0,0
23,4,p2f,53,future_known,4,1,0.0010733997234315497,0,0
23,4,p2f,53,future_known,5,1,1.013301351196811e-06,0,0
23,4,p2f,54,future_known,0,1,0.8595744356148186,1,1
23,4,p2f,54,future_known,1,1,4.5671072404945914e-05,0,0
23,4,p2f,54,future_known,2,1,0.0026242707829908017,0,0
23,4,p2f,54,future_known,3,1,0.9470095180034164,1,1
23,4,p2f,54,future_known,4,1,0.00016281069999165082,0,0
23,4,p2f,54,future_known,5,1,0.9726417345637828,1,1
23,4,p2f,55,future_known,0,1,0.9976288993815643,1,1
23,4,p2f,55,future_known,1,1,0.3282684811032668,0,0
23,4,p2f,55,future_known,2,1,0.7616897801904988,1,1
23,4,p2f,55,future_known,3,1,0.944065331475603,1,1
23,4,p2f,55,future_known,4,1,0.00034881001320187613,0,0
23,4,p2f,55,future_known,5,1,0.00854334751031479,0,0
23,4,p2f,56,future_known,0,1,0.309197277580507,0,0
23,4,p2f,56,future_known,1,1,0.008494304332034356,0,0
23,4,p2f,56,future_known,2,1,5.461182509108614e-05,0,0
23,4,p2f,56,future_known,3,1,0.00014959242241803966,0,0
23,4,p2f,56,future_known,4,1,0.011346039263057502,0,0
23,4,p2f,56,future_known,5,1,0.03804698573688541,0,0
23,4,p2f,57,future_known,0,1,0.14326683155503694,0,0
23,4,p2f,57,future_known,1,1,1.4630013723852606e-05,0,0
23,4,p2f,57,future_known,2,1,0.2782924160729486,0,0
23,4,p2f,57,future_known,3,1,0.00042422299274035854,0,0
23,4,p2f,57,future_known,4,1,0.03791058765915054,0,0
23,4,p2f,57,future_known,5,1,0.008066032043940572,0,0
23,4,p2f,58,future_known,0,1,0.00014541258603762675,0,0
23,4,p2f,58,future_known,1,1,9.787119071986167e-05,0,0
23,4,p2f,58,future_known,2,1,3.0198910549914356e-06,0,0
23,4,p2f,58,future_known,3,1,1.1741113999031904e-05,0,0
23,4,p2f,58,future_known,4,1,1.6523915558167272e-06,0,0
23,4,p2f,58,future_known,5,1,9.761117359697585e-07,0,0
23,4,p2f,59,future_known,0,1,0.9973860847070688,1,1
23,4,p2f,59,future_known,1,1,0.9993117258010379,1,1
23,4,p2f,59,future_known,2,1,0.9934867289412393,1,1
23,4,p2f,59,future_known,3,1,0.9997724853328723,1,1
23,4,p2f,59,future_known,4,1,0.9992691821883817,1,1
23,4,p2f,59,future_known,5,1,0.9996078070295333,1,1
23,4,p2f,60,future_known,0,1,0.975665202482392,1,1
23,4,p2f,60,future_known,1,1,0.9639106322772295,1,1
23,4,p2f,60,future_known,2,1,0.1843666921837948,0,0
23,4,p2f,60,future_known,3,1,0.0006237899132089598,0,0
23,4,p2f,60,future_known,4,1,0.04612758061197107,0,0
23,4,p2f,60,future_known,5,1,0.8063169296336689,1,1
23,4,p2f,61,future_known,0,1,0.8618140805968362,1,1
23,4,p2f,61,future_known,1,1,0.013213638921256153,0,0
23,4,p2f,61,future_known,2,1,0.9868094179746584,1,1
23,4,p2f,61,future_known,3,1,0.6828042516311879,1,1
23,4,p2f,61,future_known,4,1,0.4014625997803052,0,0
23,4,p2f,61,future_known,5,1,0.8209206997025396,1,1
23,4,p2f,62,future_known,0,1,0.981978633795519,1,1
23,4,p2f,62,future_known,1,1,0.9729512335340816,1,1
23,4,p2f,62,future_known,2,1,0.47625441262520346,0,0
23,4,p2f,62,future_known,3,1,0.2283344721451174,0,0
23,4,p2f,62,future_known,4,1,0.8456462735949088,1,1
23,4,p2f,62,future_known,5,1,0.8045214366273968,1,1
23,4,p2f,63,future_known,0,1,0.7211301308840884,1,1
23,4,p2f,63,future_known,1,1,0.002064730829193243,0,0
23,4,p2f,63,future_known,2,1,0.005203852225093033,0,0
23,4,p2f,63,future_known,3,1,0.09610319500737774,0,0
23,4,p2f,63,future_known,4,1,0.16001465977435797,0,0
23,4,p2f,63,future_known,5,1,0.4730701130780067,0,0
23,4,p2f,64,future_known,0,1,0.9335892322296904,1,1
23,4,p2f,64,future_known,1,1,0.3725469909654198,0,0
23,4,p2f,64,future_known,2,1,0.36657384479705124,0,0
23,4,p2f,64,future_known,3,1,0.19364393908068758,0,0
23,4,p2f,64,future_known,4,1,0.1575859902622574,0,0
23,4,p2f,64,future_known,5,1,0.7293087288497242,1,1
23,4,p2f,65,future_known,0,1,0.31830890851496696,0,0
23,4,p2f,65,future_known,1,1,0.02209659923660741,0,0
23,4,p2f,65,future_known,2,1,0.7403193007249793,1,1
23,4,p2f,65,future_known,3,1,0.7661545262532543,1,1
23,4,p2f,65,future_known,4,1,0.021325490193853134,0,0
23,4,p2f,65,future_known,5,1,0.0006884615663267581,0,0
23,4,p2f,66,future_known,0,1,0.21305690946006017,0,0
23,4,p2f,66,future_known,1,1,0.010350794636945278,0,0
23,4,p2f,66,future_known,2,1,0.00030135708045037876,0,0
23,4,p2f,66,future_known,3,1,0.8410502595040378,1,1
23,4,p2f,66,future_known,4,1,0.00037270889112436296,0,0
23,4,p2f,66,future_known,5,1,0.5711085227860608,1,1
23,4,p2f,67,future_known,0,1,0.9489086503454817,1,1
23,4,p2f,67,future_known,1,1,0.9314843637759822,1,1
23,4,p2f,67,future_known,2,1,0.9739655688166563,1,1
23,4,p2f,67,future_known,3,1,0.9898615718817183,1,1
23,4,p2f,67,future_known,4,1,0.9908075618177167,1,1
23,4,p2f,67,future_known,5,1,0.1423437880900599,0,0
23,4,p2f,68,future_known,0,1,0.37784248446496654,0,0
23,4,p2f,68,future_known,1,1,0.9882711900631006,1,1
23,4,p2f,68,future_known,2,1,0.7014949544879332,1,1
23,4,p2f,68,future_known,3,1,0.12851973765527222,0,0
23,4,p2f,68,future_known,4,1,0.9977798510492185,1,1
23,4,p2f,68,future_known,5,1,0.30101832678757035,0,0
23,4,p2f,69,future_known,0,1,0.9589208619042167,1,1
23,4,p2f,69,future_known,1,1,0.8866740044327944,1,1
23,4,p2f,69,future_known,2,1,0.7810983141237794,1,1
23,4,p2f,69,future_known,3,1,0.96959848936796,1,1
23,4,p2f,69,future_known,4,1,0.4027337606494777,0,0
23,4,p2f,69,future_known,5,1,0.9474008686552606,1,1
23,4,p2f,70,future_known,0,1,0.2277744940730663,0,0
23,4,p2f,70,future_known,1,1,1.0255224534402514e-05,0,0
23,4,p2f,70,future_known,2,1,0.000784309502176909,0,0
23,4,p2f,70,future_known,3,1,0.01684179364457731,0,0
23,4,p2f,70,future_known,4,1,5.640523719580405e-05,0,0
23,4,p2f,70,future_known,5,1,0.02204406882630001,0,0
23,4,p2f,71,future_known,0,1,0.9909449548424839,1,1
23,4,p2f,71,future_known,1,1,0.9764840988380323,1,1
23,4,p2f,71,future_known,2,1,0.9436780343633716,1,1
23,4,p2f,71,future_known,3,1,0.9861989783730011,1,1
23,4,p2f,71,future_known,4,1,0.998156258153388,1,1
23,4,p2f,71,future_known,5,1,0.7923070181212798,1,1
23,4,p2f,72,future_known,0,1,0.9192269690618993,1,1
23,4,p2f,72,future_known,1,1,0.22318845043955257,0,0
23,4,p2f,72,future_known,2,1,0.7869676796351052,1,1
23,4,p2f,72,future_known,3,1,0.9521883416552243,1,1
23,4,p2f,72,future_known,4,1,0.22746223526556886,0,0
23,4,p2f,72,future_known,5,1,0.9972663185366492,1,1
23,4,p2f,73,future_known,0,1,0.9278472586725957,1,1
23,4,p2f,73,future_known,1,1,0.004662917434096553,0,0
23,4,p2f,73,future_known,2,1,0.012424357128774715,0,0
23,4,p2f,73,future_known,3,1,0.010898590773599622,0,0
23,4,p2f,73,future_known,4,1,0.00037019954375699,0,0
23,4,p2f,73,future_known,5,1,0.01741824632138027,0,0
23,4,p2f,74,future_known,0,1,0.9865787045762651,1,1
23,4,p2f,74,future_known,1,1,0.8619016340543727,1,1
23,4,p2f,74,future_known,2,1,0.9718414404216668,1,1
23,4,p2f,74,future_known,3,1,0.36436983121552985,0,0
23,4,p2f,74,future_known,4,1,0.9982953143448158,1,1
23,4,p2f,74,future_known,5,1,0.2895353045537041,0,0
23,4,p2f,75,future_unknown,0,0,0.0858016617416438,0,1
23,4,p2f,75,future_unknown,1,0,0.14540746057491447,0,1
23,4,p2f,75,future_unknown,2,0,0.060618112342302466,0,1
23,4,p2f,75,future_unknown,3,0,0.0017488505883462456,0,1
23,4,p2f,75,future_unknown,4,0,0.053916750140968105,0,1
23,4,p2f,75,future_unknown,5,0,0.20501350452723255,0,1
23,4,p2f,76,future_unknown,0,0,8.346692195145555e-06,0,1
23,4,p2f,76,future_unknown,1,0,2.11918184511129e-06,0,1
23,4,p2f,76,future_unknown,2,0,3.5205376386968675e-06,0,1
23,4,p2f,76,future_unknown,3,0,0.00026062031463497127,0,1
23,4,p2f,76,future_unknown,4,0,1.9642049018508574e-07,0,1
23,4,p2f,76,future_unknown,5,0,4.630797018200249e-08,0,1
23,4,p2f,77,future_unknown,0,0,8.449977878062974e-08,0,1
23,4,p2f,77,future_unknown,1,0,6.614409313205218e-08,0,1
23,4,p2f,77,future_unknown,2,0,3.983191055815027e-07,0,1
23,4,p2f,77,future_unknown,3,0,2.8827169164436487e-06,0,1
23,4,p2f,77,future_unknown,4,0,3.3905557998975043e-09,0,1
23,4,p2f,77,future_unknown,5,0,2.206116647026791e-05,0,1
23,4,p2f,78,future_unknown,0,0,0.00032873098989700286,0,1
23,4,p2f,78,future_unknown,1,0,9.998555087083549e-05,0,1
23,4,p2f,78,future_unknown,2,0,0.0001530443319818376,0,1
23,4,p2f,78,future_unknown,3,0,1.2783077196740683e-05,0,1
23,4,p2f,78,future_unknown,4,0,5.619409878012152e-05,0,1
23,4,p2f,78,future_unknown,5,0,0.0010780806582808798,0,1
23,4,p2f,79,future_unknown,0,0,0.0070821387468295634,0,1
23,4,p2f,79,future_unknown,1,0,0.0005856524999834627,0,1
23,4,p2f,79,future_unknown,2,0,0.0001302507623974758,0,1
23,4,p2f,79,future_unknown,3,0,0.002155125920861749,0,1
23,4,p2f,79,future_unknown,4,0,0.004249608974522165,0,1
23,4,p2f,79,future_unknown,5,0,0.0011664833603238103,0,1
23,4,p2f,80,future_unknown,0,0,0.0009671878340861103,0,1
23,4,p2f,80,future_unknown,1,0,0.22685963239606047,0,1
23,4,p2f,80,future_unknown,2,0,0.0028535409549687776,0,1
23,4,p2f,80,future_unknown,3,0,0.08303839050508363,0,1
23,4,p2f,80,future_unknown,4,0,0.0006914698475005105,0,1
23,4,p2f,80,future_unknown,5,0,0.0015552907237379452,0,1
23,4,p2f,81,future_unknown,0,0,7.836694897254258e-08,0,1
23,4,p2f,81,future_unknown,1,0,3.900464166317672e-08,0,1
23,4,p2f,81,future_unknown,2,0,8.376727532648583e-09,0,1
23,4,p2f,81,future_unknown,3,0,2.1114845416819661e-07,0,1
23,4,p2f,81,future_unknown,4,0,8.401659574346204e-07,0,1
23,4,p2f,81,future_unknown,5,0,5.068662637892086e-08,0,1
23,4,p2f,82,future_unknown,0,0,0.0001126609517289258,0,1
23,4,p2f,82,future_unknown,1,0,2.830194814089002e-07,0,1
23,4,p2f,82,future_unknown,2,0,7.962362667072337e-06,0,1
23,4,p2f,82,future_unknown,3,0,1.727356272072621e-05,0,1
23,4,p2f,82,future_unknown,4,0,9.764841393346984e-05,0,1
23,4,p2f,82,future_unknown,5,0,3.987433764414756e-06,0,1
23,4,p2f,83,future_unknown,0,0,0.008762088510523793,0,1
23,4,p2f,83,future_unknown,1,0,0.005055491694571189,0,1
23,4,p2f,83,future_unknown,2,0,0.23302642301855017,0,1
23,4,p2f,83,future_unknown,3,0,0.006672117091878656,0,1
23,4,p2f,83,future_unknown,4,0,0.11691526197631777,0,1
23,4,p2f,83,future_unknown,5,0,0.007034643434648431,0,1
23,4,p2f,84,future_unknown,0,0,0.00017370897575665956,0,1
23,4,p2f,84,future_unknown,1,0,8.3821902422938e-05,0,1
23,4,p2f,84,future_unknown,2,0,0.00043025412899022473,0,1
23,4,p2f,84,future_unknown,3,0,4.47267568814381e-05,0,1
23,4,p2f,84,future_unknown,4,0,1.0225147106927315e-05,0,1
23,4,p2f,84,future_unknown,5,0,9.348000097318562e-05,0,1
23,4,p2f,85,future_unknown,0,0,0.00016689113659215521,0,1
23,4,p2f,85,future_unknown,1,0,0.00042043215135726064,0,1
23,4,p2f,85,future_unknown,2,0,0.005250491999405309,0,1
23,4,p2f,85,future_unknown,3,0,0.00973533999186161,0,1
23,4,p2f,85,future_unknown,4,0,0.0017264578976121684,0,1
23,4,p2f,85,future_unknown,5,0,0.00039561456497836056,0,1
23,4,p2f,86,future_unknown,0,0,0.001442784770113249,0,1
23,4,p2f,86,future_unknown,1,0,1.0463347158277312e-05,0,1
23,4,p2f,86,future_unknown,2,0,0.0003479861275955037,0,1
23,4,p2f,86,future_unknown,3,0,5.95897698118762e-05,0,1
23,4,p2f,86,future_unknown,4,0,0.0003621667317815569,0,1
23,4,p2f,86,future_unknown,5,0,0.0008062597868872238,0,1
23,4,p2f,87,future_unknown,0,0,8.15920929222973e-05,0,1
23,4,p2f,87,future_unknown,1,0,5.24064519529376e-05,0,1
23,4,p2f,87,future_unknown,2,0,0.0003382501166131969,0,1
23,4,p2f,87,future_unknown,3,0,0.0029969199465354427,0,1
23,4,p2f,87,future_unknown,4,0,0.00017974633437848833,0,1
23,4,p2f,87,future_unknown,5,0,5.930970859025381e-06,0,1
23,4,p2f,88,future_unknown,0,0,0.000977810312926913,0,1
23,4,p2f,88,future_unknown,1,0,0.14321425264937163,0,1
23,4,p2f,88,future_unknown,2,0,0.0015689624445572791,0,1
23,4,p2f,88,future_unknown,3,0,0.003063964843296443,0,1
23,4,p2f,88,future_unknown,4,0,0.15453650429793217,0,1
23,4,p2f,88,future_unknown,5,0,0.001307832699427266,0,1
23,4,p2f,89,future_unknown,0,0,1.115612589476327e-05,0,1
23,4,p2f,89,future_unknown,1,0,3.3895479898122657e-07,0,1
23,4,p2f,89,future_unknown,2,0,5.924980264163034e-06,0,1
23,4,p2f,89,future_unknown,3,0,8.248099035447141e-07,0,1
23,4,p2f,89,future_unknown,4,0,1.7372435873261525e-05,0,1
23,4,p2f,89,future_unknown,5,0,6.637629770211064e-07,0,1
23,4,p2f,90,future_unknown,0,0,0.5582518120408979,1,0
23,4,p2f,90,future_unknown,1,0,0.9871722667049384,1,0
23,4,p2f,90,future_unknown,2,0,0.7727956988111344,1,0
23,4,p2f,90,future_unknown,3,0,0.803006139939985,1,0
23,4,p2f,90,future_unknown,4,0,0.7908243507600913,1,0
23,4,p2f,90,future_unknown,5,0,0.07609403376844416,0,1
23,4,p2f,91,future_unknown,0,0,7.286755768562106e-05,0,1
23,4,p2f,91,future_unknown,1,0,0.0002981038329228995,0,1
23,4,p2f,91,future_unknown,2,0,5.239619411894869e-06,0,1
23,4,p2f,91,future_unknown,3,0,0.0004975334078898789,0,1
23,4,p2f,91,future_unknown,4,0,5.381975384653718e-07,0,1
23,4,p2f,91,future_unknown,5,0,8.229625423896777e-05,0,1
23,4,p2f,92,future_unknown,0,0,1.4220759889619871e-08,0,1
23,4,p2f,92,future_unknown,1,0,3.7216704270818913e-10,0,1
23,4,p2f,92,future_unknown,2,0,1.626411892520346e-07,0,1
23,4,p2f,92,future_unknown,3,0,0.0002444313215660678,0,1
23,4,p2f,92,future_unknown,4,0,5.753161742268754e-07,0,1
23,4,p2f,92,future_unknown,5,0,4.490862003012338e-09,0,1
23,4,p2f,93,future_unknown,0,0,0.0005060982981457031,0,1
23,4,p2f,93,future_unknown,1,0,2.9205573518398754e-07,0,1
23,4,p2f,93,future_unknown,2,0,1.0432330344689776e-06,0,1
23,4,p2f,93,future_unknown,3,0,1.0432330344689776e-06,0,1
23,4,p2f,93,future_unknown,4,0,4.878065286420258e-07,0,1
23,4,p2f,93,future_unknown,5,0,5.81084389728448e-08,0,1
23,4,p2f,94,future_unknown,0,0,0.07066523596468527,0,1
23,4,p2f,94,future_unknown,1,0,0.0005858762895627396,0,1
23,4,p2f,94,future_unknown,2,0,0.001998658215670573,0,1
23,4,p2f,94,future_unknown,3,0,0.0010583416966776153,0,1
23,4,p2f,94,future_unknown,4,0,0.0014409520031930466,0,1
23,4,p2f,94,future_unknown,5,0,0.007181477957425437,0,1
23,4,p2f,95,future_unknown,0,0,2.5239939424190854e-06,0,1
23,4,p2f,95,future_unknown,1,0,4.256526712989794e-08,0,1
23,4,p2f,95,future_unknown,2,0,7.354676253398306e-07,0,1
23,4,p2f,95,future_unknown,3,0,1.1370461328310583e-07,0,1
23,4,p2f,95,future_unknown,4,0,2.4136122592691546e-08,0,1
23,4,p2f,95,future_unknown,5,0,1.632341128988655e-06,0,1
23,4,p2f,96,future_unknown,0,0,0.06905031125023399,0,1
23,4,p2f,96,future_unknown,1,0,0.0036549896593154043,0,1
23,4,p2f,96,future_unknown,2,0,0.005353494472542662,0,1
23,4,p2f,96,future_unknown,3,0,5.33541892673427e-05,0,1
23,4,p2f,96,future_unknown,4,0,0.00027319452727066315,0,1
23,4,p2f,96,future_unknown,5,0,0.10151157201386422,0,1
23,4,p2f,97,future_unknown,0,0,0.1650021214891014,0,1
23,4,p2f,97,future_unknown,1,0,0.061481486817677906,0,1
23,4,p2f,97,future_unknown,2,0,0.00011993486207024227,0,1
23,4,p2f,97,future_unknown,3,0,0.002668882281147482,0,1
23,4,p2f,97,future_unknown,4,0,0.30768185700393524,0,1
23,4,p2f,97,future_unknown,5,0,0.15363179134194388,0,1
23,4,p2f,98,future_unknown,0,0,1.309977723335539e-06,0,1
23,4,p2f,98,future_unknown,1,0,3.4283743124706125e-08,0,1
23,4,p2f,98,future_unknown,2,0,2.047494212375748e-06,0,1
23,4,p2f,98,future_unknown,3,0,0.00036578474030500926,0,1
23,4,p2f,98,future_unknown,4,0,1.5766123096474915e-07,0,1
23,4,p2f,98,future_unknown,5,0,3.982904634288863e-08,0,1
23,4,p2f,99,future_unknown,0,0,0.13369891208848267,0,1
23,4,p2f,99,future_unknown,1,0,0.018437534121032672,0,1
23,4,p2f,99,future_unknown,2,0,0.34939658322258765,0,1
23,4,p2f,99,future_unknown,3,0,0.16922593569174205,0,1
23,4,p2f,99,future_unknown,4,0,0.04106605619277745,0,1
23,4,p2f,99,future_unknown,5,0,0.002773570404353783,0,1
23,4,f2p,0,past_known,0,1,0.01211440429873958,0,0
23,4,f2p,0,past_known,1,1,1.165161925943802e-05,0,0
23,4,f2p,0,past_known,2,1,3.87095439281286e-05,0,0
23,4,f2p,0,past_known,3,1,0.0004447813801825274,0,0
23,4,f2p,0,past_known,4,1,6.0551904617798994e-05,0,0
23,4,f2p,0,past_known,5,1,6.723792351229592e-06,0,0
23,4,f2p,1,past_known,0,1,0.20958307468042048,0,0
23,4,f2p,1,past_known,1,1,0.0528103229878243,0,0
23,4,f2p,1,past_known,2,1,0.1546410375861407,0,0
23,4,f2p,1,past_known,3,1,0.001119069502784002,0,0
23,4,f2p,1,past_known,4,1,0.022399039803649514,0,0
23,4,f2p,1,past_known,5,1,0.13165713842929874,0,0
23,4,f2p,2,past_known,0,1,9.140588101640586e-05,0,0
23,4,f2p,2,past_known,1,1,0.046693309457456623,0,0
23,4,f2p,2,past_known,2,1,0.2632371159324539,0,0
23,4,f2p,2,past_known,3,1,0.006829059123052157,0,0
23,4,f2p,2,past_known,4,1,9.530113475511489e-05,0,0
23,4,f2p,2,past_known,5,1,7.237361022907354e-06,0,0
23,4,f2p,3,past_known,0,1,1.756409837293169e-05,0,0
23,4,f2p,3,past_known,1,1,8.272696784524774e-08,0,0
23,4,f2p,3,past_known,2,1,0.003663522848528228,0,0
23,4,f2p,3,past_known,3,1,0.0005403370710875162,0,0
23,4,f2p,3,past_known,4,1,2.3879895907657136e-05,0,0
23,4,f2p,3,past_known,5,1,0.026330737590803403,0,0
23,4,f2p,4,past_known,0,1,0.6393030689970663,1,1
23,4,f2p,4,past_known,1,1,0.00019902347092557165,0,0
23,4,f2p,4,past_known,2,1,8.043449552034373e-06,0,0
23,4,f2p,4,past_known,3,1,0.00012564599926029736,0,0
23,4,f2p,4,past_known,4,1,0.26631151402114417,0,0
23,4,f2p,4,past_known,5,1,1.4041454126257939e-06,0,0
23,4,f2p,5,past_known,0,1,0.3155441316477384,0,0
23,4,f2p,5,past_known,1,1,0.05622854428987536,0,0
23,4,f2p,5,past_known,2,1,0.5279853862849885,1,1
23,4,f2p,5,past_known,3,1,0.9306155631321391,1,1
23,4,f2p,5,past_known,4,1,0.9999564972505143,1,1
23,4,f2p,5,past_known,5,1,0.30094510741130426,0,0
23,4,f2p,6,past_known,0,1,0.9168797358632155,1,1
23,4,f2p,6,past_known,1,1,0.9882822607196927,1,1
23,4,f2p,6,past_known,2,1,0.9223581485137925,1,1
23,4,f2p,6,past_known,3,1,0.8162024754041126,1,1
23,4,f2p,6,past_known,4,1,0.503079573561105,1,1
23,4,f2p,6,past_known,5,1,0.9981188109925118,1,1
23,4,f2p,7,past_known,0,1,0.0037471875633280018,0,0
23,4,f2p,7,past_known,1,1,0.12547900407259135,0,0
23,4,f2p,7,past_known,2,1,3.8215098767346473e-05,0,0
23,4,f2p,7,past_known,3,1,0.0017699550753717708,0,0
23,4,f2p,7,past_known,4,1,0.0017621355170279612,0,0
23,4,f2p,7,past_known,5,1,2.2049639671507812e-05,0,0
23,4,f2p,8,past_known,0,1,0.9619688365187042,1,1
23,4,f2p,8,past_known,1,1,0.0006550527108091743,0,0
23,4,f2p,8,past_known,2,1,0.07190730761694585,0,0
23,4,f2p,8,past_known,3,1,0.21358524130132214,0,0
23,4,f2p,8,past_known,4,1,4.898351102117081e-08,0,0
23,4,f2p,8,past_known,5,1,0.33971350605098116,0,0
23,4,f2p,9,past_known,0,1,0.38807553404012135,0,0
23,4,f2p,9,past_known,1,1,0.9886537593771476,1,1
23,4,f2p,9,past_known,2,1,0.5227250562778303,1,1
23,4,f2p,9,past_known,3,1,0.9913467549177032,1,1
23,4,f2p,9,past_known,4,1,0.988865865523857,1,1
23,4,f2p,9,past_known,5,1,0.2457315304350928,0,0
23,4,f2p,10,past_known,0,1,0.9909699971307137,1,1
23,4,f2p,10,past_known,1,1,0.46686539336471256,0,0
23,4,f2p,10,past_known,2,1,0.968644072366547,1,1
23,4,f2p,10,past_known,3,1,0.05221345088296521,0,0
23,4,f2p,10,past_known,4,1,0.9768976717959756,1,1
23,4,f2p,10,past_known,5,1,0.27889908121293283,0,0
23,4,f2p,11,past_known,0,1,1.716635521323322e-05,0,0
23,4,f2p,11,past_known,1,1,0.0009627819043440337,0,0
23,4,f2p,11,past_known,2,1,1.0773723272672321e-05,0,0
23,4,f2p,11,past_known,3,1,7.033058856488997e-06,0,0
23,4,f2p,11,past_known,4,1,0.11795861172084066,0,0
23,4,f2p,11,past_known,5,1,0.09355223106579794,0,0
23,4,f2p,12,past_known,0,1,0.014728134887881907,0,0
23,4,f2p,12,past_known,1,1,0.005011348617115912,0,0
23,4,f2p,12,past_known,2,1,0.05552376132833724,0,0
23,4,f2p,12,past_known,3,1,0.03544374285305452,0,0
23,4,f2p,12,past_known,4,1,5.304936190927119e-06,0,0
23,4,f2p,12,past_known,5,1,0.02377662932058424,0,0
23,4,f2p,13,past_known,0,1,0.9979732370047383,1,1
23,4,f2p,13,past_known,1,1,0.9998533325208289,1,1
23,4,f2p,13,past_known,2,1,0.9999280355561246,1,1
23,4,f2p,13,past_known,3,1,0.9966614517778007,1,1
23,4,f2p,13,past_known,4,1,0.9998846592173526,1,1
23,4,f2p,13,past_known,5,1,0.9998224070850528,1,1
23,4,f2p,14,past_known,0,1,0.5969003657427274,1,1
23,4,f2p,14,past_known,1,1,0.959331148079496,1,1
23,4,f2p,14,past_known,2,1,0.02910180415366297,0,0
23,4,f2p,14,past_known,3,1,1.682007190576346e-05,0,0
23,4,f2p,14,past_known,4,1,3.085933917215701e-05,0,0
23,4,f2p,14,past_known,5,1,0.2647008783628918,0,0
23,4,f2p,15,past_known,0,1,0.31850541369908364,0,0
23,4,f2p,15,past_known,1,1,0.9245593142234888,1,1
23,4,f2p,15,past_known,2,1,0.01188870948440591,0,0
23,4,f2p,15,past_known,3,1,0.7295080053711143,1,1
23,4,f2p,15,past_known,4,1,0.10111512107399125,0,0
23,4,f2p,15,past_known,5,1,0.9494923894995203,1,1
23,4,f2p,16,past_known,0,1,0.9993373052089249,1,1
23,4,f2p,16,past_known,1,1,0.9999529021379046,1,1
23,4,f2p,16,past_known,2,1,0.9999765432203529,1,1
23,4,f2p,16,past_known,3,1,0.9998961546784751,1,1
23,4,f2p,16,past_known,4,1,0.9996164773348594,1,1
23,4,f2p,16,past_known,5,1,0.9996453746922862,1,1
23,4,f2p,17,past_known,0,1,0.0008876762596448929,0,0
23,4,f2p,17,past_known,1,1,0.0012620500376961583,0,0
23,4,f2p,17,past_known,2,1,0.00010184608753367959,0,0
23,4,f2p,17,past_known,3,1,3.336579656198808e-05,0,0
23,4,f2p,17,past_known,4,1,1.1797803973802731e-05,0,0
23,4,f2p,17,past_known,5,1,0.001465932651323852,0,0
23,4,f2p,18,past_known,0,1,0.6634004583321419,1,1
23,4,f2p,18,past_known,1,1,0.015317684167188,0,0
23,4,f2p,18,past_known,2,1,0.027373482107033716,0,0
23,4,f2p,18,past_known,3,1,0.2570096692907283,0,0
23,4,f2p,18,past_known,4,1,0.03754948154636317,0,0
23,4,f2p,18,past_known,5,1,2.214605507382247e-05,0,0
23,4,f2p,19,past_known,0,1,0.9976812628821607,1,1
23,4,f2p,19,past_known,1,1,0.9442930530160021,1,1
23,4,f2p,19,past_known,2,1,0.990982810296418,1,1
23,4,f2p,19,past_known,3,1,0.9991355880105761,1,1
23,4,f2p,19,past_known,4,1,0.38661373214071343,0,0
23,4,f2p,19,past_known,5,1,0.005056251339291934,0,0
23,4,f2p,20,past_known,0,1,0.2750756445538705,0,0
23,4,f2p,20,past_known,1,1,0.0004055252511321256,0,0
23,4,f2p,20,past_known,2,1,0.9758450059674969,1,1
23,4,f2p,20,past_known,3,1,1.6138070768587122e-06,0,0
23,4,f2p,20,past_known,4,1,0.0003649791562947728,0,0
23,4,f2p,20,past_known,5,1,0.0008567995635414943,0,0
23,4,f2p,21,past_known,0,1,0.33045740123256495,0,0
23,4,f2p,21,past_known,1,1,1.5419705691714e-08,0,0
23,4,f2p,21,past_known,2,1,0.06002296779339674,0,0
23,4,f2p,21,past_known,3,1,2.282651120459557e-07,0,0
23,4,f2p,21,past_known,4,1,5.695522510284271e-05,0,0
23,4,f2p,21,past_known,5,1,1.3450638401822094e-10,0,0
23,4,f2p,22,past_known,0,1,0.5538009241985845,1,1
23,4,f2p,22,past_known,1,1,0.018306527486072185,0,0
23,4,f2p,22,past_known,2,1,4.450840231586194e-08,0,0
23,4,f2p,22,past_known,3,1,0.20848606579188284,0,0
23,4,f2p,22,past_known,4,1,2.682973694542713e-06,0,0
23,4,f2p,22,past_known,5,1,0.0001044722753668249,0,0
23,4,f2p,23,past_known,0,1,0.04176418443993786,0,0
23,4,f2p,23,past_known,1,1,0.4974356230685434,0,0
23,4,f2p,23,past_known,2,1,0.9259497342918185,1,1
23,4,f2p,23,past_known,3,1,0.06743083300045168,0,0
23,4,f2p,23,past_known,4,1,0.04431063599112949,0,0
23,4,f2p,23,past_known,5,1,0.9705397345651694,1,1
23,4,f2p,24,past_known,0,1,0.6399734949456773,1,1
23,4,f2p,24,past_known,1,1,0.054197835159258974,0,0
23,4,f2p,24,past_known,2,1,0.40103011596517313,0,0
23,4,f2p,24,past_known,3,1,0.9728087532100731,1,1
23,4,f2p,24,past_known,4,1,0.8544341846106108,1,1
23,4,f2p,24,past_known,5,1,0.9991679075456082,1,1
23,4,f2p,25,past_unknown,0,0,0.0009174300600095382,0,1
23,4,f2p,25,past_unknown,1,0,0.0004243451693017007,0,1
23,4,f2p,25,past_unknown,2,0,0.9690592155285627,1,0
23,4,f2p,25,past_unknown,3,0,0.001834474758364029,0,1
23,4,f2p,25,past_unknown,4,0,8.531251811562318e-05,0,1
23,4,f2p,25,past_unknown,5,0,0.0021037662328148602,0,1
23,4,f2p,26,past_unknown,0,0,0.0013451697564648402,0,1
23,4,f2p,26,past_unknown,1,0,0.02295031604497705,0,1
23,4,f2p,26,past_unknown,2,0,1.1719740308721949e-05,0,1
23,4,f2p,26,past_unknown,3,0,0.009743725680885097,0,1
23,4,f2p,26,past_unknown,4,0,2.3510393039945784e-05,0,1
23,4,f2p,26,past_unknown,5,0,0.000648827534883118,0,1
23,4,f2p,27,past_unknown,0,0,1.7181679606698718e-09,0,1
23,4,f2p,27,past_unknown,1,0,8.375276246754969e-08,0,1
23,4,f2p,27,past_unknown,2,0,1.3631705451456752e-08,0,1
23,4,f2p,27,past_unknown,3,0,2.2147525078351482e-09,0,1
23,4,f2p,27,past_unknown,4,0,1.785590685695313e-06,0,1
23,4,f2p,27,past_unknown,5,0,0.0010505175428731138,0,1
23,4,f2p,28,past_unknown,0,0,0.9999342861696832,1,0
23,4,f2p,28,past_unknown,1,0,0.00012949188112896224,0,1
23,4,f2p,28,past_unknown,2,0,0.0020231460050867513,0,1
23,4,f2p,28,past_unknown,3,0,0.3172311992746516,0,1
23,4,f2p,28,past_unknown,4,0,0.9910482543451109,1,0
23,4,f2p,28,past_unknown,5,0,1.3804965701480659e-05,0,1
23,4,f2p,29,past_unknown,0,0,5.148008759121571e-07,0,1
23,4,f2p,29,past_unknown,1,0,6.462112867316255e-08,0,1
23,4,f2p,29,past_unknown,2,0,0.0001061168465583114,0,1
23,4,f2p,29,past_unknown,3,0,0.00019907228489498492,0,1
23,4,f2p,29,past_unknown,4,0,6.88987177704502e-05,0,1
23,4,f2p,29,past_unknown,5,0,0.0001917873895541452,0,1
23,4,f2p,30,past_unknown,0,0,0.00018409035601563086,0,1
23,4,f2p,30,past_unknown,1,0,8.463249474213951e-07,0,1
23,4,f2p,30,past_unknown,2,0,0.0005712729423227123,0,1
23,4,f2p,30,past_unknown,3,0,0.0006157124757940825,0,1
23,4,f2p,30,past_unknown,4,0,0.0005354612476521146,0,1
23,4,f2p,30,past_unknown,5,0,0.019756695408940365,0,1
23,4,f2p,31,past_unknown,0,0,0.0010983528429312681,0,1
23,4,f2p,31,past_unknown,1,0,2.1234324737459606e-05,0,1
23,4,f2p,31,past_unknown,2,0,6.709625480579182e-06,0,1
23,4,f2p,31,past_unknown,3,0,1.288745766242373e-05,0,1
23,4,f2p,31,past_unknown,4,0,0.025857913546147533,0,1
23,4,f2p,31,past_unknown,5,0,0.0018758925555426142,0,1
23,4,f2p,32,past_unknown,0,0,1.4231519028007786e-08,0,1
23,4,f2p,32,past_unknown,1,0,1.3302488462869937e-11,0,1
23,4,f2p,32,past_unknown,2,0,1.9816487941791546e-06,0,1
23,4,f2p,32,past_unknown,3,0,1.1664431869384108e-06,0,1
23,4,f2p,32,past_unknown,4,0,1.1452681067327227e-06,0,1
23,4,f2p,32,past_unknown,5,0,1.0616406112844061e-08,0,1
23,4,f2p,33,past_unknown,0,0,0.3867489438457917,0,1
23,4,f2p,33,past_unknown,1,0,0.9496733291623466,1,0
23,4,f2p,33,past_unknown,2,0,5.7155987775867784e-05,0,1
23,4,f2p,33,past_unknown,3,0,0.05559863158840399,0,1
23,4,f2p,33,past_unknown,4,0,0.9621534929578857,1,0
23,4,f2p,33,past_unknown,5,0,0.0006649956426172429,0,1
23,4,f2p,34,past_unknown,0,0,1.5475669579225454e-06,0,1
23,4,f2p,34,past_unknown,1,0,8.145204318080395e-08,0,1
23,4,f2p,34,past_unknown,2,0,1.067897081741618e-06,0,1
23,4,f2p,34,past_unknown,3,0,3.8014829138681746e-06,0,1
23,4,f2p,34,past_unknown,4,0,0.0003456491687092577,0,1
23,4,f2p,34,past_unknown,5,0,2.092911314309125e-05,0,1
23,4,f2p,35,past_unknown,0,0,2.7450652583626253e-05,0,1
23,4,f2p,35,past_unknown,1,0,1.7298652507891074e-07,0,1
23,4,f2p,35,past_unknown,2,0,0.004402192433207003,0,1
23,4,f2p,35,past_unknown,3,0,1.3627309915249802e-06,0,1
23,4,f2p,35,past_unknown,4,0,3.5925827715283656e-06,0,1
23,4,f2p,35,past_unknown,5,0,6.67920299865671e-05,0,1
23,4,f2p,36,past_unknown,0,0,4.8587877581891184e-05,0,1
23,4,f2p,36,past_unknown,1,0,0.0031644806572609027,0,1
23,4,f2p,36,past_unknown,2,0,0.02719638496009005,0,1
23,4,f2p,36,past_unknown,3,0,0.01524452850773631,0,1
23,4,f2p,36,past_unknown,4,0,6.023508991018099e-05,0,1
23,4,f2p,36,past_unknown,5,0,7.303252217320466e-06,0,1
23,4,f2p,37,past_unknown,0,0,1.490531662795419e-06,0,1
23,4,f2p,37,past_unknown,1,0,1.3661315426814996e-06,0,1
23,4,f2p,37,past_unknown,2,0,1.3784684922613565e-07,0,1
23,4,f2p,37,past_unknown,3,0,5.094821909707793e-05,0,1
23,4,f2p,37,past_unknown,4,0,1.812682421086834e-09,0,1
23,4,f2p,37,past_unknown,5,0,5.2580003996451746e-08,0,1
23,4,f2p,38,past_unknown,0,0,9.805059038309242e-06,0,1
23,4,f2p,38,past_unknown,1,0,7.412621224784847e-07,0,1
23,4,f2p,38,past_unknown,2,0,4.096232220914674e-05,0,1
23,4,f2p,38,past_unknown,3,0,4.319052807599756e-07,0,1
23,4,f2p,38,past_unknown,4,0,1.9535435774820626e-06,0,1
23,4,f2p,38,past_unknown,5,0,9.831996622132722e-05,0,1
23,4,f2p,39,past_unknown,0,0,5.4855927936209e-06,0,1
23,4,f2p,39,past_unknown,1,0,2.042787442365784e-08,0,1
23,4,f2p,39,past_unknown,2,0,1.7273076159329483e-06,0,1
23,4,f2p,39,past_unknown,3,0,7.465522384535727e-08,0,1
23,4,f2p,39,past_unknown,4,0,1.00610892115236e-08,0,1
23,4,f2p,39,past_unknown,5,0,2.1889640224593073e-07,0,1
23,4,f2p,40,past_unknown,0,0,8.616887003027062e-09,0,1
23,4,f2p,40,past_unknown,1,0,1.2085769666305595e-07,0,1
23,4,f2p,40,past_unknown,2,0,3.356458578448623e-08,0,1
23,4,f2p,40,past_unknown,3,0,0.0010497868195674445,0,1
23,4,f2p,40,past_unknown,4,0,2.3212486762738577e-09,0,1
23,4,f2p,40,past_unknown,5,0,0.0007217932377673778,0,1
23,4,f2p,41,past_unknown,0,0,0.00018404301691260033,0,1
23,4,f2p,41,past_unknown,1,0,2.191584219985412e-05,0,1
23,4,f2p,41,past_unknown,2,0,5.851382045529064e-06,0,1
23,4,f2p,41,past_unknown,3,0,0.0008076239229919962,0,1
23,4,f2p,41,past_unknown,4,0,8.852120176612795e-08,0,1
23,4,f2p,41,past_unknown,5,0,1.208547781011889e-05,0,1
23,4,f2p,42,past_unknown,0,0,0.000386135531629196,0,1
23,4,f2p,42,past_unknown,1,0,7.179066818779132e-06,0,1
23,4,f2p,42,past_unknown,2,0,2.0041105772133457e-06,0,1
23,4,f2p,42,past_unknown,3,0,0.00010592708943056234,0,1
23,4,f2p,42,past_unknown,4,0,3.555268003912822e-05,0,1
23,4,f2p,42,past_unknown,5,0,2.276687459569029e-06,0,1
23,4,f2p,43,past_unknown,0,0,0.6702195597926762,1,0
23,4,f2p,43,past_unknown,1,0,5.02850083167127e-06,0,1
23,4,f2p,43,past_unknown,2,0,0.08669156961901589,0,1
23,4,f2p,43,past_unknown,3,0,0.02642565466966563,0,1
23,4,f2p,43,past_unknown,4,0,0.8501144300030823,1,0
23,4,f2p,43,past_unknown,5,0,0.04506044247689664,0,1
23,4,f2p,44,past_unknown,0,0,1.74782111318957e-05,0,1
23,4,f2p,44,past_unknown,1,0,1.6696623879005876e-07,0,1
23,4,f2p,44,past_unknown,2,0,0.0913603650301058,0,1
23,4,f2p,44,past_unknown,3,0,1.0808706276287389e-05,0,1
23,4,f2p,44,past_unknown,4,0,2.464367127087376e-07,0,1
23,4,f2p,44,past_unknown,5,0,0.4983697757174786,0,1
23,4,f2p,45,past_unknown,0,0,9.239154624957823e-07,0,1
23,4,f2p,45,past_unknown,1,0,4.649911590609787e-08,0,1
23,4,f2p,45,past_unknown,2,0,0.00015197103710626827,0,1
23,4,f2p,45,past_unknown,3,0,6.279046411896806e-07,0,1
23,4,f2p,45,past_unknown,4,0,0.0002779934876210797,0,1
23,4,f2p,45,past_unknown,5,0,4.944573218335071e-07,0,1
23,4,f2p,46,past_unknown,0,0,1.0879844505992383e-06,0,1
23,4,f2p,46,past_unknown,1,0,9.503104916801098e-06,0,1
23,4,f2p,46,past_unknown,2,0,3.4515181152714094e-08,0,1
23,4,f2p,46,past_unknown,3,0,8.50309504079598e-06,0,1
23,4,f2p,46,past_unknown,4,0,1.7295574640534158e-05,0,1
23,4,f2p,46,past_unknown,5,0,1.386320852318089e-06,0,1
23,4,f2p,47,past_unknown,0,0,9.869137867483573e-06,0,1
23,4,f2p,47,past_unknown,1,0,0.00788230401582414,0,1
23,4,f2p,47,past_unknown,2,0,0.0019818949499412542,0,1
23,4,f2p,47,past_unknown,3,0,4.828120949759301e-05,0,1
23,4,f2p,47,past_unknown,4,0,0.00060224782960697,0,1
23,4,f2p,47,past_unknown,5,0,2.334407466005693e-05,0,1
23,4,f2p,48,past_unknown,0,0,9.327682460682681e-07,0,1
23,4,f2p,48,past_unknown,1,0,1.8330890140383574e-07,0,1
23,4,f2p,48,past_unknown,2,0,2.1028131213711118e-07,0,1
23,4,f2p,48,past_unknown,3,0,4.6615965164275705e-08,0,1
23,4,f2p,48,past_unknown,4,0,1.3252103605323961e-08,0,1
23,4,f2p,48,past_unknown,5,0,6.246715270478799e-07,0,1
23,4,f2p,49,past_unknown,0,0,0.045541235678221645,0,1
23,4,f2p,49,past_unknown,1,0,0.0027146153604653772,0,1
23,4,f2p,49,past_unknown,2,0,0.00017790418802078186,0,1
23,4,f2p,49,past_unknown,3,0,0.003124720755374277,0,1
23,4,f2p,49,past_unknown,4,0,0.0001931856975935901,0,1
23,4,f2p,49,past_unknown,5,0,0.007513262231075885,0,1
24,4,p2f,50,future_known,0,1,0.005636017325520179,0,0
24,4,p2f,50,future_known,1,1,0.007000183950812447,0,0
24,4,p2f,50,future_known,2,1,5.45960529406057e-06,0,0
24,4,p2f,50,future_known,3,1,2.9248261510254696e-05,0,0
24,4,p2f,50,future_known,4,1,8.842502212425854e-06,0,0
24,4,p2f,50,future_known,5,1,1.1392047795389684e-05,0,0
24,4,p2f,51,future_known,0,1,0.013573091337254489,0,0
24,4,p2f,51,future_known,1,1,0.023922972934536834,0,0
24,4,p2f,51,future_known,2,1,0.0010698693119709029,0,0
24,4,p2f,51,future_known,3,1,0.044132883883278,0,0
24,4,p2f,51,future_known,4,1,0.00016803825068380024,0,0
24,4,p2f,51,future_known,5,1,2.339696428797088e-05,0,0
24,4,p2f,52,future_known,0,1,0.0021997767874223956,0,0
24,4,p2f,52,future_known,1,1,0.013481387668789131,0,0
24,4,p2f,52,future_known,2,1,0.0036502575508802313,0,0
24,4,p2f,52,future_known,3,1,0.008245700010025121,0,0
24,4,p2f,52,future_known,4,1,8.973900842431336e-06,0,0
24,4,p2f,52,future_known,5,1,9.645255036030238e-05,0,0
24,4,p2f,53,future_known,0,1,0.0046312259437690075,0,0
24,4,p2f,53,future_known,1,1,0.00023164107520135425,0,0
24,4,p2f,53,future_known,2,1,0.0023372162600767956,0,0
24,4,p2f,53,future_known,3,1,8.119737921097535e-05,0,0
24,4,p2f,53,future_known,4,1,0.0016349005690935335,0,0
24,4,p2f,53,future_known,5,1,2.91060379412117e-06,0,0
24,4,p2f,54,future_known,0,1,0.8186386012137923,1,1
24,4,p2f,54,future_known,1,1,2.7479805740048083e-05,0,0
24,4,p2f,54,future_known,2,1,0.0017376276629181954,0,0
24,4,p2f,54,future_known,3,1,0.9331956350690104,1,1
24,4,p2f,54,future_known,4,1,7.821170014407091e-05,0,0
24,4,p2f,54,future_known,5,1,0.967009322837227,1,1
24,4,p2f,55,future_known,0,1,0.994074411721432,1,1
24,4,p2f,55,future_known,1,1,0.11121784327341087,0,0
24,4,p2f,55,future_known,2,1,0.6064519453585672,1,1
24,4,p2f,55,future_known,3,1,0.8125493609952191,1,1
24,4,p2f,55,future_known,4,1,0.0003715696899228414,0,0
24,4,p2f,55,future_known,5,1,0.0034045821888996253,0,0
24,4,p2f,56,future_known,0,1,0.12694295868628383,0,0
24,4,p2f,56,future_known,1,1,0.002490024277676774,0,0
24,4,p2f,56,future_known,2,1,4.221494632339047e-05,0,0
24,4,p2f,56,future_known,3,1,6.953873645362653e-05,0,0
24,4,p2f,56,future_known,4,1,0.005691942299765192,0,0
24,4,p2f,56,future_known,5,1,0.01008136660371338,0,0
24,4,p2f,57,future_known,0,1,0.05469834010294594,0,0
24,4,p2f,57,future_known,1,1,4.7292338975904624e-06,0,0
24,4,p2f,57,future_known,2,1,0.20408296344062293,0,0
24,4,p2f,57,future_known,3,1,0.0002800619772705133,0,0
24,4,p2f,57,future_known,4,1,0.03894086179794522,0,0
24,4,p2f,57,future_known,5,1,0.0063985316052533915,0,0
24,4,p2f,58,future_known,0,1,0.00020513958543193133,0,0
24,4,p2f,58,future_known,1,1,4.717770771543317e-05,0,0
24,4,p2f,58,future_known,2,1,2.84021283623379e-06,0,0
24,4,p2f,58,future_known,3,1,3.883281249496967e-06,0,0
24,4,p2f,58,future_known,4,1,1.7119122592085704e-06,0,0
24,4,p2f,58,future_known,5,1,1.0682714269679597e-06,0,0
24,4,p2f,59,future_known,0,1,0.9978889353742856,1,1
24,4,p2f,59,future_known,1,1,0.9992457360916153,1,1
24,4,p2f,59,future_known,2,1,0.9925469227780618,1,1
24,4,p2f,59,future_known,3,1,0.9998612851344272,1,1
24,4,p2f,59,future_known,4,1,0.9988528251741318,1,1
24,4,p2f,59,future_known,5,1,0.999419654374419,1,1
24,4,p2f,60,future_known,0,1,0.9224610516159775,1,1
24,4,p2f,60,future_known,1,1,0.9239293143508638,1,1
24,4,p2f,60,future_known,2,1,0.08476161975792729,0,0
24,4,p2f,60,future_known,3,1,0.00037267668584236734,0,0
24,4,p2f,60,future_known,4,1,0.021602108810610112,0,0
24,4,p2f,60,future_known,5,1,0.6789062600348746,1,1
24,4,p2f,61,future_known,0,1,0.9209712248252198,1,1
24,4,p2f,61,future_known,1,1,0.02873175870744651,0,0
24,4,p2f,61,future_known,2,1,0.9910914534574689,1,1
24,4,p2f,61,future_known,3,1,0.8217628268573881,1,1
24,4,p2f,61,future_known,4,1,0.54451075233341,1,1
24,4,p2f,61,future_known,5,1,0.9051719163497669,1,1
24,4,p2f,62,future_known,0,1,0.9827135566284478,1,1
24,4,p2f,62,future_known,1,1,0.942501490097087,1,1
24,4,p2f,62,future_known,2,1,0.37282047168596993,0,0
24,4,p2f,62,future_known,3,1,0.21390485727925046,0,0
24,4,p2f,62,future_known,4,1,0.7070855577802051,1,1
24,4,p2f,62,future_known,5,1,0.6366901097055643,1,1
24,4,p2f,63,future_known,0,1,0.6449860640319408,1,1
24,4,p2f,63,future_known,1,1,0.0009870370095661093,0,0
24,4,p2f,63,future_known,2,1,0.006994072146561164,0,0
24,4,p2f,63,future_known,3,1,0.030505181005518238,0,0
24,4,p2f,63,future_known,4,1,0.11505162451824552,0,0
24,4,p2f,63,future_known,5,1,0.24729803347687837,0,0
24,4,p2f,64,future_known,0,1,0.9431474352030019,1,1
24,4,p2f,64,future_known,1,1,0.28046442471851085,0,0
24,4,p2f,64,future_known,2,1,0.29894397455053306,0,0
24,4,p2f,64,future_known,3,1,0.2529534364863974,0,0
24,4,p2f,64,future_known,4,1,0.0873198564435989,0,0
24,4,p2f,64,future_known,5,1,0.7739947596142863,1,1
24,4,p2f,65,future_known,0,1,0.2446855398850925,0,0
24,4,p2f,65,future_known,1,1,0.01195251088253106,0,0
24,4,p2f,65,future_known,2,1,0.7032072237839531,1,1
24,4,p2f,65,future_known,3,1,0.6450476554553137,1,1
24,4,p2f,65,future_known,4,1,0.01826057101788417,0,0
24,4,p2f,65,future_known,5,1,0.0004714611270855233,0,0
24,4,p2f,66,future_known,0,1,0.09268023879539297,0,0
24,4,p2f,66,future_known,1,1,0.0016055864530591518,0,0
24,4,p2f,66,future_known,2,1,0.00010757450653433897,0,0
24,4,p2f,66,future_known,3,1,0.6539433084331324,1,1
24,4,p2f,66,future_known,4,1,0.0001464384241726827,0,0
24,4,p2f,66,future_known,5,1,0.3114988666664328,0,0
24,4,p2f,67,future_known,0,1,0.9330046927045264,1,1
24,4,p2f,67,future_known,1,1,0.7167709924634976,1,1
24,4,p2f,67,future_known,2,1,0.9616300591588723,1,1
24,4,p2f,67,future_known,3,1,0.9851279903009121,1,1
24,4,p2f,67,future_known,4,1,0.962097179401474,1,1
24,4,p2f,67,future_known,5,1,0.20585841630741594,0,0
24,4,p2f,68,future_known,0,1,0.4095158607442678,0,0
24,4,p2f,68,future_known,1,1,0.9798084325570809,1,1
24,4,p2f,68,future_known,2,1,0.7557462107429287,1,1
24,4,p2f,68,future_known,3,1,0.12950523413143972,0,0
24,4,p2f,68,future_known,4,1,0.9967576615743138,1,1
24,4,p2f,68,future_known,5,1,0.3882494013423861,0,0
24,4,p2f,69,future_known,0,1,0.9154678388985236,1,1
24,4,p2f,69,future_known,1,1,0.6286484819591027,1,1
24,4,p2f,69,future_known,2,1,0.660727740853366,1,1
24,4,p2f,69,future_known,3,1,0.9488641242938171,1,1
24,4,p2f,69,future_known,4,1,0.15669314986352592,0,0
24,4,p2f,69,future_known,5,1,0.9418629325557,1,1
24,4,p2f,70,future_known,0,1,0.09685535963422393,0,0
24,4,p2f,70,future_known,1,1,2.1806933580412954e-06,0,0
24,4,p2f,70,future_known,2,1,0.0003346315152827332,0,0
24,4,p2f,70,future_known,3,1,0.010304021558488094,0,0
24,4,p2f,70,future_known,4,1,1.7795027180187512e-05,0,0
24,4,p2f,70,future_known,5,1,0.01088350155861546,0,0
24,4,p2f,71,future_known,0,1,0.9846994507742424,1,1
24,4,p2f,71,future_known,1,1,0.9540382133264007,1,1
24,4,p2f,71,future_known,2,1,0.9385474070152624,1,1
24,4,p2f,71,future_known,3,1,0.9847258614158846,1,1
24,4,p2f,71,future_known,4,1,0.9966179361817121,1,1
24,4,p2f,71,future_known,5,1,0.7907142677913858,1,1
24,4,p2f,72,future_known,0,1,0.9225008425731817,1,1
24,4,p2f,72,future_known,1,1,0.11832691761454628,0,0
24,4,p2f,72,future_known,2,1,0.8549994019753421,1,1
24,4,p2f,72,future_known,3,1,0.9489861330072407,1,1
24,4,p2f,72,future_known,4,1,0.23036735949855844,0,0
24,4,p2f,72,future_known,5,1,0.9973703775678378,1,1
24,4,p2f,73,future_known,0,1,0.8735801706433676,1,1
24,4,p2f,73,future_known,1,1,0.0029196597578176973,0,0
24,4,p2f,73,future_known,2,1,0.007263650963822077,0,0
24,4,p2f,73,future_known,3,1,0.009063708616883078,0,0
24,4,p2f,73,future_known,4,1,0.00021620341637057245,0,0
24,4,p2f,73,future_known,5,1,0.011437349249617555,0,0
24,4,p2f,74,future_known,0,1,0.9898483500684914,1,1
24,4,p2f,74,future_known,1,1,0.7269351939123317,1,1
24,4,p2f,74,future_known,2,1,0.9847199088782899,1,1
24,4,p2f,74,future_known,3,1,0.41590806850638845,0,0
24,4,p2f,74,future_known,4,1,0.9988973221414464,1,1
24,4,p2f,74,future_known,5,1,0.21336155002535592,0,0
24,4,p2f,75,future_unknown,0,0,0.11906138874281544,0,1
24,4,p2f,75,future_unknown,1,0,0.14969886515836048,0,1
24,4,p2f,75,future_unknown,2,0,0.082510357082091,0,1
24,4,p2f,75,future_unknown,3,0,0.0024886829230991226,0,1
24,4,p2f,75,future_unknown,4,0,0.08728928932629815,0,1
24,4,p2f,75,future_unknown,5,0,0.3088002962214297,0,1
24,4,p2f,76,future_unknown,0,0,1.2367574324711489e-05,0,1
24,4,p2f,76,future_unknown,1,0,1.7762667972017795e-06,0,1
24,4,p2f,76,future_unknown,2,0,9.606201025223605e-06,0,1
24,4,p2f,76,future_unknown,3,0,0.0003716715715296141,0,1
24,4,p2f,76,future_unknown,4,0,1.2693068866521025e-07,0,1
24,4,p2f,76,future_unknown,5,0,1.0021161727284677e-07,0,1
24,4,p2f,77,future_unknown,0,0,2.4864970762825375e-07,0,1
24,4,p2f,77,future_unknown,1,0,1.0789462640934293e-07,0,1
24,4,p2f,77,future_unknown,2,0,6.316972307581338e-07,0,1
24,4,p2f,77,future_unknown,3,0,2.4288265016296392e-06,0,1
24,4,p2f,77,future_unknown,4,0,4.7149397327457744e-09,0,1
24,4,p2f,77,future_unknown,5,0,1.8165332932412128e-05,0,1
24,4,p2f,78,future_unknown,0,0,0.00046957811040779614,0,1
24,4,p2f,78,future_unknown,1,0,0.0001534514063449212,0,1
24,4,p2f,78,future_unknown,2,0,0.0001684466636272195,0,1
24,4,p2f,78,future_unknown,3,0,9.568410820568377e-06,0,1
24,4,p2f,78,future_unknown,4,0,3.8272540179150436e-05,0,1
24,4,p2f,78,future_unknown,5,0,0.0011988214698874353,0,1
24,4,p2f,79,future_unknown,0,0,0.017496379880805338,0,1
24,4,p2f,79,future_unknown,1,0,0.0014734803572854368,0,1
24,4,p2f,79,future_unknown,2,0,0.00026623587594021785,0,1
24,4,p2f,79,future_unknown,3,0,0.006103824797580398,0,1
24,4,p2f,79,future_unknown,4,0,0.006082897084140975,0,1
24,4,p2f,79,future_unknown,5,0,0.004271393344033984,0,1
24,4,p2f,80,future_unknown,0,0,0.0008255461074998257,0,1
24,4,p2f,80,future_unknown,1,0,0.23440868791288552,0,1
24,4,p2f,80,future_unknown,2,0,0.0022659959180225736,0,1
24,4,p2f,80,future_unknown,3,0,0.06948625454616643,0,1
24,4,p2f,80,future_unknown,4,0,0.0006670405300163467,0,1
24,4,p2f,80,future_unknown,5,0,0.00148089795979219,0,1
24,4,p2f,81,future_unknown,0,0,1.378187042884456e-07,0,1
24,4,p2f,81,future_unknown,1,0,7.391277130066709e-08,0,1
24,4,p2f,81,future_unknown,2,0,1.139629610758065e-08,0,1
24,4,p2f,81,future_unknown,3,0,3.2609469856446013e-07,0,1
24,4,p2f,81,future_unknown,4,0,1.5057011863752175e-06,0,1
24,4,p2f,81,future_unknown,5,0,4.8026948585303784e-08,0,1
24,4,p2f,82,future_unknown,0,0,0.00013531761372805392,0,1
24,4,p2f,82,future_unknown,1,0,6.099873004920082e-07,0,1
24,4,p2f,82,future_unknown,2,0,1.2038626339489878e-05,0,1
24,4,p2f,82,future_unknown,3,0,3.830842375203637e-05,0,1
24,4,p2f,82,future_unknown,4,0,0.00018614669171637427,0,1
24,4,p2f,82,future_unknown,5,0,1.3972173121392502e-05,0,1
24,4,p2f,83,future_unknown,0,0,0.028287677100222043,0,1
24,4,p2f,83,future_unknown,1,0,0.008870743886259523,0,1
24,4,p2f,83,future_unknown,2,0,0.34051795145139724,0,1
24,4,p2f,83,future_unknown,3,0,0.012578643166163415,0,1
24,4,p2f,83,future_unknown,4,0,0.26195845237245285,0,1
24,4,p2f,83,future_unknown,5,0,0.010080319814567815,0,1
24,4,p2f,84,future_unknown,0,0,0.00026039684625909425,0,1
24,4,p2f,84,future_unknown,1,0,0.00010172794828916499,0,1
24,4,p2f,84,future_unknown,2,0,0.0007352469178134963,0,1
24,4,p2f,84,future_unknown,3,0,6.466749859164896e-05,0,1
24,4,p2f,84,future_unknown,4,0,1.8861755779764626e-05,0,1
24,4,p2f,84,future_unknown,5,0,0.00012437027812909924,0,1
24,4,p2f,85,future_unknown,0,0,0.0004414185859808314,0,1
24,4,p2f,85,future_unknown,1,0,0.00048263982738882915,0,1
24,4,p2f,85,future_unknown,2,0,0.009113371087942973,0,1
24,4,p2f,85,future_unknown,3,0,0.01327215211050002,0,1
24,4,p2f,85,future_unknown,4,0,0.0014126281061711669,0,1
24,4,p2f,85,future_unknown,5,0,0.0004757982055520039,0,1
24,4,p2f,86,future_unknown,0,0,0.0026534475087174507,0,1
24,4,p2f,86,future_unknown,1,0,2.2126245874927004e-05,0,1
24,4,p2f,86,future_unknown,2,0,0.0008091427862087745,0,1
24,4,p2f,86,future_unknown,3,0,9.417614003797137e-05,0,1
24,4,p2f,86,future_unknown,4,0,0.0005865129925573064,0,1
24,4,p2f,86,future_unknown,5,0,0.0015552964548164886,0,1
24,4,p2f,87,future_unknown,0,0,0.00021243575124555241,0,1
24,4,p2f,87,future_unknown,1,0,7.109682693914455e-05,0,1
24,4,p2f,87,future_unknown,2,0,0.0002883475184092658,0,1
24,4,p2f,87,future_unknown,3,0,0.004876025885292661,0,1
24,4,p2f,87,future_unknown,4,0,0.0001558716926770311,0,1
24,4,p2f,87,future_unknown,5,0,7.4947444036624406e-06,0,1
24,4,p2f,88,future_unknown,0,0,0.0029961397115816613,0,1
24,4,p2f,88,future_unknown,1,0,0.2073735905812139,0,1
24,4,p2f,88,future_unknown,2,0,0.0024409739779864457,0,1
24,4,p2f,88,future_unknown,3,0,0.0056214930925956915,0,1
24,4,p2f,88,future_unknown,4,0,0.21211333457540782,0,1
24,4,p2f,88,future_unknown,5,0,0.002052014845390549,0,1
24,4,p2f,89,future_unknown,0,0,2.636811282503239e-05,0,1
24,4,p2f,89,future_unknown,1,0,4.233596925158592e-07,0,1
24,4,p2f,89,future_unknown,2,0,4.405982319857787e-06,0,1
24,4,p2f,89,future_unknown,3,0,7.477884394448641e-07,0,1
24,4,p2f,89,future_unknown,4,0,1.0997362066895483e-05,0,1
24,4,p2f,89,future_unknown,5,0,6.259680935587474e-07,0,1
24,4,p2f,90,future_unknown,0,0,0.562859819740894,1,0
24,4,p2f,90,future_unknown,1,0,0.9733013126762536,1,0
24,4,p2f,90,future_unknown,2,0,0.7425965378309873,1,0
24,4,p2f,90,future_unknown,3,0,0.8467617471547536,1,0
24,4,p2f,90,future_unknown,4,0,0.7211408747560681,1,0
24,4,p2f,90,future_unknown,5,0,0.04663385208718573,0,1
24,4,p2f,91,future_unknown,0,0,0.00013572716800377925,0,1
24,4,p2f,91,future_unknown,1,0,0.0005279604846731036,0,1
24,4,p2f,91,future_unknown,2,0,5.24234499997622e-06,0,1
24,4,p2f,91,future_unknown,3,0,0.0010331751798587357,0,1
24,4,p2f,91,future_unknown,4,0,1.3154810899601075e-06,0,1
24,4,p2f,91,future_unknown,5,0,7.235231666298272e-05,0,1
24,4,p2f,92,future_unknown,0,0,2.4762542680054203e-08,0,1
24,4,p2f,92,future_unknown,1,0,2.7050793109780036e-10,0,1
24,4,p2f,92,future_unknown,2,0,2.0024068990907624e-07,0,1
24,4,p2f,92,future_unknown,3,0,0.0001741138045452317,0,1
24,4,p2f,92,future_unknown,4,0,4.884774356515831e-07,0,1
24,4,p2f,92,future_unknown,5,0,2.640018913362506e-09,0,1
24,4,p2f,93,future_unknown,0,0,0.00037532136039135773,0,1
24,4,p2f,93,future_unknown,1,0,9.524462891568007e-08,0,1
24,4,p2f,93,future_unknown,2,0,8.905556047485984e-07,0,1
24,4,p2f,93,future_unknown,3,0,8.905556047485984e-07,0,1
24,4,p2f,93,future_unknown,4,0,1.6343378969317053e-07,0,1
24,4,p2f,93,future_unknown,5,0,2.0058117660568564e-08,0,1
24,4,p2f,94,future_unknown,0,0,0.13766527517793214,0,1
24,4,p2f,94,future_unknown,1,0,0.001263394483697159,0,1
24,4,p2f,94,future_unknown,2,0,0.0038513879852953383,0,1
24,4,p2f,94,future_unknown,3,0,0.0017322028038181674,0,1
24,4,p2f,94,future_unknown,4,0,0.0026867258283608626,0,1
24,4,p2f,94,future_unknown,5,0,0.009139435774869144,0,1
24,4,p2f,95,future_unknown,0,0,8.67776717280229e-06,0,1
24,4,p2f,95,future_unknown,1,0,3.6674892514584514e-08,0,1
24,4,p2f,95,future_unknown,2,0,7.67077083342418e-07,0,1
24,4,p2f,95,future_unknown,3,0,2.967572679889647e-07,0,1
24,4,p2f,95,future_unknown,4,0,2.8430100453162275e-08,0,1
24,4,p2f,95,future_unknown,5,0,2.252113406990345e-06,0,1
24,4,p2f,96,future_unknown,0,0,0.07263470731462249,0,1
24,4,p2f,96,future_unknown,1,0,0.003590426300100487,0,1
24,4,p2f,96,future_unknown,2,0,0.003262208382165318,0,1
24,4,p2f,96,future_unknown,3,0,2.941783605358819e-05,0,1
24,4,p2f,96,future_unknown,4,0,0.0005278881851268563,0,1
24,4,p2f,96,future_unknown,5,0,0.22837584606115077,0,1
24,4,p2f,97,future_unknown,0,0,0.2554676733847281,0,1
24,4,p2f,97,future_unknown,1,0,0.09563662332659595,0,1
24,4,p2f,97,future_unknown,2,0,0.00013071636134573457,0,1
24,4,p2f,97,future_unknown,3,0,0.0024594052615095068,0,1
24,4,p2f,97,future_unknown,4,0,0.40584356933706456,0,1
24,4,p2f,97,future_unknown,5,0,0.18047674142809592,0,1
24,4,p2f,98,future_unknown,0,0,3.4025352718451777e-06,0,1
24,4,p2f,98,future_unknown,1,0,1.7840748684226713e-08,0,1
24,4,p2f,98,future_unknown,2,0,2.9154723543338442e-06,0,1
24,4,p2f,98,future_unknown,3,0,0.00013382520788289356,0,1
24,4,p2f,98,future_unknown,4,0,1.1677314491826246e-07,0,1
24,4,p2f,98,future_unknown,5,0,2.0995859627379304e-08,0,1
24,4,p2f,99,future_unknown,0,0,0.12061367335743953,0,1
24,4,p2f,99,future_unknown,1,0,0.02717997531150409,0,1
24,4,p2f,99,future_unknown,2,0,0.3066347478264012,0,1
24,4,p2f,99,future_unknown,3,0,0.21767249522898136,0,1
24,4,p2f,99,future_unknown,4,0,0.05483352947353486,0,1
24,4,p2f,99,future_unknown,5,0,0.008270638896935602,0,1
24,4,f2p,0,past_known,0,1,0.009968768648897789,0,0
24,4,f2p,0,past_known,1,1,1.3039155843766677e-05,0,0
24,4,f2p,0,past_known,2,1,0.00011913777156939984,0,0
24,4,f2p,0,past_known,3,1,0.0005784054667405835,0,0
24,4,f2p,0,past_known,4,1,0.00016650080348331553,0,0
24,4,f2p,0,past_known,5,1,1.4951502406213333e-05,0,0
24,4,f2p,1,past_known,0,1,0.27117497354568654,0,0
24,4,f2p,1,past_known,1,1,0.07212738069060376,0,0
24,4,f2p,1,past_known,2,1,0.22916810409047456,0,0
24,4,f2p,1,past_known,3,1,0.0013982681336695171,0,0
24,4,f2p,1,past_known,4,1,0.053884468091841144,0,0
24,4,f2p,1,past_known,5,1,0.19714059207873072,0,0
24,4,f2p,2,past_known,0,1,9.194151722060781e-05,0,0
24,4,f2p,2,past_known,1,1,0.05976039494432591,0,0
24,4,f2p,2,past_known,2,1,0.3529793279698514,0,0
24,4,f2p,2,past_known,3,1,0.0034430139141106036,0,0
24,4,f2p,2,past_known,4,1,9.966774058581889e-05,0,0
24,4,f2p,2,past_known,5,1,1.0768219878672259e-05,0,0
24,4,f2p,3,past_known,0,1,3.143313750156609e-05,0,0
24,4,f2p,3,past_known,1,1,1.960507965201648e-07,0,0
24,4,f2p,3,past_known,2,1,0.01035522544405986,0,0
24,4,f2p,3,past_known,3,1,0.0002395558906245497,0,0
24,4,f2p,3,past_known,4,1,4.612845649506523e-05,0,0
24,4,f2p,3,past_known,5,1,0.013456608412766547,0,0
24,4,f2p,4,past_known,0,1,0.4637237346572587,0,0
24,4,f2p,4,past_known,1,1,8.999869237609712e-05,0,0
24,4,f2p,4,past_known,2,1,8.790658983618908e-06,0,0
24,4,f2p,4,past_known,3,1,3.910584136727091e-05,0,0
24,4,f2p,4,past_known,4,1,0.056666090934132066,0,0
24,4,f2p,4,past_known,5,1,9.30883997828818e-07,0,0
24,4,f2p,5,past_known,0,1,0.31793686419381023,0,0
24,4,f2p,5,past_known,1,1,0.031697659947282304,0,0
24,4,f2p,5,past_known,2,1,0.5047440244454506,1,1
24,4,f2p,5,past_known,3,1,0.9095176870479957,1,1
24,4,f2p,5,past_known,4,1,0.9999254428098836,1,1
24,4,f2p,5,past_known,5,1,0.2713910603913669,0,0
24,4,f2p,6,past_known,0,1,0.7821438715557849,1,1
24,4,f2p,6,past_known,1,1,0.9451845867981981,1,1
24,4,f2p,6,past_known,2,1,0.7541082814861632,1,1
24,4,f2p,6,past_known,3,1,0.7198062305962603,1,1
24,4,f2p,6,past_known,4,1,0.24858114443125404,0,0
24,4,f2p,6,past_known,5,1,0.9982989284764942,1,1
24,4,f2p,7,past_known,0,1,0.0073771165367318295,0,0
24,4,f2p,7,past_known,1,1,0.2529884596680555,0,0
24,4,f2p,7,past_known,2,1,8.004664486102059e-05,0,0
24,4,f2p,7,past_known,3,1,0.003000753815303934,0,0
24,4,f2p,7,past_known,4,1,0.0025169403942021727,0,0
24,4,f2p,7,past_known,5,1,4.2610290922934106e-05,0,0
24,4,f2p,8,past_known,0,1,0.9649762017686031,1,1
24,4,f2p,8,past_known,1,1,0.00023794299991595965,0,0
24,4,f2p,8,past_known,2,1,0.04978617399709974,0,0
24,4,f2p,8,past_known,3,1,0.11628915367244096,0,0
24,4,f2p,8,past_known,4,1,5.2253417110323416e-08,0,0
24,4,f2p,8,past_known,5,1,0.22117813695963146,0,0
24,4,f2p,9,past_known,0,1,0.26938023889867946,0,0
24,4,f2p,9,past_known,1,1,0.9856179265265546,1,1
24,4,f2p,9,past_known,2,1,0.5428056105871205,1,1
24,4,f2p,9,past_known,3,1,0.9864533374953421,1,1
24,4,f2p,9,past_known,4,1,0.9832456841402464,1,1
24,4,f2p,9,past_known,5,1,0.08543770676120045,0,0
24,4,f2p,10,past_known,0,1,0.9882472403714673,1,1
24,4,f2p,10,past_known,1,1,0.42202417258577934,0,0
24,4,f2p,10,past_known,2,1,0.9528209206443119,1,1
24,4,f2p,10,past_known,3,1,0.02920944262437,0,0
24,4,f2p,10,past_known,4,1,0.9370037023159125,1,1
24,4,f2p,10,past_known,5,1,0.2285752500077557,0,0
24,4,f2p,11,past_known,0,1,5.838247675658101e-05,0,0
24,4,f2p,11,past_known,1,1,0.0009542864154145131,0,0
24,4,f2p,11,past_known,2,1,1.0456775474677568e-05,0,0
24,4,f2p,11,past_known,3,1,9.388292398241155e-06,0,0
24,4,f2p,11,past_known,4,1,0.22021994234325282,0,0
24,4,f2p,11,past_known,5,1,0.09851089858038403,0,0
24,4,f2p,12,past_known,0,1,0.01003238711115282,0,0
24,4,f2p,12,past_known,1,1,0.004445917468881102,0,0
24,4,f2p,12,past_known,2,1,0.05326587939210298,0,0
24,4,f2p,12,past_known,3,1,0.02227860698650852,0,0
24,4,f2p,12,past_known,4,1,3.260849983773236e-06,0,0
24,4,f2p,12,past_known,5,1,0.009078335446887674,0,0
24,4,f2p,13,past_known,0,1,0.9985354195471277,1,1
24,4,f2p,13,past_known,1,1,0.9999502834916849,1,1
24,4,f2p,13,past_known,2,1,0.9999706793797957,1,1
24,4,f2p,13,past_known,3,1,0.9982731636465053,1,1
24,4,f2p,13,past_known,4,1,0.9999699036263718,1,1
24,4,f2p,13,past_known,5,1,0.9999157153328324,1,1
24,4,f2p,14,past_known,0,1,0.4087753054297663,0,0
24,4,f2p,14,past_known,1,1,0.9469952890106446,1,1
24,4,f2p,14,past_known,2,1,0.0207064744936825,0,0
24,4,f2p,14,past_known,3,1,7.786986540970052e-06,0,0
24,4,f2p,14,past_known,4,1,3.76627778787889e-05,0,0
24,4,f2p,14,past_known,5,1,0.08633014527770579,0,0
24,4,f2p,15,past_known,0,1,0.15795703005386763,0,0
24,4,f2p,15,past_known,1,1,0.9002550136388509,1,1
24,4,f2p,15,past_known,2,1,0.009897780361563505,0,0
24,4,f2p,15,past_known,3,1,0.630070459913365,1,1
24,4,f2p,15,past_known,4,1,0.032984205694817,0,0
24,4,f2p,15,past_known,5,1,0.8918539074716115,1,1
24,4,f2p,16,past_known,0,1,0.9993446375068498,1,1
24,4,f2p,16,past_known,1,1,0.9999746259639717,1,1
24,4,f2p,16,past_known,2,1,0.9999782373931942,1,1
24,4,f2p,16,past_known,3,1,0.9999405495907097,1,1
24,4,f2p,16,past_known,4,1,0.9997431622488201,1,1
24,4,f2p,16,past_known,5,1,0.9997222028411394,1,1
24,4,f2p,17,past_known,0,1,0.00045766144701118474,0,0
24,4,f2p,17,past_known,1,1,0.0009862268038789558,0,0
24,4,f2p,17,past_known,2,1,6.665403393537121e-05,0,0
24,4,f2p,17,past_known,3,1,2.428599851387595e-05,0,0
24,4,f2p,17,past_known,4,1,8.845491989426024e-06,0,0
24,4,f2p,17,past_known,5,1,0.0014833142784712787,0,0
24,4,f2p,18,past_known,0,1,0.7636626482043193,1,1
24,4,f2p,18,past_known,1,1,0.026224616494187374,0,0
24,4,f2p,18,past_known,2,1,0.024836736665584096,0,0
24,4,f2p,18,past_known,3,1,0.45573005264935834,0,0
24,4,f2p,18,past_known,4,1,0.10454540359468135,0,0
24,4,f2p,18,past_known,5,1,2.0667312995982076e-05,0,0
24,4,f2p,19,past_known,0,1,0.9965786181594569,1,1
24,4,f2p,19,past_known,1,1,0.9561577359855231,1,1
24,4,f2p,19,past_known,2,1,0.9919693707738927,1,1
24,4,f2p,19,past_known,3,1,0.999362905779791,1,1
24,4,f2p,19,past_known,4,1,0.3405747230207475,0,0
24,4,f2p,19,past_known,5,1,0.004827336691800488,0,0
24,4,f2p,20,past_known,0,1,0.1441635674291475,0,0
24,4,f2p,20,past_known,1,1,0.0004806720724939704,0,0
24,4,f2p,20,past_known,2,1,0.9539374021551779,1,1
24,4,f2p,20,past_known,3,1,1.5669530952047825e-06,0,0
24,4,f2p,20,past_known,4,1,0.00031141192906039534,0,0
24,4,f2p,20,past_known,5,1,0.0003408073268542161,0,0
24,4,f2p,21,past_known,0,1,0.2952692167511815,0,0
24,4,f2p,21,past_known,1,1,1.2537910437265192e-08,0,0
24,4,f2p,21,past_known,2,1,0.032210403413747715,0,0
24,4,f2p,21,past_known,3,1,9.576759761597125e-08,0,0
24,4,f2p,21,past_known,4,1,3.1113548231813217e-05,0,0
24,4,f2p,21,past_known,5,1,3.754540754166886e-10,0,0
24,4,f2p,22,past_known,0,1,0.5387810486828518,1,1
24,4,f2p,22,past_known,1,1,0.02675249941761424,0,0
24,4,f2p,22,past_known,2,1,3.46010930938484e-08,0,0
24,4,f2p,22,past_known,3,1,0.2618434353931386,0,0
24,4,f2p,22,past_known,4,1,3.735689347296246e-06,0,0
24,4,f2p,22,past_known,5,1,8.93876729327296e-05,0,0
24,4,f2p,23,past_known,0,1,0.012478260180511883,0,0
24,4,f2p,23,past_known,1,1,0.1370990556461584,0,0
24,4,f2p,23,past_known,2,1,0.8515717795147913,1,1
24,4,f2p,23,past_known,3,1,0.01739466247968335,0,0
24,4,f2p,23,past_known,4,1,0.01534345453133076,0,0
24,4,f2p,23,past_known,5,1,0.9288155735296012,1,1
24,4,f2p,24,past_known,0,1,0.8274558853025626,1,1
24,4,f2p,24,past_known,1,1,0.06369549720527508,0,0
24,4,f2p,24,past_known,2,1,0.4683960105887261,0,0
24,4,f2p,24,past_known,3,1,0.9832747972658277,1,1
24,4,f2p,24,past_known,4,1,0.8826478526452893,1,1
24,4,f2p,24,past_known,5,1,0.9996909866157522,1,1
24,4,f2p,25,past_unknown,0,0,0.0025751152774260637,0,1
24,4,f2p,25,past_unknown,1,0,0.0004331125478244385,0,1
24,4,f2p,25,past_unknown,2,0,0.9338641860083892,1,0
24,4,f2p,25,past_unknown,3,0,0.0023861900736580365,0,1
24,4,f2p,25,past_unknown,4,0,0.0001227141921463935,0,1
24,4,f2p,25,past_unknown,5,0,0.0014258829554196798,0,1
24,4,f2p,26,past_unknown,0,0,0.0031427330643575327,0,1
24,4,f2p,26,past_unknown,1,0,0.04877177065054905,0,1
24,4,f2p,26,past_unknown,2,0,4.52121049499594e-05,0,1
24,4,f2p,26,past_unknown,3,0,0.021886480088819053,0,1
24,4,f2p,26,past_unknown,4,0,4.172730322844959e-05,0,1
24,4,f2p,26,past_unknown,5,0,0.0019695473479009,0,1
24,4,f2p,27,past_unknown,0,0,4.109460826488491e-09,0,1
24,4,f2p,27,past_unknown,1,0,1.3295400339877962e-07,0,1
24,4,f2p,27,past_unknown,2,0,1.9262116845446625e-08,0,1
24,4,f2p,27,past_unknown,3,0,7.859667606760387e-09,0,1
24,4,f2p,27,past_unknown,4,0,1.707532552820033e-06,0,1
24,4,f2p,27,past_unknown,5,0,0.0008809766133121449,0,1
24,4,f2p,28,past_unknown,0,0,0.9999261953304737,1,0
24,4,f2p,28,past_unknown,1,0,9.167481358430148e-05,0,1
24,4,f2p,28,past_unknown,2,0,0.002914413629457096,0,1
24,4,f2p,28,past_unknown,3,0,0.1866186262189981,0,1
24,4,f2p,28,past_unknown,4,0,0.9774730501537932,1,0
24,4,f2p,28,past_unknown,5,0,2.029091033362563e-05,0,1
24,4,f2p,29,past_unknown,0,0,2.2095951415113115e-06,0,1
24,4,f2p,29,past_unknown,1,0,2.6185837470110206e-07,0,1
24,4,f2p,29,past_unknown,2,0,0.00029838084130728984,0,1
24,4,f2p,29,past_unknown,3,0,0.000545243934816401,0,1
24,4,f2p,29,past_unknown,4,0,0.00015782599427114366,0,1
24,4,f2p,29,past_unknown,5,0,0.0003888332684266654,0,1
24,4,f2p,30,past_unknown,0,0,0.00029365135507740853,0,1
24,4,f2p,30,past_unknown,1,0,5.893919817319717e-07,0,1
24,4,f2p,30,past_unknown,2,0,0.0006234466971280547,0,1
24,4,f2p,30,past_unknown,3,0,0.0006003866460593417,0,1
24,4,f2p,30,past_unknown,4,0,0.0005351846080230501,0,1
24,4,f2p,30,past_unknown,5,0,0.019207523489997803,0,1
24,4,f2p,31,past_unknown,0,0,0.00024972869615965483,0,1
24,4,f2p,31,past_unknown,1,0,1.1981788996561725e-05,0,1
24,4,f2p,31,past_unknown,2,0,2.915643051507682e-06,0,1
24,4,f2p,31,past_unknown,3,0,1.710394255567914e-05,0,1
24,4,f2p,31,past_unknown,4,0,0.00749440772074545,0,1
24,4,f2p,31,past_unknown,5,0,0.0007482910232758144,0,1
24,4,f2p,32,past_unknown,0,0,2.0863842494376858e-08,0,1
24,4,f2p,32,past_unknown,1,0,1.4448138565782552e-11,0,1
24,4,f2p,32,past_unknown,2,0,1.2281163691963743e-06,0,1
24,4,f2p,32,past_unknown,3,0,1.167312645275018e-06,0,1
24,4,f2p,32,past_unknown,4,0,1.1927599289972343e-06,0,1
24,4,f2p,32,past_unknown,5,0,9.422228952090806e-09,0,1
24,4,f2p,33,past_unknown,0,0,0.3690901805377007,0,1
24,4,f2p,33,past_unknown,1,0,0.9579526295182156,1,0
24,4,f2p,33,past_unknown,2,0,6.249511089654988e-05,0,1
24,4,f2p,33,past_unknown,3,0,0.024070105936947722,0,1
24,4,f2p,33,past_unknown,4,0,0.9754503910696967,1,0
24,4,f2p,33,past_unknown,5,0,0.0009774242133129166,0,1
24,4,f2p,34,past_unknown,0,0,6.476166092479892e-06,0,1
24,4,f2p,34,past_unknown,1,0,2.3267706718355592e-07,0,1
24,4,f2p,34,past_unknown,2,0,2.935842165494048e-06,0,1
24,4,f2p,34,past_unknown,3,0,3.318046356256119e-06,0,1
24,4,f2p,34,past_unknown,4,0,0.0010150614609979501,0,1
24,4,f2p,34,past_unknown,5,0,0.00013772441595830552,0,1
24,4,f2p,35,past_unknown,0,0,2.4758335977338123e-05,0,1
24,4,f2p,35,past_unknown,1,0,2.342438457766086e-07,0,1
24,4,f2p,35,past_unknown,2,0,0.004306447163475859,0,1
24,4,f2p,35,past_unknown,3,0,1.0918713221922267e-06,0,1
24,4,f2p,35,past_unknown,4,0,2.8776436210319267e-06,0,1
24,4,f2p,35,past_unknown,5,0,7.008809889672486e-05,0,1
24,4,f2p,36,past_unknown,0,0,0.00012285735757682577,0,1
24,4,f2p,36,past_unknown,1,0,0.004131804283593905,0,1
24,4,f2p,36,past_unknown,2,0,0.026967110509799698,0,1
24,4,f2p,36,past_unknown,3,0,0.010904646250680584,0,1
24,4,f2p,36,past_unknown,4,0,4.2126141907018176e-05,0,1
24,4,f2p,36,past_unknown,5,0,7.535409848840953e-06,0,1
24,4,f2p,37,past_unknown,0,0,4.056238159423874e-06,0,1
24,4,f2p,37,past_unknown,1,0,1.8409422881588575e-06,0,1
24,4,f2p,37,past_unknown,2,0,1.6590447423687094e-07,0,1
24,4,f2p,37,past_unknown,3,0,6.297461522743223e-05,0,1
24,4,f2p,37,past_unknown,4,0,3.4495630480688612e-09,0,1
24,4,f2p,37,past_unknown,5,0,1.7231373898485764e-07,0,1
24,4,f2p,38,past_unknown,0,0,1.4093444324087304e-05,0,1
24,4,f2p,38,past_unknown,1,0,1.0455401059173779e-06,0,1
24,4,f2p,38,past_unknown,2,0,2.9135667503106765e-05,0,1
24,4,f2p,38,past_unknown,3,0,8.007575684230298e-07,0,1
24,4,f2p,38,past_unknown,4,0,3.299922000840523e-06,0,1
24,4,f2p,38,past_unknown,5,0,0.00012831760962557777,0,1
24,4,f2p,39,past_unknown,0,0,4.364796417310169e-06,0,1
24,4,f2p,39,past_unknown,1,0,1.3783353041104916e-08,0,1
24,4,f2p,39,past_unknown,2,0,1.8090999102619715e-06,0,1
24,4,f2p,39,past_unknown,3,0,6.443417777452124e-08,0,1
24,4,f2p,39,past_unknown,4,0,1.553147304349553e-08,0,1
24,4,f2p,39,past_unknown,5,0,1.6456781118103534e-07,0,1
24,4,f2p,40,past_unknown,0,0,1.6946119586207852e-08,0,1
24,4,f2p,40,past_unknown,1,0,9.820910675916133e-08,0,1
24,4,f2p,40,past_unknown,2,0,3.214339773243353e-08,0,1
24,4,f2p,40,past_unknown,3,0,0.0010114658539849837,0,1
24,4,f2p,40,past_unknown,4,0,2.202791920868506e-09,0,1
24,4,f2p,40,past_unknown,5,0,0.0003825949554585596,0,1
24,4,f2p,41,past_unknown,0,0,0.0003803097626708515,0,1
24,4,f2p,41,past_unknown,1,0,2.8083300989797768e-05,0,1
24,4,f2p,41,past_unknown,2,0,1.0665168877557465e-05,0,1
24,4,f2p,41,past_unknown,3,0,0.0007396673380281754,0,1
24,4,f2p,41,past_unknown,4,0,7.11615046916317e-08,0,1
24,4,f2p,41,past_unknown,5,0,6.142752942246989e-06,0,1
24,4,f2p,42,past_unknown,0,0,0.00039800800041283306,0,1
24,4,f2p,42,past_unknown,1,0,1.0199235975727042e-05,0,1
24,4,f2p,42,past_unknown,2,0,2.696664968027962e-06,0,1
24,4,f2p,42,past_unknown,3,0,0.00018266702069042978,0,1
24,4,f2p,42,past_unknown,4,0,7.675088732613e-05,0,1
24,4,f2p,42,past_unknown,5,0,2.645471778145988e-06,0,1
24,4,f2p,43,past_unknown,0,0,0.843817309826983,1,0
24,4,f2p,43,past_unknown,1,0,2.037500573393242e-05,0,1
24,4,f2p,43,past_unknown,2,0,0.3839534348552511,0,1
24,4,f2p,43,past_unknown,3,0,0.07331451205682502,0,1
24,4,f2p,43,past_unknown,4,0,0.8740223337911369,1,0
24,4,f2p,43,past_unknown,5,0,0.07750515615024382,0,1
24,4,f2p,44,past_unknown,0,0,2.412850554959557e-05,0,1
24,4,f2p,44,past_unknown,1,0,2.954210575851415e-07,0,1
24,4,f2p,44,past_unknown,2,0,0.0776193052007334,0,1
24,4,f2p,44,past_unknown,3,0,1.1055754765741716e-05,0,1
24,4,f2p,44,past_unknown,4,0,3.9689478761566495e-07,0,1
24,4,f2p,44,past_unknown,5,0,0.4146856593059065,0,1
24,4,f2p,45,past_unknown,0,0,1.9103061075765838e-06,0,1
24,4,f2p,45,past_unknown,1,0,7.99801549147022e-08,0,1
24,4,f2p,45,past_unknown,2,0,0.00041807634153223763,0,1
24,4,f2p,45,past_unknown,3,0,1.2910284312991902e-06,0,1
24,4,f2p,45,past_unknown,4,0,0.00047171382140241615,0,1
24,4,f2p,45,past_unknown,5,0,1.0679290806253367e-06,0,1
24,4,f2p,46,past_unknown,0,0,1.815299724603921e-06,0,1
24,4,f2p,46,past_unknown,1,0,1.9008264828981215e-05,0,1
24,4,f2p,46,past_unknown,2,0,7.307308689552612e-08,0,1
24,4,f2p,46,past_unknown,3,0,1.2129926729498178e-05,0,1
24,4,f2p,46,past_unknown,4,0,2.4786529543355593e-05,0,1
24,4,f2p,46,past_unknown,5,0,3.0116125062347386e-06,0,1
24,4,f2p,47,past_unknown,0,0,2.8164086781898582e-05,0,1
24,4,f2p,47,past_unknown,1,0,0.01771754930887134,0,1
24,4,f2p,47,past_unknown,2,0,0.011228116709794136,0,1
24,4,f2p,47,past_unknown,3,0,0.00013765307247199962,0,1
24,4,f2p,47,past_unknown,4,0,0.0024257397780795375,0,1
24,4,f2p,47,past_unknown,5,0,8.777412644076446e-05,0,1
24,4,f2p,48,past_unknown,0,0,1.3345185893383334e-06,0,1
24,4,f2p,48,past_unknown,1,0,2.1954398128176539e-07,0,1
24,4,f2p,48,past_unknown,2,0,1.655449404916179e-07,0,1
24,4,f2p,48,past_unknown,3,0,3.8160787168637664e-08,0,1
24,4,f2p,48,past_unknown,4,0,1.3869022629039425e-08,0,1
24,4,f2p,48,past_unknown,5,0,2.915059168333949e-07,0,1
24,4,f2p,49,past_unknown,0,0,0.08094946335400768,0,1
24,4,f2p,49,past_unknown,1,0,0.004331790706847165,0,1
24,4,f2p,49,past_unknown,2,0,0.0002742206330220145,0,1
24,4,f2p,49,past_unknown,3,0,0.002623180138613181,0,1
24,4,f2p,49,past_unknown,4,0,0.0003817233090301823,0,1
24,4,f2p,49,past_unknown,5,0,0.007120915662814068,0,1
25,4,p2f,50,future_known,0,1,0.008443928683362068,0,0
25,4,p2f,50,future_known,1,1,0.008458908985864978,0,0
25,4,p2f,50,future_known,2,1,3.976975555091739e-06,0,0
25,4,p2f,50,future_known,3,1,2.6819279059110538e-05,0,0
25,4,p2f,50,future_known,4,1,6.763322217707035e-06,0,0
25,4,p2f,50,future_known,5,1,2.8156213925371574e-05,0,0
25,4,p2f,51,future_known,0,1,0.00854402477718143,0,0
25,4,p2f,51,future_known,1,1,0.024198218723789286,0,0
25,4,p2f,51,future_known,2,1,0.0006911715458287309,0,0
25,4,p2f,51,future_known,3,1,0.043445013298634795,0,0
25,4,p2f,51,future_known,4,1,5.969784911611685e-05,0,0
25,4,p2f,51,future_known,5,1,1.2777322921266678e-05,0,0
25,4,p2f,52,future_known,0,1,0.004140914925979572,0,0
25,4,p2f,52,future_known,1,1,0.010593753948995518,0,0
25,4,p2f,52,future_known,2,1,0.005307799668268357,0,0
25,4,p2f,52,future_known,3,1,0.010199755650332522,0,0
25,4,p2f,52,future_known,4,1,1.4550688815700975e-05,0,0
25,4,p2f,52,future_known,5,1,0.00017436141907681168,0,0
25,4,p2f,53,future_known,0,1,0.0012843243840231027,0,0
25,4,p2f,53,future_known,1,1,7.79067378672192e-05,0,0
25,4,p2f,53,future_known,2,1,0.0004150388858928411,0,0
25,4,p2f,53,future_known,3,1,2.732228583942125e-05,0,0
25,4,p2f,53,future_known,4,1,0.0012496093384681533,0,0
25,4,p2f,53,future_known,5,1,9.783308401872308e-07,0,0
25,4,p2f,54,future_known,0,1,0.8782289822150989,1,1
25,4,p2f,54,future_known,1,1,2.720379698675714e-05,0,0
25,4,p2f,54,future_known,2,1,0.0022980910817837165,0,0
25,4,p2f,54,future_known,3,1,0.9438696448738119,1,1
25,4,p2f,54,future_known,4,1,0.00015762329924287748,0,0
25,4,p2f,54,future_known,5,1,0.9842653600658714,1,1
25,4,p2f,55,future_known,0,1,0.9948912692594023,1,1
25,4,p2f,55,future_known,1,1,0.041101034827070684,0,0
25,4,p2f,55,future_known,2,1,0.49650144834199816,0,0
25,4,p2f,55,future_known,3,1,0.5435506028472694,1,1
25,4,p2f,55,future_known,4,1,0.00013000982641687425,0,0
25,4,p2f,55,future_known,5,1,0.0027492045059617164,0,0
25,4,p2f,56,future_known,0,1,0.06270704784003384,0,0
25,4,p2f,56,future_known,1,1,0.0011521330815585766,0,0
25,4,p2f,56,future_known,2,1,1.598253582793554e-05,0,0
25,4,p2f,56,future_known,3,1,1.9486080271434545e-05,0,0
25,4,p2f,56,future_known,4,1,0.0010086279083521578,0,0
25,4,p2f,56,future_known,5,1,0.0061028589349765225,0,0
25,4,p2f,57,future_known,0,1,0.04347086983196323,0,0
25,4,p2f,57,future_known,1,1,2.9395139009564497e-06,0,0
25,4,p2f,57,future_known,2,1,0.25988722227746336,0,0
25,4,p2f,57,future_known,3,1,0.0003166578469349196,0,0
25,4,p2f,57,future_known,4,1,0.03093440778403774,0,0
25,4,p2f,57,future_known,5,1,0.006110989600574871,0,0
25,4,p2f,58,future_known,0,1,0.0003403220627559364,0,0
25,4,p2f,58,future_known,1,1,0.00010107310377630851,0,0
25,4,p2f,58,future_known,2,1,3.265336896638468e-06,0,0
25,4,p2f,58,future_known,3,1,8.15867309742595e-06,0,0
25,4,p2f,58,future_known,4,1,2.198989584844949e-06,0,0
25,4,p2f,58,future_known,5,1,1.0808612426680165e-06,0,0
25,4,p2f,59,future_known,0,1,0.9985040856972339,1,1
25,4,p2f,59,future_known,1,1,0.9993288954059599,1,1
25,4,p2f,59,future_known,2,1,0.9957642499606133,1,1
25,4,p2f,59,future_known,3,1,0.9998946812205345,1,1
25,4,p2f,59,future_known,4,1,0.9993085265742164,1,1
25,4,p2f,59,future_known,5,1,0.9998147129432741,1,1
25,4,p2f,60,future_known,0,1,0.944771020288937,1,1
25,4,p2f,60,future_known,1,1,0.9611569756002165,1,1
25,4,p2f,60,future_known,2,1,0.12519667935032944,0,0
25,4,p2f,60,future_known,3,1,0.0006692385246195478,0,0
25,4,p2f,60,future_known,4,1,0.044784778727060374,0,0
25,4,p2f,60,future_known,5,1,0.7788548826108571,1,1
25,4,p2f,61,future_known,0,1,0.8924516650684219,1,1
25,4,p2f,61,future_known,1,1,0.012915790536137905,0,0
25,4,p2f,61,future_known,2,1,0.9904012004564531,1,1
25,4,p2f,61,future_known,3,1,0.7880237381409939,1,1
25,4,p2f,61,future_known,4,1,0.4215984128456777,0,0
25,4,p2f,61,future_known,5,1,0.882599224278091,1,1
25,4,p2f,62,future_known,0,1,0.9883641505810775,1,1
25,4,p2f,62,future_known,1,1,0.9725946627611868,1,1
25,4,p2f,62,future_known,2,1,0.5120868220520346,1,1
25,4,p2f,62,future_known,3,1,0.3300958273814322,0,0
25,4,p2f,62,future_known,4,1,0.8127427752120416,1,1
25,4,p2f,62,future_known,5,1,0.735109643052356,1,1
25,4,p2f,63,future_known,0,1,0.6476605323766436,1,1
25,4,p2f,63,future_known,1,1,0.0004042004084441731,0,0
25,4,p2f,63,future_known,2,1,0.004149062193217167,0,0
25,4,p2f,63,future_known,3,1,0.021786183479138372,0,0
25,4,p2f,63,future_known,4,1,0.09613012025614896,0,0
25,4,p2f,63,future_known,5,1,0.16778617311354227,0,0
25,4,p2f,64,future_known,0,1,0.9741417562056242,1,1
25,4,p2f,64,future_known,1,1,0.2621000974480853,0,0
25,4,p2f,64,future_known,2,1,0.36698067972558807,0,0
25,4,p2f,64,future_known,3,1,0.23015158678272066,0,0
25,4,p2f,64,future_known,4,1,0.06820212330373142,0,0
25,4,p2f,64,future_known,5,1,0.7995425240689923,1,1
25,4,p2f,65,future_known,0,1,0.4046739473058628,0,0
25,4,p2f,65,future_known,1,1,0.025190513039024597,0,0
25,4,p2f,65,future_known,2,1,0.7642347327186966,1,1
25,4,p2f,65,future_known,3,1,0.6939864525261092,1,1
25,4,p2f,65,future_known,4,1,0.0367867518552234,0,0
25,4,p2f,65,future_known,5,1,0.0006031331408366586,0,0
25,4,p2f,66,future_known,0,1,0.16108909160888857,0,0
25,4,p2f,66,future_known,1,1,0.0009777294126684598,0,0
25,4,p2f,66,future_known,2,1,0.00015300287351537926,0,0
25,4,p2f,66,future_known,3,1,0.7576201666337101,1,1
25,4,p2f,66,future_known,4,1,0.00040507807375627335,0,0
25,4,p2f,66,future_known,5,1,0.5456812288122738,1,1
25,4,p2f,67,future_known,0,1,0.9714829987768753,1,1
25,4,p2f,67,future_known,1,1,0.8077195965668238,1,1
25,4,p2f,67,future_known,2,1,0.9756636948108895,1,1
25,4,p2f,67,future_known,3,1,0.995243851096312,1,1
25,4,p2f,67,future_known,4,1,0.9641720110317531,1,1
25,4,p2f,67,future_known,5,1,0.3633014670010364,0,0
25,4,p2f,68,future_known,0,1,0.39478832138900366,0,0
25,4,p2f,68,future_known,1,1,0.9862293093198329,1,1
25,4,p2f,68,future_known,2,1,0.7997293009608766,1,1
25,4,p2f,68,future_known,3,1,0.10507503738501575,0,0
25,4,p2f,68,future_known,4,1,0.9967860225680879,1,1
25,4,p2f,68,future_known,5,1,0.48561413830010014,0,0
25,4,p2f,69,future_known,0,1,0.9538631379602917,1,1
25,4,p2f,69,future_known,1,1,0.7546176877827927,1,1
25,4,p2f,69,future_known,2,1,0.7025165407379109,1,1
25,4,p2f,69,future_known,3,1,0.9873827100918114,1,1
25,4,p2f,69,future_known,4,1,0.23911446666089128,0,0
25,4,p2f,69,future_known,5,1,0.9626253601339576,1,1
25,4,p2f,70,future_known,0,1,0.09348159974455096,0,0
25,4,p2f,70,future_known,1,1,5.125819408571673e-07,0,0
25,4,p2f,70,future_known,2,1,0.00019274049672201855,0,0
25,4,p2f,70,future_known,3,1,0.00755547132728808,0,0
25,4,p2f,70,future_known,4,1,9.74886591798147e-06,0,0
25,4,p2f,70,future_known,5,1,0.004618984253977822,0,0
25,4,p2f,71,future_known,0,1,0.9902441562093683,1,1
25,4,p2f,71,future_known,1,1,0.9549267215869579,1,1
25,4,p2f,71,future_known,2,1,0.943696410030949,1,1
25,4,p2f,71,future_known,3,1,0.9950383395961007,1,1
25,4,p2f,71,future_known,4,1,0.9974273852235497,1,1
25,4,p2f,71,future_known,5,1,0.8480742324324368,1,1
25,4,p2f,72,future_known,0,1,0.9389522261914991,1,1
25,4,p2f,72,future_known,1,1,0.06414885281747432,0,0
25,4,p2f,72,future_known,2,1,0.8218860586164412,1,1
25,4,p2f,72,future_known,3,1,0.977075178450256,1,1
25,4,p2f,72,future_known,4,1,0.10940148743647019,0,0
25,4,p2f,72,future_known,5,1,0.998870732323136,1,1
25,4,p2f,73,future_known,0,1,0.9474977181777406,1,1
25,4,p2f,73,future_known,1,1,0.0067373609287425685,0,0
25,4,p2f,73,future_known,2,1,0.013655865780480723,0,0
25,4,p2f,73,future_known,3,1,0.016349722043238726,0,0
25,4,p2f,73,future_known,4,1,0.00028444044676224293,0,0
25,4,p2f,73,future_known,5,1,0.015271551992203102,0,0
25,4,p2f,74,future_known,0,1,0.9965661875989104,1,1
25,4,p2f,74,future_known,1,1,0.8640128833278643,1,1
25,4,p2f,74,future_known,2,1,0.991751570412581,1,1
25,4,p2f,74,future_known,3,1,0.6063676826206249,1,1
25,4,p2f,74,future_known,4,1,0.9995914902010337,1,1
25,4,p2f,74,future_known,5,1,0.30655679379041345,0,0
25,4,p2f,75,future_unknown,0,0,0.10561022043070037,0,1
25,4,p2f,75,future_unknown,1,0,0.18743661267851447,0,1
25,4,p2f,75,future_unknown,2,0,0.046394279471412246,0,1
25,4,p2f,75,future_unknown,3,0,0.0024604321792972357,0,1
25,4,p2f,75,future_unknown,4,0,0.10351758428748077,0,1
25,4,p2f,75,future_unknown,5,0,0.32883418453834584,0,1
25,4,p2f,76,future_unknown,0,0,1.6225190366619927e-05,0,1
25,4,p2f,76,future_unknown,1,0,3.3017529924650165e-06,0,1
25,4,p2f,76,future_unknown,2,0,1.1047849644142012e-05,0,1
25,4,p2f,76,future_unknown,3,0,0.00021310753030804604,0,1
25,4,p2f,76,future_unknown,4,0,1.6428644999768126e-07,0,1
25,4,p2f,76,future_unknown,5,0,1.4624179708567378e-07,0,1
25,4,p2f,77,future_unknown,0,0,3.5174965851294953e-07,0,1
25,4,p2f,77,future_unknown,1,0,1.811968567335058e-07,0,1
25,4,p2f,77,future_unknown,2,0,1.1483901336840185e-06,0,1
25,4,p2f,77,future_unknown,3,0,5.667953180799707e-06,0,1
25,4,p2f,77,future_unknown,4,0,7.190456567240196e-09,0,1
25,4,p2f,77,future_unknown,5,0,3.788620012547435e-05,0,1
25,4,p2f,78,future_unknown,0,0,0.0008206309478301941,0,1
25,4,p2f,78,future_unknown,1,0,0.00018941695799914418,0,1
25,4,p2f,78,future_unknown,2,0,0.00011593360978793922,0,1
25,4,p2f,78,future_unknown,3,0,1.1903606744997348e-05,0,1
25,4,p2f,78,future_unknown,4,0,6.112280104984399e-05,0,1
25,4,p2f,78,future_unknown,5,0,0.0014500619739590238,0,1
25,4,p2f,79,future_unknown,0,0,0.03679853280669506,0,1
25,4,p2f,79,future_unknown,1,0,0.0013831001707507835,0,1
25,4,p2f,79,future_unknown,2,0,0.00026097955608245645,0,1
25,4,p2f,79,future_unknown,3,0,0.009526067840641037,0,1
25,4,p2f,79,future_unknown,4,0,0.023009486840469846,0,1
25,4,p2f,79,future_unknown,5,0,0.005569755308593558,0,1
25,4,p2f,80,future_unknown,0,0,0.0009189320122809608,0,1
25,4,p2f,80,future_unknown,1,0,0.11183401294225143,0,1
25,4,p2f,80,future_unknown,2,0,0.0035068979589284446,0,1
25,4,p2f,80,future_unknown,3,0,0.046256307785795696,0,1
25,4,p2f,80,future_unknown,4,0,0.0007852426479051751,0,1
25,4,p2f,80,future_unknown,5,0,0.0009247896635200797,0,1
25,4,p2f,81,future_unknown,0,0,1.9393606359654136e-07,0,1
25,4,p2f,81,future_unknown,1,0,5.973895873732811e-08,0,1
25,4,p2f,81,future_unknown,2,0,1.859132945296463e-08,0,1
25,4,p2f,81,future_unknown,3,0,3.1311951463722487e-07,0,1
25,4,p2f,81,future_unknown,4,0,2.3336230808043805e-06,0,1
25,4,p2f,81,future_unknown,5,0,8.058145292575587e-08,0,1
25,4,p2f,82,future_unknown,0,0,0.00018131490661754926,0,1
25,4,p2f,82,future_unknown,1,0,4.778555909958663e-07,0,1
25,4,p2f,82,future_unknown,2,0,1.3904487482506326e-05,0,1
25,4,p2f,82,future_unknown,3,0,1.7479628376353677e-05,0,1
25,4,p2f,82,future_unknown,4,0,0.00014081477611948805,0,1
25,4,p2f,82,future_unknown,5,0,1.136963472857169e-05,0,1
25,4,p2f,83,future_unknown,0,0,0.045787003750957324,0,1
25,4,p2f,83,future_unknown,1,0,0.009412039828849623,0,1
25,4,p2f,83,future_unknown,2,0,0.2623944052411785,0,1
25,4,p2f,83,future_unknown,3,0,0.008573980877759587,0,1
25,4,p2f,83,future_unknown,4,0,0.45479556065450266,0,1
25,4,p2f,83,future_unknown,5,0,0.006336918737290832,0,1
25,4,p2f,84,future_unknown,0,0,0.00029512702979791696,0,1
25,4,p2f,84,future_unknown,1,0,9.624637861002982e-05,0,1
25,4,p2f,84,future_unknown,2,0,0.0009652072052127643,0,1
25,4,p2f,84,future_unknown,3,0,6.235627166689563e-05,0,1
25,4,p2f,84,future_unknown,4,0,2.004983286433605e-05,0,1
25,4,p2f,84,future_unknown,5,0,0.00012890921085056373,0,1
25,4,p2f,85,future_unknown,0,0,0.001385474444125615,0,1
25,4,p2f,85,future_unknown,1,0,0.000638676138319468,0,1
25,4,p2f,85,future_unknown,2,0,0.012744604926469795,0,1
25,4,p2f,85,future_unknown,3,0,0.006345267731668449,0,1
25,4,p2f,85,future_unknown,4,0,0.002925868419895737,0,1
25,4,p2f,85,future_unknown,5,0,0.0007541935524095014,0,1
25,4,p2f,86,future_unknown,0,0,0.00551479775893697,0,1
25,4,p2f,86,future_unknown,1,0,2.1565043769211272e-05,0,1
25,4,p2f,86,future_unknown,2,0,0.0010312410139386259,0,1
25,4,p2f,86,future_unknown,3,0,0.00015155527685939898,0,1
25,4,p2f,86,future_unknown,4,0,0.0014849971192557136,0,1
25,4,p2f,86,future_unknown,5,0,0.0013485265705433164,0,1
25,4,p2f,87,future_unknown,0,0,0.00045273187836944494,0,1
25,4,p2f,87,future_unknown,1,0,4.2950311779057264e-05,0,1
25,4,p2f,87,future_unknown,2,0,0.0009446121200547908,0,1
25,4,p2f,87,future_unknown,3,0,0.00280564603610229,0,1
25,4,p2f,87,future_unknown,4,0,0.00038285796302309075,0,1
25,4,p2f,87,future_unknown,5,0,8.570265522208473e-06,0,1
25,4,p2f,88,future_unknown,0,0,0.010918067481073665,0,1
25,4,p2f,88,future_unknown,1,0,0.3310761030750903,0,1
25,4,p2f,88,future_unknown,2,0,0.0079184245074089,0,1
25,4,p2f,88,future_unknown,3,0,0.01147665489339669,0,1
25,4,p2f,88,future_unknown,4,0,0.5000018619220705,1,0
25,4,p2f,88,future_unknown,5,0,0.005897867501855552,0,1
25,4,p2f,89,future_unknown,0,0,7.93898224898288e-05,0,1
25,4,p2f,89,future_unknown,1,0,3.8668507788199514e-07,0,1
25,4,p2f,89,future_unknown,2,0,6.833577620598346e-06,0,1
25,4,p2f,89,future_unknown,3,0,1.6763627126879616e-06,0,1
25,4,p2f,89,future_unknown,4,0,2.6288118724703672e-05,0,1
25,4,p2f,89,future_unknown,5,0,9.709508089822981e-07,0,1
25,4,p2f,90,future_unknown,0,0,0.5735801219810907,1,0
25,4,p2f,90,future_unknown,1,0,0.9709153711693908,1,0
25,4,p2f,90,future_unknown,2,0,0.8441522289415673,1,0
25,4,p2f,90,future_unknown,3,0,0.6265237293903163,1,0
25,4,p2f,90,future_unknown,4,0,0.6968287311518241,1,0
25,4,p2f,90,future_unknown,5,0,0.0540885767238931,0,1
25,4,p2f,91,future_unknown,0,0,0.0001733750653340884,0,1
25,4,p2f,91,future_unknown,1,0,0.0008018606951609365,0,1
25,4,p2f,91,future_unknown,2,0,8.528433695069255e-06,0,1
25,4,p2f,91,future_unknown,3,0,0.0023947672667776762,0,1
25,4,p2f,91,future_unknown,4,0,2.092394937018244e-06,0,1
25,4,p2f,91,future_unknown,5,0,9.465942333972161e-05,0,1
25,4,p2f,92,future_unknown,0,0,4.7139873265402157e-08,0,1
25,4,p2f,92,future_unknown,1,0,7.492890124476936e-10,0,1
25,4,p2f,92,future_unknown,2,0,5.984843338174488e-07,0,1
25,4,p2f,92,future_unknown,3,0,0.0004898208367201059,0,1
25,4,p2f,92,future_unknown,4,0,7.380811279426115e-07,0,1
25,4,p2f,92,future_unknown,5,0,8.771613227070256e-09,0,1
25,4,p2f,93,future_unknown,0,0,0.0003251353439691556,0,1
25,4,p2f,93,future_unknown,1,0,8.153752407177565e-08,0,1
25,4,p2f,93,future_unknown,2,0,9.568976697259443e-07,0,1
25,4,p2f,93,future_unknown,3,0,9.568976697259443e-07,0,1
25,4,p2f,93,future_unknown,4,0,1.3323131958095968e-07,0,1
25,4,p2f,93,future_unknown,5,0,3.9584572302235804e-08,0,1
25,4,p2f,94,future_unknown,0,0,0.21775152437524964,0,1
25,4,p2f,94,future_unknown,1,0,0.0018640400916912052,0,1
25,4,p2f,94,future_unknown,2,0,0.007793730883309178,0,1
25,4,p2f,94,future_unknown,3,0,0.0026087157421653185,0,1
25,4,p2f,94,future_unknown,4,0,0.0038693589384269454,0,1
25,4,p2f,94,future_unknown,5,0,0.018148613739802987,0,1
25,4,p2f,95,future_unknown,0,0,1.3861423477210143e-05,0,1
25,4,p2f,95,future_unknown,1,0,7.841010290095226e-08,0,1
25,4,p2f,95,future_unknown,2,0,2.0473090822881483e-06,0,1
25,4,p2f,95,future_unknown,3,0,4.924866847472588e-07,0,1
25,4,p2f,95,future_unknown,4,0,1.112084326545305e-07,0,1
25,4,p2f,95,future_unknown,5,0,5.750190642385972e-06,0,1
25,4,p2f,96,future_unknown,0,0,0.10835974122495094,0,1
25,4,p2f,96,future_unknown,1,0,0.00207252749236516,0,1
25,4,p2f,96,future_unknown,2,0,0.0034445972788166184,0,1
25,4,p2f,96,future_unknown,3,0,2.0661919796316678e-05,0,1
25,4,p2f,96,future_unknown,4,0,0.0005452660124123358,0,1
25,4,p2f,96,future_unknown,5,0,0.14796990738250496,0,1
25,4,p2f,97,future_unknown,0,0,0.09923935813789768,0,1
25,4,p2f,97,future_unknown,1,0,0.015777555066839064,0,1
25,4,p2f,97,future_unknown,2,0,0.00010205142611753446,0,1
25,4,p2f,97,future_unknown,3,0,0.0009224241115515526,0,1
25,4,p2f,97,future_unknown,4,0,0.31190456173584064,0,1
25,4,p2f,97,future_unknown,5,0,0.029666017680617437,0,1
25,4,p2f,98,future_unknown,0,0,5.983345727064231e-06,0,1
25,4,p2f,98,future_unknown,1,0,2.060779388647301e-08,0,1
25,4,p2f,98,future_unknown,2,0,5.529737451436196e-06,0,1
25,4,p2f,98,future_unknown,3,0,0.00016085658184043043,0,1
25,4,p2f,98,future_unknown,4,0,1.3040243804675718e-07,0,1
25,4,p2f,98,future_unknown,5,0,2.3816579352871126e-08,0,1
25,4,p2f,99,future_unknown,0,0,0.1374336820754761,0,1
25,4,p2f,99,future_unknown,1,0,0.017462045649983684,0,1
25,4,p2f,99,future_unknown,2,0,0.35776467336850243,0,1
25,4,p2f,99,future_unknown,3,0,0.17740003201646395,0,1
25,4,p2f,99,future_unknown,4,0,0.07563251506675932,0,1
25,4,p2f,99,future_unknown,5,0,0.0029287886111441334,0,1
25,4,f2p,0,past_known,0,1,0.13750416495001402,0,0
25,4,f2p,0,past_known,1,1,0.00013418082789418395,0,0
25,4,f2p,0,past_known,2,1,0.00047083820419474283,0,0
25,4,f2p,0,past_known,3,1,0.006066149921383315,0,0
25,4,f2p,0,past_known,4,1,0.0033491601157448767,0,0
25,4,f2p,0,past_known,5,1,0.00023481170218582291,0,0
25,4,f2p,1,past_known,0,1,0.6394125242730628,1,1
25,4,f2p,1,past_known,1,1,0.29286829110740725,0,0
25,4,f2p,1,past_known,2,1,0.250735792109231,0,0
25,4,f2p,1,past_known,3,1,0.013601560016490983,0,0
25,4,f2p,1,past_known,4,1,0.12803356860132212,0,0
25,4,f2p,1,past_known,5,1,0.48537729661236867,0,0
25,4,f2p,2,past_known,0,1,8.325677329676959e-05,0,0
25,4,f2p,2,past_known,1,1,0.07767287457250269,0,0
25,4,f2p,2,past_known,2,1,0.7281882148486896,1,1
25,4,f2p,2,past_known,3,1,0.003322724666630819,0,0
25,4,f2p,2,past_known,4,1,0.0002041850249029324,0,0
25,4,f2p,2,past_known,5,1,3.8054273258024645e-05,0,0
25,4,f2p,3,past_known,0,1,0.00022431078413209473,0,0
25,4,f2p,3,past_known,1,1,1.49998311983408e-06,0,0
25,4,f2p,3,past_known,2,1,0.014544806205108321,0,0
25,4,f2p,3,past_known,3,1,0.0012809867568905414,0,0
25,4,f2p,3,past_known,4,1,0.00035615183137441606,0,0
25,4,f2p,3,past_known,5,1,0.027060439969601228,0,0
25,4,f2p,4,past_known,0,1,0.40381814340813915,0,0
25,4,f2p,4,past_known,1,1,0.0002503893385161385,0,0
25,4,f2p,4,past_known,2,1,2.46006950489529e-05,0,0
25,4,f2p,4,past_known,3,1,0.00010471638866738577,0,0
25,4,f2p,4,past_known,4,1,0.06059400998953959,0,0
25,4,f2p,4,past_known,5,1,2.117243146854691e-06,0,0
25,4,f2p,5,past_known,0,1,0.30413463592081463,0,0
25,4,f2p,5,past_known,1,1,0.026055680504319747,0,0
25,4,f2p,5,past_known,2,1,0.6090605115474192,1,1
25,4,f2p,5,past_known,3,1,0.9817050579784853,1,1
25,4,f2p,5,past_known,4,1,0.9999920925987205,1,1
25,4,f2p,5,past_known,5,1,0.3849411643318145,0,0
25,4,f2p,6,past_known,0,1,0.9826935159147562,1,1
25,4,f2p,6,past_known,1,1,0.9931366896036643,1,1
25,4,f2p,6,past_known,2,1,0.9527869581752877,1,1
25,4,f2p,6,past_known,3,1,0.6479154115055318,1,1
25,4,f2p,6,past_known,4,1,0.3207181238552991,0,0
25,4,f2p,6,past_known,5,1,0.9995747541698028,1,1
25,4,f2p,7,past_known,0,1,0.07015335442666275,0,0
25,4,f2p,7,past_known,1,1,0.6897105752574423,1,1
25,4,f2p,7,past_known,2,1,0.0007722167737547428,0,0
25,4,f2p,7,past_known,3,1,0.02711973690445541,0,0
25,4,f2p,7,past_known,4,1,0.030004029152179614,0,0
25,4,f2p,7,past_known,5,1,0.00022969683790321908,0,0
25,4,f2p,8,past_known,0,1,0.9641510126300873,1,1
25,4,f2p,8,past_known,1,1,0.0004888218618051025,0,0
25,4,f2p,8,past_known,2,1,0.2946718049049169,0,0
25,4,f2p,8,past_known,3,1,0.1130451435533792,0,0
25,4,f2p,8,past_known,4,1,5.909239262489075e-08,0,0
25,4,f2p,8,past_known,5,1,0.4356642846401079,0,0
25,4,f2p,9,past_known,0,1,0.25498163306648214,0,0
25,4,f2p,9,past_known,1,1,0.9877046369516617,1,1
25,4,f2p,9,past_known,2,1,0.6832571838290898,1,1
25,4,f2p,9,past_known,3,1,0.9776247223163537,1,1
25,4,f2p,9,past_known,4,1,0.9873601339880786,1,1
25,4,f2p,9,past_known,5,1,0.182964922860795,0,0
25,4,f2p,10,past_known,0,1,0.9980692225747406,1,1
25,4,f2p,10,past_known,1,1,0.8940453121485933,1,1
25,4,f2p,10,past_known,2,1,0.971333689540269,1,1
25,4,f2p,10,past_known,3,1,0.21212035576338792,0,0
25,4,f2p,10,past_known,4,1,0.9959203778954315,1,1
25,4,f2p,10,past_known,5,1,0.72139884875108,1,1
25,4,f2p,11,past_known,0,1,0.00011328085599644899,0,0
25,4,f2p,11,past_known,1,1,0.006457035915351479,0,0
25,4,f2p,11,past_known,2,1,1.8638349731835343e-05,0,0
25,4,f2p,11,past_known,3,1,5.1585854179738044e-05,0,0
25,4,f2p,11,past_known,4,1,0.38207549916040695,0,0
25,4,f2p,11,past_known,5,1,0.34694532366881153,0,0
25,4,f2p,12,past_known,0,1,0.031892561168871354,0,0
25,4,f2p,12,past_known,1,1,0.030237536019850235,0,0
25,4,f2p,12,past_known,2,1,0.22852098712733623,0,0
25,4,f2p,12,past_known,3,1,0.09122121622958651,0,0
25,4,f2p,12,past_known,4,1,0.00010962535472564051,0,0
25,4,f2p,12,past_known,5,1,0.045903701732426104,0,0
25,4,f2p,13,past_known,0,1,0.9936783309481652,1,1
25,4,f2p,13,past_known,1,1,0.9995892608407906,1,1
25,4,f2p,13,past_known,2,1,0.9999788711028652,1,1
25,4,f2p,13,past_known,3,1,0.9919253810770265,1,1
25,4,f2p,13,past_known,4,1,0.999770689903287,1,1
25,4,f2p,13,past_known,5,1,0.9988451192515655,1,1
25,4,f2p,14,past_known,0,1,0.20800567619698143,0,0
25,4,f2p,14,past_known,1,1,0.821493759735681,1,1
25,4,f2p,14,past_known,2,1,0.04625197550392863,0,0
25,4,f2p,14,past_known,3,1,1.3252682553262855e-05,0,0
25,4,f2p,14,past_known,4,1,0.0001314616160613179,0,0
25,4,f2p,14,past_known,5,1,0.1794569612964772,0,0
25,4,f2p,15,past_known,0,1,0.1745685977364544,0,0
25,4,f2p,15,past_known,1,1,0.85407057764771,1,1
25,4,f2p,15,past_known,2,1,0.011489797910400381,0,0
25,4,f2p,15,past_known,3,1,0.5192701252718499,1,1
25,4,f2p,15,past_known,4,1,0.00822629935832844,0,0
25,4,f2p,15,past_known,5,1,0.8946236427817562,1,1
25,4,f2p,16,past_known,0,1,0.9968147164961545,1,1
25,4,f2p,16,past_known,1,1,0.9999727794798039,1,1
25,4,f2p,16,past_known,2,1,0.9998502770504238,1,1
25,4,f2p,16,past_known,3,1,0.9999007924710945,1,1
25,4,f2p,16,past_known,4,1,0.9994816152998037,1,1
25,4,f2p,16,past_known,5,1,0.9986329753671962,1,1
25,4,f2p,17,past_known,0,1,0.003546962756627381,0,0
25,4,f2p,17,past_known,1,1,0.002254439733559411,0,0
25,4,f2p,17,past_known,2,1,0.00014264948782968212,0,0
25,4,f2p,17,past_known,3,1,2.908910804788431e-05,0,0
25,4,f2p,17,past_known,4,1,1.2862962638253794e-05,0,0
25,4,f2p,17,past_known,5,1,0.009699743903241584,0,0
25,4,f2p,18,past_known,0,1,0.8309420018858489,1,1
25,4,f2p,18,past_known,1,1,0.07589614532595568,0,0
25,4,f2p,18,past_known,2,1,0.03288974076627306,0,0
25,4,f2p,18,past_known,3,1,0.8367277888833865,1,1
25,4,f2p,18,past_known,4,1,0.19760120494085284,0,0
25,4,f2p,18,past_known,5,1,8.089074262991033e-05,0,0
25,4,f2p,19,past_known,0,1,0.99744917328163,1,1
25,4,f2p,19,past_known,1,1,0.9612289827814959,1,1
25,4,f2p,19,past_known,2,1,0.9925958510573724,1,1
25,4,f2p,19,past_known,3,1,0.9996130428372432,1,1
25,4,f2p,19,past_known,4,1,0.5548051858365676,1,1
25,4,f2p,19,past_known,5,1,0.0046660000665367804,0,0
25,4,f2p,20,past_known,0,1,0.2911738551801802,0,0
25,4,f2p,20,past_known,1,1,0.0022034390081791056,0,0
25,4,f2p,20,past_known,2,1,0.9881114729904942,1,1
25,4,f2p,20,past_known,3,1,1.97413550505767e-05,0,0
25,4,f2p,20,past_known,4,1,0.0006908591127457585,0,0
25,4,f2p,20,past_known,5,1,0.0018499768630272707,0,0
25,4,f2p,21,past_known,0,1,0.25113036103667485,0,0
25,4,f2p,21,past_known,1,1,3.663479785931497e-08,0,0
25,4,f2p,21,past_known,2,1,0.05094115384207202,0,0
25,4,f2p,21,past_known,3,1,1.9570844968246038e-07,0,0
25,4,f2p,21,past_known,4,1,9.869267295425119e-05,0,0
25,4,f2p,21,past_known,5,1,2.4752581543207856e-10,0,0
25,4,f2p,22,past_known,0,1,0.39907622493183587,0,0
25,4,f2p,22,past_known,1,1,0.01511152231922673,0,0
25,4,f2p,22,past_known,2,1,3.157044174454542e-08,0,0
25,4,f2p,22,past_known,3,1,0.3137937175482079,0,0
25,4,f2p,22,past_known,4,1,8.349513996597451e-07,0,0
25,4,f2p,22,past_known,5,1,4.8274455043440725e-05,0,0
25,4,f2p,23,past_known,0,1,0.028850597691013096,0,0
25,4,f2p,23,past_known,1,1,0.6296013452324788,1,1
25,4,f2p,23,past_known,2,1,0.9381445165562974,1,1
25,4,f2p,23,past_known,3,1,0.03384475961140864,0,0
25,4,f2p,23,past_known,4,1,0.04909504987498062,0,0
25,4,f2p,23,past_known,5,1,0.9612876499499508,1,1
25,4,f2p,24,past_known,0,1,0.9194592884842038,1,1
25,4,f2p,24,past_known,1,1,0.09370841316149701,0,0
25,4,f2p,24,past_known,2,1,0.7600230628546492,1,1
25,4,f2p,24,past_known,3,1,0.9949387929970585,1,1
25,4,f2p,24,past_known,4,1,0.9236746537792224,1,1
25,4,f2p,24,past_known,5,1,0.9999647382135503,1,1
25,4,f2p,25,past_unknown,0,0,0.008829418528365664,0,1
25,4,f2p,25,past_unknown,1,0,0.00040355832470814187,0,1
25,4,f2p,25,past_unknown,2,0,0.9665666249155319,1,0
25,4,f2p,25,past_unknown,3,0,0.004392449882320796,0,1
25,4,f2p,25,past_unknown,4,0,0.00033801661580235535,0,1
25,4,f2p,25,past_unknown,5,0,0.0029521037975934195,0,1
25,4,f2p,26,past_unknown,0,0,0.004532642215238764,0,1
25,4,f2p,26,past_unknown,1,0,0.26550119702096864,0,1
25,4,f2p,26,past_unknown,2,0,0.00026430649388453447,0,1
25,4,f2p,26,past_unknown,3,0,0.04148694870185703,0,1
25,4,f2p,26,past_unknown,4,0,7.481843028697982e-05,0,1
25,4,f2p,26,past_unknown,5,0,0.01114654265535012,0,1
25,4,f2p,27,past_unknown,0,0,5.433854862972719e-08,0,1
25,4,f2p,27,past_unknown,1,0,5.217359150580084e-07,0,1
25,4,f2p,27,past_unknown,2,0,1.6987375452569232e-07,0,1
25,4,f2p,27,past_unknown,3,0,1.5938218010686581e-07,0,1
25,4,f2p,27,past_unknown,4,0,5.835933460435362e-06,0,1
25,4,f2p,27,past_unknown,5,0,0.005988132590679029,0,1
25,4,f2p,28,past_unknown,0,0,0.9999672119422591,1,0
25,4,f2p,28,past_unknown,1,0,0.0010178582468582705,0,1
25,4,f2p,28,past_unknown,2,0,0.006668006245582482,0,1
25,4,f2p,28,past_unknown,3,0,0.8156050755590432,1,0
25,4,f2p,28,past_unknown,4,0,0.9940716542304509,1,0
25,4,f2p,28,past_unknown,5,0,6.624578797682627e-05,0,1
25,4,f2p,29,past_unknown,0,0,1.1885552254624391e-05,0,1
25,4,f2p,29,past_unknown,1,0,1.3100327859880292e-06,0,1
25,4,f2p,29,past_unknown,2,0,0.0004982201552970932,0,1
25,4,f2p,29,past_unknown,3,0,0.000983567688638314,0,1
25,4,f2p,29,past_unknown,4,0,0.0006659403143591892,0,1
25,4,f2p,29,past_unknown,5,0,0.007664052394931362,0,1
25,4,f2p,30,past_unknown,0,0,0.000958680718931333,0,1
25,4,f2p,30,past_unknown,1,0,2.817998635252339e-06,0,1
25,4,f2p,30,past_unknown,2,0,0.003676937081710364,0,1
25,4,f2p,30,past_unknown,3,0,0.0018689415659605604,0,1
25,4,f2p,30,past_unknown,4,0,0.004839708487193521,0,1
25,4,f2p,30,past_unknown,5,0,0.03328750891491243,0,1
25,4,f2p,31,past_unknown,0,0,0.00016733639216732368,0,1
25,4,f2p,31,past_unknown,1,0,0.00011479306864971807,0,1
25,4,f2p,31,past_unknown,2,0,5.000412802682337e-05,0,1
25,4,f2p,31,past_unknown,3,0,1.038221434325457e-05,0,1
25,4,f2p,31,past_unknown,4,0,0.014161357256591681,0,1
25,4,f2p,31,past_unknown,5,0,0.00506777271506304,0,1
25,4,f2p,32,past_unknown,0,0,2.39383411004299e-07,0,1
25,4,f2p,32,past_unknown,1,0,1.1007318991880075e-10,0,1
25,4,f2p,32,past_unknown,2,0,2.3527221612465002e-05,0,1
25,4,f2p,32,past_unknown,3,0,3.5356689263278467e-06,0,1
25,4,f2p,32,past_unknown,4,0,9.63088673993224e-06,0,1
25,4,f2p,32,past_unknown,5,0,4.5007535068767716e-08,0,1
25,4,f2p,33,past_unknown,0,0,0.5705324304289994,1,0
25,4,f2p,33,past_unknown,1,0,0.9739698451551276,1,0
25,4,f2p,33,past_unknown,2,0,8.906054409441063e-05,0,1
25,4,f2p,33,past_unknown,3,0,0.14722037199944915,0,1
25,4,f2p,33,past_unknown,4,0,0.9932801827659479,1,0
25,4,f2p,33,past_unknown,5,0,0.005102316957963425,0,1
25,4,f2p,34,past_unknown,0,0,5.033857472256161e-05,0,1
25,4,f2p,34,past_unknown,1,0,6.764059007597257e-06,0,1
25,4,f2p,34,past_unknown,2,0,3.8194842388049256e-05,0,1
25,4,f2p,34,past_unknown,3,0,0.00012681160751936595,0,1
25,4,f2p,34,past_unknown,4,0,0.011546889563016284,0,1
25,4,f2p,34,past_unknown,5,0,0.0010294481561819292,0,1
25,4,f2p,35,past_unknown,0,0,0.00023768028037138617,0,1
25,4,f2p,35,past_unknown,1,0,6.022052288600582e-06,0,1
25,4,f2p,35,past_unknown,2,0,0.18397207201860125,0,1
25,4,f2p,35,past_unknown,3,0,7.7203821359395e-06,0,1
25,4,f2p,35,past_unknown,4,0,5.197438960062659e-05,0,1
25,4,f2p,35,past_unknown,5,0,0.002238294053821455,0,1
25,4,f2p,36,past_unknown,0,0,0.0004000019917409189,0,1
25,4,f2p,36,past_unknown,1,0,0.050378975934858274,0,1
25,4,f2p,36,past_unknown,2,0,0.15441253017471215,0,1
25,4,f2p,36,past_unknown,3,0,0.03632967849485734,0,1
25,4,f2p,36,past_unknown,4,0,0.00011251598429368165,0,1
25,4,f2p,36,past_unknown,5,0,1.3274227637204627e-05,0,1
25,4,f2p,37,past_unknown,0,0,7.619809763229189e-06,0,1
25,4,f2p,37,past_unknown,1,0,1.5167180208225837e-07,0,1
25,4,f2p,37,past_unknown,2,0,1.1427988536916747e-07,0,1
25,4,f2p,37,past_unknown,3,0,3.502013163238755e-05,0,1
25,4,f2p,37,past_unknown,4,0,3.0681359021606693e-10,0,1
25,4,f2p,37,past_unknown,5,0,6.334783105071764e-07,0,1
25,4,f2p,38,past_unknown,0,0,6.198973286578926e-05,0,1
25,4,f2p,38,past_unknown,1,0,4.3342318225497705e-06,0,1
25,4,f2p,38,past_unknown,2,0,0.00012097544634103336,0,1
25,4,f2p,38,past_unknown,3,0,2.217515663775357e-06,0,1
25,4,f2p,38,past_unknown,4,0,2.3315974824728822e-05,0,1
25,4,f2p,38,past_unknown,5,0,0.0005513937291816412,0,1
25,4,f2p,39,past_unknown,0,0,3.2021476332218575e-06,0,1
25,4,f2p,39,past_unknown,1,0,6.974011303405946e-08,0,1
25,4,f2p,39,past_unknown,2,0,9.949322157332411e-07,0,1
25,4,f2p,39,past_unknown,3,0,2.950330492973277e-07,0,1
25,4,f2p,39,past_unknown,4,0,3.338068139183852e-08,0,1
25,4,f2p,39,past_unknown,5,0,4.505882147484921e-07,0,1
25,4,f2p,40,past_unknown,0,0,9.70386569665634e-08,0,1
25,4,f2p,40,past_unknown,1,0,4.831725958694153e-07,0,1
25,4,f2p,40,past_unknown,2,0,2.2116181476610093e-07,0,1
25,4,f2p,40,past_unknown,3,0,0.004015081485136429,0,1
25,4,f2p,40,past_unknown,4,0,1.2455742153831574e-08,0,1
25,4,f2p,40,past_unknown,5,0,0.0027156082544685595,0,1
25,4,f2p,41,past_unknown,0,0,0.0002059846960750257,0,1
25,4,f2p,41,past_unknown,1,0,2.214400952249725e-05,0,1
25,4,f2p,41,past_unknown,2,0,9.886996762495155e-05,0,1
25,4,f2p,41,past_unknown,3,0,0.0016292598030990832,0,1
25,4,f2p,41,past_unknown,4,0,3.7371387821860863e-07,0,1
25,4,f2p,41,past_unknown,5,0,4.503850529070401e-05,0,1
25,4,f2p,42,past_unknown,0,0,0.0007751936569418466,0,1
25,4,f2p,42,past_unknown,1,0,2.9419394167843487e-06,0,1
25,4,f2p,42,past_unknown,2,0,1.1218046298401482e-05,0,1
25,4,f2p,42,past_unknown,3,0,0.00015986940722992053,0,1
25,4,f2p,42,past_unknown,4,0,0.0002828396763298475,0,1
25,4,f2p,42,past_unknown,5,0,2.8083351182160205e-06,0,1
25,4,f2p,43,past_unknown,0,0,0.974865943431557,1,0
25,4,f2p,43,past_unknown,1,0,0.00035620478019875656,0,1
25,4,f2p,43,past_unknown,2,0,0.7807222740731976,1,0
25,4,f2p,43,past_unknown,3,0,0.6832621556897805,1,0
25,4,f2p,43,past_unknown,4,0,0.9816764276511396,1,0
25,4,f2p,43,past_unknown,5,0,0.7211931983209421,1,0
25,4,f2p,44,past_unknown,0,0,4.563839627813812e-05,0,1
25,4,f2p,44,past_unknown,1,0,4.3351714594089606e-07,0,1
25,4,f2p,44,past_unknown,2,0,0.24261255607466076,0,1
25,4,f2p,44,past_unknown,3,0,2.092231591675676e-05,0,1
25,4,f2p,44,past_unknown,4,0,9.948813958705764e-07,0,1
25,4,f2p,44,past_unknown,5,0,0.8402928427228236,1,0
25,4,f2p,45,past_unknown,0,0,2.2152330045832285e-05,0,1
25,4,f2p,45,past_unknown,1,0,6.609332588008017e-07,0,1
25,4,f2p,45,past_unknown,2,0,0.0008524571406920374,0,1
25,4,f2p,45,past_unknown,3,0,6.866537247809471e-06,0,1
25,4,f2p,45,past_unknown,4,0,0.005896682017491518,0,1
25,4,f2p,45,past_unknown,5,0,4.596552044592923e-06,0,1
25,4,f2p,46,past_unknown,0,0,1.0432048245564727e-05,0,1
25,4,f2p,46,past_unknown,1,0,0.00021902532759910035,0,1
25,4,f2p,46,past_unknown,2,0,2.0013170553969212e-07,0,1
25,4,f2p,46,past_unknown,3,0,8.855925829990094e-05,0,1
25,4,f2p,46,past_unknown,4,0,0.00015368129166584365,0,1
25,4,f2p,46,past_unknown,5,0,2.736868405383322e-05,0,1
25,4,f2p,47,past_unknown,0,0,0.0007179671870652822,0,1
25,4,f2p,47,past_unknown,1,0,0.3169542035160281,0,1
25,4,f2p,47,past_unknown,2,0,0.16431299288981321,0,1
25,4,f2p,47,past_unknown,3,0,0.0027903218437053154,0,1
25,4,f2p,47,past_unknown,4,0,0.06436369108538388,0,1
25,4,f2p,47,past_unknown,5,0,0.002514437745250852,0,1
25,4,f2p,48,past_unknown,0,0,2.593919414710529e-06,0,1
25,4,f2p,48,past_unknown,1,0,2.630924334995382e-06,0,1
25,4,f2p,48,past_unknown,2,0,5.999488111341181e-07,0,1
25,4,f2p,48,past_unknown,3,0,1.1940716650583825e-07,0,1
25,4,f2p,48,past_unknown,4,0,5.2353099873795834e-08,0,1
25,4,f2p,48,past_unknown,5,0,1.1596826508204506e-06,0,1
25,4,f2p,49,past_unknown,0,0,0.135924323582199,0,1
25,4,f2p,49,past_unknown,1,0,0.011852110929913055,0,1
25,4,f2p,49,past_unknown,2,0,0.0023019427359376294,0,1
25,4,f2p,49,past_unknown,3,0,0.011409581542117369,0,1
25,4,f2p,49,past_unknown,4,0,0.0007510190129158922,0,1
25,4,f2p,49,past_unknown,5,0,0.04352093432140388,0,1
